[
  {
    "pk": 1, 
    "model": "activity.onlinetimeactivity", 
    "fields": {
      "rewards": [
        [
          30000, 
          20
        ]
      ], 
      "des": "\u9886\u53d6\u5012\u8ba1\u65f6", 
      "online_time": 5
    }
  }, 
  {
    "pk": 2, 
    "model": "activity.onlinetimeactivity", 
    "fields": {
      "rewards": [
        [
          30001, 
          20000
        ]
      ], 
      "des": "\u9886\u53d6\u5012\u8ba1\u65f6", 
      "online_time": 5
    }
  }, 
  {
    "pk": 3, 
    "model": "activity.onlinetimeactivity", 
    "fields": {
      "rewards": [
        [
          30003, 
          20
        ]
      ], 
      "des": "\u9886\u53d6\u5012\u8ba1\u65f6", 
      "online_time": 5
    }
  }, 
  {
    "pk": 4, 
    "model": "activity.onlinetimeactivity", 
    "fields": {
      "rewards": [
        [
          30004, 
          20
        ]
      ], 
      "des": "\u9886\u53d6\u5012\u8ba1\u65f6", 
      "online_time": 5
    }
  }, 
  {
    "pk": 5, 
    "model": "activity.onlinetimeactivity", 
    "fields": {
      "rewards": [
        [
          30007, 
          4
        ]
      ], 
      "des": "\u9886\u53d6\u5012\u8ba1\u65f6", 
      "online_time": 10
    }
  }, 
  {
    "pk": 6, 
    "model": "activity.onlinetimeactivity", 
    "fields": {
      "rewards": [
        [
          30006, 
          1
        ]
      ], 
      "des": "\u9886\u53d6\u5012\u8ba1\u65f6", 
      "online_time": 10
    }
  }, 
  {
    "pk": 7, 
    "model": "activity.onlinetimeactivity", 
    "fields": {
      "rewards": [
        [
          30009, 
          1
        ]
      ], 
      "des": "\u9886\u53d6\u5012\u8ba1\u65f6", 
      "online_time": 10
    }
  }
]