[
  {
    "fields": {
      "max_times": 10, 
      "des": "\u53bb\u548c\u597d\u53cb\u8fdb\u884c\u5207\u78cb", 
      "name": "\u597d\u53cb\u5207\u78cb", 
      "value": 10
    }, 
    "model": "active_value.activefunction", 
    "pk": "FUNCTION_FRIEND_MATCH"
  }, 
  {
    "fields": {
      "max_times": 10, 
      "des": "\u968f\u673a\u4e8b\u4ef6\u4f1a\u5f97\u5230\u610f\u5916\u7684\u597d\u5904", 
      "name": "\u5b8c\u6210\u968f\u673a\u4e8b\u4ef6", 
      "value": 10
    }, 
    "model": "active_value.activefunction", 
    "pk": "FUNCTION_RANDOM_EVENT"
  }, 
  {
    "fields": {
      "max_times": 3, 
      "des": "\u5728\u57f9\u8bad\u4e2d\u5fc3\u53ef\u4ee5\u8fdb\u884c\u5c5e\u6027\u57f9\u8bad", 
      "name": "\u5c5e\u6027\u57f9\u8bad", 
      "value": 20
    }, 
    "model": "active_value.activefunction", 
    "pk": "FUNCTION_TRAINING_TYPE_2"
  }, 
  {
    "fields": {
      "max_times": 3, 
      "des": "\u5728\u5546\u52a1\u90e8\u53ef\u4ee5\u6d3e\u9063\u961f\u5458\u5f00\u7f51\u5e97", 
      "name": "\u5f00\u7f51\u5e97", 
      "value": 20
    }, 
    "model": "active_value.activefunction", 
    "pk": "FUNCTION_TRAINING_TYPE_6"
  }, 
  {
    "fields": {
      "max_times": 10, 
      "des": "\u6253\u5929\u68af\u8d5b\u53ef\u4ee5\u83b7\u5f97\u79ef\u5206\u5956\u52b1", 
      "name": "\u6253\u5929\u68af\u8d5b", 
      "value": 10
    }, 
    "model": "active_value.activefunction", 
    "pk": "FUNCTION_LADDER_MATCH"
  }, 
  {
    "fields": {
      "max_times": 10, 
      "des": "\u901a\u5173\u6311\u6218\u8d5b\u53ef\u4ee5\u89e3\u9501\u66f4\u591a\u7684\u4ee3\u8a00\u5408\u7ea6", 
      "name": "\u6253\u6311\u6218\u8d5b", 
      "value": 10
    }, 
    "model": "active_value.activefunction", 
    "pk": "FUNCTION_CHALLENGE_MATCH"
  }, 
  {
    "fields": {
      "max_times": 3, 
      "des": "\u5728\u57f9\u8bad\u4e2d\u5fc3\u53ef\u4ee5\u8fdb\u884c\u6280\u80fd\u57f9\u8bad", 
      "name": "\u6280\u80fd\u57f9\u8bad", 
      "value": 20
    }, 
    "model": "active_value.activefunction", 
    "pk": "FUNCTION_TRAINING_TYPE_3"
  }, 
  {
    "fields": {
      "max_times": 3, 
      "des": "\u7b7e\u7ea6\u4ee3\u8a00\u53ef\u4ee5\u83b7\u5f97\u8f6f\u59b9\u5e01\u5956\u52b1", 
      "name": "\u7b7e\u7ea6\u4ee3\u8a00", 
      "value": 20
    }, 
    "model": "active_value.activefunction", 
    "pk": "FUNCTION_TRAINING_TYPE_5"
  }, 
  {
    "fields": {
      "max_times": 3, 
      "des": "\u7ecf\u9a8c\u57f9\u8bad\u53ef\u4ee5\u63d0\u5347\u961f\u5458\u7684\u7b49\u7ea7", 
      "name": "\u7ecf\u9a8c\u57f9\u8bad", 
      "value": 20
    }, 
    "model": "active_value.activefunction", 
    "pk": "FUNCTION_TRAINING_TYPE_4"
  }, 
  {
    "fields": {
      "max_times": 1, 
      "des": "\u591a\u804a\u5929\uff0c\u591a\u4ea4\u670b\u53cb", 
      "name": "\u804a\u5929\u53d1\u8a00", 
      "value": 5
    }, 
    "model": "active_value.activefunction", 
    "pk": "FUNCTION_CHAT"
  }, 
  {
    "fields": {
      "max_times": 3, 
      "des": "\u5feb\u6d3e\u9063\u961f\u5458\u53bb\u76f4\u64ad\u5427", 
      "name": "\u8fdb\u884c\u76f4\u64ad", 
      "value": 20
    }, 
    "model": "active_value.activefunction", 
    "pk": "FUNCTION_TRAINING_TYPE_1"
  }
]