[
{
    "model": "activity.activitycategory",
    "pk": 1,
    "fields": {
        "name": "\u7b7e\u5230\u6d3b\u52a8",
        "mode": 2,
        "fixed": true,
        "start_at": null,
        "end_at": null,
        "des": "\u6bcf\u5929\u767b\u9646\u9886\u53d6\u4e0d\u540c\u7b7e\u5230\u597d\u793c\uff01"
    }
},
{
    "model": "activity.activitycategory",
    "pk": 2,
    "fields": {
        "name": "\u767b\u5f55\u5956\u52b1",
        "mode": 1,
        "fixed": true,
        "start_at": "2015-11-01T09:27:00Z",
        "end_at": "2015-11-06T09:28:00Z",
        "des": "\u65b0\u73a9\u5bb6\u7b2c2\u30013\u30017\u5929\u767b\u5f55\u6e38\u620f\uff0c\u9886\u53d6\u9650\u91cf\u597d\u793c\uff01"
    }
}
]
