[
{
    "model": "active_value.activereward",
    "pk": 1,
    "fields": {
        "value": 50,
        "package": 10001,
        "des": ""
    }
},
{
    "model": "active_value.activereward",
    "pk": 2,
    "fields": {
        "value": 100,
        "package": 10002,
        "des": ""
    }
},
{
    "model": "active_value.activereward",
    "pk": 3,
    "fields": {
        "value": 200,
        "package": 10003,
        "des": ""
    }
},
{
    "model": "active_value.activereward",
    "pk": 4,
    "fields": {
        "value": 300,
        "package": 10004,
        "des": ""
    }
},
{
    "model": "active_value.activereward",
    "pk": 5,
    "fields": {
        "value": 400,
        "package": 10005,
        "des": ""
    }
},
{
    "model": "active_value.activereward",
    "pk": 6,
    "fields": {
        "value": 500,
        "package": 10006,
        "des": ""
    }
}
]
