[
{
    "model": "arena.resetcost",
    "pk": 1,
    "fields": {
        "diamond": 10
    }
},
{
    "model": "arena.resetcost",
    "pk": 2,
    "fields": {
        "diamond": 20
    }
},
{
    "model": "arena.resetcost",
    "pk": 3,
    "fields": {
        "diamond": 30
    }
},
{
    "model": "arena.resetcost",
    "pk": 4,
    "fields": {
        "diamond": 40
    }
},
{
    "model": "arena.resetcost",
    "pk": 5,
    "fields": {
        "diamond": 50
    }
},
{
    "model": "arena.resetcost",
    "pk": 6,
    "fields": {
        "diamond": 60
    }
},
{
    "model": "arena.resetcost",
    "pk": 7,
    "fields": {
        "diamond": 70
    }
},
{
    "model": "arena.resetcost",
    "pk": 8,
    "fields": {
        "diamond": 80
    }
}
]
