[
  {
    "pk": 1, 
    "model": "arena.arenanpc", 
    "fields": {
      "npcs": [
        1034, 
        1035, 
        1036
      ]
    }
  }, 
  {
    "pk": 6, 
    "model": "arena.arenanpc", 
    "fields": {
      "npcs": [
        1033, 
        1034, 
        1034
      ]
    }
  }, 
  {
    "pk": 11, 
    "model": "arena.arenanpc", 
    "fields": {
      "npcs": [
        1031, 
        1032, 
        1033
      ]
    }
  }, 
  {
    "pk": 21, 
    "model": "arena.arenanpc", 
    "fields": {
      "npcs": [
        1029, 
        1030, 
        1031
      ]
    }
  }, 
  {
    "pk": 51, 
    "model": "arena.arenanpc", 
    "fields": {
      "npcs": [
        1027, 
        1028, 
        1029
      ]
    }
  }, 
  {
    "pk": 101, 
    "model": "arena.arenanpc", 
    "fields": {
      "npcs": [
        1025, 
        1026, 
        1027
      ]
    }
  }, 
  {
    "pk": 201, 
    "model": "arena.arenanpc", 
    "fields": {
      "npcs": [
        1023, 
        1024, 
        1025
      ]
    }
  }, 
  {
    "pk": 401, 
    "model": "arena.arenanpc", 
    "fields": {
      "npcs": [
        1021, 
        1022, 
        1023
      ]
    }
  }, 
  {
    "pk": 601, 
    "model": "arena.arenanpc", 
    "fields": {
      "npcs": [
        1019, 
        1020, 
        1021
      ]
    }
  }, 
  {
    "pk": 801, 
    "model": "arena.arenanpc", 
    "fields": {
      "npcs": [
        1017, 
        1018, 
        1019
      ]
    }
  }, 
  {
    "pk": 1001, 
    "model": "arena.arenanpc", 
    "fields": {
      "npcs": [
        1015, 
        1016, 
        1017
      ]
    }
  }, 
  {
    "pk": 1501, 
    "model": "arena.arenanpc", 
    "fields": {
      "npcs": [
        1013, 
        1014, 
        1015
      ]
    }
  }, 
  {
    "pk": 2001, 
    "model": "arena.arenanpc", 
    "fields": {
      "npcs": [
        1011, 
        1012, 
        1013
      ]
    }
  }, 
  {
    "pk": 2501, 
    "model": "arena.arenanpc", 
    "fields": {
      "npcs": [
        1009, 
        1010, 
        1011
      ]
    }
  }, 
  {
    "pk": 3001, 
    "model": "arena.arenanpc", 
    "fields": {
      "npcs": [
        1007, 
        1008, 
        1009
      ]
    }
  }, 
  {
    "pk": 3501, 
    "model": "arena.arenanpc", 
    "fields": {
      "npcs": [
        1005, 
        1006, 
        1007
      ]
    }
  }, 
  {
    "pk": 4001, 
    "model": "arena.arenanpc", 
    "fields": {
      "npcs": [
        1003, 
        1004, 
        1005
      ]
    }
  }, 
  {
    "pk": 5001, 
    "model": "arena.arenanpc", 
    "fields": {
      "npcs": [
        1001, 
        1002, 
        1003
      ]
    }
  }
]