[
  {
    "pk": 1, 
    "model": "arena.matchreward", 
    "fields": {
      "item_id": 30016, 
      "random_items": [
        [
          30000, 
          5, 
          20
        ], 
        [
          30001, 
          2000, 
          30
        ], 
        [
          30001, 
          5000, 
          10
        ]
      ], 
      "honor": 2, 
      "item_amount": 10
    }
  }, 
  {
    "pk": 2, 
    "model": "arena.matchreward", 
    "fields": {
      "item_id": 30016, 
      "random_items": [
        [
          30000, 
          5, 
          20
        ], 
        [
          30001, 
          2000, 
          30
        ], 
        [
          30001, 
          5000, 
          10
        ]
      ], 
      "honor": 1, 
      "item_amount": 20
    }
  }
]