[
  {
    "pk": 1, 
    "model": "plunder.basestationlevel", 
    "fields": {
      "product": [
        [
          30022, 
          1800
        ], 
        [
          30023, 
          150
        ]
      ], 
      "exp": 1850
    }
  }, 
  {
    "pk": 2, 
    "model": "plunder.basestationlevel", 
    "fields": {
      "product": [
        [
          30022, 
          1920
        ], 
        [
          30023, 
          160
        ]
      ], 
      "exp": 2960
    }
  }, 
  {
    "pk": 3, 
    "model": "plunder.basestationlevel", 
    "fields": {
      "product": [
        [
          30022, 
          2040
        ], 
        [
          30023, 
          170
        ]
      ], 
      "exp": 4070
    }
  }, 
  {
    "pk": 4, 
    "model": "plunder.basestationlevel", 
    "fields": {
      "product": [
        [
          30022, 
          2160
        ], 
        [
          30023, 
          180
        ]
      ], 
      "exp": 5180
    }
  }, 
  {
    "pk": 5, 
    "model": "plunder.basestationlevel", 
    "fields": {
      "product": [
        [
          30022, 
          2280
        ], 
        [
          30023, 
          190
        ]
      ], 
      "exp": 6290
    }
  }, 
  {
    "pk": 6, 
    "model": "plunder.basestationlevel", 
    "fields": {
      "product": [
        [
          30022, 
          2400
        ], 
        [
          30023, 
          200
        ]
      ], 
      "exp": 7410
    }
  }, 
  {
    "pk": 7, 
    "model": "plunder.basestationlevel", 
    "fields": {
      "product": [
        [
          30022, 
          2520
        ], 
        [
          30023, 
          210
        ]
      ], 
      "exp": 8520
    }
  }, 
  {
    "pk": 8, 
    "model": "plunder.basestationlevel", 
    "fields": {
      "product": [
        [
          30022, 
          2640
        ], 
        [
          30023, 
          220
        ]
      ], 
      "exp": 9630
    }
  }, 
  {
    "pk": 9, 
    "model": "plunder.basestationlevel", 
    "fields": {
      "product": [
        [
          30022, 
          2760
        ], 
        [
          30023, 
          230
        ]
      ], 
      "exp": 10740
    }
  }, 
  {
    "pk": 10, 
    "model": "plunder.basestationlevel", 
    "fields": {
      "product": [
        [
          30022, 
          2880
        ], 
        [
          30023, 
          240
        ]
      ], 
      "exp": 11850
    }
  }, 
  {
    "pk": 11, 
    "model": "plunder.basestationlevel", 
    "fields": {
      "product": [
        [
          30022, 
          3000
        ], 
        [
          30023, 
          250
        ]
      ], 
      "exp": 12960
    }
  }, 
  {
    "pk": 12, 
    "model": "plunder.basestationlevel", 
    "fields": {
      "product": [
        [
          30022, 
          3120
        ], 
        [
          30023, 
          260
        ]
      ], 
      "exp": 14070
    }
  }, 
  {
    "pk": 13, 
    "model": "plunder.basestationlevel", 
    "fields": {
      "product": [
        [
          30022, 
          3240
        ], 
        [
          30023, 
          270
        ]
      ], 
      "exp": 15180
    }
  }, 
  {
    "pk": 14, 
    "model": "plunder.basestationlevel", 
    "fields": {
      "product": [
        [
          30022, 
          3360
        ], 
        [
          30023, 
          280
        ]
      ], 
      "exp": 16290
    }
  }, 
  {
    "pk": 15, 
    "model": "plunder.basestationlevel", 
    "fields": {
      "product": [
        [
          30022, 
          3480
        ], 
        [
          30023, 
          290
        ]
      ], 
      "exp": 17400
    }
  }, 
  {
    "pk": 16, 
    "model": "plunder.basestationlevel", 
    "fields": {
      "product": [
        [
          30022, 
          3600
        ], 
        [
          30023, 
          300
        ]
      ], 
      "exp": 18510
    }
  }, 
  {
    "pk": 17, 
    "model": "plunder.basestationlevel", 
    "fields": {
      "product": [
        [
          30022, 
          3720
        ], 
        [
          30023, 
          310
        ]
      ], 
      "exp": 19620
    }
  }, 
  {
    "pk": 18, 
    "model": "plunder.basestationlevel", 
    "fields": {
      "product": [
        [
          30022, 
          3840
        ], 
        [
          30023, 
          320
        ]
      ], 
      "exp": 20730
    }
  }, 
  {
    "pk": 19, 
    "model": "plunder.basestationlevel", 
    "fields": {
      "product": [
        [
          30022, 
          3960
        ], 
        [
          30023, 
          330
        ]
      ], 
      "exp": 21840
    }
  }, 
  {
    "pk": 20, 
    "model": "plunder.basestationlevel", 
    "fields": {
      "product": [
        [
          30022, 
          4080
        ], 
        [
          30023, 
          340
        ]
      ], 
      "exp": 22960
    }
  }, 
  {
    "pk": 21, 
    "model": "plunder.basestationlevel", 
    "fields": {
      "product": [
        [
          30022, 
          4200
        ], 
        [
          30023, 
          350
        ]
      ], 
      "exp": 24070
    }
  }, 
  {
    "pk": 22, 
    "model": "plunder.basestationlevel", 
    "fields": {
      "product": [
        [
          30022, 
          4320
        ], 
        [
          30023, 
          360
        ]
      ], 
      "exp": 25180
    }
  }, 
  {
    "pk": 23, 
    "model": "plunder.basestationlevel", 
    "fields": {
      "product": [
        [
          30022, 
          4440
        ], 
        [
          30023, 
          370
        ]
      ], 
      "exp": 26290
    }
  }, 
  {
    "pk": 24, 
    "model": "plunder.basestationlevel", 
    "fields": {
      "product": [
        [
          30022, 
          4560
        ], 
        [
          30023, 
          380
        ]
      ], 
      "exp": 27400
    }
  }, 
  {
    "pk": 25, 
    "model": "plunder.basestationlevel", 
    "fields": {
      "product": [
        [
          30022, 
          4680
        ], 
        [
          30023, 
          390
        ]
      ], 
      "exp": 28510
    }
  }
]