[
{
    "model": "building.buildingnew",
    "pk": 1,
    "fields": {
        "name": "\u603b\u90e8\u5927\u697c",
        "des": "\u8c03\u6574\u6bd4\u8d5b\u9635\u5bb9",
        "day_effect": "x",
        "night_effect": "x",
        "model_resource": "C_build06",
        "position": "B_6"
    }
},
{
    "model": "building.buildingnew",
    "pk": 2,
    "fields": {
        "name": "\u5f81\u6218",
        "des": "\u4e3b\u652f\u7ebf\u526f\u672c",
        "day_effect": "x",
        "night_effect": "x",
        "model_resource": "C_build01",
        "position": "B_1"
    }
},
{
    "model": "building.buildingnew",
    "pk": 3,
    "fields": {
        "name": "\u8d44\u6e90\u4e2d\u5fc3",
        "des": "\u65e5\u5e38\u526f\u672c\u548c\u8bad\u7ec3\u5854\u662f\u83b7\u53d6\u5f3a\u5316\u8d44\u6e90\u7684\u4e3b\u8981\u573a\u6240",
        "day_effect": "x",
        "night_effect": "x",
        "model_resource": "C_build02",
        "position": "B_2"
    }
},
{
    "model": "building.buildingnew",
    "pk": 4,
    "fields": {
        "name": "\u62db\u52df\u4e2d\u5fc3",
        "des": "\u7b7e\u7ea6\u9009\u624b\u6216\u5728\u795e\u79d8\u5546\u5e97\u8d2d\u4e70\u7269\u54c1",
        "day_effect": "x",
        "night_effect": "x",
        "model_resource": "C_build04",
        "position": "B_4"
    }
},
{
    "model": "building.buildingnew",
    "pk": 5,
    "fields": {
        "name": "\u57f9\u8bad\u4e2d\u5fc3",
        "des": "\u82b1\u8d39\u8d44\u6e90\u5bf9\u961f\u5458\u8fdb\u884c\u57f9\u517b",
        "day_effect": "x",
        "night_effect": "x",
        "model_resource": "C_build05",
        "position": "B_5"
    }
},
{
    "model": "building.buildingnew",
    "pk": 6,
    "fields": {
        "name": "\u5546\u52a1\u4e2d\u5fc3",
        "des": "\u59d4\u6d3e\u9009\u624b\u6253\u5de5\u8d5a\u53d6\u8d44\u6e90",
        "day_effect": "x",
        "night_effect": "x",
        "model_resource": "C_build09",
        "position": "B_9"
    }
},
{
    "model": "building.buildingnew",
    "pk": 7,
    "fields": {
        "name": "\u516c\u4f1a\u5927\u697c",
        "des": "\u521b\u5efa\u6216\u52a0\u5165\u516c\u4f1a,\u8fdb\u884c\u516c\u4f1a\u6d3b\u52a8",
        "day_effect": "x",
        "night_effect": "x",
        "model_resource": "C_build07",
        "position": "B_7"
    }
},
{
    "model": "building.buildingnew",
    "pk": 8,
    "fields": {
        "name": "\u5175\u8425",
        "des": "\u5175\u79cd\u57f9\u517b",
        "day_effect": "x",
        "night_effect": "x",
        "model_resource": "C_build08",
        "position": "B_8"
    }
},
{
    "model": "building.buildingnew",
    "pk": 9,
    "fields": {
        "name": "\u524d\u7ebf\u57fa\u5730",
        "des": "\u8fdb\u884c\u7ade\u6280\u6392\u540d\u548c\u57fa\u5730\u63a0\u593a",
        "day_effect": "x",
        "night_effect": "x",
        "model_resource": "C_build03",
        "position": "B_3"
    }
},
{
    "model": "building.buildingnew",
    "pk": 101,
    "fields": {
        "name": "\u4ee3\u8a00\u5927\u5385",
        "des": "\u83b7\u53d6\u8d44\u6e90",
        "day_effect": "x",
        "night_effect": "x",
        "model_resource": "B_D_v3",
        "position": "B_S_1"
    }
},
{
    "model": "building.buildingnew",
    "pk": 102,
    "fields": {
        "name": "\u76f4\u64ad\u5927\u5385",
        "des": "\u83b7\u53d6\u8d44\u6e90",
        "day_effect": "x",
        "night_effect": "x",
        "model_resource": "B_GL_v1",
        "position": "B_S_2"
    }
},
{
    "model": "building.buildingnew",
    "pk": 103,
    "fields": {
        "name": "\u5e7f\u544a\u5927\u5385",
        "des": "\u83b7\u53d6\u8d44\u6e90",
        "day_effect": "x",
        "night_effect": "x",
        "model_resource": "B_GL_v2",
        "position": "B_S_3"
    }
},
{
    "model": "building.buildingnew",
    "pk": 201,
    "fields": {
        "name": "\u57fa\u5730",
        "des": "\u6211\u65b9\u57fa\u5730",
        "day_effect": "x",
        "night_effect": "x",
        "model_resource": "C_lueduo_build03_A",
        "position": "B_3_A"
    }
},
{
    "model": "building.buildingnew",
    "pk": 202,
    "fields": {
        "name": "\u654c\u4eba1",
        "des": "\u654c\u65b9\u57fa\u5730",
        "day_effect": "x",
        "night_effect": "x",
        "model_resource": "C_lueduo_build03_B",
        "position": "B_3_B"
    }
},
{
    "model": "building.buildingnew",
    "pk": 203,
    "fields": {
        "name": "\u654c\u4eba2",
        "des": "\u654c\u65b9\u57fa\u5730",
        "day_effect": "x",
        "night_effect": "x",
        "model_resource": "C_lueduo_build03_C",
        "position": "B_3_C"
    }
}
]
