[
  {
    "fields": {
      "max_levels": 9, 
      "des": "\u7ba1\u7406\u4ff1\u4e50\u90e8\u53ca\u7ecf\u7406\u4eba\u6863\u6848\uff0c\u67e5\u770b\u4ff1\u4e50\u90e8\u8d22\u62a5\uff0c\u901a\u8fc7\u4e86\u89e3\u8d22\u52a1\u72b6\u51b5\u8c03\u6574\u4ff1\u4e50\u90e8\u53d1\u5c55\u65b9\u5411\u3002", 
      "name": "\u603b\u90e8\u5927\u697c", 
      "levels": {
        "1": {
          "des": "test", 
          "resource": "dianjin/objects/djjll_peixunzhongxin_LV1", 
          "location": "Dynamic/Building/peixun", 
          "value1": 0, 
          "up_need_club_level": 1, 
          "up_need_minutes": 1, 
          "value2": 0, 
          "up_need_gold": 0
        }, 
        "2": {
          "des": "test", 
          "resource": "dianjin/objects/djjll_peixunzhongxin_LV1", 
          "location": "Dynamic/Building/peixun", 
          "value1": 0, 
          "up_need_club_level": 3, 
          "up_need_minutes": 120, 
          "value2": 0, 
          "up_need_gold": 1000
        }, 
        "3": {
          "des": "test", 
          "resource": "dianjin/objects/djjll_peixunzhongxin_LV1", 
          "location": "Dynamic/Building/peixun", 
          "value1": 0, 
          "up_need_club_level": 5, 
          "up_need_minutes": 240, 
          "value2": 0, 
          "up_need_gold": 6000
        }, 
        "4": {
          "des": "test", 
          "resource": "dianjin/objects/djjll_peixunzhongxin_LV2", 
          "location": "Dynamic/Building/peixun", 
          "value1": 0, 
          "up_need_club_level": 7, 
          "up_need_minutes": 480, 
          "value2": 0, 
          "up_need_gold": 24000
        }, 
        "5": {
          "des": "test", 
          "resource": "dianjin/objects/djjll_peixunzhongxin_LV2", 
          "location": "Dynamic/Building/peixun", 
          "value1": 0, 
          "up_need_club_level": 9, 
          "up_need_minutes": 960, 
          "value2": 0, 
          "up_need_gold": 100000
        }, 
        "6": {
          "des": "\u827e\u5f17\u68ee\u6253\u6cd5\u4e0a", 
          "resource": "dianjin/objects/djjll_peixunzhongxin_LV2", 
          "location": "Dynamic/Building/peixun", 
          "value1": 0, 
          "up_need_club_level": 11, 
          "up_need_minutes": 1920, 
          "value2": 0, 
          "up_need_gold": 240000
        }, 
        "7": {
          "des": "test", 
          "resource": "dianjin/objects/djjll_peixunzhongxin_LV3", 
          "location": "Dynamic/Building/peixun", 
          "value1": 0, 
          "up_need_club_level": 13, 
          "up_need_minutes": 3840, 
          "value2": 0, 
          "up_need_gold": 800000
        }, 
        "8": {
          "des": "test", 
          "resource": "dianjin/objects/djjll_peixunzhongxin_LV3", 
          "location": "Dynamic/Building/peixun", 
          "value1": 0, 
          "up_need_club_level": 15, 
          "up_need_minutes": 7680, 
          "value2": 0, 
          "up_need_gold": 1600000
        }, 
        "9": {
          "des": "test", 
          "resource": "dianjin/objects/djjll_peixunzhongxin_LV3", 
          "location": "Dynamic/Building/peixun", 
          "value1": 0, 
          "up_need_club_level": 20, 
          "up_need_minutes": 15360, 
          "value2": 0, 
          "up_need_gold": 3000000
        }
      }, 
      "status_des": ""
    }, 
    "model": "building.building", 
    "pk": 1
  }, 
  {
    "fields": {
      "max_levels": 9, 
      "des": "\u57f9\u8bad\u4e2d\u5fc3\u4e3a\u4ff1\u4e50\u90e8\u961f\u5458\u63d0\u4f9b\u5404\u7c7b\u57f9\u8bad\u9879\u76ee\uff0c\u9009\u624b\u57f9\u8bad\u4e0d\u540c\u7684\u9879\u76ee\u4f1a\u4e3a\u4ff1\u4e50\u90e8\u5e26\u6765\u4e0d\u540c\u7684\u6536\u76ca\u3002", 
      "name": "\u57f9\u8bad\u4e2d\u5fc3", 
      "levels": {
        "1": {
          "des": "test", 
          "resource": "dianjin/objects/djjl_shangwuzhongxin_LV1", 
          "location": "Dynamic/Building/shangwu", 
          "value1": 10, 
          "up_need_club_level": 1, 
          "up_need_minutes": 1, 
          "value2": 3, 
          "up_need_gold": 0
        }, 
        "2": {
          "des": "test", 
          "resource": "dianjin/objects/djjl_shangwuzhongxin_LV1", 
          "location": "Dynamic/Building/shangwu", 
          "value1": 12, 
          "up_need_club_level": 3, 
          "up_need_minutes": 120, 
          "value2": 3, 
          "up_need_gold": 750
        }, 
        "3": {
          "des": "test", 
          "resource": "dianjin/objects/djjl_shangwuzhongxin_LV1", 
          "location": "Dynamic/Building/shangwu", 
          "value1": 14, 
          "up_need_club_level": 5, 
          "up_need_minutes": 240, 
          "value2": 3, 
          "up_need_gold": 4500
        }, 
        "4": {
          "des": "test", 
          "resource": "dianjin/objects/djjl_shangwuzhongxin_LV2", 
          "location": "Dynamic/Building/shangwu", 
          "value1": 16, 
          "up_need_club_level": 7, 
          "up_need_minutes": 480, 
          "value2": 3, 
          "up_need_gold": 18000
        }, 
        "5": {
          "des": "test", 
          "resource": "dianjin/objects/djjl_shangwuzhongxin_LV2", 
          "location": "Dynamic/Building/shangwu", 
          "value1": 18, 
          "up_need_club_level": 9, 
          "up_need_minutes": 960, 
          "value2": 4, 
          "up_need_gold": 75000
        }, 
        "6": {
          "des": "test", 
          "resource": "dianjin/objects/djjl_shangwuzhongxin_LV2", 
          "location": "Dynamic/Building/shangwu", 
          "value1": 20, 
          "up_need_club_level": 11, 
          "up_need_minutes": 1920, 
          "value2": 5, 
          "up_need_gold": 180000
        }, 
        "7": {
          "des": "test", 
          "resource": "dianjin/objects/djjl_shangwuzhongxin_LV3", 
          "location": "Dynamic/Building/shangwu", 
          "value1": 22, 
          "up_need_club_level": 13, 
          "up_need_minutes": 3840, 
          "value2": 5, 
          "up_need_gold": 600000
        }, 
        "8": {
          "des": "test", 
          "resource": "dianjin/objects/djjl_shangwuzhongxin_LV3", 
          "location": "Dynamic/Building/shangwu", 
          "value1": 24, 
          "up_need_club_level": 15, 
          "up_need_minutes": 7680, 
          "value2": 5, 
          "up_need_gold": 1200000
        }, 
        "9": {
          "des": "test", 
          "resource": "dianjin/objects/djjl_shangwuzhongxin_LV3", 
          "location": "Dynamic/Building/shangwu", 
          "value1": 26, 
          "up_need_club_level": 20, 
          "up_need_minutes": 15360, 
          "value2": 6, 
          "up_need_gold": 2250000
        }
      }, 
      "status_des": ""
    }, 
    "model": "building.building", 
    "pk": 2
  }, 
  {
    "fields": {
      "max_levels": 9, 
      "des": "\u7535\u7ade\u4e4b\u90fd\u8c6a\u534e\u7684\u4eba\u624d\u5e02\u573a\uff0c\u62e5\u6709\u5168\u4e16\u754c\u6700\u77e5\u540d\u3001\u6700\u65b0\u5d1b\u8d77\u7684\u804c\u4e1a\u9009\u624b\u3002\u4ff1\u4e50\u90e8\u7b49\u7ea7\u8d8a\u9ad8\uff0c\u53ef\u4ee5\u540c\u65f6\u7b7e\u7ea6\u7684\u9009\u624b\u8d8a\u591a\u3002", 
      "name": "\u4eba\u624d\u5e02\u573a", 
      "levels": {
        "1": {
          "des": "\u9632\u5b88\u6253\u6cd5\u4e09\u756a", 
          "resource": "dianjin/objects/djjl_yuangongzhongxin_LV1", 
          "location": "Dynamic/Building/yuangong", 
          "value1": 10, 
          "up_need_club_level": 1, 
          "up_need_minutes": 1, 
          "value2": 0, 
          "up_need_gold": 0
        }, 
        "2": {
          "des": "\u963f\u8303\u5fb7\u8428\u53d1", 
          "resource": "dianjin/objects/djjl_yuangongzhongxin_LV1", 
          "location": "Dynamic/Building/yuangong", 
          "value1": 15, 
          "up_need_club_level": 3, 
          "up_need_minutes": 240, 
          "value2": 0, 
          "up_need_gold": 250
        }, 
        "3": {
          "des": "\u8303\u5fb7\u8428\u53d1\u751f", 
          "resource": "dianjin/objects/djjl_yuangongzhongxin_LV1", 
          "location": "Dynamic/Building/yuangong", 
          "value1": 20, 
          "up_need_club_level": 5, 
          "up_need_minutes": 480, 
          "value2": 0, 
          "up_need_gold": 1500
        }, 
        "4": {
          "des": "\u9632\u5b88\u6253\u6cd5", 
          "resource": "dianjin/objects/djjl_yuangongzhongxin_LV2", 
          "location": "Dynamic/Building/yuangong", 
          "value1": 25, 
          "up_need_club_level": 7, 
          "up_need_minutes": 960, 
          "value2": 0, 
          "up_need_gold": 6000
        }, 
        "5": {
          "des": "\u5bf9\u53f8\u6cd5", 
          "resource": "dianjin/objects/djjl_yuangongzhongxin_LV2", 
          "location": "Dynamic/Building/yuangong", 
          "value1": 30, 
          "up_need_club_level": 9, 
          "up_need_minutes": 1920, 
          "value2": 0, 
          "up_need_gold": 25000
        }, 
        "6": {
          "des": "\u53d1\u5927\u6c34\u53d1\u9001", 
          "resource": "dianjin/objects/djjl_yuangongzhongxin_LV2", 
          "location": "Dynamic/Building/yuangong", 
          "value1": 35, 
          "up_need_club_level": 11, 
          "up_need_minutes": 3840, 
          "value2": 0, 
          "up_need_gold": 60000
        }, 
        "7": {
          "des": "\u53d1\u751f\u7684\u8303\u5fb7\u8428", 
          "resource": "dianjin/objects/djjl_yuangongzhongxin_LV3", 
          "location": "Dynamic/Building/yuangong", 
          "value1": 40, 
          "up_need_club_level": 13, 
          "up_need_minutes": 7680, 
          "value2": 0, 
          "up_need_gold": 200000
        }, 
        "8": {
          "des": "\u53d1\u677e\u5c9b\u67ab", 
          "resource": "dianjin/objects/djjl_yuangongzhongxin_LV3", 
          "location": "Dynamic/Building/yuangong", 
          "value1": 45, 
          "up_need_club_level": 15, 
          "up_need_minutes": 15360, 
          "value2": 0, 
          "up_need_gold": 400000
        }, 
        "9": {
          "des": "\u5bf9\u53f8\u6cd5", 
          "resource": "dianjin/objects/djjl_yuangongzhongxin_LV3", 
          "location": "Dynamic/Building/yuangong", 
          "value1": 50, 
          "up_need_club_level": 20, 
          "up_need_minutes": 30720, 
          "value2": 0, 
          "up_need_gold": 750000
        }
      }, 
      "status_des": "\u5f53\u524d\u5458\u5de5:"
    }, 
    "model": "building.building", 
    "pk": 3
  }, 
  {
    "fields": {
      "max_levels": 9, 
      "des": "\u4efb\u52a1\u4e2d\u5fc3\u4f1a\u4e0d\u5b9a\u65f6\u968f\u673a\u53d1\u5e03\u4efb\u52a1\u3002\u5982\u53d1\u73b0\u672a\u516c\u5e03\u7684\u9690\u85cf\u5f69\u86cb\u4efb\u52a1\uff0c\u5b8c\u6210\u8005\u5c06\u83b7\u53d6\u989d\u5916\u4e30\u539a\u56de\u62a5\u3002", 
      "name": "\u7cbe\u5f69\u6d3b\u52a8", 
      "levels": {
        "1": {
          "des": "test", 
          "resource": "dianjin/objects/djjl_renwuzhongxin_lv1", 
          "location": "Dynamic/Building/renwu", 
          "value1": 5, 
          "up_need_club_level": 1, 
          "up_need_minutes": 1, 
          "value2": 0, 
          "up_need_gold": 0
        }, 
        "2": {
          "des": "test", 
          "resource": "dianjin/objects/djjl_renwuzhongxin_lv1", 
          "location": "Dynamic/Building/renwu", 
          "value1": 7, 
          "up_need_club_level": 3, 
          "up_need_minutes": 2, 
          "value2": 0, 
          "up_need_gold": 750
        }, 
        "3": {
          "des": "test", 
          "resource": "dianjin/objects/djjl_renwuzhongxin_lv1", 
          "location": "Dynamic/Building/renwu", 
          "value1": 9, 
          "up_need_club_level": 5, 
          "up_need_minutes": 3, 
          "value2": 0, 
          "up_need_gold": 3600
        }, 
        "4": {
          "des": "test", 
          "resource": "dianjin/objects/djjl_renwuzhongxin_lv2", 
          "location": "Dynamic/Building/renwu", 
          "value1": 11, 
          "up_need_club_level": 7, 
          "up_need_minutes": 4, 
          "value2": 0, 
          "up_need_gold": 14400
        }, 
        "5": {
          "des": "test", 
          "resource": "dianjin/objects/djjl_renwuzhongxin_lv2", 
          "location": "Dynamic/Building/renwu", 
          "value1": 13, 
          "up_need_club_level": 9, 
          "up_need_minutes": 5, 
          "value2": 0, 
          "up_need_gold": 60000
        }, 
        "6": {
          "des": "test", 
          "resource": "dianjin/objects/djjl_renwuzhongxin_lv2", 
          "location": "Dynamic/Building/renwu", 
          "value1": 15, 
          "up_need_club_level": 11, 
          "up_need_minutes": 6, 
          "value2": 0, 
          "up_need_gold": 144000
        }, 
        "7": {
          "des": "test", 
          "resource": "dianjin/objects/djjl_renwuzhongxin_lv3", 
          "location": "Dynamic/Building/renwu", 
          "value1": 17, 
          "up_need_club_level": 13, 
          "up_need_minutes": 7, 
          "value2": 0, 
          "up_need_gold": 480000
        }, 
        "8": {
          "des": "test", 
          "resource": "dianjin/objects/djjl_renwuzhongxin_lv2", 
          "location": "Dynamic/Building/renwu", 
          "value1": 19, 
          "up_need_club_level": 15, 
          "up_need_minutes": 8, 
          "value2": 0, 
          "up_need_gold": 960000
        }, 
        "9": {
          "des": "test", 
          "resource": "dianjin/objects/djjl_renwuzhongxin_lv2", 
          "location": "Dynamic/Building/renwu", 
          "value1": 21, 
          "up_need_club_level": 20, 
          "up_need_minutes": 99, 
          "value2": 0, 
          "up_need_gold": 1800000
        }
      }, 
      "status_des": "\u65e5\u5e38\u8fdb\u5ea6:"
    }, 
    "model": "building.building", 
    "pk": 4
  }, 
  {
    "fields": {
      "max_levels": 9, 
      "des": "\u7535\u7ade\u4e4b\u90fd\u6700\u5927\u7684\u6bd4\u8d5b\u4e2d\u5fc3\uff0c\u6240\u6709\u7535\u7ade\u8d5b\u4e8b\u5747\u5728\u8fd9\u91cc\u8fdb\u884c\uff0c\u7ecf\u5e38\u4f1a\u6709\u77e5\u540d\u7535\u7ade\u9009\u624b\u51fa\u5165\u3002", 
      "name": "\u7535\u7ade\u8d5b\u573a", 
      "levels": {
        "1": {
          "des": "test", 
          "resource": "dianjin/objects/djjl_liansaizhongxin_Lv1", 
          "location": "Dynamic/Building/liansai", 
          "value1": 0, 
          "up_need_club_level": 1, 
          "up_need_minutes": 1, 
          "value2": 0, 
          "up_need_gold": 0
        }, 
        "2": {
          "des": "test", 
          "resource": "dianjin/objects/djjl_liansaizhongxin_Lv1", 
          "location": "Dynamic/Building/liansai", 
          "value1": 0, 
          "up_need_club_level": 3, 
          "up_need_minutes": 1, 
          "value2": 0, 
          "up_need_gold": 800
        }, 
        "3": {
          "des": "test", 
          "resource": "dianjin/objects/djjl_liansaizhongxin_Lv1", 
          "location": "Dynamic/Building/liansai", 
          "value1": 0, 
          "up_need_club_level": 5, 
          "up_need_minutes": 1, 
          "value2": 0, 
          "up_need_gold": 4800
        }, 
        "4": {
          "des": "test", 
          "resource": "dianjin/objects/djjl_liansaizhongxin_Lv2", 
          "location": "Dynamic/Building/liansai", 
          "value1": 0, 
          "up_need_club_level": 7, 
          "up_need_minutes": 1, 
          "value2": 0, 
          "up_need_gold": 19200
        }, 
        "5": {
          "des": "test", 
          "resource": "dianjin/objects/djjl_liansaizhongxin_Lv2", 
          "location": "Dynamic/Building/liansai", 
          "value1": 0, 
          "up_need_club_level": 9, 
          "up_need_minutes": 1, 
          "value2": 0, 
          "up_need_gold": 80000
        }, 
        "6": {
          "des": "test", 
          "resource": "dianjin/objects/djjl_liansaizhongxin_Lv2", 
          "location": "Dynamic/Building/liansai", 
          "value1": 0, 
          "up_need_club_level": 11, 
          "up_need_minutes": 1, 
          "value2": 0, 
          "up_need_gold": 192000
        }, 
        "7": {
          "des": "test", 
          "resource": "dianjin/objects/djjl_liansaizhongxin_Lv3", 
          "location": "Dynamic/Building/liansai", 
          "value1": 0, 
          "up_need_club_level": 13, 
          "up_need_minutes": 1, 
          "value2": 0, 
          "up_need_gold": 640000
        }, 
        "8": {
          "des": "test", 
          "resource": "dianjin/objects/djjl_liansaizhongxin_Lv3", 
          "location": "Dynamic/Building/liansai", 
          "value1": 0, 
          "up_need_club_level": 15, 
          "up_need_minutes": 1, 
          "value2": 0, 
          "up_need_gold": 1280000
        }, 
        "9": {
          "des": "test", 
          "resource": "dianjin/objects/djjl_liansaizhongxin_Lv3", 
          "location": "Dynamic/Building/liansai", 
          "value1": 0, 
          "up_need_club_level": 20, 
          "up_need_minutes": 1, 
          "value2": 0, 
          "up_need_gold": 2400000
        }
      }, 
      "status_des": ""
    }, 
    "model": "building.building", 
    "pk": 5
  }, 
  {
    "fields": {
      "max_levels": 9, 
      "des": "\u62c9\u66f4\u591a\u7684\u8d5e\u52a9\uff0c\u53ef\u4ee5\u8ba9\u60a8\u53d1\u5c55\u5f97\u66f4\u5feb", 
      "name": "\u8d5e\u52a9\u5546\u4e8b\u52a1\u6240", 
      "levels": {
        "1": {
          "des": "", 
          "resource": "dianjin/objects/djjl_zanzhuzhongxin_LV1", 
          "location": "Dynamic/Building/zanzhuzhongxin", 
          "value1": 20, 
          "up_need_club_level": 1, 
          "up_need_minutes": 1, 
          "value2": 10, 
          "up_need_gold": 0
        }, 
        "2": {
          "des": "", 
          "resource": "dianjin/objects/djjl_zanzhuzhongxin_LV1", 
          "location": "Dynamic/Building/zanzhuzhongxin", 
          "value1": 20, 
          "up_need_club_level": 1, 
          "up_need_minutes": 1, 
          "value2": 10, 
          "up_need_gold": 0
        }, 
        "3": {
          "des": "", 
          "resource": "dianjin/objects/djjl_zanzhuzhongxin_LV1", 
          "location": "Dynamic/Building/zanzhuzhongxin", 
          "value1": 20, 
          "up_need_club_level": 1, 
          "up_need_minutes": 1, 
          "value2": 10, 
          "up_need_gold": 0
        }, 
        "4": {
          "des": "", 
          "resource": "dianjin/objects/djjl_zanzhuzhongxin_LV1", 
          "location": "Dynamic/Building/zanzhuzhongxin", 
          "value1": 20, 
          "up_need_club_level": 1, 
          "up_need_minutes": 1, 
          "value2": 10, 
          "up_need_gold": 0
        }, 
        "5": {
          "des": "", 
          "resource": "dianjin/objects/djjl_zanzhuzhongxin_LV1", 
          "location": "Dynamic/Building/zanzhuzhongxin", 
          "value1": 20, 
          "up_need_club_level": 1, 
          "up_need_minutes": 1, 
          "value2": 10, 
          "up_need_gold": 0
        }, 
        "6": {
          "des": "", 
          "resource": "dianjin/objects/djjl_zanzhuzhongxin_LV1", 
          "location": "Dynamic/Building/zanzhuzhongxin", 
          "value1": 20, 
          "up_need_club_level": 1, 
          "up_need_minutes": 1, 
          "value2": 10, 
          "up_need_gold": 0
        }, 
        "7": {
          "des": "", 
          "resource": "dianjin/objects/djjl_zanzhuzhongxin_LV1", 
          "location": "Dynamic/Building/zanzhuzhongxin", 
          "value1": 20, 
          "up_need_club_level": 1, 
          "up_need_minutes": 1, 
          "value2": 10, 
          "up_need_gold": 0
        }, 
        "8": {
          "des": "", 
          "resource": "dianjin/objects/djjl_zanzhuzhongxin_LV1", 
          "location": "Dynamic/Building/zanzhuzhongxin", 
          "value1": 20, 
          "up_need_club_level": 1, 
          "up_need_minutes": 1, 
          "value2": 10, 
          "up_need_gold": 0
        }, 
        "9": {
          "des": "", 
          "resource": "dianjin/objects/djjl_zanzhuzhongxin_LV1", 
          "location": "Dynamic/Building/zanzhuzhongxin", 
          "value1": 20, 
          "up_need_club_level": 1, 
          "up_need_minutes": 1, 
          "value2": 10, 
          "up_need_gold": 0
        }
      }, 
      "status_des": ""
    }, 
    "model": "building.building", 
    "pk": 6
  }, 
  {
    "fields": {
      "max_levels": 9, 
      "des": "\u5546\u52a1\u90e8", 
      "name": "\u5546\u52a1\u90e8", 
      "levels": {
        "1": {
          "des": "a", 
          "resource": "dianjin/objects/djjl_tuiguangbu_LV1", 
          "location": "Dynamic/Building/suiguangbu", 
          "value1": 0, 
          "up_need_club_level": 1, 
          "up_need_minutes": 0, 
          "value2": 1, 
          "up_need_gold": 0
        }, 
        "2": {
          "des": "a", 
          "resource": "dianjin/objects/djjl_tuiguangbu_LV1", 
          "location": "Dynamic/Building/suiguangbu", 
          "value1": 15, 
          "up_need_club_level": 1, 
          "up_need_minutes": 0, 
          "value2": 2, 
          "up_need_gold": 750
        }, 
        "3": {
          "des": "a", 
          "resource": "dianjin/objects/djjl_tuiguangbu_LV1", 
          "location": "Dynamic/Building/suiguangbu", 
          "value1": 30, 
          "up_need_club_level": 1, 
          "up_need_minutes": 0, 
          "value2": 2, 
          "up_need_gold": 4500
        }, 
        "4": {
          "des": "a", 
          "resource": "dianjin/objects/djjl_tuiguangbu_LV1", 
          "location": "Dynamic/Building/suiguangbu", 
          "value1": 45, 
          "up_need_club_level": 1, 
          "up_need_minutes": 0, 
          "value2": 3, 
          "up_need_gold": 18000
        }, 
        "5": {
          "des": "a", 
          "resource": "dianjin/objects/djjl_tuiguangbu_LV1", 
          "location": "Dynamic/Building/suiguangbu", 
          "value1": 55, 
          "up_need_club_level": 1, 
          "up_need_minutes": 0, 
          "value2": 3, 
          "up_need_gold": 75000
        }, 
        "6": {
          "des": "a", 
          "resource": "dianjin/objects/djjl_tuiguangbu_LV1", 
          "location": "Dynamic/Building/suiguangbu", 
          "value1": 70, 
          "up_need_club_level": 1, 
          "up_need_minutes": 0, 
          "value2": 4, 
          "up_need_gold": 180000
        }, 
        "7": {
          "des": "a", 
          "resource": "dianjin/objects/djjl_tuiguangbu_LV1", 
          "location": "Dynamic/Building/suiguangbu", 
          "value1": 80, 
          "up_need_club_level": 1, 
          "up_need_minutes": 0, 
          "value2": 4, 
          "up_need_gold": 600000
        }, 
        "8": {
          "des": "a", 
          "resource": "dianjin/objects/djjl_tuiguangbu_LV1", 
          "location": "Dynamic/Building/suiguangbu", 
          "value1": 90, 
          "up_need_club_level": 1, 
          "up_need_minutes": 0, 
          "value2": 4, 
          "up_need_gold": 1200000
        }, 
        "9": {
          "des": "a", 
          "resource": "dianjin/objects/djjl_tuiguangbu_LV1", 
          "location": "Dynamic/Building/suiguangbu", 
          "value1": 100, 
          "up_need_club_level": 1, 
          "up_need_minutes": 0, 
          "value2": 4, 
          "up_need_gold": 2250000
        }
      }, 
      "status_des": ""
    }, 
    "model": "building.building", 
    "pk": 7
  }
]