[
{
    "model": "building.buildingnew",
    "pk": 1,
    "fields": {
        "name": "\u4ff1\u4e50\u90e8\u5927\u697c",
        "des": "\u300c\u6218\u961f\u7ba1\u7406\u300d\u8c03\u6574\u6bd4\u8d5b\u9635\u5bb9\uff1b\u300c\u4ed3\u5e93\u300d\u53ef\u67e5\u770b\u548c\u7ba1\u7406\u5df2\u83b7\u5f97\u7684\u9053\u5177",
        "day_effect": "",
        "night_effect": "",
        "model_resource": "dianjin/objects/B_Z_v1",
        "position": "Dynamic/Building/B_Z"
    }
},
{
    "model": "building.buildingnew",
    "pk": 2,
    "fields": {
        "name": "\u7535\u7ade\u8d5b\u573a",
        "des": "\u4e3b\u652f\u7ebf\u526f\u672c",
        "day_effect": "",
        "night_effect": "",
        "model_resource": "dianjin/objects/B_GL_v1",
        "position": "Dynamic/Building/B_GL"
    }
},
{
    "model": "building.buildingnew",
    "pk": 3,
    "fields": {
        "name": "\u7535\u7ade\u6d3b\u52a8",
        "des": "\u7535\u7ade\u4e4b\u90fd\u6700\u5927\u7684\u6bd4\u8d5b\u4e2d\u5fc3\uff0c\u6240\u6709\u7535\u7ade\u8d5b\u4e8b\u5747\u5728\u8fd9\u91cc\u8fdb\u884c\uff0c\u7ecf\u5e38\u4f1a\u6709\u77e5\u540d\u7535\u7ade\u9009\u624b\u51fa\u5165\u3002",
        "day_effect": "",
        "night_effect": "",
        "model_resource": "dianjin/objects/B_D_v1",
        "position": "Dynamic/Building/B_D"
    }
},
{
    "model": "building.buildingnew",
    "pk": 4,
    "fields": {
        "name": "\u8d2d\u7269\u4e2d\u5fc3",
        "des": "\u7b7e\u7ea6\u9009\u624b\u6216\u5728\u795e\u79d8\u5546\u5e97\u8d2d\u4e70\u7269\u54c1",
        "day_effect": "",
        "night_effect": "",
        "model_resource": "dianjin/objects/B_R",
        "position": "Dynamic/Building/B_R"
    }
},
{
    "model": "building.buildingnew",
    "pk": 5,
    "fields": {
        "name": "\u8bad\u7ec3\u8425",
        "des": "\u961f\u5458\u5175\u79cd\u901a\u8fc7\u57f9\u517b\u53ef\u4ee5\u63d0\u9ad8\u81ea\u8eab\u4e0d\u540c\u5c5e\u6027",
        "day_effect": "",
        "night_effect": "",
        "model_resource": "dianjin/objects/B_P_v1",
        "position": "Dynamic/Building/B_P"
    }
},
{
    "model": "building.buildingnew",
    "pk": 6,
    "fields": {
        "name": "\u5546\u52a1\u4e2d\u5fc3",
        "des": "\u59d4\u6d3e\u9009\u624b\u6253\u5de5\u8d5a\u53d6\u8d44\u6e90",
        "day_effect": "",
        "night_effect": "",
        "model_resource": "dianjin/objects/B_G",
        "position": "Dynamic/Building/B_G"
    }
},
{
    "model": "building.buildingnew",
    "pk": 101,
    "fields": {
        "name": "\u4ee3\u8a00\u5927\u5385",
        "des": "\u83b7\u53d6\u8d44\u6e90",
        "day_effect": "",
        "night_effect": "",
        "model_resource": "dianjin/objects/B_S_v1",
        "position": "Dynamic/Building/B_S_1"
    }
},
{
    "model": "building.buildingnew",
    "pk": 102,
    "fields": {
        "name": "\u76f4\u64ad\u5927\u5385",
        "des": "\u83b7\u53d6\u8d44\u6e90",
        "day_effect": "",
        "night_effect": "",
        "model_resource": "dianjin/objects/B_S_v2",
        "position": "Dynamic/Building/B_S_2"
    }
},
{
    "model": "building.buildingnew",
    "pk": 103,
    "fields": {
        "name": "\u5e7f\u544a\u5927\u5385",
        "des": "\u83b7\u53d6\u8d44\u6e90",
        "day_effect": "",
        "night_effect": "",
        "model_resource": "dianjin/objects/B_S_v3",
        "position": "Dynamic/Building/B_S_3"
    }
}
]
