[
  {
    "fields": {
      "max_levels": 9, 
      "des": "test", 
      "name": "\u57f9\u8bad\u4e2d\u5fc3", 
      "levels": {
        "1": {
          "up_need_club_level": 1, 
          "des": "test", 
          "resource": "", 
          "value1": null, 
          "up_need_gold": 100
        }, 
        "2": {
          "up_need_club_level": 3, 
          "des": "test", 
          "resource": "", 
          "value1": null, 
          "up_need_gold": 200
        }, 
        "3": {
          "up_need_club_level": 5, 
          "des": "test", 
          "resource": "", 
          "value1": null, 
          "up_need_gold": 100
        }, 
        "4": {
          "up_need_club_level": 7, 
          "des": "test", 
          "resource": "", 
          "value1": null, 
          "up_need_gold": 100
        }, 
        "5": {
          "up_need_club_level": 9, 
          "des": "test", 
          "resource": "", 
          "value1": null, 
          "up_need_gold": 100
        }, 
        "6": {
          "up_need_club_level": 11, 
          "des": "\u827e\u5f17\u68ee\u6253\u6cd5\u4e0a", 
          "resource": "", 
          "value1": null, 
          "up_need_gold": 100
        }, 
        "7": {
          "up_need_club_level": 13, 
          "des": "test", 
          "resource": "", 
          "value1": null, 
          "up_need_gold": 100
        }, 
        "8": {
          "up_need_club_level": 15, 
          "des": "test", 
          "resource": "", 
          "value1": null, 
          "up_need_gold": 100
        }, 
        "9": {
          "up_need_club_level": 20, 
          "des": "test", 
          "resource": "", 
          "value1": null, 
          "up_need_gold": 100
        }
      }
    }, 
    "model": "building.building", 
    "pk": 1
  }, 
  {
    "fields": {
      "max_levels": 9, 
      "des": "\u5e08\u5144\uff0c\u6765\u73a9\u73a9\u5927\u4fdd\u5065\u4e48", 
      "name": "\u5a31\u4e50\u4e2d\u5fc3", 
      "levels": {
        "1": {
          "up_need_club_level": 1, 
          "des": "test", 
          "resource": "", 
          "value1": null, 
          "up_need_gold": 1000
        }, 
        "2": {
          "up_need_club_level": 3, 
          "des": "test", 
          "resource": "", 
          "value1": null, 
          "up_need_gold": 1000
        }, 
        "3": {
          "up_need_club_level": 5, 
          "des": "test", 
          "resource": "", 
          "value1": null, 
          "up_need_gold": 1000
        }, 
        "4": {
          "up_need_club_level": 7, 
          "des": "test", 
          "resource": "", 
          "value1": null, 
          "up_need_gold": 1000
        }, 
        "5": {
          "up_need_club_level": 9, 
          "des": "test", 
          "resource": "", 
          "value1": null, 
          "up_need_gold": 1000
        }, 
        "6": {
          "up_need_club_level": 11, 
          "des": "test", 
          "resource": "", 
          "value1": null, 
          "up_need_gold": 1000
        }, 
        "7": {
          "up_need_club_level": 13, 
          "des": "test", 
          "resource": "", 
          "value1": null, 
          "up_need_gold": 1000
        }, 
        "8": {
          "up_need_club_level": 15, 
          "des": "test", 
          "resource": "", 
          "value1": null, 
          "up_need_gold": 1000
        }, 
        "9": {
          "up_need_club_level": 20, 
          "des": "test", 
          "resource": "", 
          "value1": null, 
          "up_need_gold": 1000
        }
      }
    }, 
    "model": "building.building", 
    "pk": 2
  }, 
  {
    "fields": {
      "max_levels": 9, 
      "des": "\u5458\u5de5\u4e2d\u5fc3\u7b49\u7ea7\u8d8a\u9ad8\uff0c\u80fd\u591f\u62e5\u6709\u7684\u5458\u5de5\u5c31\u8d8a\u591a", 
      "name": "\u5458\u5de5\u4e2d\u5fc3", 
      "levels": {
        "1": {
          "up_need_club_level": 1, 
          "des": "\u9632\u5b88\u6253\u6cd5\u4e09\u756a", 
          "resource": "", 
          "value1": 10, 
          "up_need_gold": 100
        }, 
        "2": {
          "up_need_club_level": 3, 
          "des": "\u963f\u8303\u5fb7\u8428\u53d1", 
          "resource": "", 
          "value1": 15, 
          "up_need_gold": 1000
        }, 
        "3": {
          "up_need_club_level": 5, 
          "des": "\u8303\u5fb7\u8428\u53d1\u751f", 
          "resource": "", 
          "value1": 20, 
          "up_need_gold": 200
        }, 
        "4": {
          "up_need_club_level": 7, 
          "des": "\u9632\u5b88\u6253\u6cd5", 
          "resource": "", 
          "value1": 25, 
          "up_need_gold": 150
        }, 
        "5": {
          "up_need_club_level": 9, 
          "des": "\u5bf9\u53f8\u6cd5", 
          "resource": "", 
          "value1": 30, 
          "up_need_gold": 200
        }, 
        "6": {
          "up_need_club_level": 11, 
          "des": "\u53d1\u5927\u6c34\u53d1\u9001", 
          "resource": "", 
          "value1": 35, 
          "up_need_gold": 150
        }, 
        "7": {
          "up_need_club_level": 13, 
          "des": "\u53d1\u751f\u7684\u8303\u5fb7\u8428", 
          "resource": "", 
          "value1": 40, 
          "up_need_gold": 200
        }, 
        "8": {
          "up_need_club_level": 15, 
          "des": "\u53d1\u677e\u5c9b\u67ab", 
          "resource": "", 
          "value1": 45, 
          "up_need_gold": 340
        }, 
        "9": {
          "up_need_club_level": 20, 
          "des": "\u5bf9\u53f8\u6cd5", 
          "resource": "", 
          "value1": 50, 
          "up_need_gold": 300
        }
      }
    }, 
    "model": "building.building", 
    "pk": 3
  }
]