[
{
    "model": "match.challengeguide",
    "pk": 1,
    "fields": {
        "guide": 100,
        "des": "\u94bb\u77f3\u62bd\u5361",
        "return_to_main_panel": true
    }
},
{
    "model": "match.challengeguide",
    "pk": 2,
    "fields": {
        "guide": 130,
        "des": "\u7ee7\u7eed\u6218\u6597",
        "return_to_main_panel": false
    }
},
{
    "model": "match.challengeguide",
    "pk": 3,
    "fields": {
        "guide": 200,
        "des": "\u9009\u624b\u5347\u7ea7",
        "return_to_main_panel": true
    }
},
{
    "model": "match.challengeguide",
    "pk": 4,
    "fields": {
        "guide": 230,
        "des": "\u7ee7\u7eed\u6218\u6597",
        "return_to_main_panel": false
    }
},
{
    "model": "match.challengeguide",
    "pk": 5,
    "fields": {
        "guide": 300,
        "des": "\u7a7f\u6234\u88c5\u5907",
        "return_to_main_panel": true
    }
},
{
    "model": "match.challengeguide",
    "pk": 6,
    "fields": {
        "guide": 320,
        "des": "\u7ee7\u7eed\u6311\u6218",
        "return_to_main_panel": false
    }
},
{
    "model": "match.challengeguide",
    "pk": 7,
    "fields": {
        "guide": 330,
        "des": "\u7ee7\u7eed\u6218\u6597",
        "return_to_main_panel": false
    }
},
{
    "model": "match.challengeguide",
    "pk": 8,
    "fields": {
        "guide": 340,
        "des": "\u7ee7\u7eed\u6218\u6597",
        "return_to_main_panel": false
    }
},
{
    "model": "match.challengeguide",
    "pk": 9,
    "fields": {
        "guide": 400,
        "des": "\u788e\u7247\u5408\u6210",
        "return_to_main_panel": true
    }
},
{
    "model": "match.challengeguide",
    "pk": 10,
    "fields": {
        "guide": 500,
        "des": "\u526f\u672c\u5956\u52b1",
        "return_to_main_panel": false
    }
},
{
    "model": "match.challengeguide",
    "pk": 11,
    "fields": {
        "guide": 550,
        "des": "\u7b2c\u56db\u7ae0\u6ee1\u661f\u5956\u52b1\u63d0\u793a",
        "return_to_main_panel": false
    }
},
{
    "model": "match.challengeguide",
    "pk": 12,
    "fields": {
        "guide": 700,
        "des": "\u5175\u79cd\u5347\u7ea7",
        "return_to_main_panel": true
    }
},
{
    "model": "match.challengeguide",
    "pk": 19,
    "fields": {
        "guide": 560,
        "des": "\u7b2c\u56db\u7ae0\u6ee1\u661f\u5956\u52b1",
        "return_to_main_panel": false
    }
},
{
    "model": "match.challengeguide",
    "pk": 20,
    "fields": {
        "guide": 1700,
        "des": "\u65b0\u624b\u5956\u52b1",
        "return_to_main_panel": true
    }
},
{
    "model": "match.challengeguide",
    "pk": 21,
    "fields": {
        "guide": 600,
        "des": "\u9009\u624b\u5347\u9636",
        "return_to_main_panel": true
    }
},
{
    "model": "match.challengeguide",
    "pk": 30,
    "fields": {
        "guide": 800,
        "des": "\u7ade\u6280\u573a",
        "return_to_main_panel": true
    }
},
{
    "model": "match.challengeguide",
    "pk": 31,
    "fields": {
        "guide": 750,
        "des": "\u6ee1\u661f\u5956\u52b1\u63d0\u793a",
        "return_to_main_panel": false
    }
},
{
    "model": "match.challengeguide",
    "pk": 35,
    "fields": {
        "guide": 900,
        "des": "\u5175\u79cd\u5347\u9636",
        "return_to_main_panel": true
    }
},
{
    "model": "match.challengeguide",
    "pk": 39,
    "fields": {
        "guide": 780,
        "des": "\u6ee1\u661f\u5956\u52b1\u63d0\u793a",
        "return_to_main_panel": false
    }
},
{
    "model": "match.challengeguide",
    "pk": 40,
    "fields": {
        "guide": 1000,
        "des": "\u9009\u624b\u5347\u661f",
        "return_to_main_panel": true
    }
},
{
    "model": "match.challengeguide",
    "pk": 43,
    "fields": {
        "guide": 1300,
        "des": "\u65e5\u5e38\u526f\u672c\u5f00\u653e",
        "return_to_main_panel": true
    }
},
{
    "model": "match.challengeguide",
    "pk": 45,
    "fields": {
        "guide": 1200,
        "des": "\u6218\u6597\u9635\u578b\u529f\u80fd",
        "return_to_main_panel": true
    }
},
{
    "model": "match.challengeguide",
    "pk": 47,
    "fields": {
        "guide": 1400,
        "des": "\u516c\u4f1a\u5927\u697c\u5f00\u653e",
        "return_to_main_panel": true
    }
},
{
    "model": "match.challengeguide",
    "pk": 50,
    "fields": {
        "guide": 1100,
        "des": "\u7cbe\u82f1\u526f\u672c",
        "return_to_main_panel": true
    }
},
{
    "model": "match.challengeguide",
    "pk": 60,
    "fields": {
        "guide": 1500,
        "des": "\u8bad\u7ec3\u5854\u5f00\u653e",
        "return_to_main_panel": true
    }
},
{
    "model": "match.challengeguide",
    "pk": 65,
    "fields": {
        "guide": 1600,
        "des": "\u63a0\u593a\u57fa\u5730\u5f00\u653e",
        "return_to_main_panel": true
    }
}
]
