[
  {
    "pk": 1, 
    "model": "match.challengetype", 
    "fields": {
      "condition_challenge_id": 1, 
      "name": "\u4e9a\u592a\u8d5b\u533a", 
      "level": 1, 
      "color": "yellow", 
      "des": "\u5d1b\u8d77\u4e8e\u5fae\u672b\u7684\u56fd\u5185\u6311\u6218\u8d5b", 
      "star_reward": [
        {
          "reward": 2, 
          "star": 1
        }, 
        {
          "reward": 3, 
          "star": 2
        }, 
        {
          "reward": 4, 
          "star": 3
        }
      ]
    }
  }, 
  {
    "pk": 2, 
    "model": "match.challengetype", 
    "fields": {
      "condition_challenge_id": 14, 
      "name": "\u7f8e\u6d32\u8d5b\u533a", 
      "level": 1, 
      "color": "#ffffff", 
      "des": "\u5c4c\u4e1d\u7ea7\u522b\u7684\u8d5b\u533a", 
      "star_reward": [
        {
          "reward": 2, 
          "star": 1
        }, 
        {
          "reward": 3, 
          "star": 2
        }, 
        {
          "reward": 4, 
          "star": 3
        }
      ]
    }
  }, 
  {
    "pk": 3, 
    "model": "match.challengetype", 
    "fields": {
      "condition_challenge_id": 28, 
      "name": "\u6b27\u6d32\u8d5b\u533a", 
      "level": 1, 
      "color": "#ffffff", 
      "des": "\u770b\u4e0a\u53bb\u9ad8\u7aef\u591a\u4e86", 
      "star_reward": [
        {
          "reward": 2, 
          "star": 1
        }
      ]
    }
  }, 
  {
    "pk": 4, 
    "model": "match.challengetype", 
    "fields": {
      "condition_challenge_id": 56, 
      "name": "\u97e9\u56fd\u8d5b\u533a", 
      "level": 1, 
      "color": "#ffffff", 
      "des": "\u8fd9\u662f\u6700\u9876\u7ea7\u7684\u8d5b\u533a\u54af", 
      "star_reward": [
        {
          "reward": 2, 
          "star": 1
        }
      ]
    }
  }, 
  {
    "pk": 5, 
    "model": "match.challengetype", 
    "fields": {
      "condition_challenge_id": 70, 
      "name": "\u5168\u7403\u8d5b\u533a", 
      "level": 1, 
      "color": "#ffffff", 
      "des": "\u79f0\u9738\u4e4b\u8def\u624d\u521a\u521a\u5f00\u59cb\u2026\u2026", 
      "star_reward": [
        {
          "reward": 2, 
          "star": 1
        }
      ]
    }
  }, 
  {
    "pk": 6, 
    "model": "match.challengetype", 
    "fields": {
      "condition_challenge_id": 80, 
      "name": "\u4e9a\u592a\u8d5b\u533a", 
      "level": 1, 
      "color": "#ffffff", 
      "des": "\u5411\u7740\u66f4\u9ad8\u7684\u76ee\u6807\u51b2\u51fb\uff01", 
      "star_reward": [
        {
          "reward": 2, 
          "star": 1
        }
      ]
    }
  }, 
  {
    "pk": 7, 
    "model": "match.challengetype", 
    "fields": {
      "condition_challenge_id": 83, 
      "name": "\u7f8e\u6d32\u8d5b\u533a", 
      "level": 1, 
      "color": "#ffffff", 
      "des": "\u7ec8\u6781\uff01", 
      "star_reward": [
        {
          "reward": 2, 
          "star": 1
        }
      ]
    }
  }
]