[
  {
    "pk": 1, 
    "model": "match.challengechapter", 
    "fields": {
      "name": "\u9ad8\u6821\u8868\u6f14\u8d5b", 
      "area": "\u4e2d\u56fd\u8d5b\u533a", 
      "des": "\u9ad8\u6821\u7684\u5609\u5bbe\u8868\u6f14\u8d5b\uff1a\u9080\u8bf7\u660e\u661f\u9009\u624b\u548c\u5b66\u6821\u661f\u9645\u5c0f\u5c06\u7684\u8868\u6f14\u8d5b\uff08\u51fa\u73b0\u4eba\u7269\uff1a\u540e\u9762\u5173\u53ef\u4ee5\u51fa\u4e2amayuki,\u6700\u540e\u4e00\u5173F91\uff0c\u5176\u4ed6\u5168\u8def\u4eballll\u4ec0\u4e48\u7684\uff09", 
      "star_reward": [
        [
          10, 
          30001, 
          100000
        ], 
        [
          20, 
          30003, 
          100
        ], 
        [
          30, 
          30000, 
          50
        ]
      ], 
      "tp": 1, 
      "icon": "\u8dd1\u6b65\u673a"
    }
  }, 
  {
    "pk": 2, 
    "model": "match.challengechapter", 
    "fields": {
      "name": "\u83dc\u9e21\u676f\u8d5b", 
      "area": "\u4e2d\u56fd\u8d5b\u533a", 
      "des": "\u83dc\u9e21\u676f\u6218\u961f\u8d5b\uff1a\u8fd9\u4e2a\u6bd4\u8d5b\u7684\u89c4\u5219\u662f\u8d62\u4e86\u6ca1\u4ec0\u4e48\uff0c\u8f93\u4e86\u5373\u83b7\u5f97\u9e21\u9738\u79f0\u53f7\u3002", 
      "star_reward": [
        [
          10, 
          30001, 
          100000
        ], 
        [
          20, 
          30004, 
          100
        ], 
        [
          30, 
          20001, 
          1
        ]
      ], 
      "tp": 1, 
      "icon": "\u8dd1\u6b65\u673a"
    }
  }, 
  {
    "pk": 3, 
    "model": "match.challengechapter", 
    "fields": {
      "name": "\u7cbe\u82f1\u9009\u62d4\u8d5b", 
      "area": "\u4e2d\u56fd\u8d5b\u533a", 
      "des": "\u7cbe\u82f1\u9009\u62d4\u8d5b:\u5e74\u8f7b\u7684\u7cbe\u82f1\u5927\u8d5b", 
      "star_reward": [
        [
          10, 
          30001, 
          100000
        ], 
        [
          20, 
          30003, 
          120
        ], 
        [
          30, 
          30000, 
          75
        ]
      ], 
      "tp": 1, 
      "icon": "\u8dd1\u6b65\u673a"
    }
  }, 
  {
    "pk": 4, 
    "model": "match.challengechapter", 
    "fields": {
      "name": "\u9e21\u516c\u7172\u676f", 
      "area": "\u4e2d\u56fd\u8d5b\u533a", 
      "des": "\u9e21\u516c\u7172\u676f\u8054\u8d5b\uff1a\u4f20\u95fb\u8d62\u4e86\u7684\u961f\u4f0d\u5c06\u8d62\u5f97\u6c38\u4e45\u514d\u8d39\u9e21\u516c\u7172\u7684\u673a\u4f1a", 
      "star_reward": [
        [
          10, 
          30001, 
          150000
        ], 
        [
          20, 
          30004, 
          120
        ], 
        [
          30, 
          20002, 
          1
        ]
      ], 
      "tp": 1, 
      "icon": "\u8dd1\u6b65\u673a"
    }
  }, 
  {
    "pk": 5, 
    "model": "match.challengechapter", 
    "fields": {
      "name": "\u56fd\u9645\u9080\u8bf7\u8d5b", 
      "area": "\u4e2d\u56fd\u8d5b\u533a", 
      "des": "\u56fd\u9645\u9080\u8bf7\u8d5b\uff1a\u5168\u7403\u9080\u8bf7\u4e00\u4e9b\u6709\u77e5\u540d\u5ea6\u7684\u9009\u624b\u53c2\u52a0\u7684\u8868\u6f14\u8d5b\u3002", 
      "star_reward": [
        [
          10, 
          30001, 
          150000
        ], 
        [
          20, 
          30003, 
          140
        ], 
        [
          30, 
          30000, 
          100
        ]
      ], 
      "tp": 1, 
      "icon": "\u8dd1\u6b65\u673a"
    }
  }, 
  {
    "pk": 6, 
    "model": "match.challengechapter", 
    "fields": {
      "name": "\u667a\u5546\u676f", 
      "area": "\u4e2d\u56fd\u8d5b\u533a", 
      "des": "\u667a\u5546\u676f\uff1a\u5145\u5206\u53d1\u6325\u8c10\u661f\u529f\u5e95\u7684\u6bd4\u8d5b\uff0c\u4e0d\u6c42\u80dc\u5229\u4f46\u6c42\u6700\u8c10\u3002", 
      "star_reward": [
        [
          10, 
          30001, 
          150000
        ], 
        [
          20, 
          30004, 
          140
        ], 
        [
          30, 
          30000, 
          100
        ]
      ], 
      "tp": 1, 
      "icon": "\u8dd1\u6b65\u673a"
    }
  }, 
  {
    "pk": 7, 
    "model": "match.challengechapter", 
    "fields": {
      "name": "\u94c1\u7a97\u7279\u8bad", 
      "area": "\u4e2d\u56fd\u8d5b\u533a", 
      "des": "\u94c1\u7a97\u7279\u8bad\uff1a\u8fd9\u91cc\u7684\u4f17\u591a\u77e5\u540d\u9009\u624b\uff0c\u4ecd\u7136\u4fdd\u6301\u4e86\u5f3a\u5927\u7684\u5b9e\u529b\u3002", 
      "star_reward": [
        [
          10, 
          30001, 
          200000
        ], 
        [
          20, 
          30003, 
          160
        ], 
        [
          30, 
          30000, 
          125
        ]
      ], 
      "tp": 1, 
      "icon": "\u8dd1\u6b65\u673a"
    }
  }, 
  {
    "pk": 8, 
    "model": "match.challengechapter", 
    "fields": {
      "name": "WCG8", 
      "area": "\u4e2d\u56fd\u8d5b\u533a", 
      "des": "WCG\u521d\u8d5b9", 
      "star_reward": [
        [
          10, 
          30001, 
          200000
        ], 
        [
          20, 
          30004, 
          160
        ], 
        [
          30, 
          30000, 
          125
        ]
      ], 
      "tp": 1, 
      "icon": "\u8dd1\u6b65\u673a"
    }
  }, 
  {
    "pk": 9, 
    "model": "match.challengechapter", 
    "fields": {
      "name": "WCG9", 
      "area": "\u4e2d\u56fd\u8d5b\u533a", 
      "des": "WCG\u521d\u8d5b9", 
      "star_reward": [
        [
          10, 
          30001, 
          200000
        ], 
        [
          20, 
          30003, 
          180
        ], 
        [
          30, 
          30000, 
          150
        ]
      ], 
      "tp": 1, 
      "icon": "\u8dd1\u6b65\u673a"
    }
  }, 
  {
    "pk": 10, 
    "model": "match.challengechapter", 
    "fields": {
      "name": "WCG10", 
      "area": "\u4e2d\u56fd\u8d5b\u533a", 
      "des": "WCG\u521d\u8d5b10", 
      "star_reward": [
        [
          10, 
          30001, 
          250000
        ], 
        [
          20, 
          30004, 
          180
        ], 
        [
          30, 
          30000, 
          150
        ]
      ], 
      "tp": 1, 
      "icon": "\u8dd1\u6b65\u673a"
    }
  }, 
  {
    "pk": 11, 
    "model": "match.challengechapter", 
    "fields": {
      "name": "WCG11", 
      "area": "\u4e2d\u56fd\u8d5b\u533a", 
      "des": "WCG\u521d\u8d5b11", 
      "star_reward": [
        [
          10, 
          30001, 
          250000
        ], 
        [
          20, 
          30003, 
          200
        ], 
        [
          30, 
          30000, 
          175
        ]
      ], 
      "tp": 1, 
      "icon": "\u8dd1\u6b65\u673a"
    }
  }, 
  {
    "pk": 12, 
    "model": "match.challengechapter", 
    "fields": {
      "name": "WCG12", 
      "area": "\u4e2d\u56fd\u8d5b\u533a", 
      "des": "WCG\u521d\u8d5b12", 
      "star_reward": [
        [
          10, 
          30001, 
          250000
        ], 
        [
          20, 
          30004, 
          200
        ], 
        [
          30, 
          30000, 
          175
        ]
      ], 
      "tp": 1, 
      "icon": "\u8dd1\u6b65\u673a"
    }
  }, 
  {
    "pk": 13, 
    "model": "match.challengechapter", 
    "fields": {
      "name": "WCG13", 
      "area": "\u4e2d\u56fd\u8d5b\u533a", 
      "des": "WCG\u521d\u8d5b13", 
      "star_reward": [
        [
          10, 
          30001, 
          300000
        ], 
        [
          20, 
          30003, 
          200
        ], 
        [
          30, 
          30000, 
          200
        ]
      ], 
      "tp": 1, 
      "icon": "\u8dd1\u6b65\u673a"
    }
  }, 
  {
    "pk": 14, 
    "model": "match.challengechapter", 
    "fields": {
      "name": "WCG14", 
      "area": "\u4e2d\u56fd\u8d5b\u533a", 
      "des": "WCG\u521d\u8d5b14", 
      "star_reward": [
        [
          10, 
          30001, 
          300000
        ], 
        [
          20, 
          30004, 
          200
        ], 
        [
          30, 
          30000, 
          200
        ]
      ], 
      "tp": 1, 
      "icon": "\u8dd1\u6b65\u673a"
    }
  }, 
  {
    "pk": 15, 
    "model": "match.challengechapter", 
    "fields": {
      "name": "WCG15", 
      "area": "\u4e2d\u56fd\u8d5b\u533a", 
      "des": "WCG\u521d\u8d5b15", 
      "star_reward": [
        [
          10, 
          30001, 
          300000
        ], 
        [
          20, 
          30003, 
          200
        ], 
        [
          30, 
          30000, 
          200
        ]
      ], 
      "tp": 1, 
      "icon": "\u8dd1\u6b65\u673a"
    }
  }, 
  {
    "pk": 16, 
    "model": "match.challengechapter", 
    "fields": {
      "name": "WCG16", 
      "area": "\u4e2d\u56fd\u8d5b\u533a", 
      "des": "WCG\u521d\u8d5b16", 
      "star_reward": [
        [
          10, 
          30001, 
          350000
        ], 
        [
          20, 
          30004, 
          200
        ], 
        [
          30, 
          30000, 
          200
        ]
      ], 
      "tp": 1, 
      "icon": "\u8dd1\u6b65\u673a"
    }
  }, 
  {
    "pk": 17, 
    "model": "match.challengechapter", 
    "fields": {
      "name": "WCG17", 
      "area": "\u4e2d\u56fd\u8d5b\u533a", 
      "des": "WCG\u521d\u8d5b17", 
      "star_reward": [
        [
          10, 
          30001, 
          350000
        ], 
        [
          20, 
          30003, 
          200
        ], 
        [
          30, 
          30000, 
          200
        ]
      ], 
      "tp": 1, 
      "icon": "\u8dd1\u6b65\u673a"
    }
  }, 
  {
    "pk": 18, 
    "model": "match.challengechapter", 
    "fields": {
      "name": "WCG18", 
      "area": "\u4e2d\u56fd\u8d5b\u533a", 
      "des": "WCG\u521d\u8d5b18", 
      "star_reward": [
        [
          10, 
          30001, 
          350000
        ], 
        [
          20, 
          30004, 
          200
        ], 
        [
          30, 
          30000, 
          200
        ]
      ], 
      "tp": 1, 
      "icon": "\u8dd1\u6b65\u673a"
    }
  }, 
  {
    "pk": 19, 
    "model": "match.challengechapter", 
    "fields": {
      "name": "WCG19", 
      "area": "\u4e2d\u56fd\u8d5b\u533a", 
      "des": "WCG\u521d\u8d5b19", 
      "star_reward": [
        [
          10, 
          30001, 
          350000
        ], 
        [
          20, 
          30003, 
          200
        ], 
        [
          30, 
          30000, 
          200
        ]
      ], 
      "tp": 1, 
      "icon": "\u8dd1\u6b65\u673a"
    }
  }, 
  {
    "pk": 20, 
    "model": "match.challengechapter", 
    "fields": {
      "name": "WCG20", 
      "area": "\u4e2d\u56fd\u8d5b\u533a", 
      "des": "WCG\u521d\u8d5b20", 
      "star_reward": [
        [
          10, 
          30001, 
          350000
        ], 
        [
          20, 
          30004, 
          200
        ], 
        [
          30, 
          30000, 
          200
        ]
      ], 
      "tp": 1, 
      "icon": "\u8dd1\u6b65\u673a"
    }
  }, 
  {
    "pk": 21, 
    "model": "match.challengechapter", 
    "fields": {
      "name": "WCG21", 
      "area": "\u4e2d\u56fd\u8d5b\u533a", 
      "des": "WCG\u521d\u8d5b21", 
      "star_reward": [
        [
          10, 
          30001, 
          350000
        ], 
        [
          20, 
          30003, 
          200
        ], 
        [
          30, 
          30000, 
          200
        ]
      ], 
      "tp": 1, 
      "icon": "\u8dd1\u6b65\u673a"
    }
  }, 
  {
    "pk": 22, 
    "model": "match.challengechapter", 
    "fields": {
      "name": "WCG22", 
      "area": "\u4e2d\u56fd\u8d5b\u533a", 
      "des": "WCG\u521d\u8d5b22", 
      "star_reward": [
        [
          10, 
          30001, 
          350000
        ], 
        [
          20, 
          30004, 
          200
        ], 
        [
          30, 
          30000, 
          200
        ]
      ], 
      "tp": 1, 
      "icon": "\u8dd1\u6b65\u673a"
    }
  }, 
  {
    "pk": 23, 
    "model": "match.challengechapter", 
    "fields": {
      "name": "WCG23", 
      "area": "\u4e2d\u56fd\u8d5b\u533a", 
      "des": "WCG\u521d\u8d5b23", 
      "star_reward": [
        [
          10, 
          30001, 
          350000
        ], 
        [
          20, 
          30003, 
          200
        ], 
        [
          30, 
          30000, 
          200
        ]
      ], 
      "tp": 1, 
      "icon": "\u8dd1\u6b65\u673a"
    }
  }, 
  {
    "pk": 24, 
    "model": "match.challengechapter", 
    "fields": {
      "name": "WCG24", 
      "area": "\u4e2d\u56fd\u8d5b\u533a", 
      "des": "WCG\u521d\u8d5b24", 
      "star_reward": [
        [
          10, 
          30001, 
          350000
        ], 
        [
          20, 
          30004, 
          200
        ], 
        [
          30, 
          30000, 
          200
        ]
      ], 
      "tp": 1, 
      "icon": "\u8dd1\u6b65\u673a"
    }
  }, 
  {
    "pk": 25, 
    "model": "match.challengechapter", 
    "fields": {
      "name": "WCG25", 
      "area": "\u4e2d\u56fd\u8d5b\u533a", 
      "des": "WCG\u521d\u8d5b25", 
      "star_reward": [
        [
          10, 
          30001, 
          350000
        ], 
        [
          20, 
          30003, 
          200
        ], 
        [
          30, 
          30000, 
          200
        ]
      ], 
      "tp": 1, 
      "icon": "\u8dd1\u6b65\u673a"
    }
  }, 
  {
    "pk": 26, 
    "model": "match.challengechapter", 
    "fields": {
      "name": "WCG26", 
      "area": "\u4e2d\u56fd\u8d5b\u533a", 
      "des": "WCG\u521d\u8d5b26", 
      "star_reward": [
        [
          10, 
          30001, 
          350000
        ], 
        [
          20, 
          30004, 
          200
        ], 
        [
          30, 
          30000, 
          200
        ]
      ], 
      "tp": 1, 
      "icon": "\u8dd1\u6b65\u673a"
    }
  }, 
  {
    "pk": 27, 
    "model": "match.challengechapter", 
    "fields": {
      "name": "WCG27", 
      "area": "\u4e2d\u56fd\u8d5b\u533a", 
      "des": "WCG\u521d\u8d5b27", 
      "star_reward": [
        [
          10, 
          30001, 
          350000
        ], 
        [
          20, 
          30003, 
          200
        ], 
        [
          30, 
          30000, 
          200
        ]
      ], 
      "tp": 1, 
      "icon": "\u8dd1\u6b65\u673a"
    }
  }, 
  {
    "pk": 28, 
    "model": "match.challengechapter", 
    "fields": {
      "name": "WCG28", 
      "area": "\u4e2d\u56fd\u8d5b\u533a", 
      "des": "WCG\u521d\u8d5b28", 
      "star_reward": [
        [
          10, 
          30001, 
          350000
        ], 
        [
          20, 
          30004, 
          200
        ], 
        [
          30, 
          30000, 
          200
        ]
      ], 
      "tp": 1, 
      "icon": "\u8dd1\u6b65\u673a"
    }
  }, 
  {
    "pk": 29, 
    "model": "match.challengechapter", 
    "fields": {
      "name": "WCG29", 
      "area": "\u4e2d\u56fd\u8d5b\u533a", 
      "des": "WCG\u521d\u8d5b29", 
      "star_reward": [
        [
          10, 
          30001, 
          350000
        ], 
        [
          20, 
          30003, 
          200
        ], 
        [
          30, 
          30000, 
          200
        ]
      ], 
      "tp": 1, 
      "icon": "\u8dd1\u6b65\u673a"
    }
  }, 
  {
    "pk": 30, 
    "model": "match.challengechapter", 
    "fields": {
      "name": "WCG30", 
      "area": "\u4e2d\u56fd\u8d5b\u533a", 
      "des": "WCG\u521d\u8d5b30", 
      "star_reward": [
        [
          10, 
          30001, 
          350000
        ], 
        [
          20, 
          30004, 
          200
        ], 
        [
          30, 
          30000, 
          200
        ]
      ], 
      "tp": 1, 
      "icon": "\u8dd1\u6b65\u673a"
    }
  }, 
  {
    "pk": 1001, 
    "model": "match.challengechapter", 
    "fields": {
      "name": "\u7cbe\u82f1WCG1", 
      "area": "\u4e2d\u56fd\u8d5b\u533a", 
      "des": "\u7cbe\u82f1WCG\u521d\u8d5b1", 
      "star_reward": [
        [
          5, 
          30001, 
          200000
        ], 
        [
          10, 
          30000, 
          100
        ], 
        [
          15, 
          30006, 
          1
        ]
      ], 
      "tp": 2, 
      "icon": "\u8dd1\u6b65\u673a"
    }
  }, 
  {
    "pk": 1002, 
    "model": "match.challengechapter", 
    "fields": {
      "name": "\u7cbe\u82f1WCG2", 
      "area": "\u4e2d\u56fd\u8d5b\u533a", 
      "des": "\u7cbe\u82f1WCG\u521d\u8d5b2", 
      "star_reward": [
        [
          5, 
          30001, 
          200000
        ], 
        [
          10, 
          30000, 
          100
        ], 
        [
          15, 
          30009, 
          3
        ]
      ], 
      "tp": 2, 
      "icon": "\u8dd1\u6b65\u673a"
    }
  }, 
  {
    "pk": 1003, 
    "model": "match.challengechapter", 
    "fields": {
      "name": "\u7cbe\u82f1WCG3", 
      "area": "\u4e2d\u56fd\u8d5b\u533a", 
      "des": "\u7cbe\u82f1WCG\u521d\u8d5b3", 
      "star_reward": [
        [
          5, 
          30001, 
          250000
        ], 
        [
          10, 
          30000, 
          125
        ], 
        [
          15, 
          30006, 
          1
        ]
      ], 
      "tp": 2, 
      "icon": "\u8dd1\u6b65\u673a"
    }
  }, 
  {
    "pk": 1004, 
    "model": "match.challengechapter", 
    "fields": {
      "name": "\u7cbe\u82f1WCG4", 
      "area": "\u4e2d\u56fd\u8d5b\u533a", 
      "des": "\u7cbe\u82f1WCG\u521d\u8d5b4", 
      "star_reward": [
        [
          5, 
          30001, 
          250000
        ], 
        [
          10, 
          30000, 
          125
        ], 
        [
          15, 
          30009, 
          4
        ]
      ], 
      "tp": 2, 
      "icon": "\u8dd1\u6b65\u673a"
    }
  }, 
  {
    "pk": 1005, 
    "model": "match.challengechapter", 
    "fields": {
      "name": "\u7cbe\u82f1WCG5", 
      "area": "\u4e2d\u56fd\u8d5b\u533a", 
      "des": "\u7cbe\u82f1WCG\u521d\u8d5b5", 
      "star_reward": [
        [
          5, 
          30001, 
          300000
        ], 
        [
          10, 
          30000, 
          150
        ], 
        [
          15, 
          30006, 
          1
        ]
      ], 
      "tp": 2, 
      "icon": "\u8dd1\u6b65\u673a"
    }
  }, 
  {
    "pk": 1006, 
    "model": "match.challengechapter", 
    "fields": {
      "name": "\u7cbe\u82f1WCG6", 
      "area": "\u4e2d\u56fd\u8d5b\u533a", 
      "des": "\u7cbe\u82f1WCG\u521d\u8d5b6", 
      "star_reward": [
        [
          5, 
          30001, 
          300000
        ], 
        [
          10, 
          30000, 
          150
        ], 
        [
          15, 
          30009, 
          5
        ]
      ], 
      "tp": 2, 
      "icon": "\u8dd1\u6b65\u673a"
    }
  }, 
  {
    "pk": 1007, 
    "model": "match.challengechapter", 
    "fields": {
      "name": "\u7cbe\u82f1WCG7", 
      "area": "\u4e2d\u56fd\u8d5b\u533a", 
      "des": "\u7cbe\u82f1WCG\u521d\u8d5b7", 
      "star_reward": [
        [
          5, 
          30001, 
          350000
        ], 
        [
          10, 
          30000, 
          175
        ], 
        [
          15, 
          30006, 
          1
        ]
      ], 
      "tp": 2, 
      "icon": "\u8dd1\u6b65\u673a"
    }
  }, 
  {
    "pk": 1008, 
    "model": "match.challengechapter", 
    "fields": {
      "name": "\u7cbe\u82f1WCG8", 
      "area": "\u4e2d\u56fd\u8d5b\u533a", 
      "des": "\u7cbe\u82f1WCG\u521d\u8d5b8", 
      "star_reward": [
        [
          5, 
          30001, 
          350000
        ], 
        [
          10, 
          30000, 
          175
        ], 
        [
          15, 
          30009, 
          6
        ]
      ], 
      "tp": 2, 
      "icon": "\u8dd1\u6b65\u673a"
    }
  }, 
  {
    "pk": 1009, 
    "model": "match.challengechapter", 
    "fields": {
      "name": "\u7cbe\u82f1WCG9", 
      "area": "\u4e2d\u56fd\u8d5b\u533a", 
      "des": "\u7cbe\u82f1WCG\u521d\u8d5b9", 
      "star_reward": [
        [
          5, 
          30001, 
          400000
        ], 
        [
          10, 
          30000, 
          225
        ], 
        [
          15, 
          30006, 
          1
        ]
      ], 
      "tp": 2, 
      "icon": "\u8dd1\u6b65\u673a"
    }
  }, 
  {
    "pk": 1010, 
    "model": "match.challengechapter", 
    "fields": {
      "name": "\u7cbe\u82f1WCG10", 
      "area": "\u4e2d\u56fd\u8d5b\u533a", 
      "des": "\u7cbe\u82f1WCG\u521d\u8d5b10", 
      "star_reward": [
        [
          5, 
          30001, 
          400000
        ], 
        [
          10, 
          30000, 
          225
        ], 
        [
          15, 
          30009, 
          6
        ]
      ], 
      "tp": 2, 
      "icon": "\u8dd1\u6b65\u673a"
    }
  }, 
  {
    "pk": 1011, 
    "model": "match.challengechapter", 
    "fields": {
      "name": "\u7cbe\u82f1WCG11", 
      "area": "\u4e2d\u56fd\u8d5b\u533a", 
      "des": "\u7cbe\u82f1WCG\u521d\u8d5b11", 
      "star_reward": [
        [
          5, 
          30001, 
          400000
        ], 
        [
          10, 
          30000, 
          225
        ], 
        [
          15, 
          30006, 
          1
        ]
      ], 
      "tp": 2, 
      "icon": "\u8dd1\u6b65\u673a"
    }
  }, 
  {
    "pk": 1012, 
    "model": "match.challengechapter", 
    "fields": {
      "name": "\u7cbe\u82f1WCG12", 
      "area": "\u4e2d\u56fd\u8d5b\u533a", 
      "des": "\u7cbe\u82f1WCG\u521d\u8d5b12", 
      "star_reward": [
        [
          5, 
          30001, 
          400000
        ], 
        [
          10, 
          30000, 
          225
        ], 
        [
          15, 
          30009, 
          6
        ]
      ], 
      "tp": 2, 
      "icon": "\u8dd1\u6b65\u673a"
    }
  }, 
  {
    "pk": 1013, 
    "model": "match.challengechapter", 
    "fields": {
      "name": "\u7cbe\u82f1WCG13", 
      "area": "\u4e2d\u56fd\u8d5b\u533a", 
      "des": "\u7cbe\u82f1WCG\u521d\u8d5b13", 
      "star_reward": [
        [
          5, 
          30001, 
          400000
        ], 
        [
          10, 
          30000, 
          225
        ], 
        [
          15, 
          30006, 
          1
        ]
      ], 
      "tp": 2, 
      "icon": "\u8dd1\u6b65\u673a"
    }
  }, 
  {
    "pk": 1014, 
    "model": "match.challengechapter", 
    "fields": {
      "name": "\u7cbe\u82f1WCG14", 
      "area": "\u4e2d\u56fd\u8d5b\u533a", 
      "des": "\u7cbe\u82f1WCG\u521d\u8d5b14", 
      "star_reward": [
        [
          5, 
          30001, 
          400000
        ], 
        [
          10, 
          30000, 
          225
        ], 
        [
          15, 
          30009, 
          6
        ]
      ], 
      "tp": 2, 
      "icon": "\u8dd1\u6b65\u673a"
    }
  }, 
  {
    "pk": 1015, 
    "model": "match.challengechapter", 
    "fields": {
      "name": "\u7cbe\u82f1WCG15", 
      "area": "\u4e2d\u56fd\u8d5b\u533a", 
      "des": "\u7cbe\u82f1WCG\u521d\u8d5b15", 
      "star_reward": [
        [
          5, 
          30001, 
          400000
        ], 
        [
          10, 
          30000, 
          225
        ], 
        [
          15, 
          30006, 
          1
        ]
      ], 
      "tp": 2, 
      "icon": "\u8dd1\u6b65\u673a"
    }
  }
]