[
    {
        "fields": {
            "strength": 2.0, 
            "name": "九眼桥第一关", 
            "level": 1, 
            "tp": 1, 
            "policy": 1, 
            "next_id": 2, 
            "staffs": [
                2, 
                3, 
                4, 
                5, 
                6
            ]
        }, 
        "model": "match.challengematch", 
        "pk": 1
    }, 
    {
        "fields": {
            "strength": 2.0, 
            "name": "九眼桥第二关", 
            "level": 2, 
            "tp": 1, 
            "policy": 2, 
            "next_id": 3, 
            "staffs": [
                2, 
                3, 
                4, 
                5, 
                6
            ]
        }, 
        "model": "match.challengematch", 
        "pk": 2
    }, 
    {
        "fields": {
            "strength": 2.0, 
            "name": "九眼桥第三关", 
            "level": 3, 
            "tp": 1, 
            "policy": 3, 
            "next_id": 4, 
            "staffs": [
                2, 
                3, 
                4, 
                5, 
                6
            ]
        }, 
        "model": "match.challengematch", 
        "pk": 3
    }, 
    {
        "fields": {
            "strength": 2.0, 
            "name": "中国第一关", 
            "level": 10, 
            "tp": 2, 
            "policy": 1, 
            "next_id": 5, 
            "staffs": [
                2, 
                3, 
                4, 
                5, 
                6
            ]
        }, 
        "model": "match.challengematch", 
        "pk": 4
    }, 
    {
        "fields": {
            "strength": 2.0, 
            "name": "中国第二关", 
            "level": 15, 
            "tp": 2, 
            "policy": 1, 
            "next_id": 6, 
            "staffs": [
                2, 
                3, 
                4, 
                5, 
                6
            ]
        }, 
        "model": "match.challengematch", 
        "pk": 5
    }, 
    {
        "fields": {
            "strength": 2.0, 
            "name": "欧洲第一关", 
            "level": 20, 
            "tp": 3, 
            "policy": 1, 
            "next_id": 7, 
            "staffs": [
                2, 
                3, 
                4, 
                5, 
                6
            ]
        }, 
        "model": "match.challengematch", 
        "pk": 6
    }, 
    {
        "fields": {
            "strength": 3.0, 
            "name": "韩国第一关", 
            "level": 30, 
            "tp": 4, 
            "policy": 1, 
            "next_id": 0, 
            "staffs": [
                2, 
                3, 
                4, 
                5, 
                6
            ]
        }, 
        "model": "match.challengematch", 
        "pk": 7
    }
]