[
{
    "fields": {
        "des": "最低端的赛区",
        "name": "九眼桥赛区",
        "level": 1
    },
    "model": "match.challengetype",
    "pk": 1
},
{
    "fields": {
        "des": "屌丝级别的赛区",
        "name": "中国赛区",
        "level": 10
    },
    "model": "match.challengetype",
    "pk": 2
},
{
    "fields": {
        "des": "看上去高端多了",
        "name": "欧洲赛区",
        "level": 20
    },
    "model": "match.challengetype",
    "pk": 3
},
{
    "fields": {
        "des": "这是最顶级的赛区咯",
        "name": "韩国赛区",
        "level": 30
    },
    "model": "match.challengetype",
    "pk": 4
}
]
