[
{
    "fields": {
        "des": "\u5d1b\u8d77\u4e8e\u5fae\u672b\u7684\u56fd\u5185\u6311\u6218\u8d5b",
        "name": "\u4e9a\u592a\u8d5b\u533a",
        "level": 1
    },
    "model": "match.challengetype",
    "pk": 1
},
{
    "fields": {
        "des": "\u5c4c\u4e1d\u7ea7\u522b\u7684\u8d5b\u533a",
        "name": "\u7f8e\u6d32\u8d5b\u533a",
        "level": 1
    },
    "model": "match.challengetype",
    "pk": 2
},
{
    "fields": {
        "des": "\u770b\u4e0a\u53bb\u9ad8\u7aef\u591a\u4e86",
        "name": "\u6b27\u6d32\u8d5b\u533a",
        "level": 1
    },
    "model": "match.challengetype",
    "pk": 3
},
{
    "fields": {
        "des": "\u8fd9\u662f\u6700\u9876\u7ea7\u7684\u8d5b\u533a\u54af",
        "name": "\u97e9\u56fd\u8d5b\u533a",
        "level": 1
    },
    "model": "match.challengetype",
    "pk": 4
},
{
    "fields": {
        "des": "\u79f0\u9738\u4e4b\u8def\u624d\u521a\u521a\u5f00\u59cb\u2026\u2026",
        "name": "\u5168\u7403\u8d5b\u533a",
        "level": 1
    },
    "model": "match.challengetype",
    "pk": 5
},
{
    "fields": {
        "des": "\u5411\u7740\u66f4\u9ad8\u7684\u76ee\u6807\u51b2\u51fb\uff01",
        "name": "\u6b27\u6d32\u8d5b\u533a",
        "level": 1
    },
    "model": "match.challengetype",
    "pk": 6
},
{
    "fields": {
        "des": "\u7ec8\u6781\uff01",
        "name": "\u7f8e\u6d32\u8d5b\u533a",
        "level": 1
    },
    "model": "match.challengetype",
    "pk": 7
}
]
