[
{
    "model": "match.challengeguide",
    "pk": 1,
    "fields": {
        "guide": 7,
        "des": "\u94bb\u77f3\u62bd\u5361",
        "return_to_main_panel": true
    }
},
{
    "model": "match.challengeguide",
    "pk": 3,
    "fields": {
        "guide": 27,
        "des": "\u9009\u624b\u5347\u7ea7",
        "return_to_main_panel": true
    }
},
{
    "model": "match.challengeguide",
    "pk": 5,
    "fields": {
        "guide": 42,
        "des": "\u7a7f\u6234\u88c5\u5907",
        "return_to_main_panel": true
    }
},
{
    "model": "match.challengeguide",
    "pk": 9,
    "fields": {
        "guide": 100,
        "des": "\u788e\u7247\u5408\u6210",
        "return_to_main_panel": true
    }
},
{
    "model": "match.challengeguide",
    "pk": 10,
    "fields": {
        "guide": 200,
        "des": "\u526f\u672c\u5956\u52b1",
        "return_to_main_panel": false
    }
},
{
    "model": "match.challengeguide",
    "pk": 12,
    "fields": {
        "guide": 300,
        "des": "\u9009\u624b\u5347\u9636",
        "return_to_main_panel": true
    }
},
{
    "model": "match.challengeguide",
    "pk": 18,
    "fields": {
        "guide": 400,
        "des": "\u866b\u65cf\u5347\u7ea7",
        "return_to_main_panel": true
    }
},
{
    "model": "match.challengeguide",
    "pk": 30,
    "fields": {
        "guide": 500,
        "des": "\u7ade\u6280\u573a",
        "return_to_main_panel": true
    }
},
{
    "model": "match.challengeguide",
    "pk": 40,
    "fields": {
        "guide": 600,
        "des": "\u866b\u65cf\u5347\u9636",
        "return_to_main_panel": true
    }
},
{
    "model": "match.challengeguide",
    "pk": 50,
    "fields": {
        "guide": 700,
        "des": "\u9009\u624b\u5347\u661f",
        "return_to_main_panel": true
    }
}
]
