[
  {
    "fields": {
      "club_flag": 5, 
      "strength": 2.0, 
      "name": "\u4e5d\u773c\u6865\u7b2c\u4e00\u5173", 
      "level": 1, 
      "club_name": "\u4e5d\u773c\u6865\u9738\u738b", 
      "tp": 1, 
      "policy": 1, 
      "next_id": 2, 
      "staffs": [
        2, 
        3, 
        4, 
        5, 
        6
      ], 
      "des": "\u597d\u725b\u903c\u7684\u6e38\u620f\u5440\uff0c\u597d\u725b\u903c\u7684\u6e38\u620f\u5440\uff0c\u54ce\u5440\u5440\uff0c\u4ece\u6765\u6ca1\u73a9\u8fc7\u8fd9\u4e48\u597d\u73a9\u7684\u6e38\u620f"
    }, 
    "model": "match.challengematch", 
    "pk": 1
  }, 
  {
    "fields": {
      "club_flag": 1, 
      "strength": 2.0, 
      "name": "\u4e5d\u773c\u6865\u7b2c\u4e8c\u5173", 
      "level": 2, 
      "club_name": "\u4e5d\u773c\u6865\u625b\u628a\u5b50", 
      "tp": 1, 
      "policy": 2, 
      "next_id": 3, 
      "staffs": [
        2, 
        3, 
        4, 
        5, 
        6
      ], 
      "des": "\u597d\u725b\u903c\u7684\u6e38\u620f\u5440\uff0c\u597d\u725b\u903c\u7684\u6e38\u620f\u5440\uff0c\u54ce\u5440\u5440\uff0c\u4ece\u6765\u6ca1\u73a9\u8fc7\u8fd9\u4e48\u597d\u73a9\u7684\u6e38\u620f"
    }, 
    "model": "match.challengematch", 
    "pk": 2
  }, 
  {
    "fields": {
      "club_flag": 10, 
      "strength": 2.0, 
      "name": "\u4e5d\u773c\u6865\u7b2c\u4e09\u5173", 
      "level": 3, 
      "club_name": "\u4e5d\u773c\u6865\u57ce\u7ba1", 
      "tp": 1, 
      "policy": 3, 
      "next_id": 4, 
      "staffs": [
        2, 
        3, 
        4, 
        5, 
        6
      ], 
      "des": "\u597d\u725b\u903c\u7684\u6e38\u620f\u5440\uff0c\u597d\u725b\u903c\u7684\u6e38\u620f\u5440\uff0c\u54ce\u5440\u5440\uff0c\u4ece\u6765\u6ca1\u73a9\u8fc7\u8fd9\u4e48\u597d\u73a9\u7684\u6e38\u620f"
    }, 
    "model": "match.challengematch", 
    "pk": 3
  }, 
  {
    "fields": {
      "club_flag": 7, 
      "strength": 2.0, 
      "name": "\u4e2d\u56fd\u7b2c\u4e00\u5173", 
      "level": 10, 
      "club_name": "\u4e2d\u56fd\u9ed1\u8001\u5927", 
      "tp": 2, 
      "policy": 1, 
      "next_id": 5, 
      "staffs": [
        2, 
        3, 
        4, 
        5, 
        6
      ], 
      "des": "\u597d\u725b\u903c\u7684\u6e38\u620f\u5440\uff0c\u597d\u725b\u903c\u7684\u6e38\u620f\u5440\uff0c\u54ce\u5440\u5440\uff0c\u4ece\u6765\u6ca1\u73a9\u8fc7\u8fd9\u4e48\u597d\u73a9\u7684\u6e38\u620f"
    }, 
    "model": "match.challengematch", 
    "pk": 4
  }, 
  {
    "fields": {
      "club_flag": 6, 
      "strength": 2.0, 
      "name": "\u4e2d\u56fd\u7b2c\u4e8c\u5173", 
      "level": 15, 
      "club_name": "\u4e2d\u56fd\u5927\u5988", 
      "tp": 2, 
      "policy": 1, 
      "next_id": 6, 
      "staffs": [
        2, 
        3, 
        4, 
        5, 
        6
      ], 
      "des": "\u597d\u725b\u903c\u7684\u6e38\u620f\u5440\uff0c\u597d\u725b\u903c\u7684\u6e38\u620f\u5440\uff0c\u54ce\u5440\u5440\uff0c\u4ece\u6765\u6ca1\u73a9\u8fc7\u8fd9\u4e48\u597d\u73a9\u7684\u6e38\u620f"
    }, 
    "model": "match.challengematch", 
    "pk": 5
  }, 
  {
    "fields": {
      "club_flag": 12, 
      "strength": 2.0, 
      "name": "\u6b27\u6d32\u7b2c\u4e00\u5173", 
      "level": 20, 
      "club_name": "\u4fc4\u7f57\u65af\u5927\u5988", 
      "tp": 3, 
      "policy": 1, 
      "next_id": 7, 
      "staffs": [
        2, 
        3, 
        4, 
        5, 
        6
      ], 
      "des": "\u597d\u725b\u903c\u7684\u6e38\u620f\u5440\uff0c\u597d\u725b\u903c\u7684\u6e38\u620f\u5440\uff0c\u54ce\u5440\u5440\uff0c\u4ece\u6765\u6ca1\u73a9\u8fc7\u8fd9\u4e48\u597d\u73a9\u7684\u6e38\u620f"
    }, 
    "model": "match.challengematch", 
    "pk": 6
  }, 
  {
    "fields": {
      "club_flag": 1, 
      "strength": 3.0, 
      "name": "\u97e9\u56fd\u7b2c\u4e00\u5173", 
      "level": 30, 
      "club_name": "\u97e9\u56fd\u68d2\u5b50", 
      "tp": 4, 
      "policy": 1, 
      "next_id": 0, 
      "staffs": [
        2, 
        3, 
        4, 
        5, 
        6
      ], 
      "des": "\u597d\u725b\u903c\u7684\u6e38\u620f\u5440\uff0c\u597d\u725b\u903c\u7684\u6e38\u620f\u5440\uff0c\u54ce\u5440\u5440\uff0c\u4ece\u6765\u6ca1\u73a9\u8fc7\u8fd9\u4e48\u597d\u73a9\u7684\u6e38\u620f"
    }, 
    "model": "match.challengematch", 
    "pk": 7
  }
]