[
{
    "model": "match.challengebuycost",
    "pk": 1,
    "fields": {
        "diamond": 10
    }
},
{
    "model": "match.challengebuycost",
    "pk": 2,
    "fields": {
        "diamond": 15
    }
},
{
    "model": "match.challengebuycost",
    "pk": 3,
    "fields": {
        "diamond": 20
    }
},
{
    "model": "match.challengebuycost",
    "pk": 4,
    "fields": {
        "diamond": 25
    }
},
{
    "model": "match.challengebuycost",
    "pk": 5,
    "fields": {
        "diamond": 30
    }
},
{
    "model": "match.challengebuycost",
    "pk": 6,
    "fields": {
        "diamond": 35
    }
},
{
    "model": "match.challengebuycost",
    "pk": 7,
    "fields": {
        "diamond": 40
    }
},
{
    "model": "match.challengebuycost",
    "pk": 8,
    "fields": {
        "diamond": 45
    }
}
]
