[
  {
    "pk": 1, 
    "model": "match.challengechapter", 
    "fields": {
      "name": "\u9ad8\u6821\u8868\u6f14\u8d5b", 
      "area": 80, 
      "des": "\u9ad8\u6821\u7684\u5609\u5bbe\u8868\u6f14\u8d5b\uff1a\u9080\u8bf7\u660e\u661f\u9009\u624b\u548c\u5b66\u6821\u661f\u9645\u5c0f\u5c06\u7684\u8868\u6f14\u8d5b", 
      "star_reward": [
        [
          10, 
          30001, 
          100000
        ], 
        [
          20, 
          30003, 
          100
        ], 
        [
          30, 
          30000, 
          50
        ]
      ], 
      "tp": 1, 
      "map_name": "PVE01", 
      "icon": "planet4"
    }
  }, 
  {
    "pk": 2, 
    "model": "match.challengechapter", 
    "fields": {
      "name": "\u83dc\u9e21\u676f\u8d5b", 
      "area": 100, 
      "des": "\u83dc\u9e21\u676f\u6218\u961f\u8d5b\uff1a\u8fd9\u4e2a\u6bd4\u8d5b\u7684\u89c4\u5219\u662f\u8d62\u4e86\u6ca1\u4ec0\u4e48\uff0c\u8f93\u4e86\u5373\u83b7\u5f97\u9e21\u9738\u79f0\u53f7\u3002", 
      "star_reward": [
        [
          10, 
          30001, 
          100000
        ], 
        [
          20, 
          30004, 
          100
        ], 
        [
          30, 
          20001, 
          1
        ]
      ], 
      "tp": 1, 
      "map_name": "PVE02", 
      "icon": "planet2"
    }
  }, 
  {
    "pk": 3, 
    "model": "match.challengechapter", 
    "fields": {
      "name": "\u7cbe\u82f1\u9009\u62d4\u8d5b", 
      "area": 70, 
      "des": "\u7cbe\u82f1\u9009\u62d4\u8d5b:\u5e74\u8f7b\u7684\u7cbe\u82f1\u5927\u8d5b", 
      "star_reward": [
        [
          10, 
          30001, 
          100000
        ], 
        [
          20, 
          30003, 
          120
        ], 
        [
          30, 
          30000, 
          75
        ]
      ], 
      "tp": 1, 
      "map_name": "PVE03", 
      "icon": "planet3"
    }
  }, 
  {
    "pk": 4, 
    "model": "match.challengechapter", 
    "fields": {
      "name": "\u9e21\u516c\u7172\u676f", 
      "area": 150, 
      "des": "\u9e21\u516c\u7172\u676f\u8054\u8d5b\uff1a\u4f20\u95fb\u8d62\u4e86\u7684\u961f\u4f0d\u5c06\u8d62\u5f97\u6c38\u4e45\u514d\u8d39\u9e21\u516c\u7172\u7684\u673a\u4f1a", 
      "star_reward": [
        [
          10, 
          30001, 
          150000
        ], 
        [
          20, 
          30004, 
          120
        ], 
        [
          30, 
          20002, 
          1
        ]
      ], 
      "tp": 1, 
      "map_name": "PVE04", 
      "icon": "planet1"
    }
  }, 
  {
    "pk": 5, 
    "model": "match.challengechapter", 
    "fields": {
      "name": "\u56fd\u9645\u9080\u8bf7\u8d5b", 
      "area": 80, 
      "des": "\u56fd\u9645\u9080\u8bf7\u8d5b\uff1a\u5168\u7403\u9080\u8bf7\u4e00\u4e9b\u6709\u77e5\u540d\u5ea6\u7684\u9009\u624b\u53c2\u52a0\u7684\u8868\u6f14\u8d5b\u3002", 
      "star_reward": [
        [
          10, 
          30001, 
          150000
        ], 
        [
          20, 
          30003, 
          140
        ], 
        [
          30, 
          30000, 
          100
        ]
      ], 
      "tp": 1, 
      "map_name": "PVE05", 
      "icon": "planet5"
    }
  }, 
  {
    "pk": 6, 
    "model": "match.challengechapter", 
    "fields": {
      "name": "\u667a\u5546\u676f", 
      "area": 120, 
      "des": "\u667a\u5546\u676f\uff1a\u5145\u5206\u53d1\u6325\u8c10\u661f\u529f\u5e95\u7684\u6bd4\u8d5b\uff0c\u4e0d\u6c42\u80dc\u5229\u4f46\u6c42\u6700\u8c10\u3002", 
      "star_reward": [
        [
          10, 
          30001, 
          150000
        ], 
        [
          20, 
          30004, 
          140
        ], 
        [
          30, 
          30000, 
          100
        ]
      ], 
      "tp": 1, 
      "map_name": "PVE01", 
      "icon": "planet0"
    }
  }, 
  {
    "pk": 7, 
    "model": "match.challengechapter", 
    "fields": {
      "name": "\u94c1\u7a97\u7279\u8bad", 
      "area": 70, 
      "des": "\u94c1\u7a97\u7279\u8bad\uff1a\u8fd9\u91cc\u7684\u4f17\u591a\u77e5\u540d\u9009\u624b\uff0c\u4ecd\u7136\u4fdd\u6301\u4e86\u5f3a\u5927\u7684\u5b9e\u529b\u3002", 
      "star_reward": [
        [
          10, 
          30001, 
          200000
        ], 
        [
          20, 
          30003, 
          160
        ], 
        [
          30, 
          30000, 
          125
        ]
      ], 
      "tp": 1, 
      "map_name": "PVE02", 
      "icon": "planet9"
    }
  }, 
  {
    "pk": 8, 
    "model": "match.challengechapter", 
    "fields": {
      "name": "B\u7ea7\u804c\u4e1a\u8054\u8d5b1", 
      "area": 150, 
      "des": "B\u7ea7\u804c\u4e1a\u8054\u8d5b1:\u6b63\u5f0f\u8fdb\u5165\u804c\u4e1a\u5927\u8d5b\uff0c\u6240\u6709\u7684\u9009\u624b\u90fd\u4e0d\u4f1a\u624b\u4e0b\u7559\u60c5\u3002", 
      "star_reward": [
        [
          10, 
          30001, 
          200000
        ], 
        [
          20, 
          30004, 
          160
        ], 
        [
          30, 
          30000, 
          125
        ]
      ], 
      "tp": 1, 
      "map_name": "PVE03", 
      "icon": "planet8"
    }
  }, 
  {
    "pk": 9, 
    "model": "match.challengechapter", 
    "fields": {
      "name": "B\u7ea7\u804c\u4e1a\u8054\u8d5b2", 
      "area": 90, 
      "des": "B\u7ea7\u804c\u4e1a\u8054\u8d5b2\uff1a\u8054\u8d5b\u4e0b\u534a\u533a\uff0c\u51b3\u5b9a\u6700\u540e\u7684\u664b\u7ea7\u4e4b\u8def\u3002", 
      "star_reward": [
        [
          10, 
          30001, 
          200000
        ], 
        [
          20, 
          30003, 
          180
        ], 
        [
          30, 
          30000, 
          150
        ]
      ], 
      "tp": 1, 
      "map_name": "PVE04", 
      "icon": "planet6"
    }
  }, 
  {
    "pk": 10, 
    "model": "match.challengechapter", 
    "fields": {
      "name": "A\u7ea7\u804c\u4e1a\u8054\u8d5b1", 
      "area": 120, 
      "des": "A\u7ea7\u804c\u4e1a\u8054\u8d5b1:\u5b9e\u529b\u804c\u4e1a\u9009\u624b\u7684\u821e\u53f0", 
      "star_reward": [
        [
          10, 
          30001, 
          250000
        ], 
        [
          20, 
          30004, 
          180
        ], 
        [
          30, 
          30000, 
          150
        ]
      ], 
      "tp": 1, 
      "map_name": "PVE05", 
      "icon": "planet7"
    }
  }, 
  {
    "pk": 11, 
    "model": "match.challengechapter", 
    "fields": {
      "name": "A\u7ea7\u804c\u4e1a\u8054\u8d5b2", 
      "area": 80, 
      "des": "A\u7ea7\u804c\u4e1a\u8054\u8d5b2:\u5b9e\u529b\u804c\u4e1a\u9009\u624b\u7684\u821e\u53f0", 
      "star_reward": [
        [
          10, 
          30001, 
          250000
        ], 
        [
          20, 
          30003, 
          200
        ], 
        [
          30, 
          30000, 
          175
        ]
      ], 
      "tp": 1, 
      "map_name": "PVE01", 
      "icon": "planet4"
    }
  }, 
  {
    "pk": 12, 
    "model": "match.challengechapter", 
    "fields": {
      "name": "S\u7ea7\u804c\u4e1a\u8054\u8d5b1", 
      "area": 100, 
      "des": "S\u7ea7\u804c\u4e1a\u8054\u8d5b1:\u5168\u7403\u9876\u5c16\u804c\u4e1a\u9009\u624b\u540c\u53f0\u7ade\u6280", 
      "star_reward": [
        [
          10, 
          30001, 
          250000
        ], 
        [
          20, 
          30004, 
          200
        ], 
        [
          30, 
          30000, 
          175
        ]
      ], 
      "tp": 1, 
      "map_name": "PVE02", 
      "icon": "planet2"
    }
  }, 
  {
    "pk": 13, 
    "model": "match.challengechapter", 
    "fields": {
      "name": "S\u7ea7\u804c\u4e1a\u8054\u8d5b2", 
      "area": 70, 
      "des": "S\u7ea7\u804c\u4e1a\u8054\u8d5b2:\u5168\u7403\u9876\u5c16\u804c\u4e1a\u9009\u624b\u540c\u53f0\u7ade\u6280", 
      "star_reward": [
        [
          10, 
          30001, 
          300000
        ], 
        [
          20, 
          30003, 
          200
        ], 
        [
          30, 
          30000, 
          200
        ]
      ], 
      "tp": 1, 
      "map_name": "PVE03", 
      "icon": "planet3"
    }
  }, 
  {
    "pk": 14, 
    "model": "match.challengechapter", 
    "fields": {
      "name": "\u529f\u592b\u676f", 
      "area": 150, 
      "des": "\u529f\u592b\u676f\uff1a\u661f\u9645\u8001\u7537\u5b69\u4e3e\u529e\u7684\u56fd\u9645\u8d5b\u4e8b", 
      "star_reward": [
        [
          10, 
          30001, 
          300000
        ], 
        [
          20, 
          30004, 
          200
        ], 
        [
          30, 
          30000, 
          200
        ]
      ], 
      "tp": 1, 
      "map_name": "PVE04", 
      "icon": "planet1"
    }
  }, 
  {
    "pk": 15, 
    "model": "match.challengechapter", 
    "fields": {
      "name": "Dreamhack", 
      "area": 80, 
      "des": "Dreamhack:\u6b27\u6d32\u5927\u578b\u661f\u9645\u8d5b\u4e8b", 
      "star_reward": [
        [
          10, 
          30001, 
          300000
        ], 
        [
          20, 
          30003, 
          200
        ], 
        [
          30, 
          30000, 
          200
        ]
      ], 
      "tp": 1, 
      "map_name": "PVE05", 
      "icon": "planet5"
    }
  }, 
  {
    "pk": 16, 
    "model": "match.challengechapter", 
    "fields": {
      "name": "WESG\u9884\u9009\u8d5b", 
      "area": 120, 
      "des": "WESG\u9884\u9009\u8d5b\uff1a\u963f\u91cc\u5168\u7403\u7535\u5b50\u7ade\u6280\u5927\u8d5b", 
      "star_reward": [
        [
          10, 
          30001, 
          350000
        ], 
        [
          20, 
          30004, 
          200
        ], 
        [
          30, 
          30000, 
          200
        ]
      ], 
      "tp": 1, 
      "map_name": "PVE01", 
      "icon": "planet0"
    }
  }, 
  {
    "pk": 17, 
    "model": "match.challengechapter", 
    "fields": {
      "name": "WESG\u4e16\u754c\u603b\u51b3\u8d5b", 
      "area": 70, 
      "des": "WESG\u4e16\u754c\u603b\u51b3\u8d5b", 
      "star_reward": [
        [
          10, 
          30001, 
          350000
        ], 
        [
          20, 
          30003, 
          200
        ], 
        [
          30, 
          30000, 
          200
        ]
      ], 
      "tp": 1, 
      "map_name": "PVE02", 
      "icon": "planet9"
    }
  }, 
  {
    "pk": 18, 
    "model": "match.challengechapter", 
    "fields": {
      "name": "GSL\uff08A\uff09", 
      "area": 150, 
      "des": "GSL\uff08A\uff09\uff1a\u97e9\u56fd\u8054\u8d5b\uff0c\u4e16\u754c\u4e00\u6d41\u9009\u624b\u89d2\u9010\u821e\u53f0\u3002", 
      "star_reward": [
        [
          10, 
          30001, 
          350000
        ], 
        [
          20, 
          30004, 
          200
        ], 
        [
          30, 
          30000, 
          200
        ]
      ], 
      "tp": 1, 
      "map_name": "PVE03", 
      "icon": "planet8"
    }
  }, 
  {
    "pk": 19, 
    "model": "match.challengechapter", 
    "fields": {
      "name": "GSL\uff08S\uff09", 
      "area": 90, 
      "des": "GSL\uff08S\uff09\uff1a\u97e9\u56fd\u9876\u7ea7\u8054\u8d5b\uff0c\u4ee3\u8868\u4e16\u754c\u6700\u9ad8\u6c34\u5e73", 
      "star_reward": [
        [
          10, 
          30001, 
          350000
        ], 
        [
          20, 
          30003, 
          200
        ], 
        [
          30, 
          30000, 
          200
        ]
      ], 
      "tp": 1, 
      "map_name": "PVE04", 
      "icon": "planet6"
    }
  }, 
  {
    "pk": 20, 
    "model": "match.challengechapter", 
    "fields": {
      "name": "\u66b4\u96ea\u5609\u5e74\u534e\u8868\u6f14\u8d5b", 
      "area": 120, 
      "des": "\u66b4\u96ea\u5609\u5e74\u534e\u8868\u6f14\u8d5b\uff1a\u66b4\u96ea\u7cfb\u6700\u9ad8\u7ea7\u8d5b\u4e8b\u7684\u9884\u6f14", 
      "star_reward": [
        [
          10, 
          30001, 
          350000
        ], 
        [
          20, 
          30004, 
          200
        ], 
        [
          30, 
          30000, 
          200
        ]
      ], 
      "tp": 1, 
      "map_name": "PVE05", 
      "icon": "planet7"
    }
  }, 
  {
    "pk": 21, 
    "model": "match.challengechapter", 
    "fields": {
      "name": "\u66b4\u96ea\u5609\u5e74\u534e-\u4e2d\u56fd", 
      "area": 80, 
      "des": "\u66b4\u96ea\u5609\u5e74\u534e\u4e2d\u56fd\u8d5b\u533a1\uff1a\u4e2d\u56fd\u8d5b\u533a\u7684\u9009\u62d4\u8d5b", 
      "star_reward": [
        [
          10, 
          30001, 
          350000
        ], 
        [
          20, 
          30003, 
          200
        ], 
        [
          30, 
          30000, 
          200
        ]
      ], 
      "tp": 1, 
      "map_name": "PVE01", 
      "icon": "planet4"
    }
  }, 
  {
    "pk": 22, 
    "model": "match.challengechapter", 
    "fields": {
      "name": "\u66b4\u96ea\u5609\u5e74\u534e-\u4e2d\u56fd", 
      "area": 100, 
      "des": "\u66b4\u96ea\u5609\u5e74\u534e\u4e2d\u56fd\u8d5b\u533a2\uff1a\u4e2d\u56fd\u8d5b\u533a\u7684\u9009\u62d4\u8d5b", 
      "star_reward": [
        [
          10, 
          30001, 
          350000
        ], 
        [
          20, 
          30004, 
          200
        ], 
        [
          30, 
          30000, 
          200
        ]
      ], 
      "tp": 1, 
      "map_name": "PVE02", 
      "icon": "planet2"
    }
  }, 
  {
    "pk": 23, 
    "model": "match.challengechapter", 
    "fields": {
      "name": "\u66b4\u96ea\u5609\u5e74\u534e-\u6b27\u7f8e", 
      "area": 70, 
      "des": "\u66b4\u96ea\u5609\u5e74\u534e\u6b27\u7f8e\u8d5b\u533a1:\u6b27\u7f8e\u8d5b\u533a\u7684\u9009\u62d4\u8d5b", 
      "star_reward": [
        [
          10, 
          30001, 
          350000
        ], 
        [
          20, 
          30003, 
          200
        ], 
        [
          30, 
          30000, 
          200
        ]
      ], 
      "tp": 1, 
      "map_name": "PVE03", 
      "icon": "planet3"
    }
  }, 
  {
    "pk": 24, 
    "model": "match.challengechapter", 
    "fields": {
      "name": "\u66b4\u96ea\u5609\u5e74\u534e-\u6b27\u7f8e", 
      "area": 150, 
      "des": "\u66b4\u96ea\u5609\u5e74\u534e\u6b27\u7f8e\u8d5b\u533a2:\u6b27\u7f8e\u8d5b\u533a\u7684\u9009\u62d4\u8d5b", 
      "star_reward": [
        [
          10, 
          30001, 
          350000
        ], 
        [
          20, 
          30004, 
          200
        ], 
        [
          30, 
          30000, 
          200
        ]
      ], 
      "tp": 1, 
      "map_name": "PVE04", 
      "icon": "planet1"
    }
  }, 
  {
    "pk": 25, 
    "model": "match.challengechapter", 
    "fields": {
      "name": "\u66b4\u96ea\u5609\u5e74\u534e-\u97e9\u56fd", 
      "area": 80, 
      "des": "\u66b4\u96ea\u5609\u5e74\u534e\u97e9\u56fd\u8d5b\u533a1:\u97e9\u56fd\u8d5b\u533a\u7684\u9009\u62d4\u8d5b", 
      "star_reward": [
        [
          10, 
          30001, 
          350000
        ], 
        [
          20, 
          30003, 
          200
        ], 
        [
          30, 
          30000, 
          200
        ]
      ], 
      "tp": 1, 
      "map_name": "PVE05", 
      "icon": "planet5"
    }
  }, 
  {
    "pk": 26, 
    "model": "match.challengechapter", 
    "fields": {
      "name": "\u66b4\u96ea\u5609\u5e74\u534e-\u97e9\u56fd", 
      "area": 120, 
      "des": "\u66b4\u96ea\u5609\u5e74\u534e\u97e9\u56fd\u8d5b\u533a2:\u97e9\u56fd\u8d5b\u533a\u7684\u9009\u62d4\u8d5b", 
      "star_reward": [
        [
          10, 
          30001, 
          350000
        ], 
        [
          20, 
          30004, 
          200
        ], 
        [
          30, 
          30000, 
          200
        ]
      ], 
      "tp": 1, 
      "map_name": "PVE01", 
      "icon": "planet0"
    }
  }, 
  {
    "pk": 27, 
    "model": "match.challengechapter", 
    "fields": {
      "name": "\u66b4\u96ea\u5609\u5e74\u534e-\u97e9\u56fd", 
      "area": 70, 
      "des": "\u66b4\u96ea\u5609\u5e74\u534e\u97e9\u56fd\u8d5b\u533a3:\u97e9\u56fd\u8d5b\u533a\u7684\u9009\u62d4\u8d5b", 
      "star_reward": [
        [
          10, 
          30001, 
          350000
        ], 
        [
          20, 
          30003, 
          200
        ], 
        [
          30, 
          30000, 
          200
        ]
      ], 
      "tp": 1, 
      "map_name": "PVE02", 
      "icon": "planet9"
    }
  }, 
  {
    "pk": 28, 
    "model": "match.challengechapter", 
    "fields": {
      "name": "\u4e16\u754c\u660e\u661f\u8868\u6f14\u8d5b1", 
      "area": 150, 
      "des": "\u4e16\u754c\u660e\u661f\u8868\u6f14\u8d5b\uff1a\u5168\u7403\u6700\u77e5\u540d\u9009\u624b\u7684\u8868\u6f14\u3002", 
      "star_reward": [
        [
          10, 
          30001, 
          350000
        ], 
        [
          20, 
          30004, 
          200
        ], 
        [
          30, 
          30000, 
          200
        ]
      ], 
      "tp": 1, 
      "map_name": "PVE03", 
      "icon": "planet8"
    }
  }, 
  {
    "pk": 29, 
    "model": "match.challengechapter", 
    "fields": {
      "name": "\u4e16\u754c\u660e\u661f\u8868\u6f14\u8d5b2", 
      "area": 90, 
      "des": "\u4e16\u754c\u660e\u661f\u8868\u6f14\u8d5b2\uff1a\u5168\u7403\u6700\u77e5\u540d\u9009\u624b\u7684\u8868\u6f14\u3002", 
      "star_reward": [
        [
          10, 
          30001, 
          350000
        ], 
        [
          20, 
          30003, 
          200
        ], 
        [
          30, 
          30000, 
          200
        ]
      ], 
      "tp": 1, 
      "map_name": "PVE04", 
      "icon": "planet6"
    }
  }, 
  {
    "pk": 30, 
    "model": "match.challengechapter", 
    "fields": {
      "name": "\u4e16\u754c\u660e\u661f\u8868\u6f14\u8d5b3", 
      "area": 120, 
      "des": "\u4e16\u754c\u660e\u661f\u8868\u6f14\u8d5b3\uff1a\u5168\u7403\u6700\u77e5\u540d\u9009\u624b\u7684\u8868\u6f14\u3002", 
      "star_reward": [
        [
          10, 
          30001, 
          350000
        ], 
        [
          20, 
          30004, 
          200
        ], 
        [
          30, 
          30000, 
          200
        ]
      ], 
      "tp": 1, 
      "map_name": "PVE05", 
      "icon": "planet7"
    }
  }, 
  {
    "pk": 1001, 
    "model": "match.challengechapter", 
    "fields": {
      "name": "\u9ad8\u6821\u7684\u5609\u5bbe\u8868\u6f14\u8d5b", 
      "area": 80, 
      "des": "\u9ad8\u6821\u7684\u5609\u5bbe\u8868\u6f14\u8d5b\uff1a\u9080\u8bf7\u660e\u661f\u9009\u624b\u548c\u5b66\u6821\u661f\u9645\u5c0f\u5c06\u7684\u8868\u6f14\u8d5b", 
      "star_reward": [
        [
          5, 
          30001, 
          200000
        ], 
        [
          10, 
          30000, 
          100
        ], 
        [
          15, 
          30006, 
          1
        ]
      ], 
      "tp": 2, 
      "map_name": "PVE01", 
      "icon": "planet4"
    }
  }, 
  {
    "pk": 1002, 
    "model": "match.challengechapter", 
    "fields": {
      "name": "\u83dc\u9e21\u676f\u6218\u961f\u8d5b", 
      "area": 100, 
      "des": "\u83dc\u9e21\u676f\u6218\u961f\u8d5b\uff1a\u8fd9\u4e2a\u6bd4\u8d5b\u7684\u89c4\u5219\u662f\u8d62\u4e86\u6ca1\u4ec0\u4e48\uff0c\u8f93\u4e86\u5373\u83b7\u5f97\u9e21\u9738\u79f0\u53f7\u3002", 
      "star_reward": [
        [
          5, 
          30001, 
          200000
        ], 
        [
          10, 
          30000, 
          100
        ], 
        [
          15, 
          30009, 
          3
        ]
      ], 
      "tp": 2, 
      "map_name": "PVE02", 
      "icon": "planet2"
    }
  }, 
  {
    "pk": 1003, 
    "model": "match.challengechapter", 
    "fields": {
      "name": "\u7cbe\u82f1\u9009\u62d4\u8d5b", 
      "area": 70, 
      "des": "\u7cbe\u82f1\u9009\u62d4\u8d5b:\u5e74\u8f7b\u7684\u7cbe\u82f1\u5927\u8d5b", 
      "star_reward": [
        [
          5, 
          30001, 
          250000
        ], 
        [
          10, 
          30000, 
          125
        ], 
        [
          15, 
          30006, 
          1
        ]
      ], 
      "tp": 2, 
      "map_name": "PVE03", 
      "icon": "planet3"
    }
  }, 
  {
    "pk": 1004, 
    "model": "match.challengechapter", 
    "fields": {
      "name": "\u9e21\u516c\u7172\u676f\u8054\u8d5b", 
      "area": 150, 
      "des": "\u9e21\u516c\u7172\u676f\u8054\u8d5b\uff1a\u4f20\u95fb\u8d62\u4e86\u7684\u961f\u4f0d\u5c06\u8d62\u5f97\u6c38\u4e45\u514d\u8d39\u9e21\u516c\u7172\u7684\u673a\u4f1a", 
      "star_reward": [
        [
          5, 
          30001, 
          250000
        ], 
        [
          10, 
          30000, 
          125
        ], 
        [
          15, 
          30009, 
          4
        ]
      ], 
      "tp": 2, 
      "map_name": "PVE04", 
      "icon": "planet1"
    }
  }, 
  {
    "pk": 1005, 
    "model": "match.challengechapter", 
    "fields": {
      "name": "\u56fd\u9645\u9080\u8bf7\u8d5b", 
      "area": 80, 
      "des": "\u56fd\u9645\u9080\u8bf7\u8d5b\uff1a\u5168\u7403\u9080\u8bf7\u4e00\u4e9b\u6709\u77e5\u540d\u5ea6\u7684\u9009\u624b\u53c2\u52a0\u7684\u8868\u6f14\u8d5b\u3002", 
      "star_reward": [
        [
          5, 
          30001, 
          300000
        ], 
        [
          10, 
          30000, 
          150
        ], 
        [
          15, 
          30006, 
          1
        ]
      ], 
      "tp": 2, 
      "map_name": "PVE05", 
      "icon": "planet5"
    }
  }, 
  {
    "pk": 1006, 
    "model": "match.challengechapter", 
    "fields": {
      "name": "\u667a\u5546\u676f", 
      "area": 120, 
      "des": "\u667a\u5546\u676f\uff1a\u5145\u5206\u53d1\u6325\u8c10\u661f\u529f\u5e95\u7684\u6bd4\u8d5b\uff0c\u4e0d\u6c42\u80dc\u5229\u4f46\u6c42\u6700\u8c10\u3002", 
      "star_reward": [
        [
          5, 
          30001, 
          300000
        ], 
        [
          10, 
          30000, 
          150
        ], 
        [
          15, 
          30009, 
          5
        ]
      ], 
      "tp": 2, 
      "map_name": "PVE01", 
      "icon": "planet0"
    }
  }, 
  {
    "pk": 1007, 
    "model": "match.challengechapter", 
    "fields": {
      "name": "\u94c1\u7a97\u676f", 
      "area": 70, 
      "des": "\u94c1\u7a97\u676f\uff1a\u90fd\u662f\u66fe\u7ecf\u5929\u624d\u804c\u4e1a\u9009\u624b\uff0c\u53ef\u60dc\u2026.", 
      "star_reward": [
        [
          5, 
          30001, 
          350000
        ], 
        [
          10, 
          30000, 
          175
        ], 
        [
          15, 
          30006, 
          1
        ]
      ], 
      "tp": 2, 
      "map_name": "PVE02", 
      "icon": "planet9"
    }
  }, 
  {
    "pk": 1008, 
    "model": "match.challengechapter", 
    "fields": {
      "name": "B\u7ea7\u804c\u4e1a\u8054\u8d5b1", 
      "area": 150, 
      "des": "B\u7ea7\u804c\u4e1a\u8054\u8d5b1:\u6b63\u5f0f\u8fdb\u5165\u804c\u4e1a\u5927\u8d5b\uff0c\u6240\u6709\u7684\u9009\u624b\u90fd\u4e0d\u4f1a\u624b\u4e0b\u7559\u60c5\u3002", 
      "star_reward": [
        [
          5, 
          30001, 
          350000
        ], 
        [
          10, 
          30000, 
          175
        ], 
        [
          15, 
          30009, 
          6
        ]
      ], 
      "tp": 2, 
      "map_name": "PVE03", 
      "icon": "planet8"
    }
  }, 
  {
    "pk": 1009, 
    "model": "match.challengechapter", 
    "fields": {
      "name": "B\u7ea7\u804c\u4e1a\u8054\u8d5b2", 
      "area": 90, 
      "des": "B\u7ea7\u804c\u4e1a\u8054\u8d5b2\uff1a\u8054\u8d5b\u4e0b\u534a\u533a\uff0c\u51b3\u5b9a\u6700\u540e\u7684\u664b\u7ea7\u4e4b\u8def\u3002", 
      "star_reward": [
        [
          5, 
          30001, 
          400000
        ], 
        [
          10, 
          30000, 
          225
        ], 
        [
          15, 
          30006, 
          1
        ]
      ], 
      "tp": 2, 
      "map_name": "PVE04", 
      "icon": "planet6"
    }
  }, 
  {
    "pk": 1010, 
    "model": "match.challengechapter", 
    "fields": {
      "name": "A\u7ea7\u804c\u4e1a\u8054\u8d5b1", 
      "area": 80, 
      "des": "A\u7ea7\u804c\u4e1a\u8054\u8d5b1:\u5b9e\u529b\u804c\u4e1a\u9009\u624b\u7684\u821e\u53f0", 
      "star_reward": [
        [
          5, 
          30001, 
          400000
        ], 
        [
          10, 
          30000, 
          225
        ], 
        [
          15, 
          30009, 
          6
        ]
      ], 
      "tp": 2, 
      "map_name": "PVE05", 
      "icon": "planet7"
    }
  }, 
  {
    "pk": 1011, 
    "model": "match.challengechapter", 
    "fields": {
      "name": "A\u7ea7\u804c\u4e1a\u8054\u8d5b2", 
      "area": 100, 
      "des": "A\u7ea7\u804c\u4e1a\u8054\u8d5b2:\u5b9e\u529b\u804c\u4e1a\u9009\u624b\u7684\u821e\u53f0", 
      "star_reward": [
        [
          5, 
          30001, 
          400000
        ], 
        [
          10, 
          30000, 
          225
        ], 
        [
          15, 
          30006, 
          1
        ]
      ], 
      "tp": 2, 
      "map_name": "PVE01", 
      "icon": "planet4"
    }
  }, 
  {
    "pk": 1012, 
    "model": "match.challengechapter", 
    "fields": {
      "name": "S\u7ea7\u804c\u4e1a\u8054\u8d5b1", 
      "area": 70, 
      "des": "S\u7ea7\u804c\u4e1a\u8054\u8d5b1:\u5168\u7403\u9876\u5c16\u804c\u4e1a\u9009\u624b\u540c\u53f0\u7ade\u6280", 
      "star_reward": [
        [
          5, 
          30001, 
          400000
        ], 
        [
          10, 
          30000, 
          225
        ], 
        [
          15, 
          30009, 
          6
        ]
      ], 
      "tp": 2, 
      "map_name": "PVE02", 
      "icon": "planet2"
    }
  }, 
  {
    "pk": 1013, 
    "model": "match.challengechapter", 
    "fields": {
      "name": "S\u7ea7\u804c\u4e1a\u8054\u8d5b2", 
      "area": 150, 
      "des": "S\u7ea7\u804c\u4e1a\u8054\u8d5b2:\u5168\u7403\u9876\u5c16\u804c\u4e1a\u9009\u624b\u540c\u53f0\u7ade\u6280", 
      "star_reward": [
        [
          5, 
          30001, 
          400000
        ], 
        [
          10, 
          30000, 
          225
        ], 
        [
          15, 
          30006, 
          1
        ]
      ], 
      "tp": 2, 
      "map_name": "PVE03", 
      "icon": "planet3"
    }
  }, 
  {
    "pk": 1014, 
    "model": "match.challengechapter", 
    "fields": {
      "name": "\u529f\u592b\u676f", 
      "area": 80, 
      "des": "\u529f\u592b\u676f\uff1a\u661f\u9645\u8001\u7537\u5b69\u4e3e\u529e\u7684\u56fd\u9645\u8d5b\u4e8b", 
      "star_reward": [
        [
          5, 
          30001, 
          400000
        ], 
        [
          10, 
          30000, 
          225
        ], 
        [
          15, 
          30009, 
          6
        ]
      ], 
      "tp": 2, 
      "map_name": "PVE04", 
      "icon": "planet1"
    }
  }, 
  {
    "pk": 1015, 
    "model": "match.challengechapter", 
    "fields": {
      "name": "Dreamhack", 
      "area": 120, 
      "des": "Dreamhack:\u6b27\u6d32\u5927\u578b\u661f\u9645\u8d5b\u4e8b", 
      "star_reward": [
        [
          5, 
          30001, 
          400000
        ], 
        [
          10, 
          30000, 
          225
        ], 
        [
          15, 
          30006, 
          1
        ]
      ], 
      "tp": 2, 
      "map_name": "PVE05", 
      "icon": "planet5"
    }
  }
]