[
{
    "fields": {
        "des": "\u6700\u4f4e\u7aef\u7684\u8d5b\u533a",
        "name": "\u4e5d\u773c\u6865\u8d5b\u533a",
        "level": 1
    },
    "model": "match.challengetype",
    "pk": 1
},
{
    "fields": {
        "des": "\u5c4c\u4e1d\u7ea7\u522b\u7684\u8d5b\u533a",
        "name": "\u4e2d\u56fd\u8d5b\u533a",
        "level": 10
    },
    "model": "match.challengetype",
    "pk": 2
},
{
    "fields": {
        "des": "\u770b\u4e0a\u53bb\u9ad8\u7aef\u591a\u4e86",
        "name": "\u6b27\u6d32\u8d5b\u533a",
        "level": 20
    },
    "model": "match.challengetype",
    "pk": 3
},
{
    "fields": {
        "des": "\u8fd9\u662f\u6700\u9876\u7ea7\u7684\u8d5b\u533a\u54af",
        "name": "\u97e9\u56fd\u8d5b\u533a",
        "level": 30
    },
    "model": "match.challengetype",
    "pk": 4
}
]
