[
{
    "model": "config.clientconfig",
    "pk": 101,
    "fields": {
        "value": "\u975e\u6cd5\u7684\u8d26\u53f7\uff0c\u8bf7\u8f93\u5165\u5c11\u4e8e14\u4e2a\u5b57\u6bcd\u6216\u80057\u4e2a\u6c49\u5b57",
        "mean": "Account_Invalid"
    }
},
{
    "model": "config.clientconfig",
    "pk": 102,
    "fields": {
        "value": "\u521b\u5efa\u8d26\u53f7\u7684\u5bc6\u7801\u4e0d\u5339\u914d",
        "mean": "Account_PwdMissmatch"
    }
},
{
    "model": "config.clientconfig",
    "pk": 103,
    "fields": {
        "value": "\u975e\u6cd5\u7684\u540d\u5b57\uff0c\u8bf7\u8f93\u5165\u5c11\u4e8e14\u4e2a\u5b57\u6bcd\u6216\u80057\u4e2a\u6c49\u5b57\u4e14\u4e0d\u8981\u6dfb\u52a0\u7279\u6b8a\u7b26\u53f7",
        "mean": "Account_NameInvalid"
    }
},
{
    "model": "config.clientconfig",
    "pk": 104,
    "fields": {
        "value": "\u8f93\u5165\u7684\u804a\u5929\u5185\u5bb9\u975e\u6cd5",
        "mean": "\u804a\u5929\u975e\u6cd5"
    }
},
{
    "model": "config.clientconfig",
    "pk": 201,
    "fields": {
        "value": "\u65b0",
        "mean": "Login_ServerStatus_New"
    }
},
{
    "model": "config.clientconfig",
    "pk": 202,
    "fields": {
        "value": "\u706b",
        "mean": "Login_ServerStatus_Hot"
    }
},
{
    "model": "config.clientconfig",
    "pk": 203,
    "fields": {
        "value": "\u672a\u9009\u62e9\u670d\u52a1\u5668",
        "mean": "Login_ServerNotSelect"
    }
},
{
    "model": "config.clientconfig",
    "pk": 301,
    "fields": {
        "value": "\u6211\u65b9${0}\u51fb\u8d25\u654c\u65b9${1}",
        "mean": "Combat_LogWin"
    }
},
{
    "model": "config.clientconfig",
    "pk": 302,
    "fields": {
        "value": "\u6211\u65b9${0}\u88ab\u654c\u65b9${1}\u51fb\u8d25",
        "mean": "Combat_LogDefeat"
    }
},
{
    "model": "config.clientconfig",
    "pk": 303,
    "fields": {
        "value": "\u8fbe\u5230${0}\u9897\u661f\u53ef\u9886",
        "mean": "Combat_StarAwardDes"
    }
},
{
    "model": "config.clientconfig",
    "pk": 401,
    "fields": {
        "value": "[\u65b0]",
        "mean": "Task_Accpetable"
    }
},
{
    "model": "config.clientconfig",
    "pk": 402,
    "fields": {
        "value": "\u4efb\u52a1\u5b8c\u6210",
        "mean": "Task_Complete"
    }
},
{
    "model": "config.clientconfig",
    "pk": 501,
    "fields": {
        "value": "\u786e\u8ba4\u5220\u9664\u90ae\u4ef6\u5417\uff1f",
        "mean": "Email_Delete_Tip"
    }
},
{
    "model": "config.clientconfig",
    "pk": 502,
    "fields": {
        "value": "\u90ae\u4ef6\u53d1\u9001\u6210\u529f",
        "mean": "Email_Send_Tip"
    }
},
{
    "model": "config.clientconfig",
    "pk": 601,
    "fields": {
        "value": "\u786e\u8ba4\u5220\u9664\u597d\u53cb${0}\uff1f",
        "mean": "Friend_Delete_Friend"
    }
},
{
    "model": "config.clientconfig",
    "pk": 602,
    "fields": {
        "value": "\u8981\u62d2\u7edd${0}\u7684\u597d\u53cb\u7533\u8bf7\u5417\uff1f",
        "mean": "Friend_Refuse_Friend"
    }
},
{
    "model": "config.clientconfig",
    "pk": 603,
    "fields": {
        "value": "\u53d6\u6d88\u6dfb\u52a0${0}\u4e3a\u597d\u53cb\u7684\u7533\u8bf7",
        "mean": "Friend_Cancel_Apply"
    }
},
{
    "model": "config.clientconfig",
    "pk": 701,
    "fields": {
        "value": "\u662f\u5426\u786e\u5b9a\u4f7f\u7528\u5408\u7ea6\uff1f",
        "mean": "HeroDraw_Refresh"
    }
},
{
    "model": "config.clientconfig",
    "pk": 702,
    "fields": {
        "value": "\u518d\u4e70${0}\u6b21\u5fc5\u83b7\u5f97A\u7ea7\u9009\u624b",
        "mean": "HeroDraw_GetHero"
    }
},
{
    "model": "config.clientconfig",
    "pk": 801,
    "fields": {
        "value": "\u89e3\u96c7\u540e\u961f\u5458\u7684\u57f9\u517b\u5c06\u4f1a\u5168\u90e8\u4e22\u5931\uff0c\u662f\u5426\u786e\u8ba4\u89e3\u96c7${0}",
        "mean": "HeroPackage_Dismiss"
    }
},
{
    "model": "config.clientconfig",
    "pk": 901,
    "fields": {
        "value": "\u786e\u5b9a\u4f7f\u7528${0}\uff1f",
        "mean": "HeroTrain_UseBook"
    }
},
{
    "model": "config.clientconfig",
    "pk": 902,
    "fields": {
        "value": "\u8bad\u7ec3\u69fd\u672a\u89e3\u9501",
        "mean": "HeroTrain_SlotNotOpen"
    }
},
{
    "model": "config.clientconfig",
    "pk": 903,
    "fields": {
        "value": "\u8bad\u7ec3\u4e2d...",
        "mean": "HeroTrain_Doing"
    }
},
{
    "model": "config.clientconfig",
    "pk": 904,
    "fields": {
        "value": "\u7b49\u5f85\u4e2d...",
        "mean": "HeroTrain_Waiting"
    }
},
{
    "model": "config.clientconfig",
    "pk": 905,
    "fields": {
        "value": "\u8bad\u7ec3\u5b8c\u6210",
        "mean": "HeroTrain_Finish"
    }
},
{
    "model": "config.clientconfig",
    "pk": 906,
    "fields": {
        "value": "\u8d2d\u4e70\u961f\u5458\u683c\u5b50\u9700\u8981\u82b1\u8d3950\u94bb\u77f3\uff0c\u662f\u5426\u786e\u5b9a\u8d2d\u4e70\uff1f",
        "mean": "HeroPackage_CapExpand"
    }
},
{
    "model": "config.clientconfig",
    "pk": 907,
    "fields": {
        "value": "\u5f3a\u5316\u5c5e\u6027\u5347\u7ea7\u52a0\u901f\u82b1\u8d39\u94bb\u77f3${0}\uff0c\u786e\u5b9a\u5417\uff1f",
        "mean": "HeroTrain_Attr_SpeedUp"
    }
},
{
    "model": "config.clientconfig",
    "pk": 908,
    "fields": {
        "value": "\u786e\u5b9a\u53d6\u6d88\u5c5e\u6027\u5f3a\u5316\u5417\uff1f",
        "mean": "HeroTrain_Attr_Cancel"
    }
},
{
    "model": "config.clientconfig",
    "pk": 909,
    "fields": {
        "value": "\u7ecf\u9a8c\u57f9\u8bad\u5347\u7ea7\u52a0\u901f\u82b1\u8d39\u94bb\u77f3${0}\uff0c\u786e\u5b9a\u5417\uff1f",
        "mean": "HeroTrain_Exp_SpeedUp"
    }
},
{
    "model": "config.clientconfig",
    "pk": 910,
    "fields": {
        "value": "\u786e\u5b9a\u53d6\u6d88\u7ecf\u9a8c\u57f9\u8bad\u5417\uff1f",
        "mean": "HeroTrain_Exp_Cancel"
    }
},
{
    "model": "config.clientconfig",
    "pk": 911,
    "fields": {
        "value": "\u8981\u6c42${0}\u7ea7\u57f9\u8bad\u90e8",
        "mean": "HeroTrain_UnLockDes"
    }
},
{
    "model": "config.clientconfig",
    "pk": 912,
    "fields": {
        "value": "(\u7b49\u9636${0}\u6fc0\u6d3b)",
        "mean": "HeroTalent_ActiveStep"
    }
},
{
    "model": "config.clientconfig",
    "pk": 913,
    "fields": {
        "value": "\u6240\u6709\u57fa\u7840\u88c5\u5907\u5f3a\u5316\u7b49\u7ea7${0}\u5956\u52b1",
        "mean": "Equip_LvlAwardDes"
    }
},
{
    "model": "config.clientconfig",
    "pk": 914,
    "fields": {
        "value": "\u6240\u6709\u57fa\u7840\u88c5\u5907${0}\u54c1\u8d28\u5956\u52b1",
        "mean": "Equip_QualityAwardDes"
    }
},
{
    "model": "config.clientconfig",
    "pk": 915,
    "fields": {
        "value": "${0}\u7a7f\u6234\u4e2d",
        "mean": "\u88c5\u5907\u88ab\u7a7f\u6234\u63d0\u793a"
    }
},
{
    "model": "config.clientconfig",
    "pk": 916,
    "fields": {
        "value": "\u6240\u6709\u57fa\u7840\u88c5\u5907\u6bcf\u5f3a\u531610\u7ea7\u5956\u52b1",
        "mean": "\u6240\u6709\u57fa\u7840\u88c5\u5907\u6bcf\u5f3a\u531610\u7ea7\u5956\u52b1"
    }
},
{
    "model": "config.clientconfig",
    "pk": 917,
    "fields": {
        "value": "\u6240\u6709\u57fa\u7840\u88c5\u5907\u54c1\u8d28\u7eff\u53ca\u4ee5\u4e0a\u5956\u52b1",
        "mean": "\u6240\u6709\u57fa\u7840\u88c5\u5907\u54c1\u8d28\u7eff\u53ca\u4ee5\u4e0a\u5956\u52b1"
    }
},
{
    "model": "config.clientconfig",
    "pk": 918,
    "fields": {
        "value": "Lv.${0}\u6fc0\u6d3b",
        "mean": "\u88c5\u5907\u9690\u85cf\u5c5e\u6027\u6fc0\u6d3b"
    }
},
{
    "model": "config.clientconfig",
    "pk": 1001,
    "fields": {
        "value": "\u6d17\u7ec3\u9009\u5b9a\u7684<color=\"#ff00ff\">${0}</color>\u5929\u8d4b\uff0c\u82b1\u8d39${1}${2}\uff0c\u786e\u5b9a\u5417\uff1f",
        "mean": "Skill_Wash"
    }
},
{
    "model": "config.clientconfig",
    "pk": 1002,
    "fields": {
        "value": "\u786e\u5b9a\u5347\u7ea7\u6280\u80fd${0}\u5417\uff1f",
        "mean": "Skill_LvlUp"
    }
},
{
    "model": "config.clientconfig",
    "pk": 1003,
    "fields": {
        "value": "\u52a0\u901f\u5347\u7ea7\u6280\u80fd\u9700\u8981\u82b1\u8d39${0}\uff0c\u786e\u5b9a\u5417\uff1f",
        "mean": "Skill_SpeedUp"
    }
},
{
    "model": "config.clientconfig",
    "pk": 1101,
    "fields": {
        "value": "\u5df2\u7ecf\u6ca1\u6709\u5269\u4f59\u7684\u6311\u6218\u6b21\u6570\u4e86",
        "mean": "Rank_Challenge_NoTimes"
    }
},
{
    "model": "config.clientconfig",
    "pk": 1102,
    "fields": {
        "value": "\u786e\u8ba4\u5237\u65b0\u5929\u68af\u5546\u5e97\u5417\uff1f",
        "mean": "Rank_Shop_Refresh"
    }
},
{
    "model": "config.clientconfig",
    "pk": 1103,
    "fields": {
        "value": "\u786e\u8ba4\u4e70\u5165${0}\u5417\uff1f",
        "mean": "Rank_Shop_Buy"
    }
},
{
    "model": "config.clientconfig",
    "pk": 1201,
    "fields": {
        "value": "\u76f4\u64ad\u52a0\u901f\u9700\u8981\u6d88\u8017${0}\u94bb\u77f3\uff0c\u662f\u5426\u786e\u5b9a\u52a0\u901f\uff1f",
        "mean": "Business_Broadcast_SpeedUp"
    }
},
{
    "model": "config.clientconfig",
    "pk": 1202,
    "fields": {
        "value": "\u786e\u5b9a\u53d6\u6d88\u76f4\u64ad\u5417\uff1f",
        "mean": "Business_Broadcast_Cancel"
    }
},
{
    "model": "config.clientconfig",
    "pk": 1301,
    "fields": {
        "value": "\u52a0\u901f\u5347\u7ea7\u5efa\u7b51\u82b1\u8d39${0}\u8f6f\u59b9\u5e01\uff0c\u786e\u5b9a\u5417\uff1f",
        "mean": "Building_LvlUp_SpeedUp"
    }
},
{
    "model": "config.clientconfig",
    "pk": 1401,
    "fields": {
        "value": "\u8bf7\u9009\u62e9\u91cd\u7f6e\u6311\u6218\u5854",
        "mean": "BloodFight_Reborn"
    }
},
{
    "model": "config.clientconfig",
    "pk": 1402,
    "fields": {
        "value": "",
        "mean": "BloodFight_Shop_Buy"
    }
},
{
    "model": "config.clientconfig",
    "pk": 1501,
    "fields": {
        "value": "\"\u82b1\u8d39${0}\u4fa6\u67e5\uff1f\uff1f\"",
        "mean": "LeagueInspectCost"
    }
},
{
    "model": "config.clientconfig",
    "pk": 1502,
    "fields": {
        "value": "<color=\"#00ff00\">\u6311\u6218\u6210\u529f</color>",
        "mean": "LeagueCombatVictor"
    }
},
{
    "model": "config.clientconfig",
    "pk": 1503,
    "fields": {
        "value": "<color=\"#ff0000\">\u6311\u6218\u5931\u8d25</color>",
        "mean": "LeagueCombatFail"
    }
},
{
    "model": "config.clientconfig",
    "pk": 1601,
    "fields": {
        "value": "\u4f60\u5c06\u51fa\u552e${0}\u4e2a\u788e\u7247\uff0c\u5171\u83b7\u5f97${1}${2}",
        "mean": "Package_SellFragment"
    }
},
{
    "model": "config.clientconfig",
    "pk": 1701,
    "fields": {
        "value": "\u9700\u8981\u5929\u8d4b${0}LV${1}",
        "mean": "Talent_ActiveCondition"
    }
},
{
    "model": "config.clientconfig",
    "pk": 1702,
    "fields": {
        "value": "\u662f\u5426\u82b1\u8d39<color=\"#00ff00\">100</color>\u94bb\u77f3\u91cd\u7f6e\u6240\u6709\u5929\u8d4b",
        "mean": "\u5929\u8d4b"
    }
},
{
    "model": "config.clientconfig",
    "pk": 1801,
    "fields": {
        "value": "\u5730\u9762\u5355\u4f4d",
        "mean": "\u5730\u9762\u5355\u4f4d"
    }
},
{
    "model": "config.clientconfig",
    "pk": 1802,
    "fields": {
        "value": "\u7a7a\u4e2d\u5355\u4f4d",
        "mean": "\u7a7a\u4e2d\u5355\u4f4d"
    }
},
{
    "model": "config.clientconfig",
    "pk": 1803,
    "fields": {
        "value": "\u8981\u6c42\u4ff1\u4e50\u90e8\u7b49\u7ea7${0}",
        "mean": "\u5175\u79cd\u89e3\u9501\u9700\u8981\u4ff1\u4e50\u90e8\u7b49\u7ea7"
    }
},
{
    "model": "config.clientconfig",
    "pk": 1804,
    "fields": {
        "value": "\u9700\u8981<color=\"#ff0000\">${0}</color>\u7b49\u7ea7${1}",
        "mean": "\u5175\u79cd\u89e3\u9501\u9700\u8981\u524d\u7f6e\u5175\u79cd\u7b49\u7ea7"
    }
},
{
    "model": "config.clientconfig",
    "pk": 1805,
    "fields": {
        "value": "\u4eba",
        "mean": "Human"
    }
},
{
    "model": "config.clientconfig",
    "pk": 1806,
    "fields": {
        "value": "\u795e",
        "mean": "God"
    }
},
{
    "model": "config.clientconfig",
    "pk": 1807,
    "fields": {
        "value": "\u866b",
        "mean": "Bug"
    }
},
{
    "model": "config.clientconfig",
    "pk": 1901,
    "fields": {
        "value": "\u9700\u8981\u5927\u5385\u7b49\u7ea7${0}\uff0cVIP${1}\u76f4\u63a5\u5f00\u542f",
        "mean": "\u9886\u5730\u69fd\u4f4d\u5f00\u542f\u6761\u4ef6\u63cf\u8ff0"
    }
},
{
    "model": "config.clientconfig",
    "pk": 1902,
    "fields": {
        "value": "\u597d\u53cb\u7684\u76f4\u64ad\u5927\u5385\u6b63\u5728\u88ab\u4e00\u7fa4\u7c89\u4e1d\u56f4\u653b\uff0c\u4f60\u8981\u4ed7\u4e49\u76f8\u52a9\u5417\uff1f",
        "mean": "\u9886\u5730\u5e2e\u52a9\u597d\u53cb\u63d0\u793a"
    }
},
{
    "model": "config.clientconfig",
    "pk": 1903,
    "fields": {
        "value": "\u5efa\u7b51\u7ecf\u9a8c*${0}\uff0c${1}*${2}(\u9009\u624b\u54c1\u8d28\u5f71\u54cd\u4ea7\u51fa\uff09",
        "mean": "\u9886\u5730\u5efa\u7b51\u57fa\u672c\u4ea7\u51fa"
    }
},
{
    "model": "config.clientconfig",
    "pk": 1904,
    "fields": {
        "value": "\u662f\u5426\u82b1\u8d39${0}\u94bb\u77f3\u83b7\u53d6\u5efa\u7b51\u7ecf\u9a8c${1}\r\n\uff08\u8fd8\u53ef\u989d\u5916\u83b7\u5f97\u5de5\u4f5c\u8bc1\uff09",
        "mean": "\u9f13\u821e\u63d0\u793a"
    }
},
{
    "model": "config.clientconfig",
    "pk": 2001,
    "fields": {
        "value": "\u9700\u8981${0}Lv.${1}",
        "mean": "\u5546\u5e97\u7269\u54c1\u9700\u8981\u5efa\u7b51\u7b49\u7ea7\u89e3\u9501"
    }
},
{
    "model": "config.clientconfig",
    "pk": 2002,
    "fields": {
        "value": "\u9700\u8981VIP${0}\u89e3\u9501",
        "mean": "\u5546\u5e97\u7269\u54c1\u9700\u8981VIP\u7b49\u7ea7\u89e3\u9501"
    }
},
{
    "model": "config.clientconfig",
    "pk": 2003,
    "fields": {
        "value": "\u6311\u6218\u5854\u5386\u53f2\u6700\u5927\u661f\u6570\u8fbe\u5230<color=\"#ff0000\">${0}</color>\u89e3\u9501",
        "mean": "\u5546\u5e97\u7269\u54c1\u9700\u8981\u722c\u5854\u5386\u53f2\u6700\u5927\u661f\u6570\u89e3\u9501"
    }
},
{
    "model": "config.clientconfig",
    "pk": 2004,
    "fields": {
        "value": "\u7ade\u6280\u573a\u5f53\u524d\u6392\u540d\u8fbe\u5230<color=\"#ff0000\">${0}</color>\u89e3\u9501",
        "mean": "\u5546\u5e97\u7269\u54c1\u9700\u8981\u7ade\u6280\u573a\u6392\u540d\u89e3\u9501"
    }
},
{
    "model": "config.clientconfig",
    "pk": 2005,
    "fields": {
        "value": "\u9700\u8981\u4ff1\u4e50\u90e8Lv.${0}",
        "mean": "\u9700\u8981\u4ff1\u4e50\u90e8\u7b49\u7ea7\u89e3\u9501"
    }
},
{
    "model": "config.clientconfig",
    "pk": 2006,
    "fields": {
        "value": "\u9700\u8981\u516c\u4f1a\u7b49\u7ea7<color=\"#ff0000\">${0}</color>\u89e3\u9501",
        "mean": "\u5546\u5e97\u7269\u54c1\u89e3\u9501\u6761\u4ef6"
    }
},
{
    "model": "config.clientconfig",
    "pk": 2007,
    "fields": {
        "value": "\u901a\u5173${0}",
        "mean": "\u9700\u8981\u901a\u5173\u526f\u672c\u89e3\u9501"
    }
},
{
    "model": "config.clientconfig",
    "pk": 2101,
    "fields": {
        "value": "\u518d\u5145\u503c <color=\"#ffffff\">${0}\u94bb\u77f3</color> \u5373\u53ef\u6210\u4e3a <color=\"#ffff00\">VIP${1}</color>",
        "mean": "VIP\u5145\u503c\u8fdb\u5ea6\u63d0\u793a"
    }
},
{
    "model": "config.clientconfig",
    "pk": 2102,
    "fields": {
        "value": "\u5df2\u7ecf\u5230\u8fbe\u6700\u9ad8\u7b49\u7ea7VIP${0}",
        "mean": "VIP\u7b49\u7ea7\u5df2\u7ecf\u5230\u8fbe\u6700\u9ad8\u7ea7"
    }
},
{
    "model": "config.clientconfig",
    "pk": 2103,
    "fields": {
        "value": "\u5f53\u524dVIP\u7b49\u7ea7\u53ef\u91cd\u7f6e\u6b21\u6570\uff1a${0}\n\u8d2d\u4e70\u6d88\u8017\uff1a${1}\u94bb\u77f3",
        "mean": "\u65e5\u7a0b\u526f\u672c\u8d2d\u4e70\u6b21\u6570\u63d0\u793a"
    }
},
{
    "model": "config.clientconfig",
    "pk": 2104,
    "fields": {
        "value": "\u5f53\u524dVIP\u7b49\u7ea7\u53ef\u91cd\u7f6e\u6b21\u6570\uff1a${0}\n\u8d2d\u4e70\u6d88\u8017\uff1a${1}\u94bb\u77f3",
        "mean": "PVE\u526f\u672c\u8d2d\u4e70\u6b21\u6570\u63d0\u793a"
    }
},
{
    "model": "config.clientconfig",
    "pk": 2105,
    "fields": {
        "value": "\u5f53\u524dVIP\u7b49\u7ea7\u53ef\u91cd\u7f6e\u6b21\u6570\uff1a${0}\n\u8d2d\u4e70\u6d88\u8017\uff1a${1}\u94bb\u77f3",
        "mean": "\u722c\u5854\u6d88\u8017\u91cd\u7f6e\u63d0\u793a"
    }
},
{
    "model": "config.clientconfig",
    "pk": 2106,
    "fields": {
        "value": "\u5f53\u524dVIP\u7b49\u7ea7\u53ef\u91cd\u7f6e\u6b21\u6570\uff1a${0}\n\u8d2d\u4e70\u6d88\u8017\uff1a${1}\u94bb\u77f3",
        "mean": "\u7ade\u6280\u573a\u6b21\u6570\u8d2d\u4e70\u63d0\u793a"
    }
},
{
    "model": "config.clientconfig",
    "pk": 2107,
    "fields": {
        "value": "\u5f53\u524dVIP\u7b49\u7ea7\u53ef\u8d2d\u4e70\u6b21\u6570\uff1a${0}\n\u8d2d\u4e7060\u70b9\u4f53\u529b\uff1a${1}\u94bb\u77f3",
        "mean": "\u4f53\u529b\u8d2d\u4e70\u63d0\u793a"
    }
},
{
    "model": "config.clientconfig",
    "pk": 2108,
    "fields": {
        "value": "VIP${0}\u7279\u6743",
        "mean": "Vip\u7279\u6743"
    }
},
{
    "model": "config.clientconfig",
    "pk": 2109,
    "fields": {
        "value": "VIP${0}\u793c\u5305",
        "mean": "Vip\u793c\u5305"
    }
},
{
    "model": "config.clientconfig",
    "pk": 2110,
    "fields": {
        "value": "\u5f53\u524dVIP\u7b49\u7ea7\u53ef\u91cd\u7f6e\u6b21\u6570\uff1a${0}\n\u8d2d\u4e70\u6d88\u8017\uff1a${1}\u94bb\u77f3",
        "mean": "\u63a0\u593a\u6b21\u6570\u8d2d\u4e70"
    }
},
{
    "model": "config.clientconfig",
    "pk": 2111,
    "fields": {
        "value": "\u5f53\u524dVIP\u7b49\u7ea7\u53ef\u91cd\u7f6e\u6b21\u6570\uff1a${0}\n\u8d2d\u4e70\u6d88\u8017\uff1a${1}\u94bb\u77f3",
        "mean": "\u516c\u4f1a\u9a9a\u6270\u6b21\u6570\u8d2d\u4e70"
    }
},
{
    "model": "config.clientconfig",
    "pk": 2201,
    "fields": {
        "value": "\u9501\u5b9a",
        "mean": "\u4e0a\u9635\u9501\u5b9a\u63cf\u8ff0"
    }
},
{
    "model": "config.clientconfig",
    "pk": 2202,
    "fields": {
        "value": "\u6dfb\u52a0\u82f1\u96c4",
        "mean": "\u4e0a\u9635\u82f1\u96c4\u4e3a\u7a7a\u63cf\u8ff0"
    }
},
{
    "model": "config.clientconfig",
    "pk": 2203,
    "fields": {
        "value": "\u6dfb\u52a0\u5175\u79cd",
        "mean": "\u4e0a\u9635\u5175\u79cd\u4e3a\u7a7a\u63cf\u8ff0"
    }
},
{
    "model": "config.clientconfig",
    "pk": 2204,
    "fields": {
        "value": "\u4e0a\u96353",
        "mean": "\u4e0a\u9635\u9501\u5b9a\u56fe\u7247"
    }
},
{
    "model": "config.clientconfig",
    "pk": 2205,
    "fields": {
        "value": "\u4e0a\u96352",
        "mean": "\u4e0a\u9635\u82f1\u96c4\u4e3a\u7a7a\u56fe\u7247"
    }
},
{
    "model": "config.clientconfig",
    "pk": 2301,
    "fields": {
        "value": "\u521b\u5efa\u516c\u4f1a\u540d\u5b57\u975e\u6cd5",
        "mean": "\u521b\u5efa\u516c\u4f1a\u540d\u5b57\u975e\u6cd5"
    }
},
{
    "model": "config.clientconfig",
    "pk": 2302,
    "fields": {
        "value": "\u4f60\u786e\u5b9a\u8981\u9000\u51fa\u516c\u4f1a\r\n\uff08\u4e2a\u4eba\u8d21\u732e\u5c06\u6e05\u7a7a\uff09",
        "mean": "\u9000\u51fa\u516c\u4f1a\u63d0\u793a"
    }
},
{
    "model": "config.clientconfig",
    "pk": 2303,
    "fields": {
        "value": "\u4f60\u786e\u5b9a\u8981\u5c06\u4f1a\u957f\u804c\u52a1\u8f6c\u8ba9\u7ed9\u8be5\u73a9\u5bb6\uff1f",
        "mean": "\u4f1a\u957f\u8f6c\u8ba9"
    }
},
{
    "model": "config.clientconfig",
    "pk": 2304,
    "fields": {
        "value": "\u4f60\u786e\u5b9a\u8981\u5c06\u8be5\u73a9\u5bb6\u8e22\u51fa\u516c\u4f1a\uff1f\r\n\uff08\u8e22\u51fa\u516c\u4f1a\u7684\u73a9\u5bb6\u4e2a\u4eba\u8d21\u732e\u5ea6\u5c06\u6e05\u7a7a\uff09",
        "mean": "\u516c\u4f1a\u8e22\u4eba"
    }
},
{
    "model": "config.clientconfig",
    "pk": 2305,
    "fields": {
        "value": "\u516c\u4f1a\u521b\u5efa\u6210\u529f\r\n\u5feb\u901a\u8fc7\u6211\u7684\u516c\u4f1a\u8fdb\u5165\u5427\uff01",
        "mean": "\u521b\u5efa\u516c\u4f1a"
    }
},
{
    "model": "config.clientconfig",
    "pk": 2306,
    "fields": {
        "value": "\u8bf7\u5148\u521b\u5efa\u6216\u52a0\u5165\u516c\u4f1a",
        "mean": "\u516c\u4f1a\u9650\u5236"
    }
},
{
    "model": "config.clientconfig",
    "pk": 2307,
    "fields": {
        "value": "${0}\u7684${1}",
        "mean": "\u516c\u4f1a\u805a\u4f1a\u540d\u5b57"
    }
},
{
    "model": "config.clientconfig",
    "pk": 2308,
    "fields": {
        "value": "\u672c\u6b21\u63a2\u7d22\u83b7\u5f97\u63a2\u7d22\u5ea6${0}\uff1a${1}",
        "mean": "\u516c\u4f1a\u63a2\u7d22\u6389\u843d\u63cf\u8ff0"
    }
},
{
    "model": "config.clientconfig",
    "pk": 2309,
    "fields": {
        "value": "\u672c\u6b21\u9a9a\u6270\u51cf\u5c11\u654c\u65b9\u516c\u4f1a\u63a2\u7d22\u5ea6${0}\uff1a${1}",
        "mean": "\u516c\u4f1a\u9a9a\u6270\u6389\u843d\u63cf\u8ff0"
    }
},
{
    "model": "config.clientconfig",
    "pk": 2401,
    "fields": {
        "value": "\u5f53\u524dVIP\u7b49\u7ea7\u53ef\u91cd\u7f6e\u6b21\u6570\uff1a${0}\r\n\u8d2d\u4e70\u6d88\u8017\uff1a${1}\u94bb\u77f3",
        "mean": "\u7ade\u6280\u573a\u641c\u7d22\u6b21\u6570"
    }
},
{
    "model": "config.clientconfig",
    "pk": 2402,
    "fields": {
        "value": "${0}\u5929${1}\u5c0f\u65f6${2}\u5206",
        "mean": "\u7ade\u6280\u573a\u8d5b\u5b63\u5012\u8ba1\u65f6"
    }
},
{
    "model": "config.clientconfig",
    "pk": 2501,
    "fields": {
        "value": "\u9700\u8981\u4e0a\u9635\u5175\u79cd\u6570\u91cf:${0}",
        "mean": "\u9635\u578b\u4f7f\u7528\u6761\u4ef6"
    }
},
{
    "model": "config.clientconfig",
    "pk": 2502,
    "fields": {
        "value": "\u4f7f\u7528\u6761\u4ef6:\u9700\u8981\u4e0a\u9635${0}\u65cf\u5175\u79cd\u6570\u91cf:${1}",
        "mean": "\u9635\u578b\u4f7f\u7528\u6761\u4ef6"
    }
},
{
    "model": "config.clientconfig",
    "pk": 2601,
    "fields": {
        "value": "\u5145\u503c\u8fdb\u884c\u4e2d",
        "mean": "\u5145\u503c\u8fdb\u884c\u4e2d"
    }
},
{
    "model": "config.clientconfig",
    "pk": 2602,
    "fields": {
        "value": "\u5145\u503c\u6210\u529f",
        "mean": "\u5145\u503c\u6210\u529f"
    }
},
{
    "model": "config.clientconfig",
    "pk": 2603,
    "fields": {
        "value": "\u5145\u503c\u5931\u8d25",
        "mean": "\u5145\u503c\u5931\u8d25"
    }
},
{
    "model": "config.clientconfig",
    "pk": 2604,
    "fields": {
        "value": "\u5145\u503c\u8ba2\u5355",
        "mean": "\u5145\u503c\u8ba2\u5355"
    }
},
{
    "model": "config.clientconfig",
    "pk": 2605,
    "fields": {
        "value": "\u5269\u4f59${0}\u5929",
        "mean": "\u5145\u503c\u6708\u5361\u5269\u4f59\u5929\u6570"
    }
},
{
    "model": "config.clientconfig",
    "pk": 2606,
    "fields": {
        "value": "\u6b63\u5728\u4ece\u82f9\u679c\u670d\u52a1\u5668\u83b7\u53d6\u5145\u503c\u5217\u8868",
        "mean": "\u52a0\u8f7d\u5145\u503c\u5217\u8868"
    }
},
{
    "model": "config.clientconfig",
    "pk": 2607,
    "fields": {
        "value": "\u83b7\u53d6\u5145\u503c\u5217\u8868\u5931\u8d25\uff0c\u8bf7\u68c0\u67e5\u7f51\u7edc\u540e\u91cd\u8bd5",
        "mean": "\u52a0\u8f7d\u5145\u503c\u5217\u8868\u5217\u8868"
    }
},
{
    "model": "config.clientconfig",
    "pk": 2701,
    "fields": {
        "value": "\u7b49\u7ea7",
        "mean": "\u7b49\u7ea7\u6392\u884c\u699c"
    }
},
{
    "model": "config.clientconfig",
    "pk": 2702,
    "fields": {
        "value": "\u6211\u7684\u7b49\u7ea7",
        "mean": "\u7b49\u7ea7\u6392\u884c\u699c"
    }
},
{
    "model": "config.clientconfig",
    "pk": 2703,
    "fields": {
        "value": "\u6218\u529b",
        "mean": "\u6218\u529b\u6392\u884c\u699c"
    }
},
{
    "model": "config.clientconfig",
    "pk": 2704,
    "fields": {
        "value": "\u6211\u7684\u6218\u529b",
        "mean": "\u6218\u529b\u6392\u884c\u699c"
    }
},
{
    "model": "config.clientconfig",
    "pk": 2705,
    "fields": {
        "value": "\u7ade\u6280\u70b9",
        "mean": "\u7ade\u6280\u573a\u6392\u884c\u699c"
    }
},
{
    "model": "config.clientconfig",
    "pk": 2706,
    "fields": {
        "value": "\u6211\u7684\u7ade\u6280\u70b9",
        "mean": "\u7ade\u6280\u573a\u6392\u884c\u699c"
    }
},
{
    "model": "config.clientconfig",
    "pk": 2707,
    "fields": {
        "value": "\u661f\u661f\u6570",
        "mean": "\u722c\u5854\u6392\u884c\u699c"
    }
},
{
    "model": "config.clientconfig",
    "pk": 2708,
    "fields": {
        "value": "\u6211\u7684\u661f\u661f\u6570",
        "mean": "\u722c\u5854\u6392\u884c\u699c"
    }
},
{
    "model": "config.clientconfig",
    "pk": 2801,
    "fields": {
        "value": "\u666e\u901a\u6253\u9020\uff1a${0}\uff08\u9700${1}\u5206\u949f\uff09",
        "mean": "\u63a0\u593a\u666e\u901a\u6253\u9020\u63cf\u8ff0"
    }
},
{
    "model": "config.clientconfig",
    "pk": 2802,
    "fields": {
        "value": "\u9ad8\u7ea7\u6253\u9020\uff1a${0}\uff08\u9700${1}\u5206\u949f\uff09\n\uff08\u9ad8\u7ea7\u6253\u9020\u66f4\u5bb9\u6613\u51fa\u6210\u957f\u7387\u9ad8\u7684\u88c5\u5907\uff09",
        "mean": "\u63a0\u593a\u9ad8\u7ea7\u6253\u9020\u63cf\u8ff0"
    }
},
{
    "model": "config.clientconfig",
    "pk": 2803,
    "fields": {
        "value": "\u672a\u5f00\u59cb",
        "mean": "\u63a0\u593a\u672a\u5f00\u59cb"
    }
},
{
    "model": "config.clientconfig",
    "pk": 2804,
    "fields": {
        "value": "\u80dc\u5229",
        "mean": "\u63a0\u593a\u80dc\u5229"
    }
},
{
    "model": "config.clientconfig",
    "pk": 2805,
    "fields": {
        "value": "\u5931\u8d25",
        "mean": "\u63a0\u593a\u5931\u8d25"
    }
},
{
    "model": "config.clientconfig",
    "pk": 2807,
    "fields": {
        "value": "\u4e0a\u8def",
        "mean": "\u63a0\u593a\u4e0a\u8def"
    }
},
{
    "model": "config.clientconfig",
    "pk": 2808,
    "fields": {
        "value": "\u4e2d\u8def",
        "mean": "\u63a0\u593a\u4e2d\u8def"
    }
},
{
    "model": "config.clientconfig",
    "pk": 2809,
    "fields": {
        "value": "\u4e0b\u8def",
        "mean": "\u63a0\u593a\u4e0b\u8def"
    }
},
{
    "model": "config.clientconfig",
    "pk": 2810,
    "fields": {
        "value": "${0}\u63a0\u593a\u4e86\u4f60",
        "mean": "\u63a0\u593a\u65e5\u5fd7"
    }
},
{
    "model": "config.clientconfig",
    "pk": 2811,
    "fields": {
        "value": "\u4f4e\u6536\u76ca",
        "mean": "\u63a0\u593a\u5bf9\u8c61\u4e3aNPC"
    }
},
{
    "model": "config.clientconfig",
    "pk": 2812,
    "fields": {
        "value": "\u9ad8\u6536\u76ca",
        "mean": "\u63a0\u593a\u5bf9\u8c61\u4e3aPlaye"
    }
},
{
    "model": "config.clientconfig",
    "pk": 2813,
    "fields": {
        "value": "\u52a9\u5a01",
        "mean": "\u52a9\u5a01\u9635\u578b"
    }
},
{
    "model": "config.clientconfig",
    "pk": 2901,
    "fields": {
        "value": "\u63a0\u593a\u73a9\u6cd5\u4ecb\u7ecd\r\n1.\u73a9\u5bb6\u70b9\u51fb\u5e03\u9635\u53ef\u8bbe\u7f6e\u4e0a\u4e2d\u4e0b\u9635\u5bb9,\u6bcf\u8def\u9635\u5bb9\u53ef\u914d\u7f6e3\u540d\u9009\u624b\r\n2.\u73a9\u5bb6\u4f9d\u6b21\u5bf9\u63a0\u593a\u5bf9\u8c61\u8fdb\u884c\u4e0a\u4e2d\u4e0b\u8def\u6218\u6597\uff0c\u6839\u636e\u6218\u6597\u7ed3\u679c\u51b3\u5b9a\u63a0\u593a\u7684\u8d44\u6e90\u91cf\r\n3.\u70b9\u51fb\u8fdb\u653b\u540e\u5c06\u4e0d\u80fd\u66f4\u6539\u9635\u5bb9\uff0c\u4e0d\u80fd\u518d\u8fdb\u884c\u4fa6\u67e5\u4e14\u4e0d\u80fd\u66f4\u6362\u63a0\u593a\u5bf9\u8c61\r\n4.\u6218\u6597\u5168\u90e8\u5b8c\u6210\u540e\u53ef\u9886\u53d6\u5956\u52b1\r\n5.\u53ea\u6709\u9ad8\u6536\u76ca\u63a0\u593a\u5bf9\u8c61\u4f1a\u6839\u636e\u80dc\u573a\u5173\u7cfb\u83b7\u5f97\u63a0\u593a\u793c\u5305",
        "mean": "\u63a0\u593a\u73a9\u6cd5\u4ecb\u7ecd"
    }
},
{
    "model": "config.clientconfig",
    "pk": 2902,
    "fields": {
        "value": "\u88c5\u5907\u6253\u9020\u73a9\u6cd5\u4ecb\u7ecd\r\n1.\u6253\u9020\u795e\u5668\u7684\u5236\u9020\u4e66\u53ef\u5728\u57fa\u5730\u5546\u5e97\u5185\u8d2d\u4e70\r\n2.\u6253\u9020\u7684\u795e\u5668\u88c5\u5907\u5206\u4e3a1-5\u661f\uff0c\u661f\u7ea7\u8d8a\u9ad8\uff0c\u57fa\u7840\u503c\u8d8a\u9ad8\uff0c\u968f\u673a\u5c5e\u6027\u503c\u8d8a\u9ad8\uff0c\u795e\u6280\u7b49\u7ea7\u8d8a\u9ad8\r\n3.\u795e\u5668\u7684\u6210\u957f\u7387\u51b3\u5b9a\u795e\u5668\u7684\u968f\u673a\u5c5e\u6027\u6761\u76ee\uff0c\u661f\u7ea7\u548c\u6210\u957f\u7387\u5171\u540c\u51b3\u5b9a\u795e\u5668\u7684\u5f3a\u5316\u6210\u957f\r\n4.\u6210\u957f\u738790\u4ee5\u4e0a\u7684\u795e\u5668\u624d\u53ef\u80fd\u51fa\u73b0\u795e\u6280\r\n5.\u795e\u6280\u4ecb\u7ecd\uff1a\u795e\u6280\u4e5f\u6839\u636e\u88c5\u5907\u661f\u7ea7\u5206\u4e3a3\u4e2a\u7b49\u7ea7\r\n .\u500d\u51fb\uff1a\u4e00\u5b9a\u51e0\u7387\u9020\u6210\u591a\u500d\u4f24\u5bb3\r\n .\u5438\u8840\uff1a\u4e00\u5b9a\u51e0\u7387\u4f24\u5bb3\u8f6c\u5316\u4e3a\u751f\u547d\r\n .\u514d\u4f24\uff1a\u4e00\u5b9a\u51e0\u7387\u51cf\u5c11\u53d7\u5230\u7684\u4f24\u5bb3\r\n .\u4e0d\u5c48\uff1a\u4e00\u5b9a\u51e0\u7387\u53d7\u5230\u4f24\u5bb3\u56de\u590d\u751f\u547d\r\n .\u53cd\u5f39\uff1a\u4e00\u5b9a\u51e0\u7387\u53cd\u5f39\u53d7\u5230\u7684\u4f24\u5bb3\r\n.(\u6700\u5f3a\u795e\u5668\uff1a\u54c1\u8d285\u661f\uff0c\u6210\u957f\u7387100\uff0c\u795e\u6280\u7b49\u7ea73\u7ea7\uff09",
        "mean": "\u88c5\u5907\u6253\u9020\u73a9\u6cd5\u4ecb\u7ecd"
    }
},
{
    "model": "config.clientconfig",
    "pk": 2903,
    "fields": {
        "value": "\u9635\u578b\u73a9\u6cd5\u4ecb\u7ecd\r\n.\u4fa7\u7ffc\u653b\u51fb\uff1a\u8bbe\u7f6e\u597d\u9635\u578b\u540e\uff0c\u53ef\u5728\u6218\u524d\u5e03\u9635\u754c\u9762\u9009\u4e2d\u5175\u79cd\u8fdb\u884c\u8bbe\u7f6e\u662f\u5426\u4fa7\u7ffc\u653b\u51fb\r\n.\u4fa7\u7ffc\u653b\u51fb\u6548\u679c\uff1a\u4f18\u5148\u653b\u51fb\u654c\u65b9\u5bf9\u5e94\u7684\u540e\u65b9\u90e8\u961f\r\n.\u9635\u578b\u52a0\u6210\u5728\u63a0\u593a\u4e0e\u4e89\u9738\u8d5b\u4e2d\u4ea7\u751f\u6548\u679c",
        "mean": "\u9635\u578b\u73a9\u6cd5\u4ecb\u7ecd"
    }
},
{
    "model": "config.clientconfig",
    "pk": 3001,
    "fields": {
        "value": "${0} :\u4e0e${1}\u5bf9\u6218\u83b7\u5f97${2}\u5206",
        "mean": "\u676f\u8d5b\u6218\u6597\u65e5\u5fd7"
    }
},
{
    "model": "config.clientconfig",
    "pk": 9901,
    "fields": {
        "value": "\u66f4\u65b0\u5931\u8d25\uff0c\u8bf7\u786e\u4fdd\u7f51\u7edc\u7545\u901a\u8bf7\u4e0b\u8f7d\u6700\u65b0\u5ba2\u6237\u7aef",
        "mean": "Version_ReadError"
    }
},
{
    "model": "config.clientconfig",
    "pk": 9902,
    "fields": {
        "value": "\u66f4\u65b0\u5931\u8d25\uff0c\u4e0b\u8f7d\u6570\u636e\u51fa\u73b0\u9519\u8bef\uff0c\u8bf7\u91cd\u65b0\u4e0b\u8f7d",
        "mean": "Version_CheckSumError"
    }
},
{
    "model": "config.clientconfig",
    "pk": 9903,
    "fields": {
        "value": "\u66f4\u65b0\u5931\u8d25\uff0c\u8bf7\u786e\u4fdd\u5269\u4f59\u8db3\u591f\u7684\u78c1\u76d8\u7a7a\u95f4",
        "mean": "Version_WriteError"
    }
},
{
    "model": "config.clientconfig",
    "pk": 9904,
    "fields": {
        "value": "\u66f4\u65b0\u5931\u8d25\uff0c\u8bf7\u4e0b\u8f7d\u6700\u65b0\u5ba2\u6237\u7aef",
        "mean": "Version_InvalidClient"
    }
},
{
    "model": "config.clientconfig",
    "pk": 10001,
    "fields": {
        "value": "\u786e\u8ba4\u9000\u51fa\u6e38\u620f\u5417\uff1f",
        "mean": "Setting_QuitGame"
    }
},
{
    "model": "config.clientconfig",
    "pk": 20001,
    "fields": {
        "value": "\u8054\u8d5b\u5206\u4e3a\u9ed1\u94c1\u3001\u9752\u94dc\u3001\u767d\u94f6\u3001\u9ec4\u91d1\u3001\u767d\u91d1\u3001\u94bb\u77f3\u3001\u5927\u5e08\u3001\u8d85\u7ea7\u5927\u5e08\u3001\u5b97\u5e08\u738b\u80059\u4e2a\u7b49\u7ea7\u3002\r\n\u4e00\u5468\u4e3a\u4e00\u4e2a\u8d5b\u5b63\uff0c\u6bcf\u8d5b\u5b63\u7684\u524d\u56db\u540d\u664b\u7ea7\u4e0b\u4e2a\u7ea7\u522b\u3001\u6bcf\u80dc\u4e00\u573a\u79ef3\u5206\uff0c\u8d1f\u4e00\u573a0\u5206\uff0c\u8054\u8d5b\u7ed3\u675f\u79ef\u5206\u591a\u7684\u540d\u6b21\u5217\u524d\uff0c\u79ef\u5206\u76f8\u7b49\uff0c\u6839\u636e\u51c0\u80dc\u573a\u7b97\u6392\u540d\u3002",
        "mean": "\u8054\u8d5b\u89c4\u5219\u8bf4\u660e"
    }
},
{
    "model": "config.clientconfig",
    "pk": 20002,
    "fields": {
        "value": "a8063f",
        "mean": "\u5f53\u524d\u5927\u533a\u989c\u8272"
    }
},
{
    "model": "config.clientconfig",
    "pk": 20003,
    "fields": {
        "value": "6932ec",
        "mean": "\u5df2\u901a\u5173\u5927\u533a\u989c\u8272"
    }
},
{
    "model": "config.clientconfig",
    "pk": 20004,
    "fields": {
        "value": "\u6d3e\u9063\u961f\u5458\u7ba1\u7406\u7f51\u5e97\u53ef\u4ee5\u83b7\u5f97\u6536\u76ca\uff0c\u961f\u5458\u5fc3\u6001\u548c\u610f\u8bc6\u5c5e\u6027\u8d8a\u9ad8\uff0c\u6bcf\u5929\u7684\u6536\u76ca\u8d8a\u9ad8\u3002",
        "mean": "\u7f51\u7edc\u8425\u9500\u8bf4\u660e"
    }
},
{
    "model": "config.clientconfig",
    "pk": 20005,
    "fields": {
        "value": "1\u3001\u8f93\u5165\u597d\u53cb\u8d26\u53f7\u5373\u53ef\u6210\u4e3a\u4ed6\u7684\u8d5e\u52a9\u5546\r\n2\u3001\u8d5e\u52a9\u5546\u6bcf\u6b21\u5145\u503c\uff0c\u88ab\u8d5e\u52a9\u8005\u90fd\u53ef\u4ee5\u83b7\u5f97\u4e00\u5b9a\u7684\u94bb\u77f3\u5956\u52b1",
        "mean": "\u8d5e\u52a9\u5546\u89c4\u5219\u8bf4\u660e"
    }
},
{
    "model": "config.clientconfig",
    "pk": 20006,
    "fields": {
        "value": "${0}/\u5c0f\u65f6",
        "mean": "\u7ecf\u9a8c\u57f9\u8bad\u754c\u9762\u6bcf\u5c0f\u65f6\u63cf\u8ff0"
    }
},
{
    "model": "config.clientconfig",
    "pk": 20007,
    "fields": {
        "value": "\u786e\u5b9a\u51fa\u552e\u7269\u54c1\u5417\uff1f",
        "mean": "\u7269\u54c1\u552e\u5356"
    }
},
{
    "model": "config.clientconfig",
    "pk": 20008,
    "fields": {
        "value": "\u5347\u7ea7",
        "mean": "\u5efa\u7b51\u53ef\u5347\u7ea7\u63d0\u793a"
    }
},
{
    "model": "config.clientconfig",
    "pk": 20009,
    "fields": {
        "value": "\u4e0d\u53ef\u5347\u7ea7",
        "mean": "\u5efa\u7b51\u4e0d\u53ef\u5347\u7ea7\u63d0\u793a"
    }
},
{
    "model": "config.clientconfig",
    "pk": 20010,
    "fields": {
        "value": "\u66b4\u51fb",
        "mean": "\u6218\u6597\u66b4\u51fb"
    }
},
{
    "model": "config.clientconfig",
    "pk": 20011,
    "fields": {
        "value": "\u95ea\u907f",
        "mean": "\u6218\u6597\u95ea\u907f"
    }
},
{
    "model": "config.clientconfig",
    "pk": 20012,
    "fields": {
        "value": "<color=\"#00ff00\">\u5df2\u5f00\u542f</color>",
        "mean": "\u529f\u80fd\u5f00\u542f\u72b6\u6001"
    }
},
{
    "model": "config.clientconfig",
    "pk": 20013,
    "fields": {
        "value": "<color=\"#ff0000\">\u672a\u5f00\u542f</color>",
        "mean": "\u529f\u80fd\u672a\u5f00\u542f\u72b6\u6001"
    }
},
{
    "model": "config.clientconfig",
    "pk": 20014,
    "fields": {
        "value": "Lv.",
        "mean": "\u7b49\u7ea7"
    }
},
{
    "model": "config.clientconfig",
    "pk": 20015,
    "fields": {
        "value": "MAX",
        "mean": "\u6700\u9ad8\u7ea7"
    }
},
{
    "model": "config.clientconfig",
    "pk": 20016,
    "fields": {
        "value": "\u5b8c\u80dc\uff08\u6240\u6709\u90e8\u961f\u5269\u4f59\u8840\u91cf>70%\uff09",
        "mean": "\u78be\u538b\uff08\u672a\u9635\u4ea1\u90e8\u961f\uff09"
    }
},
{
    "model": "config.clientconfig",
    "pk": 20017,
    "fields": {
        "value": "\u80dc\u5229\uff08\u6240\u6709\u90e8\u961f\u5269\u4f59\u8840\u91cf\u226470%,\u226550%\uff09",
        "mean": "\u80dc\u5229\uff08\u53ea\u9635\u4ea1\u4e00\u53ea\u90e8\u961f\uff09"
    }
},
{
    "model": "config.clientconfig",
    "pk": 20018,
    "fields": {
        "value": "\u9669\u80dc\uff08\u6240\u6709\u90e8\u961f\u5269\u4f59\u8840\u91cf<50%\uff09",
        "mean": "\u9669\u80dc\uff08\u9635\u4ea1\u4e00\u53ea\u4ee5\u4e0a\u7684\u90e8\u961f\uff09"
    }
},
{
    "model": "config.clientconfig",
    "pk": 20019,
    "fields": {
        "value": "\u661f\u7ea7\u7ecf\u9a8c\u589e\u52a0${0}",
        "mean": "\u661f\u7ea7\u7ecf\u9a8c\u589e\u52a0"
    }
},
{
    "model": "config.clientconfig",
    "pk": 20020,
    "fields": {
        "value": "\u66b4\u51fb\uff0c\u661f\u7ea7\u7ecf\u9a8c\u589e\u52a0${0}",
        "mean": "\u66b4\u51fb\uff0c\u7ecf\u9a8c\u589e\u52a0${0}"
    }
},
{
    "model": "config.clientconfig",
    "pk": 20021,
    "fields": {
        "value": "\u6210\u529f\u5e2e\u52a9\u597d\u53cb\uff0c\u83b7\u5f97\u5956\u52b1",
        "mean": "\u6210\u529f\u5e2e\u52a9\u597d\u53cb\uff0c\u83b7\u5f97\u5956\u52b1"
    }
},
{
    "model": "config.clientconfig",
    "pk": 20022,
    "fields": {
        "value": "\u4e3b\u7ebf\u4efb\u52a1\u5b8c\u6210\uff0c\u83b7\u5f97\u5956\u52b1\uff1a",
        "mean": "\u4e3b\u7ebf\u4efb\u52a1"
    }
},
{
    "model": "config.clientconfig",
    "pk": 20023,
    "fields": {
        "value": "BUFF_greed",
        "mean": "\u84dd\u8272\u6846"
    }
},
{
    "model": "config.clientconfig",
    "pk": 20024,
    "fields": {
        "value": "BUFF_red",
        "mean": "\u7ea2\u8272\u6846"
    }
},
{
    "model": "config.clientconfig",
    "pk": 20025,
    "fields": {
        "value": "<color=\"#CCCCCC\">\u672a\u5f00\u542f</color>",
        "mean": "\u5173\u5361\u672a\u5f00\u542f"
    }
},
{
    "model": "config.clientconfig",
    "pk": 20026,
    "fields": {
        "value": "<color=\"#ff5555\">\u8fdb\u884c\u4e2d</color>",
        "mean": "\u5173\u5361\u8fdb\u884c\u4e2d"
    }
},
{
    "model": "config.clientconfig",
    "pk": 20027,
    "fields": {
        "value": "<color=\"#00ff00\">\u5df2\u5b8c\u6210</color>",
        "mean": "\u5173\u5361\u5df2\u5b8c\u6210"
    }
},
{
    "model": "config.clientconfig",
    "pk": 20028,
    "fields": {
        "value": "PVE02",
        "mean": "\u7ade\u6280\u573a\u5730\u56fe"
    }
},
{
    "model": "config.clientconfig",
    "pk": 20029,
    "fields": {
        "value": "PVE02",
        "mean": "\u597d\u53cb\u6218\u6597\u5730\u56fe"
    }
},
{
    "model": "config.clientconfig",
    "pk": 20030,
    "fields": {
        "value": "PVE02",
        "mean": "\u6f14\u793a\u6218\u6597"
    }
},
{
    "model": "config.clientconfig",
    "pk": 20031,
    "fields": {
        "value": "\u5347\u661f\u5b8c\u6210\uff0c\u6d88\u8017${0}*${1}",
        "mean": "\u4e00\u952e\u5347\u661f\u63d0\u793a"
    }
},
{
    "model": "config.clientconfig",
    "pk": 20032,
    "fields": {
        "value": "\u5411\u4e0a\u6ed1\u52a8\u91ca\u653e\u6280\u80fd",
        "mean": "\u5f15\u5bfc\u91ca\u653e\u6280\u80fd"
    }
},
{
    "model": "config.clientconfig",
    "pk": 20033,
    "fields": {
        "value": "\u514d\u75ab",
        "mean": "\u6218\u6597\u514d\u75ab"
    }
},
{
    "model": "config.clientconfig",
    "pk": 20034,
    "fields": {
        "value": "<color=\"#ffffff\">${0}\u91ca\u653e\u6280\u80fd:${2}</color>",
        "mean": "\u6211\u65b9\u91ca\u653e\u6280\u80fd\u63cf\u8ff0"
    }
},
{
    "model": "config.clientconfig",
    "pk": 20035,
    "fields": {
        "value": "<color=\"#ff0000\">${0}\u91ca\u653e\u6280\u80fd:${2}</color>",
        "mean": "\u654c\u65b9\u91ca\u653e\u6280\u80fd"
    }
},
{
    "model": "config.clientconfig",
    "pk": 20036,
    "fields": {
        "value": "\u62d6\u52a8\u6280\u80fd\u5230\u654c\u65b9\u6240\u5728\u4f4d\u7f6e\u91ca\u653e",
        "mean": "\u6280\u80fd\u5f15\u5bfc"
    }
},
{
    "model": "config.clientconfig",
    "pk": 20037,
    "fields": {
        "value": "\u9700\u8981\u52a0\u5165\u516c\u4f1a",
        "mean": "\u516c\u4f1a\u5546\u5e97\u8fdb\u5165\u6761\u4ef6"
    }
},
{
    "model": "config.clientconfig",
    "pk": 20038,
    "fields": {
        "value": "\u4fa7\u7ffc\u653b\u51fb\u90e8\u961f\u6570\u91cf\u8d85\u8fc7\u4e0a\u9650",
        "mean": "\u9635\u578b\u8bbe\u7f6e"
    }
},
{
    "model": "config.clientconfig",
    "pk": 20039,
    "fields": {
        "value": "\u606d\u559c\u4f60\u6210\u529f\u5408\u6210${0}",
        "mean": "\u5408\u6210\u63d0\u793a"
    }
},
{
    "model": "config.clientconfig",
    "pk": 20040,
    "fields": {
        "value": "\u7b2c${0}\u5929",
        "mean": "\u7b2c\u51e0\u5929"
    }
},
{
    "model": "config.clientconfig",
    "pk": 20041,
    "fields": {
        "value": "Vip",
        "mean": "VIP"
    }
},
{
    "model": "config.clientconfig",
    "pk": 20042,
    "fields": {
        "value": "\u516c\u4f1a",
        "mean": "\u804a\u5929\u533a\u5206"
    }
},
{
    "model": "config.clientconfig",
    "pk": 20043,
    "fields": {
        "value": "${1}(\u5438\u8840)",
        "mean": "\u5438\u8840"
    }
},
{
    "model": "config.clientconfig",
    "pk": 20045,
    "fields": {
        "value": "${0}(\u4e0d\u5c48)",
        "mean": "\u4e0d\u5c48"
    }
},
{
    "model": "config.clientconfig",
    "pk": 20046,
    "fields": {
        "value": "${0}(\u53cd\u5f39)",
        "mean": "\u53cd\u5f39"
    }
},
{
    "model": "config.clientconfig",
    "pk": 20047,
    "fields": {
        "value": "${0}\u6fc0\u6d3b\u4e86\u7275\u7eca${1}",
        "mean": "\u7275\u7eca\u6fc0\u6d3b\u63d0\u793a"
    }
},
{
    "model": "config.clientconfig",
    "pk": 20048,
    "fields": {
        "value": "\u666e\u901a\u653b\u51fb:",
        "mean": "\u663e\u793a"
    }
},
{
    "model": "config.clientconfig",
    "pk": 20049,
    "fields": {
        "value": "\u6280\u80fd:",
        "mean": "\u663e\u793a"
    }
},
{
    "model": "config.clientconfig",
    "pk": 20051,
    "fields": {
        "value": "Login",
        "mean": "\u767b\u5f55\u5730\u56fe\u540d"
    }
},
{
    "model": "config.clientconfig",
    "pk": 20052,
    "fields": {
        "value": "C_city",
        "mean": "\u4e3b\u57ce\u5730\u56fe\u540d"
    }
},
{
    "model": "config.clientconfig",
    "pk": 20053,
    "fields": {
        "value": "C_lingdi",
        "mean": "\u9886\u5730\u5730\u56fe\u540d"
    }
},
{
    "model": "config.clientconfig",
    "pk": 20054,
    "fields": {
        "value": "Show",
        "mean": "\u5175\u79cd\u5c55\u793a\u5730\u56fe\u540d"
    }
},
{
    "model": "config.clientconfig",
    "pk": 20055,
    "fields": {
        "value": "C_lueduo",
        "mean": "\u63a0\u593a\u5730\u56fe\u540d"
    }
},
{
    "model": "config.clientconfig",
    "pk": 20056,
    "fields": {
        "value": "\u6307\u5b9a",
        "mean": "\u516c\u4f1a\u6307\u5b9a\u9009\u624b"
    }
},
{
    "model": "config.clientconfig",
    "pk": 20057,
    "fields": {
        "value": "\u4e0a\u4e00\u8f6e\u6218\u6597${0}",
        "mean": "\u4e89\u9738\u8d5b"
    }
},
{
    "model": "config.clientconfig",
    "pk": 20060,
    "fields": {
        "value": "\u4e0b\u6ce8${0},\u83b7\u5f97${1}",
        "mean": "\u4e89\u9738\u8d5b"
    }
},
{
    "model": "config.clientconfig",
    "pk": 20101,
    "fields": {
        "value": "\u95ee\u597d",
        "mean": "RandomMergeItem"
    }
},
{
    "model": "config.clientconfig",
    "pk": 20102,
    "fields": {
        "value": "\u5305\u542b\u654f\u611f\u8bcd",
        "mean": "\u5305\u542b\u654f\u611f\u8bcd"
    }
},
{
    "model": "config.clientconfig",
    "pk": 20103,
    "fields": {
        "value": "\u7f51\u7edc\u4e0d\u7545\u901a\uff0c\u8bf7\u70b9\u51fb\u8fdb\u884c\u6570\u636e\u540c\u6b65",
        "mean": "\u7f51\u7edc\u9519\u8bef"
    }
},
{
    "model": "config.clientconfig",
    "pk": 20104,
    "fields": {
        "value": "\u7f51\u7edc\u4e0d\u7545\u901a\uff0c\u8bf7\u70b9\u51fb\u91cd\u8bd5",
        "mean": "Http\u7f51\u7edc\u9519\u8bef"
    }
},
{
    "model": "config.clientconfig",
    "pk": 20105,
    "fields": {
        "value": "\u65ad\u7ebf\u81ea\u52a8\u91cd\u8fde",
        "mean": "Tcp\u65ad\u7ebf\u91cd\u8fde"
    }
}
]
