[
{
    "fields": {
        "value": "\u975e\u6cd5\u7684\u8d26\u53f7\uff0c\u8bf7\u8f93\u5165\u5c11\u4e8e14\u4e2a\u5b57\u6bcd\u6216\u80057\u4e2a\u6c49\u5b57",
        "mean": "Account_Invalid"
    },
    "model": "config.clientconfig",
    "pk": 101
},
{
    "fields": {
        "value": "\u521b\u5efa\u8d26\u53f7\u7684\u5bc6\u7801\u4e0d\u5339\u914d",
        "mean": "Account_PwdMissmatch"
    },
    "model": "config.clientconfig",
    "pk": 102
},
{
    "fields": {
        "value": "\u975e\u6cd5\u7684\u540d\u5b57\uff0c\u8bf7\u8f93\u5165\u5c11\u4e8e14\u4e2a\u5b57\u6bcd\u6216\u80057\u4e2a\u6c49\u5b57",
        "mean": "Account_NameInvalid"
    },
    "model": "config.clientconfig",
    "pk": 103
},
{
    "fields": {
        "value": "\u65b0",
        "mean": "Login_ServerStatus_New"
    },
    "model": "config.clientconfig",
    "pk": 201
},
{
    "fields": {
        "value": "\u706b",
        "mean": "Login_ServerStatus_Hot"
    },
    "model": "config.clientconfig",
    "pk": 202
},
{
    "fields": {
        "value": "\u672a\u9009\u62e9\u670d\u52a1\u5668\u5668",
        "mean": "Login_ServerNotSelect"
    },
    "model": "config.clientconfig",
    "pk": 203
},
{
    "fields": {
        "value": "\u6211\u65b9${0}\u51fb\u8d25\u654c\u65b9${1}",
        "mean": "Combat_LogWin"
    },
    "model": "config.clientconfig",
    "pk": 301
},
{
    "fields": {
        "value": "\u6211\u65b9${0}\u88ab\u654c\u65b9${1}\u51fb\u8d25",
        "mean": "Combat_LogDefeat"
    },
    "model": "config.clientconfig",
    "pk": 302
},
{
    "fields": {
        "value": "[\u65b0]",
        "mean": "Task_Accpetable"
    },
    "model": "config.clientconfig",
    "pk": 401
},
{
    "fields": {
        "value": "\u5b8c\u6210",
        "mean": "Task_Complete"
    },
    "model": "config.clientconfig",
    "pk": 402
},
{
    "fields": {
        "value": "\u786e\u8ba4\u5220\u9664\u90ae\u4ef6\u5417\uff1f",
        "mean": "Email_Delete_Tip"
    },
    "model": "config.clientconfig",
    "pk": 501
},
{
    "fields": {
        "value": "\u786e\u8ba4\u5220\u9664\u597d\u53cb${0}\uff1f",
        "mean": "Friend_Delete_Friend"
    },
    "model": "config.clientconfig",
    "pk": 601
},
{
    "fields": {
        "value": "\u786e\u8ba4\u62d2\u7edd${0}\u7684\u597d\u53cb\u7533\u8bf7\uff1f",
        "mean": "Friend_Refuse_Friend"
    },
    "model": "config.clientconfig",
    "pk": 602
},
{
    "fields": {
        "value": "\u53d6\u6d88\u6dfb\u52a0${0}\u4e3a\u597d\u53cb\u7684\u7533\u8bf7",
        "mean": "Friend_Cancel_Apply"
    },
    "model": "config.clientconfig",
    "pk": 603
},
{
    "fields": {
        "value": "\u662f\u5426\u786e\u5b9a\u5237\u65b0\u5408\u7ea6\uff1f",
        "mean": "HeroDraw_Refresh"
    },
    "model": "config.clientconfig",
    "pk": 701
},
{
    "fields": {
        "value": "\u606d\u559c\u83b7\u5f97${0}",
        "mean": "HeroDraw_GetHero"
    },
    "model": "config.clientconfig",
    "pk": 702
},
{
    "fields": {
        "value": "\u89e3\u96c7\u540e\u961f\u5458\u7684\u57f9\u517b\u5c06\u4f1a\u5168\u90e8\u4e22\u5931\uff0c\u662f\u5426\u786e\u8ba4\u89e3\u96c7${0}",
        "mean": "HeroPackage_Dismiss"
    },
    "model": "config.clientconfig",
    "pk": 801
},
{
    "fields": {
        "value": "\u662f\u5426\u786e\u5b9a\u4f7f\u7528${0}\uff1f",
        "mean": "HeroTrain_UseBook"
    },
    "model": "config.clientconfig",
    "pk": 901
},
{
    "fields": {
        "value": "\u8bad\u7ec3\u69fd\u9501\u5b9a",
        "mean": "HeroTrain_SlotNotOpen"
    },
    "model": "config.clientconfig",
    "pk": 902
},
{
    "fields": {
        "value": " \u7b49\u5f85",
        "mean": "HeroTrain_Doing"
    },
    "model": "config.clientconfig",
    "pk": 903
},
{
    "fields": {
        "value": "\u8fdb\u884c\u4e2d",
        "mean": "HeroTrain_Waiting"
    },
    "model": "config.clientconfig",
    "pk": 904
},
{
    "fields": {
        "value": "\u5b8c\u6210",
        "mean": "HeroTrain_Finish"
    },
    "model": "config.clientconfig",
    "pk": 905
},
{
    "fields": {
        "value": "\u786e\u8ba4\u6d17\u7ec3\u9009\u5b9a\u7684${0}\u5929\u8d4b\u5417\uff1f",
        "mean": "Skill_Wash"
    },
    "model": "config.clientconfig",
    "pk": 1001
},
{
    "fields": {
        "value": "\u5df2\u7ecf\u6ca1\u6709\u5269\u4f59\u7684\u8c03\u6574\u6b21\u6570\u4e86",
        "mean": "Rank_Challenge_NoTimes"
    },
    "model": "config.clientconfig",
    "pk": 1101
},
{
    "fields": {
        "value": "\u786e\u8ba4\u5237\u65b0\u5929\u68af\u5546\u5e97\u5417\uff1f",
        "mean": "Rank_Shop_Refresh"
    },
    "model": "config.clientconfig",
    "pk": 1102
},
{
    "fields": {
        "value": "\u786e\u8ba4\u8d2d\u4e70${0}\u5417\uff1f",
        "mean": "Rank_Shop_Buy"
    },
    "model": "config.clientconfig",
    "pk": 1103
},
{
    "fields": {
        "value": "\u66f4\u65b0\u5931\u8d25\uff0c\u8bf7\u786e\u4fdd\u7f51\u7edc\u7545\u901a\u8bf7\u4e0b\u8f7d\u6700\u65b0\u5ba2\u6237\u7aef",
        "mean": "Version_ReadError"
    },
    "model": "config.clientconfig",
    "pk": 9901
},
{
    "fields": {
        "value": "\u66f4\u65b0\u5931\u8d25\uff0c\u4e0b\u8f7d\u6570\u636e\u51fa\u73b0\u9519\u8bef\uff0c\u8bf7\u91cd\u65b0\u4e0b\u8f7d",
        "mean": "Version_CheckSumError"
    },
    "model": "config.clientconfig",
    "pk": 9902
},
{
    "fields": {
        "value": "\u66f4\u65b0\u5931\u8d25\uff0c\u8bf7\u786e\u4fdd\u5269\u4f59\u8db3\u591f\u7684\u78c1\u76d8\u7a7a\u95f4",
        "mean": "Version_WriteError"
    },
    "model": "config.clientconfig",
    "pk": 9903
},
{
    "fields": {
        "value": "\u66f4\u65b0\u5931\u8d25\uff0c\u8bf7\u4e0b\u8f7d\u6700\u65b0\u5ba2\u6237\u7aef",
        "mean": "Version_InvalidClient"
    },
    "model": "config.clientconfig",
    "pk": 9904
},
{
    "fields": {
        "value": "\u786e\u8ba4\u9000\u51fa\u6e38\u620f\u5417\uff1f",
        "mean": "Setting_QuitGame"
    },
    "model": "config.clientconfig",
    "pk": 10001
}
]
