[
{
    "model": "club.clublevel",
    "pk": 1,
    "fields": {
        "exp": 1000,
        "des": "\u5f00\u653e\u65b0\u7684\u9009\u624b\u4f4d"
    }
},
{
    "model": "club.clublevel",
    "pk": 2,
    "fields": {
        "exp": 1000,
        "des": ""
    }
},
{
    "model": "club.clublevel",
    "pk": 3,
    "fields": {
        "exp": 1000,
        "des": ""
    }
},
{
    "model": "club.clublevel",
    "pk": 4,
    "fields": {
        "exp": 2000,
        "des": ""
    }
},
{
    "model": "club.clublevel",
    "pk": 5,
    "fields": {
        "exp": 2000,
        "des": ""
    }
},
{
    "model": "club.clublevel",
    "pk": 6,
    "fields": {
        "exp": 2000,
        "des": "\u5f00\u653e\u65b0\u7684\u9009\u624b\u4f4d"
    }
},
{
    "model": "club.clublevel",
    "pk": 7,
    "fields": {
        "exp": 3000,
        "des": ""
    }
},
{
    "model": "club.clublevel",
    "pk": 8,
    "fields": {
        "exp": 3000,
        "des": ""
    }
},
{
    "model": "club.clublevel",
    "pk": 9,
    "fields": {
        "exp": 3000,
        "des": "\u5f00\u653e\u65b0\u7684\u9009\u624b\u4f4d"
    }
},
{
    "model": "club.clublevel",
    "pk": 10,
    "fields": {
        "exp": 3000,
        "des": ""
    }
},
{
    "model": "club.clublevel",
    "pk": 11,
    "fields": {
        "exp": 4000,
        "des": ""
    }
},
{
    "model": "club.clublevel",
    "pk": 12,
    "fields": {
        "exp": 4000,
        "des": ""
    }
},
{
    "model": "club.clublevel",
    "pk": 13,
    "fields": {
        "exp": 4000,
        "des": ""
    }
},
{
    "model": "club.clublevel",
    "pk": 14,
    "fields": {
        "exp": 5000,
        "des": "\u5f00\u653e\u65b0\u7684\u9009\u624b\u4f4d"
    }
},
{
    "model": "club.clublevel",
    "pk": 15,
    "fields": {
        "exp": 5000,
        "des": "\u65e5\u5e38\u526f\u672c\u5f00\u653e"
    }
},
{
    "model": "club.clublevel",
    "pk": 16,
    "fields": {
        "exp": 6000,
        "des": ""
    }
},
{
    "model": "club.clublevel",
    "pk": 17,
    "fields": {
        "exp": 6000,
        "des": ""
    }
},
{
    "model": "club.clublevel",
    "pk": 18,
    "fields": {
        "exp": 6000,
        "des": ""
    }
},
{
    "model": "club.clublevel",
    "pk": 19,
    "fields": {
        "exp": 7000,
        "des": "\u5f00\u653e\u65b0\u7684\u9009\u624b\u4f4d"
    }
},
{
    "model": "club.clublevel",
    "pk": 20,
    "fields": {
        "exp": 14000,
        "des": ""
    }
},
{
    "model": "club.clublevel",
    "pk": 21,
    "fields": {
        "exp": 15000,
        "des": "\u8bad\u7ec3\u5854\u5f00\u653e"
    }
},
{
    "model": "club.clublevel",
    "pk": 22,
    "fields": {
        "exp": 17000,
        "des": ""
    }
},
{
    "model": "club.clublevel",
    "pk": 23,
    "fields": {
        "exp": 18000,
        "des": ""
    }
},
{
    "model": "club.clublevel",
    "pk": 24,
    "fields": {
        "exp": 19000,
        "des": "\u5546\u52a1\u4e2d\u5fc3-\u9009\u624b\u5de5\u4f5c\u5f00\u653e"
    }
},
{
    "model": "club.clublevel",
    "pk": 25,
    "fields": {
        "exp": 21000,
        "des": ""
    }
},
{
    "model": "club.clublevel",
    "pk": 26,
    "fields": {
        "exp": 22000,
        "des": ""
    }
},
{
    "model": "club.clublevel",
    "pk": 27,
    "fields": {
        "exp": 23000,
        "des": ""
    }
},
{
    "model": "club.clublevel",
    "pk": 28,
    "fields": {
        "exp": 25000,
        "des": ""
    }
},
{
    "model": "club.clublevel",
    "pk": 29,
    "fields": {
        "exp": 26000,
        "des": "\u5929\u8d4b\u5f00\u653e"
    }
},
{
    "model": "club.clublevel",
    "pk": 30,
    "fields": {
        "exp": 41000,
        "des": ""
    }
},
{
    "model": "club.clublevel",
    "pk": 31,
    "fields": {
        "exp": 43000,
        "des": ""
    }
},
{
    "model": "club.clublevel",
    "pk": 32,
    "fields": {
        "exp": 45000,
        "des": ""
    }
},
{
    "model": "club.clublevel",
    "pk": 33,
    "fields": {
        "exp": 47000,
        "des": ""
    }
},
{
    "model": "club.clublevel",
    "pk": 34,
    "fields": {
        "exp": 49000,
        "des": ""
    }
},
{
    "model": "club.clublevel",
    "pk": 35,
    "fields": {
        "exp": 51000,
        "des": ""
    }
},
{
    "model": "club.clublevel",
    "pk": 36,
    "fields": {
        "exp": 53000,
        "des": ""
    }
},
{
    "model": "club.clublevel",
    "pk": 37,
    "fields": {
        "exp": 55000,
        "des": ""
    }
},
{
    "model": "club.clublevel",
    "pk": 38,
    "fields": {
        "exp": 57000,
        "des": ""
    }
},
{
    "model": "club.clublevel",
    "pk": 39,
    "fields": {
        "exp": 59000,
        "des": ""
    }
},
{
    "model": "club.clublevel",
    "pk": 40,
    "fields": {
        "exp": 65000,
        "des": ""
    }
},
{
    "model": "club.clublevel",
    "pk": 41,
    "fields": {
        "exp": 69000,
        "des": ""
    }
},
{
    "model": "club.clublevel",
    "pk": 42,
    "fields": {
        "exp": 72000,
        "des": ""
    }
},
{
    "model": "club.clublevel",
    "pk": 43,
    "fields": {
        "exp": 75000,
        "des": ""
    }
},
{
    "model": "club.clublevel",
    "pk": 44,
    "fields": {
        "exp": 78000,
        "des": ""
    }
},
{
    "model": "club.clublevel",
    "pk": 45,
    "fields": {
        "exp": 82000,
        "des": ""
    }
},
{
    "model": "club.clublevel",
    "pk": 46,
    "fields": {
        "exp": 85000,
        "des": ""
    }
},
{
    "model": "club.clublevel",
    "pk": 47,
    "fields": {
        "exp": 88000,
        "des": ""
    }
},
{
    "model": "club.clublevel",
    "pk": 48,
    "fields": {
        "exp": 91000,
        "des": ""
    }
},
{
    "model": "club.clublevel",
    "pk": 49,
    "fields": {
        "exp": 95000,
        "des": ""
    }
},
{
    "model": "club.clublevel",
    "pk": 50,
    "fields": {
        "exp": 106000,
        "des": ""
    }
},
{
    "model": "club.clublevel",
    "pk": 51,
    "fields": {
        "exp": 111000,
        "des": ""
    }
},
{
    "model": "club.clublevel",
    "pk": 52,
    "fields": {
        "exp": 117000,
        "des": ""
    }
},
{
    "model": "club.clublevel",
    "pk": 53,
    "fields": {
        "exp": 122000,
        "des": ""
    }
},
{
    "model": "club.clublevel",
    "pk": 54,
    "fields": {
        "exp": 127000,
        "des": ""
    }
},
{
    "model": "club.clublevel",
    "pk": 55,
    "fields": {
        "exp": 133000,
        "des": ""
    }
},
{
    "model": "club.clublevel",
    "pk": 56,
    "fields": {
        "exp": 138000,
        "des": ""
    }
},
{
    "model": "club.clublevel",
    "pk": 57,
    "fields": {
        "exp": 143000,
        "des": ""
    }
},
{
    "model": "club.clublevel",
    "pk": 58,
    "fields": {
        "exp": 149000,
        "des": ""
    }
},
{
    "model": "club.clublevel",
    "pk": 59,
    "fields": {
        "exp": 154000,
        "des": ""
    }
},
{
    "model": "club.clublevel",
    "pk": 60,
    "fields": {
        "exp": 155000,
        "des": ""
    }
},
{
    "model": "club.clublevel",
    "pk": 61,
    "fields": {
        "exp": 163000,
        "des": ""
    }
},
{
    "model": "club.clublevel",
    "pk": 62,
    "fields": {
        "exp": 171000,
        "des": ""
    }
},
{
    "model": "club.clublevel",
    "pk": 63,
    "fields": {
        "exp": 178000,
        "des": ""
    }
},
{
    "model": "club.clublevel",
    "pk": 64,
    "fields": {
        "exp": 186000,
        "des": ""
    }
},
{
    "model": "club.clublevel",
    "pk": 65,
    "fields": {
        "exp": 194000,
        "des": ""
    }
},
{
    "model": "club.clublevel",
    "pk": 66,
    "fields": {
        "exp": 202000,
        "des": ""
    }
},
{
    "model": "club.clublevel",
    "pk": 67,
    "fields": {
        "exp": 209000,
        "des": ""
    }
},
{
    "model": "club.clublevel",
    "pk": 68,
    "fields": {
        "exp": 217000,
        "des": ""
    }
},
{
    "model": "club.clublevel",
    "pk": 69,
    "fields": {
        "exp": 225000,
        "des": ""
    }
},
{
    "model": "club.clublevel",
    "pk": 70,
    "fields": {
        "exp": 327000,
        "des": ""
    }
},
{
    "model": "club.clublevel",
    "pk": 71,
    "fields": {
        "exp": 343000,
        "des": ""
    }
},
{
    "model": "club.clublevel",
    "pk": 72,
    "fields": {
        "exp": 359000,
        "des": ""
    }
},
{
    "model": "club.clublevel",
    "pk": 73,
    "fields": {
        "exp": 376000,
        "des": ""
    }
},
{
    "model": "club.clublevel",
    "pk": 74,
    "fields": {
        "exp": 392000,
        "des": ""
    }
},
{
    "model": "club.clublevel",
    "pk": 75,
    "fields": {
        "exp": 0,
        "des": ""
    }
}
]
