[
{
    "fields": {
        "renown": 110
    },
    "model": "club.clublevel",
    "pk": 1
},
{
    "fields": {
        "renown": 170
    },
    "model": "club.clublevel",
    "pk": 2
},
{
    "fields": {
        "renown": 230
    },
    "model": "club.clublevel",
    "pk": 3
},
{
    "fields": {
        "renown": 290
    },
    "model": "club.clublevel",
    "pk": 4
},
{
    "fields": {
        "renown": 350
    },
    "model": "club.clublevel",
    "pk": 5
},
{
    "fields": {
        "renown": 420
    },
    "model": "club.clublevel",
    "pk": 6
},
{
    "fields": {
        "renown": 480
    },
    "model": "club.clublevel",
    "pk": 7
},
{
    "fields": {
        "renown": 550
    },
    "model": "club.clublevel",
    "pk": 8
},
{
    "fields": {
        "renown": 630
    },
    "model": "club.clublevel",
    "pk": 9
},
{
    "fields": {
        "renown": 700
    },
    "model": "club.clublevel",
    "pk": 10
},
{
    "fields": {
        "renown": 780
    },
    "model": "club.clublevel",
    "pk": 11
},
{
    "fields": {
        "renown": 870
    },
    "model": "club.clublevel",
    "pk": 12
},
{
    "fields": {
        "renown": 960
    },
    "model": "club.clublevel",
    "pk": 13
},
{
    "fields": {
        "renown": 1050
    },
    "model": "club.clublevel",
    "pk": 14
},
{
    "fields": {
        "renown": 1160
    },
    "model": "club.clublevel",
    "pk": 15
},
{
    "fields": {
        "renown": 1270
    },
    "model": "club.clublevel",
    "pk": 16
},
{
    "fields": {
        "renown": 1390
    },
    "model": "club.clublevel",
    "pk": 17
},
{
    "fields": {
        "renown": 1520
    },
    "model": "club.clublevel",
    "pk": 18
},
{
    "fields": {
        "renown": 1660
    },
    "model": "club.clublevel",
    "pk": 19
},
{
    "fields": {
        "renown": 1820
    },
    "model": "club.clublevel",
    "pk": 20
},
{
    "fields": {
        "renown": 1990
    },
    "model": "club.clublevel",
    "pk": 21
},
{
    "fields": {
        "renown": 2180
    },
    "model": "club.clublevel",
    "pk": 22
},
{
    "fields": {
        "renown": 2390
    },
    "model": "club.clublevel",
    "pk": 23
},
{
    "fields": {
        "renown": 2630
    },
    "model": "club.clublevel",
    "pk": 24
},
{
    "fields": {
        "renown": 2900
    },
    "model": "club.clublevel",
    "pk": 25
},
{
    "fields": {
        "renown": 3190
    },
    "model": "club.clublevel",
    "pk": 26
},
{
    "fields": {
        "renown": 3530
    },
    "model": "club.clublevel",
    "pk": 27
},
{
    "fields": {
        "renown": 3900
    },
    "model": "club.clublevel",
    "pk": 28
},
{
    "fields": {
        "renown": 4330
    },
    "model": "club.clublevel",
    "pk": 29
},
{
    "fields": {
        "renown": 4810
    },
    "model": "club.clublevel",
    "pk": 30
}
]
