[
{
    "fields": {
        "renown": 1000,
        "max_staff_amount": 10
    },
    "model": "club.clublevel",
    "pk": 1
},
{
    "fields": {
        "renown": 1500,
        "max_staff_amount": 10
    },
    "model": "club.clublevel",
    "pk": 2
},
{
    "fields": {
        "renown": 2500,
        "max_staff_amount": 10
    },
    "model": "club.clublevel",
    "pk": 3
},
{
    "fields": {
        "renown": 5000,
        "max_staff_amount": 10
    },
    "model": "club.clublevel",
    "pk": 4
},
{
    "fields": {
        "renown": 8500,
        "max_staff_amount": 15
    },
    "model": "club.clublevel",
    "pk": 5
},
{
    "fields": {
        "renown": 14000,
        "max_staff_amount": 15
    },
    "model": "club.clublevel",
    "pk": 6
},
{
    "fields": {
        "renown": 22000,
        "max_staff_amount": 15
    },
    "model": "club.clublevel",
    "pk": 7
},
{
    "fields": {
        "renown": 33000,
        "max_staff_amount": 15
    },
    "model": "club.clublevel",
    "pk": 8
},
{
    "fields": {
        "renown": 48500,
        "max_staff_amount": 15
    },
    "model": "club.clublevel",
    "pk": 9
},
{
    "fields": {
        "renown": 68500,
        "max_staff_amount": 20
    },
    "model": "club.clublevel",
    "pk": 10
},
{
    "fields": {
        "renown": 94000,
        "max_staff_amount": 20
    },
    "model": "club.clublevel",
    "pk": 11
},
{
    "fields": {
        "renown": 126000,
        "max_staff_amount": 20
    },
    "model": "club.clublevel",
    "pk": 12
},
{
    "fields": {
        "renown": 165000,
        "max_staff_amount": 20
    },
    "model": "club.clublevel",
    "pk": 13
},
{
    "fields": {
        "renown": 212500,
        "max_staff_amount": 20
    },
    "model": "club.clublevel",
    "pk": 14
},
{
    "fields": {
        "renown": 269000,
        "max_staff_amount": 25
    },
    "model": "club.clublevel",
    "pk": 15
},
{
    "fields": {
        "renown": 336000,
        "max_staff_amount": 25
    },
    "model": "club.clublevel",
    "pk": 16
},
{
    "fields": {
        "renown": 414000,
        "max_staff_amount": 25
    },
    "model": "club.clublevel",
    "pk": 17
},
{
    "fields": {
        "renown": 504000,
        "max_staff_amount": 25
    },
    "model": "club.clublevel",
    "pk": 18
},
{
    "fields": {
        "renown": 607500,
        "max_staff_amount": 25
    },
    "model": "club.clublevel",
    "pk": 19
},
{
    "fields": {
        "renown": 726000,
        "max_staff_amount": 30
    },
    "model": "club.clublevel",
    "pk": 20
},
{
    "fields": {
        "renown": 859500,
        "max_staff_amount": 30
    },
    "model": "club.clublevel",
    "pk": 21
},
{
    "fields": {
        "renown": 1010000,
        "max_staff_amount": 30
    },
    "model": "club.clublevel",
    "pk": 22
},
{
    "fields": {
        "renown": 1179000,
        "max_staff_amount": 30
    },
    "model": "club.clublevel",
    "pk": 23
},
{
    "fields": {
        "renown": 1366500,
        "max_staff_amount": 30
    },
    "model": "club.clublevel",
    "pk": 24
},
{
    "fields": {
        "renown": 1575000,
        "max_staff_amount": 35
    },
    "model": "club.clublevel",
    "pk": 25
},
{
    "fields": {
        "renown": 1805500,
        "max_staff_amount": 35
    },
    "model": "club.clublevel",
    "pk": 26
},
{
    "fields": {
        "renown": 2059500,
        "max_staff_amount": 35
    },
    "model": "club.clublevel",
    "pk": 27
},
{
    "fields": {
        "renown": 2337500,
        "max_staff_amount": 35
    },
    "model": "club.clublevel",
    "pk": 28
},
{
    "fields": {
        "renown": 2641500,
        "max_staff_amount": 35
    },
    "model": "club.clublevel",
    "pk": 29
},
{
    "fields": {
        "renown": 0,
        "max_staff_amount": 40
    },
    "model": "club.clublevel",
    "pk": 30
}
]
