[
  {
    "pk": 1, 
    "model": "dungeon.dungeon", 
    "fields": {
      "open_des": "\u901a\u5173\u526f\u672c\u6709\u51e0\u7387\u989d\u5916\u83b7\u5f97\u94bb\u77f3\uff0c\u526f\u672c\u96be\u5ea6\u8d8a\u5927\uff0c\u83b7\u5f97\u51e0\u7387\u8d8a\u5927", 
      "cost": 10, 
      "des": "\u91d1\u5e01\u526f\u672c\u83b7\u5f97\u91d1\u5e01", 
      "name": "\u91d1\u5e01\u526f\u672c", 
      "open_time": [
        1, 
        3, 
        5, 
        7
      ]
    }
  }, 
  {
    "pk": 2, 
    "model": "dungeon.dungeon", 
    "fields": {
      "open_des": "\u901a\u5173\u526f\u672c\u6709\u51e0\u7387\u989d\u5916\u83b7\u5f97\u7ecf\u9a8c\u4e39\uff0c\u526f\u672c\u96be\u5ea6\u8d8a\u5927\uff0c\u83b7\u5f97\u51e0\u7387\u8d8a\u5927", 
      "cost": 15, 
      "des": "\u58f0\u671b\u526f\u672c\u83b7\u5f97\u58f0\u671b", 
      "name": "\u58f0\u671b\u526f\u672c", 
      "open_time": [
        2, 
        4, 
        6
      ]
    }
  }, 
  {
    "pk": 3, 
    "model": "dungeon.dungeon", 
    "fields": {
      "open_des": "\u901a\u5173\u526f\u672c\u6709\u51e0\u7387\u989d\u5916\u83b7\u5f97\u91d1\u5b9d\u7bb1\uff0c\u526f\u672c\u96be\u5ea6\u8d8a\u5927\uff0c\u83b7\u5f97\u51e0\u7387\u8d8a\u5927", 
      "cost": 20, 
      "des": "\u6c34\u6676\u526f\u672c\u83b7\u5f97\u6c34\u6676", 
      "name": "\u6c34\u6676\u526f\u672c", 
      "open_time": [
        1, 
        2, 
        3
      ]
    }
  }, 
  {
    "pk": 4, 
    "model": "dungeon.dungeon", 
    "fields": {
      "open_des": "\u901a\u5173\u526f\u672c\u6709\u51e0\u7387\u989d\u5916\u83b7\u5f97\u5347\u661f\u4e39\uff0c\u526f\u672c\u96be\u5ea6\u8d8a\u5927\uff0c\u83b7\u5f97\u51e0\u7387\u8d8a\u5927", 
      "cost": 25, 
      "des": "\u6c14\u77ff\u526f\u672c\u83b7\u5f97\u6c14\u77ff", 
      "name": "\u6c14\u77ff\u526f\u672c", 
      "open_time": [
        4, 
        5, 
        6
      ]
    }
  }, 
  {
    "pk": 5, 
    "model": "dungeon.dungeon", 
    "fields": {
      "open_des": "\u901a\u5173\u526f\u672c\u6709\u51e0\u7387\u989d\u5916\u83b7\u5f97\u9009\u624b\u88c5\u5907\uff0c\u526f\u672c\u96be\u5ea6\u8d8a\u5927\uff0c\u83b7\u5f97\u51e0\u7387\u8d8a\u5927", 
      "cost": 30, 
      "des": "\u80fd\u91cf\u77f3\u526f\u672c\u83b7\u5f97\u80fd\u91cf\u77f3", 
      "name": "\u80fd\u91cf\u77f3\u526f\u672c", 
      "open_time": [
        3, 
        7
      ]
    }
  }
]