[
  {
    "pk": 1, 
    "model": "dungeon.dungeon", 
    "fields": {
      "open_time": [
        1, 
        2, 
        3, 
        4, 
        5, 
        6, 
        7
      ], 
      "open_des": "\u6bcf\u5929\u5f00\u542f", 
      "des": "\u5173\u5361\u7b49\u7ea7\u8d8a\u9ad8\uff0c\u83b7\u5f97\u7684\u5956\u52b1\u8d8a\u9ad8\uff0c\u63d0\u9ad8VIP\u7b49\u7ea7\u53ef\u83b7\u5f97\u989d\u5916\u6b21\u6570", 
      "cost": 10, 
      "icon": "\u7ecf\u9a8c\u996e\u65991", 
      "name": "\u7ecf\u9a8c\u526f\u672c"
    }
  }, 
  {
    "pk": 2, 
    "model": "dungeon.dungeon", 
    "fields": {
      "open_time": [
        1, 
        2, 
        3, 
        4, 
        5, 
        6, 
        7
      ], 
      "open_des": "\u6bcf\u5929\u5f00\u542f", 
      "des": "\u5173\u5361\u7b49\u7ea7\u8d8a\u9ad8\uff0c\u83b7\u5f97\u7684\u5956\u52b1\u8d8a\u9ad8\uff0c\u63d0\u9ad8VIP\u7b49\u7ea7\u53ef\u83b7\u5f97\u989d\u5916\u6b21\u6570", 
      "cost": 15, 
      "icon": "\u91d1\u5e01", 
      "name": "\u91d1\u5e01\u526f\u672c"
    }
  }, 
  {
    "pk": 3, 
    "model": "dungeon.dungeon", 
    "fields": {
      "open_time": [
        1, 
        3, 
        5, 
        7
      ], 
      "open_des": "\u661f\u671f\u4e00\u3001\u4e09\u3001\u4e94\u3001\u4e03\u5f00\u542f", 
      "des": "\u5173\u5361\u7b49\u7ea7\u8d8a\u9ad8\uff0c\u83b7\u5f97\u7684\u5956\u52b1\u8d8a\u9ad8\uff0c\u63d0\u9ad8VIP\u7b49\u7ea7\u53ef\u83b7\u5f97\u989d\u5916\u6b21\u6570", 
      "cost": 20, 
      "icon": "\u6c34\u6676", 
      "name": "\u6c34\u6676\u526f\u672c"
    }
  }, 
  {
    "pk": 4, 
    "model": "dungeon.dungeon", 
    "fields": {
      "open_time": [
        2, 
        4, 
        6, 
        7
      ], 
      "open_des": "\u661f\u671f\u4e8c\u3001\u56db\u3001\u516d\u3001\u4e03\u5f00\u542f", 
      "des": "\u5173\u5361\u7b49\u7ea7\u8d8a\u9ad8\uff0c\u83b7\u5f97\u7684\u5956\u52b1\u8d8a\u9ad8\uff0c\u63d0\u9ad8VIP\u7b49\u7ea7\u53ef\u83b7\u5f97\u989d\u5916\u6b21\u6570", 
      "cost": 25, 
      "icon": "\u6c14\u77ff", 
      "name": "\u6c14\u77ff\u526f\u672c"
    }
  }, 
  {
    "pk": 5, 
    "model": "dungeon.dungeon", 
    "fields": {
      "open_time": [
        1, 
        3, 
        5, 
        7
      ], 
      "open_des": "\u661f\u671f\u4e00\u3001\u4e09\u3001\u4e94\u3001\u4e03\u5f00\u542f", 
      "des": "\u5173\u5361\u7b49\u7ea7\u8d8a\u9ad8\uff0c\u83b7\u5f97\u7684\u5956\u52b1\u8d8a\u9ad8\uff0c\u63d0\u9ad8VIP\u7b49\u7ea7\u53ef\u83b7\u5f97\u989d\u5916\u6b21\u6570", 
      "cost": 30, 
      "icon": "\u4f4e\u7ea7\u5347\u661f", 
      "name": "\u5347\u661f\u77f3\u526f\u672c"
    }
  }
]