[
  {
    "pk": 1, 
    "model": "match.elitearea", 
    "fields": {
      "match_ids": [
        1
      ], 
      "map_name": "1", 
      "des": "\u53d1\u9001\u5230\u6cd5\u6492\u65e6\u6cd5\u5e08\u7684\u996d", 
      "name": "\u4e2d\u56fd\u533a", 
      "need_club_level": 1
    }
  }, 
  {
    "pk": 2, 
    "model": "match.elitearea", 
    "fields": {
      "match_ids": [
        1
      ], 
      "map_name": "2", 
      "des": "\u53d1\u9001\u7684\u8303\u5fb7\u8428\u53d1\u653e", 
      "name": "\u7f8e\u6d32\u533a", 
      "need_club_level": 1
    }
  }
]