[
  {
    "pk": 45000, 
    "model": "item.equipmentspecial", 
    "fields": {
      "unit_hp_percent": 0.0, 
      "unit_crit_multiple": 0.05, 
      "staff_defense_percent": 0.0, 
      "unit_defense_percent": 0.0, 
      "unit_hurt_addition_to_zerg": 0.05, 
      "unit_dodge_rate": 0.0, 
      "unit_hurt_addition_to_terran": 0.05, 
      "unit_hurt_addition_by_protoss": 0.0, 
      "staff_manage_percent": 0.0, 
      "staff_manage": 0, 
      "skills": [
        1, 
        2, 
        3, 
        4
      ], 
      "unit_hurt_addition_by_terran": 0.0, 
      "staff_attack_percent": 0.05, 
      "unit_attack_percent": 0.05, 
      "staff_attack": 30, 
      "unit_toughness_rate": 0.0, 
      "unit_crit_rate": 0.05, 
      "unit_hurt_addition_by_zerg": 0.0, 
      "unit_hit_rate": 0.05, 
      "staff_defense": 0, 
      "unit_hurt_addition_to_protoss": 0.05
    }
  }, 
  {
    "pk": 45100, 
    "model": "item.equipmentspecial", 
    "fields": {
      "unit_hp_percent": 0.05, 
      "unit_crit_multiple": 0.0, 
      "staff_defense_percent": 0.05, 
      "unit_defense_percent": 0.05, 
      "unit_hurt_addition_to_zerg": 0.0, 
      "unit_dodge_rate": 0.05, 
      "unit_hurt_addition_to_terran": 0.0, 
      "unit_hurt_addition_by_protoss": 0.05, 
      "staff_manage_percent": 0.05, 
      "staff_manage": 20, 
      "skills": [
        5, 
        6, 
        7, 
        8, 
        9, 
        10
      ], 
      "unit_hurt_addition_by_terran": 0.05, 
      "staff_attack_percent": 0.0, 
      "unit_attack_percent": 0.0, 
      "staff_attack": 0, 
      "unit_toughness_rate": 0.05, 
      "unit_crit_rate": 0.0, 
      "unit_hurt_addition_by_zerg": 0.05, 
      "unit_hit_rate": 0.0, 
      "staff_defense": 20, 
      "unit_hurt_addition_to_protoss": 0.0
    }
  }, 
  {
    "pk": 45200, 
    "model": "item.equipmentspecial", 
    "fields": {
      "unit_hp_percent": 0.05, 
      "unit_crit_multiple": 0.05, 
      "staff_defense_percent": 0.05, 
      "unit_defense_percent": 0.05, 
      "unit_hurt_addition_to_zerg": 0.05, 
      "unit_dodge_rate": 0.05, 
      "unit_hurt_addition_to_terran": 0.05, 
      "unit_hurt_addition_by_protoss": 0.05, 
      "staff_manage_percent": 0.05, 
      "staff_manage": 15, 
      "skills": [
        1, 
        2, 
        3, 
        4, 
        5, 
        6, 
        7, 
        8, 
        9, 
        10
      ], 
      "unit_hurt_addition_by_terran": 0.05, 
      "staff_attack_percent": 0.05, 
      "unit_attack_percent": 0.05, 
      "staff_attack": 10, 
      "unit_toughness_rate": 0.05, 
      "unit_crit_rate": 0.05, 
      "unit_hurt_addition_by_zerg": 0.05, 
      "unit_hit_rate": 0.05, 
      "staff_defense": 15, 
      "unit_hurt_addition_to_protoss": 0.05
    }
  }
]