[
  {
    "pk": 1, 
    "model": "item.equipmentspecialgrowingproperty", 
    "fields": {
      "property_active_levels": [
        10, 
        20, 
        30, 
        40, 
        50
      ], 
      "skill_active_levels": [], 
      "growing_high": 50, 
      "growing_low": 30
    }
  }, 
  {
    "pk": 2, 
    "model": "item.equipmentspecialgrowingproperty", 
    "fields": {
      "property_active_levels": [
        8, 
        16, 
        24, 
        32, 
        40, 
        48, 
        50
      ], 
      "skill_active_levels": [], 
      "growing_high": 70, 
      "growing_low": 51
    }
  }, 
  {
    "pk": 3, 
    "model": "item.equipmentspecialgrowingproperty", 
    "fields": {
      "property_active_levels": [
        6, 
        12, 
        18, 
        24, 
        30, 
        36, 
        42, 
        48, 
        50
      ], 
      "skill_active_levels": [], 
      "growing_high": 90, 
      "growing_low": 71
    }
  }, 
  {
    "pk": 4, 
    "model": "item.equipmentspecialgrowingproperty", 
    "fields": {
      "property_active_levels": [
        5, 
        10, 
        15, 
        20, 
        25, 
        30, 
        35, 
        40, 
        44, 
        48, 
        50
      ], 
      "skill_active_levels": [
        20
      ], 
      "growing_high": 95, 
      "growing_low": 90
    }
  }, 
  {
    "pk": 5, 
    "model": "item.equipmentspecialgrowingproperty", 
    "fields": {
      "property_active_levels": [
        5, 
        10, 
        15, 
        20, 
        25, 
        30, 
        35, 
        40, 
        44, 
        48, 
        50
      ], 
      "skill_active_levels": [
        20
      ], 
      "growing_high": 99, 
      "growing_low": 96
    }
  }, 
  {
    "pk": 6, 
    "model": "item.equipmentspecialgrowingproperty", 
    "fields": {
      "property_active_levels": [
        5, 
        10, 
        15, 
        20, 
        24, 
        28, 
        30, 
        34, 
        38, 
        40, 
        44, 
        48, 
        50
      ], 
      "skill_active_levels": [
        20
      ], 
      "growing_high": 100, 
      "growing_low": 100
    }
  }
]