[
  {
    "pk": 10002, 
    "model": "item.equipmentspecialgenerate", 
    "fields": {
      "normal_cost": [
        [
          30022, 
          300
        ]
      ], 
      "advance_generate": [
        45001, 
        45001, 
        45001, 
        45002, 
        45002, 
        45003, 
        45003, 
        45004
      ], 
      "minutes": 240, 
      "advance_cost": [
        [
          30000, 
          35
        ], 
        [
          30022, 
          50
        ]
      ], 
      "normal_generate": [
        45000, 
        45000, 
        45000, 
        45000, 
        45001, 
        45001, 
        45001, 
        45002, 
        45002, 
        45003, 
        45003, 
        45004
      ]
    }
  }, 
  {
    "pk": 10003, 
    "model": "item.equipmentspecialgenerate", 
    "fields": {
      "normal_cost": [
        [
          30022, 
          300
        ]
      ], 
      "advance_generate": [
        45101, 
        45101, 
        45101, 
        45102, 
        45102, 
        45103, 
        45103, 
        45104
      ], 
      "minutes": 240, 
      "advance_cost": [
        [
          30000, 
          35
        ], 
        [
          30022, 
          50
        ]
      ], 
      "normal_generate": [
        45100, 
        45100, 
        45100, 
        45100, 
        45101, 
        45101, 
        45101, 
        45102, 
        45102, 
        45103, 
        45103, 
        45104
      ]
    }
  }
]