[
{
    "model": "errormsg.errormsg",
    "pk": 1000,
    "fields": {
        "error_index": "BAD_MESSAGE",
        "text_zh": "\u8bf7\u6c42\u6570\u636e\u9519\u8bef",
        "is_retry": true,
        "jump_to": "",
        "des": "\u4efb\u4f55\u8bf7\u6c42\u90fd\u53ef\u4ee5\u53d1\u751f\uff0c\u5ba2\u6237\u7aef\u53d1\u6765\u7684\u6570\u636e\u4e0d\u6b63\u786e"
    }
},
{
    "model": "errormsg.errormsg",
    "pk": 1001,
    "fields": {
        "error_index": "GOLD_NOT_ENOUGH",
        "text_zh": "\u91d1\u5e01\u4e0d\u591f",
        "is_retry": true,
        "jump_to": "",
        "des": ""
    }
},
{
    "model": "errormsg.errormsg",
    "pk": 1002,
    "fields": {
        "error_index": "DIAMOND_NOT_ENOUGH",
        "text_zh": "\u94bb\u77f3\u4e0d\u591f",
        "is_retry": true,
        "jump_to": "",
        "des": ""
    }
},
{
    "model": "errormsg.errormsg",
    "pk": 1003,
    "fields": {
        "error_index": "CRYSTAL_NOT_ENOUGH",
        "text_zh": "\u6c34\u6676\u4e0d\u8db3",
        "is_retry": true,
        "jump_to": "",
        "des": ""
    }
},
{
    "model": "errormsg.errormsg",
    "pk": 1004,
    "fields": {
        "error_index": "GAS_NOT_ENOUGH",
        "text_zh": "\u6c14\u77ff\u4e0d\u8db3",
        "is_retry": true,
        "jump_to": "",
        "des": ""
    }
},
{
    "model": "errormsg.errormsg",
    "pk": 1005,
    "fields": {
        "error_index": "RENOWN_NOT_ENOUGH",
        "text_zh": "\u58f0\u671b\u4e0d\u591f",
        "is_retry": false,
        "jump_to": "",
        "des": ""
    }
},
{
    "model": "errormsg.errormsg",
    "pk": 1094,
    "fields": {
        "error_index": "LOGIN_NOT_OPEN",
        "text_zh": "\u670d\u52a1\u5668\u5df2\u5173\u95ed\u767b\u9646\u529f\u80fd",
        "is_retry": false,
        "jump_to": "",
        "des": ""
    }
},
{
    "model": "errormsg.errormsg",
    "pk": 1095,
    "fields": {
        "error_index": "REGISTER_NOT_OPEN",
        "text_zh": "\u670d\u52a1\u5668\u5df2\u5173\u95ed\u6ce8\u518c\u529f\u80fd",
        "is_retry": false,
        "jump_to": "",
        "des": ""
    }
},
{
    "model": "errormsg.errormsg",
    "pk": 1096,
    "fields": {
        "error_index": "ACCOUNT_LOGIN_FAILURE",
        "text_zh": "\u767b\u9646\u5931\u8d25",
        "is_retry": false,
        "jump_to": "",
        "des": ""
    }
},
{
    "model": "errormsg.errormsg",
    "pk": 1097,
    "fields": {
        "error_index": "RELOGIN",
        "text_zh": "\u8bf7\u91cd\u65b0\u767b\u9646",
        "is_retry": false,
        "jump_to": "",
        "des": ""
    }
},
{
    "model": "errormsg.errormsg",
    "pk": 1098,
    "fields": {
        "error_index": "INVALID_LOGIN_ID",
        "text_zh": "\u4f60\u7684\u8d26\u53f7\u5df2\u7ecf\u5728\u522b\u5904\u767b\u9646\uff0c\u4f60\u5df2\u4e0b\u7ebf",
        "is_retry": false,
        "jump_to": "",
        "des": ""
    }
},
{
    "model": "errormsg.errormsg",
    "pk": 1099,
    "fields": {
        "error_index": "INVALID_OPERATE",
        "text_zh": "\u975e\u6cd5\u64cd\u4f5c",
        "is_retry": false,
        "jump_to": "",
        "des": ""
    }
},
{
    "model": "errormsg.errormsg",
    "pk": 1100,
    "fields": {
        "error_index": "ACCOUNT_NAME_TAKEN",
        "text_zh": "\u5e10\u53f7\u7528\u6237\u540d\u5df2\u7ecf\u5360\u7528",
        "is_retry": true,
        "jump_to": "",
        "des": "\u6ce8\u518c\u7528\u6237\uff0c\u7528\u6237\u540d\u88ab\u5360\u7528"
    }
},
{
    "model": "errormsg.errormsg",
    "pk": 1101,
    "fields": {
        "error_index": "ACCOUNT_CANNOT_FIND_NAME",
        "text_zh": " \u7528\u6237\u540d\u4e0d\u5b58\u5728",
        "is_retry": true,
        "jump_to": "",
        "des": "\u5e10\u53f7\u767b\u5f55\u65f6\uff0c\u627e\u4e0d\u5230\u5bf9\u5e94\u7684\u7528\u6237\u540d"
    }
},
{
    "model": "errormsg.errormsg",
    "pk": 1102,
    "fields": {
        "error_index": "ACCOUNT_WRONG_PASSWORD",
        "text_zh": "\u5bc6\u7801\u9519\u8bef",
        "is_retry": true,
        "jump_to": "",
        "des": "\u5e10\u53f7\u767b\u5f55"
    }
},
{
    "model": "errormsg.errormsg",
    "pk": 1200,
    "fields": {
        "error_index": "CHAR_ALREADY_CREATED",
        "text_zh": "\u5df2\u7ecf\u521b\u5efa\u4e86\u89d2\u8272",
        "is_retry": true,
        "jump_to": "",
        "des": ""
    }
},
{
    "model": "errormsg.errormsg",
    "pk": 1201,
    "fields": {
        "error_index": "CHAR_NAME_TAKEN",
        "text_zh": "\u89d2\u8272\u540d\u5df2\u88ab\u5360\u7528",
        "is_retry": true,
        "jump_to": "",
        "des": "\u521b\u5efa\u540c\u540d\u89d2\u8272"
    }
},
{
    "model": "errormsg.errormsg",
    "pk": 1202,
    "fields": {
        "error_index": "CHAR_NAME_TOO_LONG",
        "text_zh": "\u89d2\u8272\u540d\u592a\u957f",
        "is_retry": true,
        "jump_to": "",
        "des": "\u521b\u5efa\u89d2\u8272\u65f6 \u8f93\u5165\u7684\u540d\u5b57\u592a\u957f"
    }
},
{
    "model": "errormsg.errormsg",
    "pk": 1203,
    "fields": {
        "error_index": "CHAR_NOT_EXIST",
        "text_zh": "\u6b64\u7528\u6237\u4e0d\u5b58\u5728",
        "is_retry": true,
        "jump_to": "",
        "des": ""
    }
},
{
    "model": "errormsg.errormsg",
    "pk": 1300,
    "fields": {
        "error_index": "CLUB_ALREADY_CREATED",
        "text_zh": "\u5df2\u7ecf\u5efa\u7acb\u4e86\u4ff1\u4e50\u90e8",
        "is_retry": true,
        "jump_to": "",
        "des": ""
    }
},
{
    "model": "errormsg.errormsg",
    "pk": 1301,
    "fields": {
        "error_index": "CLUB_NAME_TAKEN",
        "text_zh": "\u4ff1\u4e50\u90e8\u540d\u5b57\u5df2\u7ecf\u88ab\u5360\u7528",
        "is_retry": true,
        "jump_to": "",
        "des": ""
    }
},
{
    "model": "errormsg.errormsg",
    "pk": 1302,
    "fields": {
        "error_index": "CLUB_LEVEL_NOT_ENOUGH",
        "text_zh": "\u73a9\u5bb6\u7b49\u7ea7\u4e0d\u8db3",
        "is_retry": true,
        "jump_to": "",
        "des": ""
    }
},
{
    "model": "errormsg.errormsg",
    "pk": 1400,
    "fields": {
        "error_index": "STAFF_ALREADY_HAVE",
        "text_zh": "\u5df2\u7ecf\u62e5\u6709\u6b64\u5458\u5de5",
        "is_retry": true,
        "jump_to": "",
        "des": ""
    }
},
{
    "model": "errormsg.errormsg",
    "pk": 1401,
    "fields": {
        "error_index": "STAFF_NOT_EXIST",
        "text_zh": "\u4e0d\u5b58\u5728\u6b64\u5458\u5de5",
        "is_retry": true,
        "jump_to": "",
        "des": ""
    }
},
{
    "model": "errormsg.errormsg",
    "pk": 1402,
    "fields": {
        "error_index": "STAFF_RECRUIT_NOT_IN_LIST",
        "text_zh": "\u8981\u62db\u52df\u7684\u5458\u5de5\u4e0d\u5728\u62db\u52df\u5217\u8868\u91cc",
        "is_retry": true,
        "jump_to": "",
        "des": ""
    }
},
{
    "model": "errormsg.errormsg",
    "pk": 1403,
    "fields": {
        "error_index": "STAFF_CAN_NOT_REMOVE_IN_MATCH",
        "text_zh": "\u5458\u5de5\u51fa\u6218\u4e2d\uff0c\u65e0\u6cd5\u89e3\u96c7",
        "is_retry": true,
        "jump_to": "",
        "des": ""
    }
},
{
    "model": "errormsg.errormsg",
    "pk": 1404,
    "fields": {
        "error_index": "STAFF_AMOUNT_REACH_MAX_LIMIT",
        "text_zh": "\u5458\u5de5\u6570\u91cf\u5df2\u7ecf\u5230\u4e0a\u9650\uff0c\u8bf7\u5347\u7ea7\u4ff1\u4e50\u90e8\u7b49\u7ea7",
        "is_retry": false,
        "jump_to": "",
        "des": ""
    }
},
{
    "model": "errormsg.errormsg",
    "pk": 1415,
    "fields": {
        "error_index": "STAFF_EQUIP_ON_TYPE_ERROR",
        "text_zh": "\u53ea\u80fd\u7a7f\u88c5\u5907",
        "is_retry": false,
        "jump_to": "",
        "des": ""
    }
},
{
    "model": "errormsg.errormsg",
    "pk": 1416,
    "fields": {
        "error_index": "STAFF_STRENGTH_NO_CARD",
        "text_zh": "\u6ca1\u6709\u5bf9\u5e94\u7684\u5458\u5de5\u5361\uff0c\u65e0\u6cd5\u5f3a\u5316",
        "is_retry": false,
        "jump_to": "",
        "des": ""
    }
},
{
    "model": "errormsg.errormsg",
    "pk": 1417,
    "fields": {
        "error_index": "STAFF_IN_FORMATION",
        "text_zh": "\u9009\u624b\u5728\u9635\u578b\u4e2d\uff0c\u65e0\u6cd5\u8fdb\u884c\u6b64\u64cd\u4f5c",
        "is_retry": false,
        "jump_to": "",
        "des": "\u91cd\u7f6e\uff0c\u83b7\u53d6\u6d3e\u5f80\u4e92\u65a5\u7684\u5de5\u4f5c\u65f6"
    }
},
{
    "model": "errormsg.errormsg",
    "pk": 1418,
    "fields": {
        "error_index": "STAFF_CANNOT_DESTROY_IN_TERRITORY",
        "text_zh": "\u5728\u9886\u5730\u4e2d\u8bad\u7ec3\uff0c\u65e0\u6cd5\u5206\u89e3",
        "is_retry": false,
        "jump_to": "",
        "des": ""
    }
},
{
    "model": "errormsg.errormsg",
    "pk": 1419,
    "fields": {
        "error_index": "STAFF_IN_PLUNDER_FORMATION",
        "text_zh": "\u9009\u624b\u5728\u63a0\u593a\u9635\u578b\u4e2d\uff0c\u65e0\u6cd5\u8fdb\u884c\u6b64\u64cd\u4f5c",
        "is_retry": false,
        "jump_to": "",
        "des": ""
    }
},
{
    "model": "errormsg.errormsg",
    "pk": 1600,
    "fields": {
        "error_index": "TASK_NOT_EXIST",
        "text_zh": "\u4efb\u52a1\u4e0d\u5b58\u5728",
        "is_retry": true,
        "jump_to": "",
        "des": ""
    }
},
{
    "model": "errormsg.errormsg",
    "pk": 1601,
    "fields": {
        "error_index": "TASK_ALREADY_DOING",
        "text_zh": "\u4e0d\u80fd\u91cd\u590d\u63a5\u540c\u4e00\u4e2a\u4efb\u52a1",
        "is_retry": true,
        "jump_to": "",
        "des": ""
    }
},
{
    "model": "errormsg.errormsg",
    "pk": 1602,
    "fields": {
        "error_index": "TASK_NOT_DONE",
        "text_zh": "\u4efb\u52a1\u672a\u5b8c\u6210\uff0c\u4e0d\u80fd\u9886\u5956",
        "is_retry": true,
        "jump_to": "",
        "des": ""
    }
},
{
    "model": "errormsg.errormsg",
    "pk": 1603,
    "fields": {
        "error_index": "TASK_ALREADY_GET_REWARD",
        "text_zh": "\u4efb\u52a1\u5df2\u7ecf\u9886\u8fc7\u5956\u4e86",
        "is_retry": true,
        "jump_to": "",
        "des": ""
    }
},
{
    "model": "errormsg.errormsg",
    "pk": 1604,
    "fields": {
        "error_index": "TASK_NOT_FIND",
        "text_zh": "\u73a9\u5bb6\u6ca1\u6709\u8fd9\u4e2a\u4efb\u52a1",
        "is_retry": true,
        "jump_to": "",
        "des": ""
    }
},
{
    "model": "errormsg.errormsg",
    "pk": 1605,
    "fields": {
        "error_index": "TARGET_TYPE_NOT_EXIST",
        "text_zh": "\u4efb\u52a1\u76ee\u6807\u7c7b\u578b\u4e0d\u5b58\u5728",
        "is_retry": false,
        "jump_to": "",
        "des": ""
    }
},
{
    "model": "errormsg.errormsg",
    "pk": 1606,
    "fields": {
        "error_index": "TASK_CAN_NOT_REPRODUCE",
        "text_zh": "\u4efb\u52a1\u4e0d\u80fd\u91cd\u590d\u505a",
        "is_retry": true,
        "jump_to": "",
        "des": ""
    }
},
{
    "model": "errormsg.errormsg",
    "pk": 1700,
    "fields": {
        "error_index": "POLICY_NOT_EXIST",
        "text_zh": "\u6218\u672f\u4e0d\u5b58\u5728",
        "is_retry": true,
        "jump_to": "",
        "des": ""
    }
},
{
    "model": "errormsg.errormsg",
    "pk": 1900,
    "fields": {
        "error_index": "BUILDING_CAN_NOT_LEVEL_UP",
        "text_zh": "\u6b64\u5efa\u7b51\u4e0d\u80fd\u5347\u7ea7",
        "is_retry": true,
        "jump_to": "",
        "des": ""
    }
},
{
    "model": "errormsg.errormsg",
    "pk": 1901,
    "fields": {
        "error_index": "BUILDING_ALREADY_MAX_LEVEL",
        "text_zh": "\u6b64\u5efa\u7b51\u5df2\u7ecf\u5230\u8fbe\u6700\u9ad8\u7b49\u7ea7\uff0c\u65e0\u6cd5\u518d\u5347\u7ea7",
        "is_retry": true,
        "jump_to": "",
        "des": ""
    }
},
{
    "model": "errormsg.errormsg",
    "pk": 1902,
    "fields": {
        "error_index": "BUILDING_NOT_EXIST",
        "text_zh": "\u6b64\u5efa\u7b51\u4e0d\u5b58\u5728",
        "is_retry": true,
        "jump_to": "",
        "des": ""
    }
},
{
    "model": "errormsg.errormsg",
    "pk": 1903,
    "fields": {
        "error_index": "BUILDING_TASK_CENTER_LEVEL_NOT_ENOUGH",
        "text_zh": "\u4efb\u52a1\u4e2d\u5fc3\u7b49\u7ea7\u4e0d\u591f",
        "is_retry": true,
        "jump_to": "",
        "des": ""
    }
},
{
    "model": "errormsg.errormsg",
    "pk": 1904,
    "fields": {
        "error_index": "BUILDING_IN_UPGRADING",
        "text_zh": "\u5efa\u7b51\u6b63\u5728\u5347\u7ea7\u4e2d",
        "is_retry": false,
        "jump_to": "",
        "des": ""
    }
},
{
    "model": "errormsg.errormsg",
    "pk": 1911,
    "fields": {
        "error_index": "BUILDING_CANNOT_SPEEDUP",
        "text_zh": "\u6ca1\u6709\u5347\u7ea7\uff0c\u65e0\u6cd5\u52a0\u901f",
        "is_retry": false,
        "jump_to": "",
        "des": ""
    }
},
{
    "model": "errormsg.errormsg",
    "pk": 2000,
    "fields": {
        "error_index": "CHALLENGE_ALL_FINISHED",
        "text_zh": "\u6311\u6218\u8d5b\u5df2\u7ecf\u5168\u90e8\u6253\u5b8c",
        "is_retry": true,
        "jump_to": "",
        "des": ""
    }
},
{
    "model": "errormsg.errormsg",
    "pk": 2001,
    "fields": {
        "error_index": "CHALLENGE_AREA_FINISH",
        "text_zh": "\u6b64\u5927\u533a\u5df2\u7ecf\u901a\u5173",
        "is_retry": false,
        "jump_to": "",
        "des": ""
    }
},
{
    "model": "errormsg.errormsg",
    "pk": 2002,
    "fields": {
        "error_index": "CHALLENGE_AREA_NOT_OPEN",
        "text_zh": "\u6b64\u5927\u533a\u6ca1\u6709\u5f00\u542f",
        "is_retry": false,
        "jump_to": "",
        "des": ""
    }
},
{
    "model": "errormsg.errormsg",
    "pk": 2003,
    "fields": {
        "error_index": "CHALLENGE_AREA_NOT_EXIST",
        "text_zh": "\u4e0d\u5b58\u5728\u6b64\u5927\u533a",
        "is_retry": false,
        "jump_to": "",
        "des": ""
    }
},
{
    "model": "errormsg.errormsg",
    "pk": 2004,
    "fields": {
        "error_index": "CHALLENGE_NOT_OPEN",
        "text_zh": "\u5173\u5361\u5c1a\u672a\u5f00\u542f",
        "is_retry": false,
        "jump_to": "",
        "des": ""
    }
},
{
    "model": "errormsg.errormsg",
    "pk": 2005,
    "fields": {
        "error_index": "CHALLENGE_WITHOUT_TIMES",
        "text_zh": "\u5173\u5361\u6311\u6218\u6b21\u6570\u5df2\u8fbe\u4e0a\u9650",
        "is_retry": false,
        "jump_to": "",
        "des": ""
    }
},
{
    "model": "errormsg.errormsg",
    "pk": 2006,
    "fields": {
        "error_index": "CHALLENGE_NOT_ENOUGH_ENERGY",
        "text_zh": "\u4f53\u529b\u4e0d\u8db3",
        "is_retry": false,
        "jump_to": "",
        "des": ""
    }
},
{
    "model": "errormsg.errormsg",
    "pk": 2007,
    "fields": {
        "error_index": "CHALLENGE_NO_BUY_ENERGY_TIMES",
        "text_zh": "\u8d2d\u4e70\u6b21\u6570\u5df2\u7528\u5b8c",
        "is_retry": true,
        "jump_to": "",
        "des": ""
    }
},
{
    "model": "errormsg.errormsg",
    "pk": 2008,
    "fields": {
        "error_index": "CHALLENGE_REWARD_HAVE_GET",
        "text_zh": "\u5956\u52b1\u5df2\u9886\u53d6",
        "is_retry": true,
        "jump_to": "",
        "des": ""
    }
},
{
    "model": "errormsg.errormsg",
    "pk": 2009,
    "fields": {
        "error_index": "CHALLENGE_REWARD_NOT_EXIST",
        "text_zh": "\u661f\u7ea7\u5956\u52b1\u4e0d\u5b58\u5728",
        "is_retry": false,
        "jump_to": "",
        "des": ""
    }
},
{
    "model": "errormsg.errormsg",
    "pk": 2010,
    "fields": {
        "error_index": "CHALLENGE_REWARD_STARS_NOT_ENOUGH",
        "text_zh": "\u661f\u7ea7\u6570\u4e0d\u8db3",
        "is_retry": false,
        "jump_to": "",
        "des": ""
    }
},
{
    "model": "errormsg.errormsg",
    "pk": 2011,
    "fields": {
        "error_index": "CHALLENGE_NOT_3_STAR",
        "text_zh": "\u4e0d\u662f3\u661f\uff0c\u65e0\u6cd5\u626b\u8361",
        "is_retry": false,
        "jump_to": "",
        "des": ""
    }
},
{
    "model": "errormsg.errormsg",
    "pk": 2012,
    "fields": {
        "error_index": "CHALLENGE_NOT_EXIST",
        "text_zh": "\u6311\u6218\u8d5b\u5173\u5361\u4e0d\u5b58\u5728",
        "is_retry": false,
        "jump_to": "",
        "des": ""
    }
},
{
    "model": "errormsg.errormsg",
    "pk": 2013,
    "fields": {
        "error_index": "CHALLENGE_CHAPTER_NOT_EXIST",
        "text_zh": "\u6311\u6218\u8d5b\u7ae0\u8282\u4e0d\u5b58\u5728",
        "is_retry": false,
        "jump_to": "",
        "des": ""
    }
},
{
    "model": "errormsg.errormsg",
    "pk": 2014,
    "fields": {
        "error_index": "CHALLENGE_CHAPTER_NOT_OPEN",
        "text_zh": "\u6311\u6218\u8d5b\u7ae0\u8282\u6ca1\u6709\u5f00\u542f",
        "is_retry": false,
        "jump_to": "",
        "des": ""
    }
},
{
    "model": "errormsg.errormsg",
    "pk": 2015,
    "fields": {
        "error_index": "CHALLENGE_CHAPTER_HAS_ALREADY_REWARD",
        "text_zh": "\u6311\u6218\u8d5b\u7ae0\u8282\u5df2\u7ecf\u9886\u8fc7\u5956\u4e86",
        "is_retry": false,
        "jump_to": "",
        "des": ""
    }
},
{
    "model": "errormsg.errormsg",
    "pk": 2016,
    "fields": {
        "error_index": "CHALLENGE_CHAPTER_INVALID_REWARD",
        "text_zh": "\u6311\u6218\u8d5b\u7ae0\u8282\u9886\u5956\uff0c \u6ca1\u6709\u8fd9\u4e2a\u5956\u52b1",
        "is_retry": false,
        "jump_to": "",
        "des": ""
    }
},
{
    "model": "errormsg.errormsg",
    "pk": 2017,
    "fields": {
        "error_index": "CHALLENGE_CHAPTER_REWARD_STAR_NOT_ENOUGH",
        "text_zh": "\u6311\u6218\u8d5b\u7ae0\u8282\u9886\u5956\uff0c\u661f\u661f\u4e0d\u591f",
        "is_retry": false,
        "jump_to": "",
        "des": ""
    }
},
{
    "model": "errormsg.errormsg",
    "pk": 2018,
    "fields": {
        "error_index": "CHALLENGE_CANNOT_RESET_HAS_FREE_TIMES",
        "text_zh": "\u6b64\u5173\u5361\u8fd8\u6709\u514d\u8d39\u6b21\u6570\uff0c\u4e0d\u80fd\u91cd\u7f6e",
        "is_retry": false,
        "jump_to": "",
        "des": ""
    }
},
{
    "model": "errormsg.errormsg",
    "pk": 2019,
    "fields": {
        "error_index": "CHALLENGE_NO_RESET_TIMES",
        "text_zh": "\u6b64\u5173\u5361\u6ca1\u6709\u91cd\u7f6e\u6b21\u6570\u4e86",
        "is_retry": false,
        "jump_to": "",
        "des": ""
    }
},
{
    "model": "errormsg.errormsg",
    "pk": 2020,
    "fields": {
        "error_index": "CHALLENGE_STAR_NOT_ENOUGH",
        "text_zh": "\u526f\u672c\u661f\u6570\u4e0d\u591f",
        "is_retry": false,
        "jump_to": "",
        "des": ""
    }
},
{
    "model": "errormsg.errormsg",
    "pk": 2400,
    "fields": {
        "error_index": "NOTIFICATION_NOT_EXIST",
        "text_zh": "\u901a\u77e5\u4e0d\u5b58\u5728",
        "is_retry": true,
        "jump_to": "",
        "des": ""
    }
},
{
    "model": "errormsg.errormsg",
    "pk": 2500,
    "fields": {
        "error_index": "SPONSOR_TARGET_ALREADY_SPONSOR_OTHER",
        "text_zh": "\u5bf9\u65b9\u5df2\u7ecf\u8d5e\u52a9\u5176\u4ed6\u4ff1\u4e50\u90e8\uff0c\u65e0\u6cd5\u540c\u65f6\u8d5e\u52a9\u4f60",
        "is_retry": false,
        "jump_to": "",
        "des": "\u6ca1\u6709\u4f7f\u7528"
    }
},
{
    "model": "errormsg.errormsg",
    "pk": 2501,
    "fields": {
        "error_index": "SPONSOR_TARGET_ALREADY_SPONSOR_YOU",
        "text_zh": "\u5bf9\u65b9\u5df2\u7ecf\u8d5e\u52a9\u4f60\u4e86\uff0c\u65e0\u6cd5\u518d\u6b21\u8d5e\u52a9",
        "is_retry": false,
        "jump_to": "",
        "des": "\u6ca1\u6709\u4f7f\u7528"
    }
},
{
    "model": "errormsg.errormsg",
    "pk": 2502,
    "fields": {
        "error_index": "SPONSOR_ALREADY_SPONSOR",
        "text_zh": "\u5df2\u7ecf\u8d5e\u52a9\u4e86\u5176\u4ed6\u4ff1\u4e50\u90e8\uff0c\u65e0\u6cd5\u518d\u8d5e\u52a9",
        "is_retry": false,
        "jump_to": "",
        "des": ""
    }
},
{
    "model": "errormsg.errormsg",
    "pk": 2503,
    "fields": {
        "error_index": "SPONSOR_NO_INVITE",
        "text_zh": "\u6ca1\u6709\u9080\u8bf7\uff0c\u65e0\u6cd5\u8d5e\u52a9",
        "is_retry": true,
        "jump_to": "",
        "des": ""
    }
},
{
    "model": "errormsg.errormsg",
    "pk": 2600,
    "fields": {
        "error_index": "SIGN_ALREADY_SIGNED",
        "text_zh": "\u5df2\u7ecf\u7b7e\u8fc7\u4e86\uff0c\u65e0\u6cd5\u518d\u7b7e",
        "is_retry": false,
        "jump_to": "",
        "des": ""
    }
},
{
    "model": "errormsg.errormsg",
    "pk": 2601,
    "fields": {
        "error_index": "SIGN_CAN_NOT",
        "text_zh": "\u65e0\u6cd5\u7b7e\u5230",
        "is_retry": false,
        "jump_to": "",
        "des": ""
    }
},
{
    "model": "errormsg.errormsg",
    "pk": 2700,
    "fields": {
        "error_index": "LOGIN_REWARD_NOT_TO_TIME",
        "text_zh": "\u65f6\u95f4\u6ca1\u5230\uff0c\u65e0\u6cd5\u9886\u53d6",
        "is_retry": true,
        "jump_to": "",
        "des": ""
    }
},
{
    "model": "errormsg.errormsg",
    "pk": 2701,
    "fields": {
        "error_index": "LOGIN_REWARD_ALREADY_GOT",
        "text_zh": "\u5df2\u7ecf\u9886\u8fc7\u4e86",
        "is_retry": true,
        "jump_to": "",
        "des": ""
    }
},
{
    "model": "errormsg.errormsg",
    "pk": 2800,
    "fields": {
        "error_index": "ACTIVE_REWARD_NOT_EXIST",
        "text_zh": " \u4e0d\u5b58\u5728\u6b64\u6d3b\u8dc3\u5ea6\u5956\u52b1",
        "is_retry": false,
        "jump_to": "",
        "des": ""
    }
},
{
    "model": "errormsg.errormsg",
    "pk": 2801,
    "fields": {
        "error_index": "ACTIVE_REWARD_ALREADY_GOT",
        "text_zh": "\u6b64\u6d3b\u8dc3\u5ea6\u5956\u52b1\u5df2\u7ecf\u9886\u8fc7\u4e86",
        "is_retry": false,
        "jump_to": "",
        "des": ""
    }
},
{
    "model": "errormsg.errormsg",
    "pk": 2802,
    "fields": {
        "error_index": "ACTIVE_REWARD_CAN_NOT_GET",
        "text_zh": "\u6b64\u6d3b\u8dc3\u5ea6\u5956\u52b1\u65e0\u6cd5\u9886\u53d6",
        "is_retry": false,
        "jump_to": "",
        "des": ""
    }
},
{
    "model": "errormsg.errormsg",
    "pk": 3100,
    "fields": {
        "error_index": "ITEM_NOT_EXIST",
        "text_zh": "\u7269\u54c1\u4e0d\u5b58\u5728",
        "is_retry": false,
        "jump_to": "",
        "des": ""
    }
},
{
    "model": "errormsg.errormsg",
    "pk": 3101,
    "fields": {
        "error_index": "ITEM_NOT_ENOUGH",
        "text_zh": "\u7269\u54c1\u4e0d\u591f",
        "is_retry": false,
        "jump_to": "",
        "des": ""
    }
},
{
    "model": "errormsg.errormsg",
    "pk": 3102,
    "fields": {
        "error_index": "ITEM_NOT_SELL",
        "text_zh": "\u6b64\u9053\u5177\u4e0d\u51fa\u552e",
        "is_retry": false,
        "jump_to": "",
        "des": ""
    }
},
{
    "model": "errormsg.errormsg",
    "pk": 3103,
    "fields": {
        "error_index": "ITEM_NOT_USE",
        "text_zh": "\u6b64\u7269\u54c1\u4e0d\u80fd\u4f7f\u7528",
        "is_retry": false,
        "jump_to": "",
        "des": ""
    }
},
{
    "model": "errormsg.errormsg",
    "pk": 3104,
    "fields": {
        "error_index": "ITEM_BOX_ONLY_USE_ONE",
        "text_zh": "\u5b9d\u7bb1\u53ea\u80fd\u4e00\u4e2a\u4e00\u4e2a\u4f7f\u7528",
        "is_retry": false,
        "jump_to": "",
        "des": ""
    }
},
{
    "model": "errormsg.errormsg",
    "pk": 3110,
    "fields": {
        "error_index": "ITEM_30012_NOT_ENOUGH",
        "text_zh": "\u8089\u677e\u997c\u4e0d\u591f",
        "is_retry": false,
        "jump_to": "",
        "des": ""
    }
},
{
    "model": "errormsg.errormsg",
    "pk": 3111,
    "fields": {
        "error_index": "ITEM_30013_NOT_ENOUGH",
        "text_zh": "\u73a9\u5177\u4e0d\u591f",
        "is_retry": false,
        "jump_to": "",
        "des": ""
    }
},
{
    "model": "errormsg.errormsg",
    "pk": 3112,
    "fields": {
        "error_index": "ITEM_30014_NOT_ENOUGH",
        "text_zh": "\u6c14\u7403\u4e0d\u591f",
        "is_retry": false,
        "jump_to": "",
        "des": ""
    }
},
{
    "model": "errormsg.errormsg",
    "pk": 3150,
    "fields": {
        "error_index": "ITEM_MERGE_BAD_REQUEST",
        "text_zh": "\u7269\u54c1\u65e0\u6cd5\u5408\u6210",
        "is_retry": false,
        "jump_to": "",
        "des": ""
    }
},
{
    "model": "errormsg.errormsg",
    "pk": 3151,
    "fields": {
        "error_index": "ITEM_MERGE_STAFF_CARD_MAX_STAR",
        "text_zh": "\u5458\u5de5\u5361\u5df2\u7ecf\u5230\u6700\u9ad8\u661f\u7ea7\uff0c\u65e0\u6cd5\u518d\u5408\u6210",
        "is_retry": false,
        "jump_to": "",
        "des": ""
    }
},
{
    "model": "errormsg.errormsg",
    "pk": 3152,
    "fields": {
        "error_index": "ITEM_CANNOT_USE",
        "text_zh": "\u6b64\u9053\u5177\u4e0d\u80fd\u4f7f\u7528",
        "is_retry": false,
        "jump_to": "",
        "des": ""
    }
},
{
    "model": "errormsg.errormsg",
    "pk": 4000,
    "fields": {
        "error_index": "FRIEND_ALREADY_IS_FRIEND",
        "text_zh": "\u5df2\u7ecf\u662f\u597d\u53cb\u4e86",
        "is_retry": true,
        "jump_to": "",
        "des": ""
    }
},
{
    "model": "errormsg.errormsg",
    "pk": 4001,
    "fields": {
        "error_index": "FRIEND_ACCEPT_ERROR",
        "text_zh": "\u5bf9\u65b9\u6ca1\u6709\u5411\u4f60\u53d1\u51fa\u597d\u53cb\u7533\u8bf7\uff0c\u63a5\u53d7\u5931\u8d25",
        "is_retry": true,
        "jump_to": "",
        "des": ""
    }
},
{
    "model": "errormsg.errormsg",
    "pk": 4002,
    "fields": {
        "error_index": "FRIEND_NOT_EXIST",
        "text_zh": "\u4e0d\u5b58\u5728\u6b64\u597d\u53cb",
        "is_retry": true,
        "jump_to": "",
        "des": ""
    }
},
{
    "model": "errormsg.errormsg",
    "pk": 4003,
    "fields": {
        "error_index": "FRIEND_ADD_REQUEST_ALREADY_SENT",
        "text_zh": "\u597d\u53cb\u8bf7\u6c42\u5df2\u53d1\u9001",
        "is_retry": true,
        "jump_to": "",
        "des": ""
    }
},
{
    "model": "errormsg.errormsg",
    "pk": 4004,
    "fields": {
        "error_index": "FRIEND_NOT_OK",
        "text_zh": "\u4e0d\u662f\u597d\u53cb\uff0c\u65e0\u6cd5\u64cd\u4f5c",
        "is_retry": true,
        "jump_to": "",
        "des": ""
    }
},
{
    "model": "errormsg.errormsg",
    "pk": 4100,
    "fields": {
        "error_index": "MAIL_NOT_EXISTS",
        "text_zh": "\u4e0d\u5b58\u5728\u6b64\u90ae\u4ef6",
        "is_retry": true,
        "jump_to": "",
        "des": ""
    }
},
{
    "model": "errormsg.errormsg",
    "pk": 4101,
    "fields": {
        "error_index": "MAIL_HAS_NO_ATTACHMENT",
        "text_zh": "\u6b64\u90ae\u4ef6\u6ca1\u6709\u9644\u4ef6",
        "is_retry": true,
        "jump_to": "",
        "des": ""
    }
},
{
    "model": "errormsg.errormsg",
    "pk": 4200,
    "fields": {
        "error_index": "UPLOAD_AVATAR_ERROR",
        "text_zh": "\u4e0a\u4f20\u5934\u50cf\u5931\u8d25",
        "is_retry": false,
        "jump_to": "",
        "des": ""
    }
},
{
    "model": "errormsg.errormsg",
    "pk": 10000,
    "fields": {
        "error_index": "STAFF_ALREADY_MAX_LEVEL",
        "text_zh": "\u5df2\u7ecf\u5230\u6700\u9ad8\u7b49\u7ea7\uff0c\u4e0d\u80fd\u518d\u5347\u7ea7",
        "is_retry": false,
        "jump_to": "",
        "des": ""
    }
},
{
    "model": "errormsg.errormsg",
    "pk": 10001,
    "fields": {
        "error_index": "STAFF_ALREADY_MAX_STEP",
        "text_zh": "\u5df2\u7ecf\u5230\u6700\u9ad8\u9636\uff0c\u4e0d\u80fd\u518d\u5347\u7ea7",
        "is_retry": false,
        "jump_to": "",
        "des": ""
    }
},
{
    "model": "errormsg.errormsg",
    "pk": 10002,
    "fields": {
        "error_index": "STAFF_ALREADY_MAX_STAR",
        "text_zh": "\u5df2\u7ecf\u5230\u6700\u9ad8\u661f\uff0c\u4e0d\u80fd\u518d\u5347\u7ea7",
        "is_retry": false,
        "jump_to": "",
        "des": ""
    }
},
{
    "model": "errormsg.errormsg",
    "pk": 10003,
    "fields": {
        "error_index": "STAFF_LEVEL_NOT_ENOUGH",
        "text_zh": "\u9009\u624b\u7b49\u7ea7\u4e0d\u8db3",
        "is_retry": false,
        "jump_to": "",
        "des": ""
    }
},
{
    "model": "errormsg.errormsg",
    "pk": 10004,
    "fields": {
        "error_index": "STAFF_CANNOT_DESTROY_INITIAL_STATE",
        "text_zh": "\u89d2\u8272\u662f\u521d\u59cb\u72b6\u6001\uff0c\u65e0\u6cd5\u9ad8\u7ea7\u5206\u89e3",
        "is_retry": false,
        "jump_to": "",
        "des": ""
    }
},
{
    "model": "errormsg.errormsg",
    "pk": 10005,
    "fields": {
        "error_index": "STAFF_RECRUIT_SCORE_NOT_ENOUGH",
        "text_zh": "\u62bd\u5361\u79ef\u5206\u4e0d\u591f",
        "is_retry": false,
        "jump_to": "",
        "des": ""
    }
},
{
    "model": "errormsg.errormsg",
    "pk": 11000,
    "fields": {
        "error_index": "EQUIPMENT_ON_OTHER_STUFF",
        "text_zh": "\u6b64\u88c5\u5907\u5728\u5176\u4ed6\u9009\u624b\u8eab\u4e0a",
        "is_retry": false,
        "jump_to": "",
        "des": ""
    }
},
{
    "model": "errormsg.errormsg",
    "pk": 11001,
    "fields": {
        "error_index": "EQUIPMENT_TYPE_NOT_MATCH",
        "text_zh": "\u88c5\u5907\u7c7b\u578b\u4e0d\u5339\u914d",
        "is_retry": false,
        "jump_to": "",
        "des": ""
    }
},
{
    "model": "errormsg.errormsg",
    "pk": 11002,
    "fields": {
        "error_index": "EQUIPMENT_REACH_MAX_LEVEL",
        "text_zh": "\u88c5\u5907\u5df2\u7ecf\u662f\u5f53\u524d\u6700\u9ad8\u7b49\u7ea7,\u63d0\u9ad8\u4ff1\u4e50\u90e8\u7b49\u7ea7\u53ef\u63d0\u9ad8\u5f3a\u5316\u7b49\u7ea7\u4e0a\u9650",
        "is_retry": false,
        "jump_to": "",
        "des": ""
    }
},
{
    "model": "errormsg.errormsg",
    "pk": 11003,
    "fields": {
        "error_index": "EQUIPMENT_CANNOT_DESTROY_ON_STAFF",
        "text_zh": "\u88c5\u5907\u5728\u9009\u624b\u8eab\u4e0a\uff0c\u65e0\u6cd5\u9500\u6bc1",
        "is_retry": true,
        "jump_to": "",
        "des": ""
    }
},
{
    "model": "errormsg.errormsg",
    "pk": 11004,
    "fields": {
        "error_index": "EQUIPMENT_CANNOT_DESTROY_NO_LEVEL_UP",
        "text_zh": "\u88c5\u5907\u6ca1\u6709\u5347\u7ea7\uff0c\u65e0\u6cd5\u9ad8\u7ea7\u5206\u89e3",
        "is_retry": false,
        "jump_to": "",
        "des": ""
    }
},
{
    "model": "errormsg.errormsg",
    "pk": 11005,
    "fields": {
        "error_index": "EQUIPMENT_HAS_NO_LEVEL_CAN_NOT_ADD",
        "text_zh": "\u88c5\u5907\u6ca1\u6709\u7b49\u7ea7\uff0c\u4e0d\u80fd\u7ed9\u73a9\u5bb6",
        "is_retry": false,
        "jump_to": "",
        "des": ""
    }
},
{
    "model": "errormsg.errormsg",
    "pk": 11006,
    "fields": {
        "error_index": "EQUIPMENT_SPECIAL_REACH_MAX_LEVEL",
        "text_zh": "\u795e\u5668\u5df2\u5230\u5f53\u524d\u6700\u9ad8\u7b49\u7ea7,\u63d0\u9ad8\u63a0\u593a\u57fa\u5730\u7b49\u7ea7\u53ef\u63d0\u9ad8\u5f3a\u5316\u7b49\u7ea7\u4e0a\u9650",
        "is_retry": false,
        "jump_to": "",
        "des": ""
    }
},
{
    "model": "errormsg.errormsg",
    "pk": 11007,
    "fields": {
        "error_index": "EQUIPMENT_SELF_REACH_MAX_LEVEL",
        "text_zh": "\u88c5\u5907\u81ea\u8eab\u5df2\u7ecf\u8fbe\u5230\u6700\u9ad8\u7b49\u7ea7",
        "is_retry": false,
        "jump_to": "",
        "des": ""
    }
},
{
    "model": "errormsg.errormsg",
    "pk": 12000,
    "fields": {
        "error_index": "UNIT_REACH_MAX_LEVEL",
        "text_zh": "\u5175\u79cd\u6700\u5927\u7b49\u7ea7\uff0c\u63d0\u9ad8\u4ff1\u4e50\u90e8\u7b49\u7ea7\u53ef\u63d0\u9ad8\u5f3a\u5316\u7b49\u7ea7\u4e0a\u9650",
        "is_retry": false,
        "jump_to": "",
        "des": ""
    }
},
{
    "model": "errormsg.errormsg",
    "pk": 12001,
    "fields": {
        "error_index": "UNIT_REACH_MAX_STEP",
        "text_zh": "\u5175\u79cd\u6700\u5927\u7b49\u9636\uff0c\u4e0d\u80fd\u5347\u7ea7",
        "is_retry": false,
        "jump_to": "",
        "des": ""
    }
},
{
    "model": "errormsg.errormsg",
    "pk": 12002,
    "fields": {
        "error_index": "UNIT_LEVEL_NOT_ENOUGH",
        "text_zh": "\u5175\u79cd\u7b49\u7ea7\u4e0d\u8db3",
        "is_retry": false,
        "jump_to": "",
        "des": ""
    }
},
{
    "model": "errormsg.errormsg",
    "pk": 12003,
    "fields": {
        "error_index": "UNIT_UNLOCK_CLUB_LEVEL_NOT_ENOUGH",
        "text_zh": "\u4ff1\u4e50\u90e8\u7b49\u7ea7\u4f4e\u4e8e\u89e3\u9501\u6240\u9700\u7b49\u7ea7",
        "is_retry": false,
        "jump_to": "",
        "des": ""
    }
},
{
    "model": "errormsg.errormsg",
    "pk": 12004,
    "fields": {
        "error_index": "UNIT_UNLOCK_UNIT_LEVEL_NOT_ENOUGH",
        "text_zh": "\u89e3\u9501\u6240\u9700\u5175\u79cd\u7b49\u7ea7\u4e0d\u8db3",
        "is_retry": false,
        "jump_to": "",
        "des": ""
    }
},
{
    "model": "errormsg.errormsg",
    "pk": 12005,
    "fields": {
        "error_index": "UNIT_IS_UNLOCKED",
        "text_zh": "\u5175\u79cd\u8fd8\u5728\u89e3\u9501\u4e2d",
        "is_retry": false,
        "jump_to": "",
        "des": ""
    }
},
{
    "model": "errormsg.errormsg",
    "pk": 12006,
    "fields": {
        "error_index": "UNIT_IS_INIT_CANNOT_DESTROY",
        "text_zh": "\u5175\u79cd\u662f\u521d\u59cb\u72b6\u6001\uff0c\u65e0\u6cd5\u91cd\u7f6e",
        "is_retry": false,
        "jump_to": "",
        "des": ""
    }
},
{
    "model": "errormsg.errormsg",
    "pk": 12007,
    "fields": {
        "error_index": "UNIT_NOT_EXIST",
        "text_zh": "\u5175\u79cd\u4e0d\u5b58\u5728",
        "is_retry": false,
        "jump_to": "",
        "des": ""
    }
},
{
    "model": "errormsg.errormsg",
    "pk": 13000,
    "fields": {
        "error_index": "FORMATION_SLOT_NOT_OPEN",
        "text_zh": "\u9635\u578b\u4f4d\u7f6e\u6ca1\u6709\u5f00\u653e",
        "is_retry": false,
        "jump_to": "",
        "des": ""
    }
},
{
    "model": "errormsg.errormsg",
    "pk": 13001,
    "fields": {
        "error_index": "FORMATION_STAFF_ALREADY_IN",
        "text_zh": "\u9009\u624b\u5df2\u7ecf\u5728\u9635\u578b\u4e2d",
        "is_retry": false,
        "jump_to": "",
        "des": ""
    }
},
{
    "model": "errormsg.errormsg",
    "pk": 13002,
    "fields": {
        "error_index": "FORMATION_SLOT_NO_STAFF",
        "text_zh": "\u6b64\u4f4d\u7f6e\u6ca1\u6709\u9009\u624b",
        "is_retry": false,
        "jump_to": "",
        "des": ""
    }
},
{
    "model": "errormsg.errormsg",
    "pk": 13003,
    "fields": {
        "error_index": "FORMATION_SLOT_AMOUNT_REACH_MAX",
        "text_zh": "\u9635\u578b\u683c\u5b50\u5df2\u7ecf\u7528\u5b8c\u4e86",
        "is_retry": false,
        "jump_to": "",
        "des": ""
    }
},
{
    "model": "errormsg.errormsg",
    "pk": 13004,
    "fields": {
        "error_index": "FORMATION_NOT_EXIST",
        "text_zh": "\u9635\u578b\u4e0d\u5b58\u5728",
        "is_retry": false,
        "jump_to": "",
        "des": ""
    }
},
{
    "model": "errormsg.errormsg",
    "pk": 13005,
    "fields": {
        "error_index": "FORMATION_ALREADY_ACTIVE",
        "text_zh": "\u9635\u578b\u5df2\u7ecf\u6fc0\u6d3b\u4e86",
        "is_retry": false,
        "jump_to": "",
        "des": ""
    }
},
{
    "model": "errormsg.errormsg",
    "pk": 13006,
    "fields": {
        "error_index": "FORMATION_NOT_ACTIVE",
        "text_zh": "\u9635\u578b\u6ca1\u6709\u6fc0\u6d3b",
        "is_retry": false,
        "jump_to": "",
        "des": ""
    }
},
{
    "model": "errormsg.errormsg",
    "pk": 13007,
    "fields": {
        "error_index": "FORMATION_REACH_MAX_LEVEL",
        "text_zh": "\u9635\u578b\u5df2\u7ecf\u8fbe\u5230\u6700\u9ad8\u7b49\u7ea7\uff0c\u65e0\u6cd5\u518d\u5347\u7ea7",
        "is_retry": false,
        "jump_to": "",
        "des": ""
    }
},
{
    "model": "errormsg.errormsg",
    "pk": 13008,
    "fields": {
        "error_index": "FORMATION_CAN_NOT_USE",
        "text_zh": "\u9635\u578b\u4f7f\u7528\u6761\u4ef6\u6ca1\u6709\u8fbe\u5230",
        "is_retry": false,
        "jump_to": "",
        "des": ""
    }
},
{
    "model": "errormsg.errormsg",
    "pk": 13009,
    "fields": {
        "error_index": "FORMATION_STAFF_UNIT_RACE_NOT_MATCH",
        "text_zh": "\u5175\u79cd\u548c\u9009\u624b\u79cd\u65cf\u4e0d\u7b26",
        "is_retry": false,
        "jump_to": "",
        "des": ""
    }
},
{
    "model": "errormsg.errormsg",
    "pk": 14000,
    "fields": {
        "error_index": "TALENT_LOCKED",
        "text_zh": "\u5929\u8d4b\u5c1a\u672a\u6fc0\u6d3b",
        "is_retry": false,
        "jump_to": "",
        "des": ""
    }
},
{
    "model": "errormsg.errormsg",
    "pk": 14001,
    "fields": {
        "error_index": "TALENT_LEVEL_REACH_MAX",
        "text_zh": "\u5929\u8d4b\u7b49\u7ea7\u5df2\u8fbe\u5230\u6700\u9ad8\u7b49\u7ea7",
        "is_retry": false,
        "jump_to": "",
        "des": ""
    }
},
{
    "model": "errormsg.errormsg",
    "pk": 14002,
    "fields": {
        "error_index": "TALENT_POINTS_NOT_ENOUGH",
        "text_zh": "\u5929\u8d4b\u70b9\u6570\u4e0d\u8db3",
        "is_retry": false,
        "jump_to": "",
        "des": ""
    }
},
{
    "model": "errormsg.errormsg",
    "pk": 14003,
    "fields": {
        "error_index": "TALENT_CANNOT_RESET_NOT_USE_POINT",
        "text_zh": "\u6ca1\u6709\u5347\u7ea7\uff0c\u5929\u8d4b\u6811\u4e0d\u80fd\u91cd\u7f6e",
        "is_retry": false,
        "jump_to": "",
        "des": ""
    }
},
{
    "model": "errormsg.errormsg",
    "pk": 14004,
    "fields": {
        "error_index": "TALENT_NOT_EXIST",
        "text_zh": "\u4e0d\u5b58\u5728\u7684\u5929\u8d4b",
        "is_retry": false,
        "jump_to": "",
        "des": ""
    }
},
{
    "model": "errormsg.errormsg",
    "pk": 15000,
    "fields": {
        "error_index": "DUNGEON_CLUB_LEVEL_NOT_ENOUGH",
        "text_zh": "\u526f\u672c\u6240\u9700\u7b49\u7ea7\u4e0d\u8db3",
        "is_retry": false,
        "jump_to": "",
        "des": ""
    }
},
{
    "model": "errormsg.errormsg",
    "pk": 15001,
    "fields": {
        "error_index": "DUNGEON_ENERGY_NOT_ENOUGH",
        "text_zh": "\u526f\u672c\u6240\u9700\u4f53\u529b\u4e0d\u8db3",
        "is_retry": false,
        "jump_to": "",
        "des": ""
    }
},
{
    "model": "errormsg.errormsg",
    "pk": 15002,
    "fields": {
        "error_index": "DUNGEON_NO_TIMES",
        "text_zh": "\u526f\u672c\u6b21\u6570\u4e0d\u8db3",
        "is_retry": false,
        "jump_to": "",
        "des": ""
    }
},
{
    "model": "errormsg.errormsg",
    "pk": 15003,
    "fields": {
        "error_index": "DUNGEON_NOT_EXIST",
        "text_zh": "\u65e5\u5e38\u526f\u672c\u4e0d\u5b58\u5728",
        "is_retry": false,
        "jump_to": "",
        "des": ""
    }
},
{
    "model": "errormsg.errormsg",
    "pk": 15004,
    "fields": {
        "error_index": "DUNGEON_NO_BUY_TIMES",
        "text_zh": "\u6b64\u65e5\u5e38\u526f\u672c\u5927\u7c7b\u5df2\u7ecf\u6ca1\u6709\u8d2d\u4e70\u6b21\u6570\u4e86",
        "is_retry": false,
        "jump_to": "",
        "des": ""
    }
},
{
    "model": "errormsg.errormsg",
    "pk": 16000,
    "fields": {
        "error_index": "ARENA_REFRESH_IN_CD",
        "text_zh": "\u7ade\u6280\u573a\u5237\u65b0\u8fd8\u5728CD\u4e2d",
        "is_retry": false,
        "jump_to": "",
        "des": ""
    }
},
{
    "model": "errormsg.errormsg",
    "pk": 16003,
    "fields": {
        "error_index": "ARENA_RIVAL_IN_MATCH",
        "text_zh": "\u7ade\u6280\u573a\u5bf9\u65b9\u6b63\u5728\u6218\u6597\u4e2d\uff0c\u65e0\u6cd5\u6311\u6218",
        "is_retry": false,
        "jump_to": "",
        "des": ""
    }
},
{
    "model": "errormsg.errormsg",
    "pk": 16004,
    "fields": {
        "error_index": "ARENA_SELF_IN_MATCH",
        "text_zh": "\u7ade\u6280\u573a\u81ea\u5df1\u5728\u6218\u6597\u4e2d\uff0c\u65e0\u6cd5\u6311\u6218",
        "is_retry": false,
        "jump_to": "",
        "des": ""
    }
},
{
    "model": "errormsg.errormsg",
    "pk": 16006,
    "fields": {
        "error_index": "ARENA_HONOR_REWARD_ALREADY_GOT",
        "text_zh": "\u7ade\u6280\u573a\u8363\u8000\u5956\u52b1 \u5df2\u7ecf\u9886\u8fc7\u5956\u4e86\uff0c\u4e0d\u80fd\u91cd\u590d\u9886\u53d6",
        "is_retry": false,
        "jump_to": "",
        "des": ""
    }
},
{
    "model": "errormsg.errormsg",
    "pk": 16007,
    "fields": {
        "error_index": "ARENA_HONOR_REWARD_POINT_NOT_ENOUGH",
        "text_zh": "\u7ade\u6280\u573a\u8363\u8000\u5956\u52b1 \u8363\u8000\u70b9\u4e0d\u8db3",
        "is_retry": false,
        "jump_to": "",
        "des": ""
    }
},
{
    "model": "errormsg.errormsg",
    "pk": 16008,
    "fields": {
        "error_index": "ARENA_NO_BUY_TIMES",
        "text_zh": "\u8d2d\u4e70\u6b21\u6570\u5df2\u7528\u5b8c",
        "is_retry": false,
        "jump_to": "",
        "des": ""
    }
},
{
    "model": "errormsg.errormsg",
    "pk": 16009,
    "fields": {
        "error_index": "ARENA_POINT_NOT_ENOUGH",
        "text_zh": "\u7ade\u6280\u573a\u79ef\u5206\u4e0d\u591f",
        "is_retry": false,
        "jump_to": "",
        "des": ""
    }
},
{
    "model": "errormsg.errormsg",
    "pk": 16010,
    "fields": {
        "error_index": "ARENA_MAX_RANK_CHECK_FAILURE",
        "text_zh": "\u7ade\u6280\u573a\u5386\u53f2\u6700\u9ad8\u6392\u540d \u4e0d\u6ee1\u8db3\u8981\u6c42",
        "is_retry": false,
        "jump_to": "",
        "des": ""
    }
},
{
    "model": "errormsg.errormsg",
    "pk": 16011,
    "fields": {
        "error_index": "ARENA_SEARCH_NO_RIVAL",
        "text_zh": "\u641c\u7d22\u4e0d\u5230\u5bf9\u624b",
        "is_retry": false,
        "jump_to": "",
        "des": ""
    }
},
{
    "model": "errormsg.errormsg",
    "pk": 16012,
    "fields": {
        "error_index": "ARENA_MATCH_NO_RIVAL",
        "text_zh": "\u6ca1\u6709\u5bf9\u624b\uff0c\u65e0\u6cd5\u6311\u6218\uff0c\u8bf7\u5148\u5237\u65b0",
        "is_retry": false,
        "jump_to": "",
        "des": ""
    }
},
{
    "model": "errormsg.errormsg",
    "pk": 16013,
    "fields": {
        "error_index": "ARENA_NO_SEARCH_RESET_TIMES",
        "text_zh": "\u6ca1\u6709\u91cd\u7f6e\u641c\u7d22\u6b21\u6570\u4e86",
        "is_retry": false,
        "jump_to": "",
        "des": ""
    }
},
{
    "model": "errormsg.errormsg",
    "pk": 16014,
    "fields": {
        "error_index": "ARENA_CURRENT_RANK_CHECK_FAILURE",
        "text_zh": "\u7ade\u6280\u573a\u5f53\u524d\u6392\u540d\u4e0d\u6ee1\u8db3\u8981\u6c42",
        "is_retry": false,
        "jump_to": "",
        "des": ""
    }
},
{
    "model": "errormsg.errormsg",
    "pk": 17000,
    "fields": {
        "error_index": "TOWER_ALREADY_ALL_PASSED",
        "text_zh": "\u8bad\u7ec3\u5854\u3000\u5df2\u7ecf\u5168\u90e8\u901a\u5173\u4e86\uff0c\u65e0\u6cd5\u518d\u6253",
        "is_retry": false,
        "jump_to": "",
        "des": ""
    }
},
{
    "model": "errormsg.errormsg",
    "pk": 17001,
    "fields": {
        "error_index": "TOWER_NO_RESET_TIMES",
        "text_zh": "\u8bad\u7ec3\u5854\u3000\u6ca1\u6709\u91cd\u7f6e\u6b21\u6570\u4e86",
        "is_retry": false,
        "jump_to": "",
        "des": ""
    }
},
{
    "model": "errormsg.errormsg",
    "pk": 17002,
    "fields": {
        "error_index": "TOWER_STAR_NOT_ENOUGH",
        "text_zh": "\u8bad\u7ec3\u5854\u3000\u661f\u661f\u4e0d\u8db3",
        "is_retry": false,
        "jump_to": "",
        "des": ""
    }
},
{
    "model": "errormsg.errormsg",
    "pk": 17003,
    "fields": {
        "error_index": "TOWER_NO_MAX_STAR_LEVEL",
        "text_zh": "\u8bad\u7ec3\u5854 \u6ca1\u6709\u6700\u9ad8\u4e09\u661f\u5173\u5361",
        "is_retry": false,
        "jump_to": "",
        "des": ""
    }
},
{
    "model": "errormsg.errormsg",
    "pk": 17004,
    "fields": {
        "error_index": "TOWER_CANNOT_RESET_NO_FAILURE",
        "text_zh": "\u8bad\u7ec3\u5854 \u6ca1\u6709\u5931\u8d25 \u4e0d\u80fd\u91cd\u7f6e",
        "is_retry": false,
        "jump_to": "",
        "des": ""
    }
},
{
    "model": "errormsg.errormsg",
    "pk": 17005,
    "fields": {
        "error_index": "TOWER_CANNOT_TO_MAX_LEVEL_HAS_FAILURE",
        "text_zh": "\u8bad\u7ec3\u5854 \u6709\u5931\u8d25\u5173\u5361\uff0c\u65e0\u6cd5\u8fbe\u5230\u6700\u9ad8\u4e09\u661f\u5173\u5361",
        "is_retry": false,
        "jump_to": "",
        "des": ""
    }
},
{
    "model": "errormsg.errormsg",
    "pk": 17006,
    "fields": {
        "error_index": "TOWER_ALREADY_IN_SWEEP",
        "text_zh": "\u8bad\u7ec3\u5854 \u5df2\u7ecf\u5728\u626b\u8361\u4e2d\uff0c\u65e0\u6cd5\u518d\u626b\u8361",
        "is_retry": false,
        "jump_to": "",
        "des": ""
    }
},
{
    "model": "errormsg.errormsg",
    "pk": 17007,
    "fields": {
        "error_index": "TOWER_CURRENT_LEVEL_GREAT_THAN_MAX_STAR_LEVEL",
        "text_zh": "\u8bad\u7ec3\u5854 \u5f53\u524d\u5c42\u6570\u5df2\u7ecf\u8d85\u8fc7\u4e86\u8fde\u7eed\u6700\u9ad8\u4e09\u661f\u5173\u5361\uff0c\u65e0\u6cd5\u626b\u8361",
        "is_retry": false,
        "jump_to": "",
        "des": ""
    }
},
{
    "model": "errormsg.errormsg",
    "pk": 17008,
    "fields": {
        "error_index": "TOWER_IN_SWEEP_CANNOT_OPERATE",
        "text_zh": "\u8bad\u7ec3\u5854\u5728\u626b\u8361\u4e2d\uff0c \u65e0\u6cd5\u8fdb\u884c\u5176\u4ed6\u64cd\u4f5c",
        "is_retry": false,
        "jump_to": "",
        "des": ""
    }
},
{
    "model": "errormsg.errormsg",
    "pk": 17009,
    "fields": {
        "error_index": "TOWER_GOODS_HAS_BOUGHT",
        "text_zh": "\u8bad\u7ec3\u5854\u5546\u54c1\u5df2\u7ecf\u4e70\u8fc7\u4e86",
        "is_retry": false,
        "jump_to": "",
        "des": ""
    }
},
{
    "model": "errormsg.errormsg",
    "pk": 17010,
    "fields": {
        "error_index": "TOWER_GOODS_NOT_EXIST",
        "text_zh": "\u8bad\u7ec3\u5854\u5546\u54c1\u4e0d\u5b58\u5728",
        "is_retry": false,
        "jump_to": "",
        "des": ""
    }
},
{
    "model": "errormsg.errormsg",
    "pk": 17011,
    "fields": {
        "error_index": "TOWER_HISTORY_MAX_STAR_CHECK_FAILURE",
        "text_zh": "\u722c\u5854\u5386\u53f2\u6700\u9ad8\u661f \u4e0d\u6ee1\u8db3\u8981\u6c42",
        "is_retry": false,
        "jump_to": "",
        "des": ""
    }
},
{
    "model": "errormsg.errormsg",
    "pk": 18000,
    "fields": {
        "error_index": "TERRITORY_BUILDING_LOCK",
        "text_zh": "\u6b64\u9886\u5730\u5efa\u7b51\u6ca1\u6709\u89e3\u9501",
        "is_retry": false,
        "jump_to": "",
        "des": ""
    }
},
{
    "model": "errormsg.errormsg",
    "pk": 18001,
    "fields": {
        "error_index": "TERRITORY_SLOT_LOCK",
        "text_zh": "\u6b64\u9886\u5730\u8bad\u7ec3\u4e3a\u6ca1\u6709\u89e3\u9501",
        "is_retry": false,
        "jump_to": "",
        "des": ""
    }
},
{
    "model": "errormsg.errormsg",
    "pk": 18002,
    "fields": {
        "error_index": "TERRITORY_SLOT_HAS_STAFF",
        "text_zh": "\u6b64\u8bad\u7ec3\u4f4d\u6709\u4eba\uff0c\u65e0\u6cd5\u518d\u8bad\u7ec3",
        "is_retry": false,
        "jump_to": "",
        "des": ""
    }
},
{
    "model": "errormsg.errormsg",
    "pk": 18003,
    "fields": {
        "error_index": "TERRITORY_WORK_CARD_NOT_ENOUGH",
        "text_zh": "\u5de5\u4f5c\u8bc1\u4e0d\u591f",
        "is_retry": false,
        "jump_to": "",
        "des": ""
    }
},
{
    "model": "errormsg.errormsg",
    "pk": 18004,
    "fields": {
        "error_index": "TERRITORY_SLOT_NOT_FINISH",
        "text_zh": "\u8bad\u7ec3\u6ca1\u6709\u5b8c\u6210",
        "is_retry": false,
        "jump_to": "",
        "des": ""
    }
},
{
    "model": "errormsg.errormsg",
    "pk": 18005,
    "fields": {
        "error_index": "TERRITORY_BUILDING_NO_EVENT",
        "text_zh": "\u5df2\u7ecf\u88ab\u522b\u4eba\u5e2e\u52a9\u4e86\uff0c \u4f60\u5c31\u4e0d\u80fd\u518d\u5e2e\u4e86",
        "is_retry": false,
        "jump_to": "",
        "des": ""
    }
},
{
    "model": "errormsg.errormsg",
    "pk": 18010,
    "fields": {
        "error_index": "TERRITORY_STORE_ITEM_NOT_EXIST",
        "text_zh": "\u9886\u5730\u5546\u57ce\uff0c \u8d27\u7269\u4e0d\u5b58\u5728",
        "is_retry": false,
        "jump_to": "",
        "des": ""
    }
},
{
    "model": "errormsg.errormsg",
    "pk": 18011,
    "fields": {
        "error_index": "TERRITORY_STORE_ITEM_NO_TIMES",
        "text_zh": "\u9886\u5730\u5546\u57ce\uff0c \u6ca1\u6709\u8d2d\u4e70\u6b21\u6570\u4e86",
        "is_retry": false,
        "jump_to": "",
        "des": ""
    }
},
{
    "model": "errormsg.errormsg",
    "pk": 18012,
    "fields": {
        "error_index": "TERRITORY_NO_INSPIRE_TIMES",
        "text_zh": "\u6ca1\u6709\u9f13\u821e\u6b21\u6570\u4e86",
        "is_retry": false,
        "jump_to": "",
        "des": ""
    }
},
{
    "model": "errormsg.errormsg",
    "pk": 18013,
    "fields": {
        "error_index": "TERRITORY_NO_HELP_FRIEND_TIMES",
        "text_zh": "\u6ca1\u6709\u5e2e\u52a9\u6b21\u6570\u4e86",
        "is_retry": false,
        "jump_to": "",
        "des": ""
    }
},
{
    "model": "errormsg.errormsg",
    "pk": 18014,
    "fields": {
        "error_index": "TERRITORY_NO_GOT_HELP_TIMES",
        "text_zh": "\u5bf9\u65b9\u6ca1\u6709\u88ab\u5e2e\u52a9\u6b21\u6570\u4e86",
        "is_retry": false,
        "jump_to": "",
        "des": ""
    }
},
{
    "model": "errormsg.errormsg",
    "pk": 18015,
    "fields": {
        "error_index": "TERRITORY_STAFF_IS_TRAINING",
        "text_zh": "\u9009\u624b\u5df2\u7ecf\u5728\u8bad\u7ec3\u4e2d",
        "is_retry": false,
        "jump_to": "",
        "des": ""
    }
},
{
    "model": "errormsg.errormsg",
    "pk": 19000,
    "fields": {
        "error_index": "STORE_GOODS_NOT_EXIST",
        "text_zh": "\u5546\u5e97\u7269\u54c1\u4e0d\u5b58\u5728",
        "is_retry": false,
        "jump_to": "",
        "des": ""
    }
},
{
    "model": "errormsg.errormsg",
    "pk": 19001,
    "fields": {
        "error_index": "STORE_GOODS_NO_TIMES",
        "text_zh": "\u5546\u5e97\u7269\u54c1\u8d2d\u4e70\u6b21\u6570\u5df2\u7528\u5b8c",
        "is_retry": false,
        "jump_to": "",
        "des": ""
    }
},
{
    "model": "errormsg.errormsg",
    "pk": 19002,
    "fields": {
        "error_index": "STORE_REFRESH_NO_TIMES",
        "text_zh": "\u5546\u5e97\u6ca1\u6709\u5237\u65b0\u6b21\u6570\u4e86",
        "is_retry": false,
        "jump_to": "",
        "des": ""
    }
},
{
    "model": "errormsg.errormsg",
    "pk": 20000,
    "fields": {
        "error_index": "VIP_ALREADY_BUY_REWARD",
        "text_zh": "\u6b64VIP\u7b49\u7ea7\u5df2\u7ecf\u8d2d\u4e70\u8fc7\u793c\u5305",
        "is_retry": false,
        "jump_to": "",
        "des": ""
    }
},
{
    "model": "errormsg.errormsg",
    "pk": 20001,
    "fields": {
        "error_index": "VIP_LEVEL_NOT_ENOUGH",
        "text_zh": "VIP\u7b49\u7ea7\u4e0d\u591f",
        "is_retry": false,
        "jump_to": "",
        "des": ""
    }
},
{
    "model": "errormsg.errormsg",
    "pk": 21000,
    "fields": {
        "error_index": "TASK_GET_REWARD_ALREADY_GOT",
        "text_zh": "\u6b64\u4efb\u52a1\u5df2\u7ecf\u9886\u5b8c\u5956\u4e86",
        "is_retry": false,
        "jump_to": "",
        "des": ""
    }
},
{
    "model": "errormsg.errormsg",
    "pk": 21001,
    "fields": {
        "error_index": "TASK_GET_REWARD_NOT_FINISH",
        "text_zh": "\u6b64\u4efb\u52a1\u6ca1\u6709\u5b8c\u6210\uff0c\u4e0d\u80fd\u9886\u5956",
        "is_retry": false,
        "jump_to": "",
        "des": ""
    }
},
{
    "model": "errormsg.errormsg",
    "pk": 22000,
    "fields": {
        "error_index": "ENERGY_NOT_ENOUGH",
        "text_zh": "\u4f53\u529b\u4e0d\u8db3\uff0c\u662f\u5426\u524d\u5f80\u8d2d\u4e70",
        "is_retry": false,
        "jump_to": "EnergyQuickBuyFrame",
        "des": ""
    }
},
{
    "model": "errormsg.errormsg",
    "pk": 22001,
    "fields": {
        "error_index": "ENERGY_CANNOT_BUY_REACH_HARD_LIMIT",
        "text_zh": "\u4f53\u529b\u4f1a\u8d85\u8fc7\u6700\u9ad8\u9650\u5236\uff0c\u65e0\u6cd5\u8d2d\u4e70",
        "is_retry": false,
        "jump_to": "",
        "des": ""
    }
},
{
    "model": "errormsg.errormsg",
    "pk": 22002,
    "fields": {
        "error_index": "ENERGY_CANNOT_BUY_NO_TIMES",
        "text_zh": "\u6ca1\u6709\u4f53\u529b\u8d2d\u4e70\u6b21\u6570\u4e86",
        "is_retry": false,
        "jump_to": "",
        "des": ""
    }
},
{
    "model": "errormsg.errormsg",
    "pk": 23000,
    "fields": {
        "error_index": "WELFARE_ALREADY_SIGNED",
        "text_zh": "\u4eca\u5929\u5df2\u7ecf\u7b7e\u5230\u4e86",
        "is_retry": false,
        "jump_to": "",
        "des": ""
    }
},
{
    "model": "errormsg.errormsg",
    "pk": 23001,
    "fields": {
        "error_index": "WELFARE_NEW_PLAYER_CAN_NOT",
        "text_zh": "\u65b0\u624b\u793c\u5305\u4e0d\u80fd\u9886\u53d6\uff0c\u56e0\u4e3a\u6ca1\u5230\u5bf9\u5e94\u7684\u5929\u6570",
        "is_retry": false,
        "jump_to": "",
        "des": ""
    }
},
{
    "model": "errormsg.errormsg",
    "pk": 23002,
    "fields": {
        "error_index": "WELFARE_NEW_PLAYER_HAS_GOT",
        "text_zh": "\u6b64\u65b0\u624b\u793c\u5305\u5df2\u7ecf\u9886\u8fc7\u4e86",
        "is_retry": false,
        "jump_to": "",
        "des": ""
    }
},
{
    "model": "errormsg.errormsg",
    "pk": 23003,
    "fields": {
        "error_index": "WELFARE_LEVEL_REWARD_CAN_NOT",
        "text_zh": "\u7b49\u7ea7\u793c\u5305\u4e0d\u80fd\u9886\u53d6\uff0c\u56e0\u4e3a\u6ca1\u8fbe\u5230\u5bf9\u5e94\u7b49\u7ea7",
        "is_retry": false,
        "jump_to": "",
        "des": ""
    }
},
{
    "model": "errormsg.errormsg",
    "pk": 23004,
    "fields": {
        "error_index": "WELFARE_LEVEL_REWARD_HAS_GOT",
        "text_zh": "\u6b64\u7b49\u7ea7\u793c\u5305\u5df2\u7ecf\u9886\u8fc7\u4e86",
        "is_retry": false,
        "jump_to": "",
        "des": ""
    }
},
{
    "model": "errormsg.errormsg",
    "pk": 23005,
    "fields": {
        "error_index": "WELFARE_ENERGY_CAN_NOT_GET_NOT_IN_TIME",
        "text_zh": "\u4f53\u529b\u65e0\u6cd5\u9886\u53d6\uff0c\u4e0d\u5728\u53ef\u9886\u53d6\u65f6\u95f4\u6bb5\u5185",
        "is_retry": false,
        "jump_to": "",
        "des": ""
    }
},
{
    "model": "errormsg.errormsg",
    "pk": 23006,
    "fields": {
        "error_index": "WELFARE_ENERGY_ALREADY_GOT",
        "text_zh": "\u4f53\u529b\u5df2\u7ecf\u9886\u8fc7\u4e86",
        "is_retry": false,
        "jump_to": "",
        "des": ""
    }
},
{
    "model": "errormsg.errormsg",
    "pk": 24000,
    "fields": {
        "error_index": "RESOURCE_NOT_ENOUGH",
        "text_zh": "\u8d44\u6e90\u4e0d\u591f",
        "is_retry": false,
        "jump_to": "",
        "des": ""
    }
},
{
    "model": "errormsg.errormsg",
    "pk": 25000,
    "fields": {
        "error_index": "UNION_NAME_HAS_TAKEN",
        "text_zh": "\u516c\u4f1a\u540d\u5b57\u5df2\u7ecf\u88ab\u5360\u7528\uff0c\u8bf7\u9009\u7528\u5176\u4ed6\u540d\u5b57",
        "is_retry": false,
        "jump_to": "",
        "des": ""
    }
},
{
    "model": "errormsg.errormsg",
    "pk": 25001,
    "fields": {
        "error_index": "UNION_CANNOT_CREATE_ALREADY_IN",
        "text_zh": "\u4f60\u5df2\u7ecf\u5728\u516c\u4f1a\u4e2d\uff0c\u65e0\u6cd5\u521b\u5efa\u65b0\u516c\u4f1a",
        "is_retry": false,
        "jump_to": "",
        "des": ""
    }
},
{
    "model": "errormsg.errormsg",
    "pk": 25002,
    "fields": {
        "error_index": "UNION_NOT_EXIST",
        "text_zh": "\u516c\u4f1a\u4e0d\u5b58\u5728",
        "is_retry": false,
        "jump_to": "",
        "des": ""
    }
},
{
    "model": "errormsg.errormsg",
    "pk": 25003,
    "fields": {
        "error_index": "UNION_CANNOT_APPLY_MEMBERS_LIMIT",
        "text_zh": "\u6b64\u516c\u4f1a\u4eba\u6570\u5df2\u8fbe\u5230\u4e0a\u9650\uff0c\u65e0\u6cd5\u7533\u8bf7",
        "is_retry": false,
        "jump_to": "",
        "des": ""
    }
},
{
    "model": "errormsg.errormsg",
    "pk": 25004,
    "fields": {
        "error_index": "UNION_CANNOT_APPLY_ALREADY_IN",
        "text_zh": "\u4f60\u5df2\u7ecf\u5728\u516c\u4f1a\u4e2d\uff0c\u65e0\u6cd5\u518d\u7533\u8bf7\u52a0\u5165\u5176\u4ed6\u516c\u4f1a",
        "is_retry": false,
        "jump_to": "",
        "des": ""
    }
},
{
    "model": "errormsg.errormsg",
    "pk": 25005,
    "fields": {
        "error_index": "UNION_ALREADY_SIGNED",
        "text_zh": "\u5df2\u7ecf\u7b7e\u5230\u8fc7\u4e86",
        "is_retry": false,
        "jump_to": "",
        "des": ""
    }
},
{
    "model": "errormsg.errormsg",
    "pk": 25006,
    "fields": {
        "error_index": "UNION_BULLETIN_TOO_LONG",
        "text_zh": "\u516c\u544a\u592a\u957f",
        "is_retry": false,
        "jump_to": "",
        "des": ""
    }
},
{
    "model": "errormsg.errormsg",
    "pk": 25007,
    "fields": {
        "error_index": "UNION_TARGET_NOT_IN_APPLY_LIST",
        "text_zh": "\u5bf9\u65b9\u4e0d\u5728\u7533\u8bf7\u5217\u8868\u4e2d",
        "is_retry": false,
        "jump_to": "",
        "des": ""
    }
},
{
    "model": "errormsg.errormsg",
    "pk": 25008,
    "fields": {
        "error_index": "UNION_MEMBERS_REACH_LIMIT",
        "text_zh": "\u516c\u4f1a\u6210\u5458\u6ee1\u4e86",
        "is_retry": false,
        "jump_to": "",
        "des": ""
    }
},
{
    "model": "errormsg.errormsg",
    "pk": 25009,
    "fields": {
        "error_index": "UNION_TARGET_ALREADY_JOIN_A_UNION",
        "text_zh": "\u5bf9\u65b9\u5df2\u7ecf\u5728\u5176\u4ed6\u516c\u4f1a\u4e2d",
        "is_retry": false,
        "jump_to": "",
        "des": ""
    }
},
{
    "model": "errormsg.errormsg",
    "pk": 25010,
    "fields": {
        "error_index": "UNION_TARGET_NOT_MEMBER",
        "text_zh": "\u5bf9\u65b9\u4e0d\u662f\u516c\u4f1a\u6210\u5458",
        "is_retry": false,
        "jump_to": "",
        "des": ""
    }
},
{
    "model": "errormsg.errormsg",
    "pk": 25011,
    "fields": {
        "error_index": "UNION_LEVEL_NOT_ENOUGH",
        "text_zh": "\u516c\u4f1a\u7b49\u7ea7\u4e0d\u591f",
        "is_retry": false,
        "jump_to": "",
        "des": ""
    }
},
{
    "model": "errormsg.errormsg",
    "pk": 25012,
    "fields": {
        "error_index": "UNION_CANNOT_APPLY_QUIT_OR_KICK",
        "text_zh": "\u4f60\u4e3b\u52a8\u9000\u51fa\u6216\u8005\u88ab\u8e22\u51fa\u516c\u4f1a\uff0c\u4eca\u5929\u65e0\u6cd5\u518d\u7533\u8bf7\u52a0\u5165",
        "is_retry": false,
        "jump_to": "",
        "des": ""
    }
},
{
    "model": "errormsg.errormsg",
    "pk": 25013,
    "fields": {
        "error_index": "UNION_EXPLORE_CD",
        "text_zh": "\u516c\u4f1a\u63a2\u7d22\u8fd8\u5728CD\u4e2d",
        "is_retry": false,
        "jump_to": "",
        "des": ""
    }
},
{
    "model": "errormsg.errormsg",
    "pk": 25014,
    "fields": {
        "error_index": "UNION_HARASS_NO_BUY_TIMES",
        "text_zh": "\u516c\u4f1a\u9a9a\u6270\u6ca1\u6709\u53ef\u8d2d\u4e70\u6b21\u6570\u4e86",
        "is_retry": false,
        "jump_to": "",
        "des": ""
    }
},
{
    "model": "errormsg.errormsg",
    "pk": 25015,
    "fields": {
        "error_index": "UNION_EXPLORE_NO_TIMES",
        "text_zh": "\u516c\u4f1a\u6ca1\u6709\u63a2\u7d22\u6b21\u6570\u4e86",
        "is_retry": false,
        "jump_to": "",
        "des": ""
    }
},
{
    "model": "errormsg.errormsg",
    "pk": 25016,
    "fields": {
        "error_index": "UNION_SKILL_NOT_EXIST",
        "text_zh": "\u516c\u4f1a\u6280\u80fd\u4e0d\u5b58\u5728",
        "is_retry": false,
        "jump_to": "",
        "des": ""
    }
},
{
    "model": "errormsg.errormsg",
    "pk": 25017,
    "fields": {
        "error_index": "UNION_SKILL_REACH_SELF_MAX_LEVEL",
        "text_zh": "\u529f\u80fd\u6280\u80fd\u5df2\u7ecf\u8fbe\u5230\u81ea\u8eab\u6700\u9ad8\u7b49\u7ea7",
        "is_retry": false,
        "jump_to": "",
        "des": ""
    }
},
{
    "model": "errormsg.errormsg",
    "pk": 25018,
    "fields": {
        "error_index": "UNION_SKILL_LEVEL_LIMITED_BY_UNION_LEVEL",
        "text_zh": "\u88ab\u516c\u4f1a\u7b49\u7ea7\u9650\u5236\uff0c\u6280\u80fd\u65e0\u6cd5\u518d\u5347\u7ea7\uff0c\u8bf7\u63d0\u5347\u516c\u4f1a\u7b49\u7ea7",
        "is_retry": false,
        "jump_to": "",
        "des": ""
    }
},
{
    "model": "errormsg.errormsg",
    "pk": 26000,
    "fields": {
        "error_index": "PURCHASE_NOT_EXIST",
        "text_zh": "\u4e0d\u5b58\u5728\u7684\u5145\u503c\u9879\u76ee",
        "is_retry": false,
        "jump_to": "",
        "des": ""
    }
},
{
    "model": "errormsg.errormsg",
    "pk": 26001,
    "fields": {
        "error_index": "PURCHASE_NOT_FOUND_ORDER_ID",
        "text_zh": "\u6ca1\u6709\u8ba2\u5355",
        "is_retry": false,
        "jump_to": "",
        "des": ""
    }
},
{
    "model": "errormsg.errormsg",
    "pk": 26002,
    "fields": {
        "error_index": "PURCHASE_NOT_FIRST_REWARD",
        "text_zh": "\u4e0d\u662f\u9996\u5145\uff0c\u65e0\u6cd5\u9886\u53d6\u9996\u5145\u5956\u52b1",
        "is_retry": false,
        "jump_to": "",
        "des": ""
    }
},
{
    "model": "errormsg.errormsg",
    "pk": 26003,
    "fields": {
        "error_index": "PURCHASE_FIRST_REWARD_HAS_GOT",
        "text_zh": "\u9996\u5145\u5956\u52b1\u5df2\u7ecf\u9886\u8fc7\u4e86",
        "is_retry": false,
        "jump_to": "",
        "des": ""
    }
},
{
    "model": "errormsg.errormsg",
    "pk": 26004,
    "fields": {
        "error_index": "PURCHASE_YUEKA_EXISTS",
        "text_zh": "\u5f53\u524d\u8fd8\u6709\u6708\u5361\u5269\u4f59\u5929\u6570\uff0c\u4e0d\u80fd\u518d\u6b21\u8d2d\u4e70",
        "is_retry": false,
        "jump_to": "",
        "des": ""
    }
},
{
    "model": "errormsg.errormsg",
    "pk": 27000,
    "fields": {
        "error_index": "ACTIVITY_NEW_PLAYER_DAY_NOT_ARRIVE",
        "text_zh": "\u65f6\u8fb0\u672a\u5230\uff0c\u4e0d\u80fd\u9886\u5956",
        "is_retry": false,
        "jump_to": "",
        "des": ""
    }
},
{
    "model": "errormsg.errormsg",
    "pk": 27001,
    "fields": {
        "error_index": "ACTIVITY_NEW_PLAYER_HAS_GOT",
        "text_zh": "\u5df2\u7ecf\u9886\u8fc7\u4e86",
        "is_retry": false,
        "jump_to": "",
        "des": ""
    }
},
{
    "model": "errormsg.errormsg",
    "pk": 27002,
    "fields": {
        "error_index": "ACTIVITY_NEW_PLAYER_CONDITION_NOT_SATISFY",
        "text_zh": "\u6761\u4ef6\u4e0d\u6ee1\u8db3\uff0c\u65e0\u6cd5\u9886\u5956",
        "is_retry": false,
        "jump_to": "",
        "des": ""
    }
},
{
    "model": "errormsg.errormsg",
    "pk": 27003,
    "fields": {
        "error_index": "ACTIVITY_DAILY_BUY_HAS_BOUGHT",
        "text_zh": "\u5df2\u7ecf\u4e70\u8fc7\u4e86",
        "is_retry": false,
        "jump_to": "",
        "des": ""
    }
},
{
    "model": "errormsg.errormsg",
    "pk": 27004,
    "fields": {
        "error_index": "ACTIVITY_NEW_PLAYER_REWARD_EXPIRE",
        "text_zh": "\u6d3b\u52a8\u9886\u5956\u5df2\u8fc7\u671f",
        "is_retry": false,
        "jump_to": "",
        "des": ""
    }
},
{
    "model": "errormsg.errormsg",
    "pk": 28001,
    "fields": {
        "error_index": "PLUNDER_SEARCH_NO_RESULT",
        "text_zh": "\u63a0\u593a\u641c\u4e0d\u5230\u5bf9\u624b",
        "is_retry": false,
        "jump_to": "",
        "des": ""
    }
},
{
    "model": "errormsg.errormsg",
    "pk": 28002,
    "fields": {
        "error_index": "PLUNDER_IN_PROGRESS",
        "text_zh": "\u8fd8\u6709\u63a0\u593a\u6ca1\u6709\u5b8c\u6210\uff0c\u4e0d\u80fd\u8fdb\u884c\u5f53\u524d\u64cd\u4f5c",
        "is_retry": false,
        "jump_to": "",
        "des": ""
    }
},
{
    "model": "errormsg.errormsg",
    "pk": 28003,
    "fields": {
        "error_index": "PLUNDER_CANNOT_FIND_TARGET",
        "text_zh": "\u63a0\u593a\u9519\u8bef\uff0c\u627e\u4e0d\u5230\u76ee\u6807\uff0c\u8bf7\u91cd\u65b0\u641c\u7d22",
        "is_retry": false,
        "jump_to": "",
        "des": ""
    }
},
{
    "model": "errormsg.errormsg",
    "pk": 28004,
    "fields": {
        "error_index": "PLUNDER_MATCH_ALL_FINISHED",
        "text_zh": "\u63a0\u593a\u4e09\u8def\u90fd\u6253\u5b8c\u4e86\uff0c\u65e0\u6cd5\u518d\u6253\u4e86",
        "is_retry": false,
        "jump_to": "",
        "des": ""
    }
},
{
    "model": "errormsg.errormsg",
    "pk": 28005,
    "fields": {
        "error_index": "PLUNDER_MATCH_NOT_FINISH_CANNOT_GET_REWARD",
        "text_zh": "\u63a0\u593a\u6ca1\u6253\u5b8c\uff0c\u65e0\u6cd5\u9886\u5956",
        "is_retry": false,
        "jump_to": "",
        "des": ""
    }
},
{
    "model": "errormsg.errormsg",
    "pk": 28006,
    "fields": {
        "error_index": "PLUNDER_NO_TIMES",
        "text_zh": "\u6ca1\u6709\u63a0\u593a\u6b21\u6570\u4e86",
        "is_retry": false,
        "jump_to": "",
        "des": ""
    }
},
{
    "model": "errormsg.errormsg",
    "pk": 28007,
    "fields": {
        "error_index": "PLUNDER_REVENGE_NO_TIMES",
        "text_zh": "\u6ca1\u6709\u590d\u4ec7\u6b21\u6570\u4e86",
        "is_retry": false,
        "jump_to": "",
        "des": ""
    }
},
{
    "model": "errormsg.errormsg",
    "pk": 28008,
    "fields": {
        "error_index": "PLUNDER_TARGET_ID_NOT_SAME",
        "text_zh": "\u4e24\u6b21\u63a0\u593a\u5bf9\u8c61\u4e0d\u4e00\u6837",
        "is_retry": false,
        "jump_to": "",
        "des": ""
    }
},
{
    "model": "errormsg.errormsg",
    "pk": 28009,
    "fields": {
        "error_index": "PLUNDER_NO_BUY_TIMES",
        "text_zh": "\u63a0\u593a\u6ca1\u6709\u8d2d\u4e70\u6b21\u6570\u4e86\uff0c\u8bf7\u63d0\u5347VIP\u7b49\u7ea7",
        "is_retry": false,
        "jump_to": "",
        "des": ""
    }
},
{
    "model": "errormsg.errormsg",
    "pk": 28010,
    "fields": {
        "error_index": "PLUNDER_MATCH_CANNOT_SET_FORMATION",
        "text_zh": "\u63a0\u593a\u4e0d\u80fd\u8c03\u6574\u9635\u578b",
        "is_retry": false,
        "jump_to": "",
        "des": ""
    }
},
{
    "model": "errormsg.errormsg",
    "pk": 28011,
    "fields": {
        "error_index": "PLUNDER_SEARCH_IN_CD",
        "text_zh": "\u641c\u7d22CD\u4e2d",
        "is_retry": false,
        "jump_to": "",
        "des": ""
    }
},
{
    "model": "errormsg.errormsg",
    "pk": 28012,
    "fields": {
        "error_index": "PLUNDER_DAILY_REWARD_ALREADY_GOT",
        "text_zh": "\u63a0\u593a\u6bcf\u65e5\u5956\u52b1\u5df2\u7ecf\u9886\u53d6\u8fc7\u4e86",
        "is_retry": false,
        "jump_to": "",
        "des": ""
    }
},
{
    "model": "errormsg.errormsg",
    "pk": 28013,
    "fields": {
        "error_index": "PLUNDER_DAILY_REWARD_NOT_ENOUGH",
        "text_zh": "\u63a0\u593a\u6bcf\u65e5\u5956\u52b1\uff0c\u6761\u4ef6\u4e0d\u591f\uff0c\u65e0\u6cd5\u9886\u53d6",
        "is_retry": false,
        "jump_to": "",
        "des": ""
    }
},
{
    "model": "errormsg.errormsg",
    "pk": 29000,
    "fields": {
        "error_index": "SPECIAL_EQUIPMENT_IS_IN_PROCESS",
        "text_zh": "\u6709\u7279\u6b8a\u88c5\u5907\u5728\u6253\u9020\u4e2d\uff0c\u65e0\u6cd5\u518d\u6253\u9020",
        "is_retry": false,
        "jump_to": "",
        "des": ""
    }
},
{
    "model": "errormsg.errormsg",
    "pk": 29001,
    "fields": {
        "error_index": "SPECIAL_EQUIPMENT_NOT_IN_PROCESS",
        "text_zh": "\u6ca1\u6709\u7279\u6b8a\u88c5\u5907\u5728\u6253\u9020",
        "is_retry": false,
        "jump_to": "",
        "des": ""
    }
},
{
    "model": "errormsg.errormsg",
    "pk": 29002,
    "fields": {
        "error_index": "SPECIAL_EQUIPMENT_ALREADY_FINISHED",
        "text_zh": "\u7279\u6b8a\u88c5\u5907\u6253\u9020\u5df2\u7ecf\u5b8c\u6210\u4e86",
        "is_retry": false,
        "jump_to": "",
        "des": ""
    }
},
{
    "model": "errormsg.errormsg",
    "pk": 29003,
    "fields": {
        "error_index": "SPECIAL_EQUIPMENT_NOT_FINISH",
        "text_zh": "\u7279\u6b8a\u88c5\u5907\u6253\u9020\u6ca1\u6709\u5b8c\u6210",
        "is_retry": false,
        "jump_to": "",
        "des": ""
    }
},
{
    "model": "errormsg.errormsg",
    "pk": 30000,
    "fields": {
        "error_index": "PARTY_CANNOT_CREATE_MULTI_PARTY",
        "text_zh": "\u5df2\u7ecf\u52a0\u5165\u5bb4\u4f1a\u4e86\uff0c\u4e0d\u80fd\u540c\u65f6\u518d\u521b\u5efa",
        "is_retry": false,
        "jump_to": "",
        "des": ""
    }
},
{
    "model": "errormsg.errormsg",
    "pk": 30001,
    "fields": {
        "error_index": "PARTY_CANNOT_JOIN_DUE_TO_IN_OTHER_PARTY",
        "text_zh": "\u4f60\u5df2\u7ecf\u5728\u5bb4\u4f1a\u4e2d\uff0c\u4e0d\u80fd\u52a0\u5165\u5176\u4ed6\u5bb4\u4f1a",
        "is_retry": false,
        "jump_to": "",
        "des": ""
    }
},
{
    "model": "errormsg.errormsg",
    "pk": 30002,
    "fields": {
        "error_index": "PARTY_JOIN_ERROR_NO_ROOM",
        "text_zh": "\u627e\u4e0d\u5230\u623f\u95f4\uff0c\u65e0\u6cd5\u52a0\u5165",
        "is_retry": false,
        "jump_to": "",
        "des": ""
    }
},
{
    "model": "errormsg.errormsg",
    "pk": 30003,
    "fields": {
        "error_index": "PARTY_CANNOT_JOIN_SELF_ROOM",
        "text_zh": "\u4e0d\u80fd\u52a0\u5165\u81ea\u5df1\u521b\u5efa\u7684\u623f\u95f4",
        "is_retry": false,
        "jump_to": "",
        "des": ""
    }
},
{
    "model": "errormsg.errormsg",
    "pk": 30004,
    "fields": {
        "error_index": "PARTY_CANNOT_JOIN_FULL",
        "text_zh": "\u623f\u95f4\u6ee1\u4e86\uff0c\u65e0\u6cd5\u52a0\u5165",
        "is_retry": false,
        "jump_to": "",
        "des": ""
    }
},
{
    "model": "errormsg.errormsg",
    "pk": 30006,
    "fields": {
        "error_index": "PARTY_OWNER_CANNOT_QUIT",
        "text_zh": "\u623f\u4e3b\u4e0d\u80fd\u9000\u51fa",
        "is_retry": false,
        "jump_to": "",
        "des": ""
    }
},
{
    "model": "errormsg.errormsg",
    "pk": 30007,
    "fields": {
        "error_index": "PARTY_CANNOT_CREATE_NO_UNION",
        "text_zh": "\u4e0d\u5728\u516c\u4f1a\u4e2d\uff0c\u4e0d\u80fd\u521b\u5efa\u5bb4\u4f1a",
        "is_retry": false,
        "jump_to": "",
        "des": ""
    }
},
{
    "model": "errormsg.errormsg",
    "pk": 30008,
    "fields": {
        "error_index": "PARTY_CANNOT_JOIN_NO_UNION",
        "text_zh": "\u6ca1\u6709\u516c\u4f1a\uff0c\u4e0d\u80fd\u53c2\u52a0\u5bb4\u4f1a",
        "is_retry": false,
        "jump_to": "",
        "des": ""
    }
},
{
    "model": "errormsg.errormsg",
    "pk": 30009,
    "fields": {
        "error_index": "PARTY_CANNOT_JOIN_NOT_SAME_PARTY",
        "text_zh": "\u4e0d\u662f\u540c\u4e00\u4e2a\u516c\u4f1a\uff0c\u4e0d\u80fd\u53c2\u52a0\u5bb4\u4f1a",
        "is_retry": false,
        "jump_to": "",
        "des": ""
    }
},
{
    "model": "errormsg.errormsg",
    "pk": 30011,
    "fields": {
        "error_index": "PARTY_CANNOT_KICK_SELF",
        "text_zh": "\u4e0d\u80fd\u8e22\u81ea\u5df1",
        "is_retry": false,
        "jump_to": "",
        "des": ""
    }
},
{
    "model": "errormsg.errormsg",
    "pk": 30013,
    "fields": {
        "error_index": "PARTY_CANNOT_START_NO_MEMBERS",
        "text_zh": "\u6ca1\u6709\u73a9\u5bb6\u53c2\u4e0e\uff0c\u5bb4\u4f1a\u65e0\u6cd5\u5f00\u542f",
        "is_retry": false,
        "jump_to": "",
        "des": ""
    }
},
{
    "model": "errormsg.errormsg",
    "pk": 30020,
    "fields": {
        "error_index": "PARTY_NOT_STARTED",
        "text_zh": "\u5bb4\u4f1a\u6ca1\u6709\u5f00\u59cb\uff0c\u65e0\u6cd5\u8fdb\u884c\u6b64\u64cd\u4f5c",
        "is_retry": false,
        "jump_to": "",
        "des": ""
    }
},
{
    "model": "errormsg.errormsg",
    "pk": 30021,
    "fields": {
        "error_index": "PARTY_HAS_STARTED",
        "text_zh": "\u5bb4\u4f1a\u5df2\u7ecf\u5f00\u59cb\u4e86\uff0c\u65e0\u6cd5\u8fdb\u884c\u6b64\u64cd\u4f5c",
        "is_retry": false,
        "jump_to": "",
        "des": ""
    }
},
{
    "model": "errormsg.errormsg",
    "pk": 30022,
    "fields": {
        "error_index": "PARTY_NOT_OWNER",
        "text_zh": "\u4e0d\u662f\u623f\u4e3b\uff0c\u65e0\u6cd5\u8fdb\u884c\u6b64\u64cd\u4f5c",
        "is_retry": false,
        "jump_to": "",
        "des": ""
    }
},
{
    "model": "errormsg.errormsg",
    "pk": 30030,
    "fields": {
        "error_index": "PARTY_DISMISS",
        "text_zh": "\u5bb4\u4f1a\u5df2\u89e3\u6563",
        "is_retry": false,
        "jump_to": "",
        "des": ""
    }
},
{
    "model": "errormsg.errormsg",
    "pk": 30031,
    "fields": {
        "error_index": "PARTY_END",
        "text_zh": "\u5bb4\u4f1a\u5df2\u7ed3\u675f",
        "is_retry": false,
        "jump_to": "",
        "des": ""
    }
},
{
    "model": "errormsg.errormsg",
    "pk": 30032,
    "fields": {
        "error_index": "PARTY_BEEN_KICKED",
        "text_zh": "\u4f60\u5df2\u88ab\u8e22\u51fa\u5bb4\u4f1a",
        "is_retry": false,
        "jump_to": "",
        "des": ""
    }
},
{
    "model": "errormsg.errormsg",
    "pk": 30033,
    "fields": {
        "error_index": "PARTY_CHAT_TO_LARGE",
        "text_zh": "\u53d1\u9001\u7684\u804a\u5929\u6587\u5b57\u592a\u591a",
        "is_retry": false,
        "jump_to": "",
        "des": ""
    }
},
{
    "model": "errormsg.errormsg",
    "pk": 30040,
    "fields": {
        "error_index": "PARTY_BUY_ITEM_NOT_EXIST",
        "text_zh": "\u5bb4\u4f1a\u8d2d\u4e70\u7684\u7269\u54c1\u4e0d\u5b58\u5728",
        "is_retry": false,
        "jump_to": "",
        "des": ""
    }
},
{
    "model": "errormsg.errormsg",
    "pk": 30041,
    "fields": {
        "error_index": "PARTY_NO_CREATE_TIMES",
        "text_zh": "\u6ca1\u6709\u521b\u5efa\u6b21\u6570\u4e86",
        "is_retry": false,
        "jump_to": "",
        "des": ""
    }
},
{
    "model": "errormsg.errormsg",
    "pk": 30042,
    "fields": {
        "error_index": "PARTY_NO_JOIN_TIMES",
        "text_zh": "\u6ca1\u6709\u52a0\u5165\u6b21\u6570\u4e86",
        "is_retry": false,
        "jump_to": "",
        "des": ""
    }
},
{
    "model": "errormsg.errormsg",
    "pk": 30043,
    "fields": {
        "error_index": "PARTY_NO_BUY_TIMES",
        "text_zh": "\u6b64\u7269\u54c1\u6ca1\u6709\u8d2d\u4e70\u6b21\u6570\u4e86",
        "is_retry": false,
        "jump_to": "",
        "des": ""
    }
},
{
    "model": "errormsg.errormsg",
    "pk": 30100,
    "fields": {
        "error_index": "INSPIRE_STAFF_IN",
        "text_zh": "\u9009\u624b\u5728\u52a9\u5a01\u4e2d\uff0c\u65e0\u6cd5\u8fdb\u884c\u6b64\u64cd\u4f5c",
        "is_retry": false,
        "jump_to": "",
        "des": ""
    }
},
{
    "model": "errormsg.errormsg",
    "pk": 30200,
    "fields": {
        "error_index": "CHAT_LEVEL_NOT_ENOUGH",
        "text_zh": "\u7b49\u7ea7\u4e0d\u591f\uff0c\u65e0\u6cd5\u804a\u5929",
        "is_retry": false,
        "jump_to": "",
        "des": ""
    }
},
{
    "model": "errormsg.errormsg",
    "pk": 30201,
    "fields": {
        "error_index": "UNION_CHAT_NO_UNION",
        "text_zh": "\u6ca1\u6709\u52a0\u5165\u516c\u4f1a\uff0c\u65e0\u6cd5\u5728\u516c\u4f1a\u9891\u9053\u804a\u5929",
        "is_retry": false,
        "jump_to": "",
        "des": ""
    }
},
{
    "model": "errormsg.errormsg",
    "pk": 30202,
    "fields": {
        "error_index": "CHAT_TOO_FAST",
        "text_zh": "\u804a\u5929\u592a\u5feb\u4e86",
        "is_retry": false,
        "jump_to": "",
        "des": ""
    }
},
{
    "model": "errormsg.errormsg",
    "pk": 30203,
    "fields": {
        "error_index": "CHAT_TOO_LARGE",
        "text_zh": "\u4e00\u6b21\u804a\u5929\u5185\u5bb9\u592a\u591a\uff0c\u65e0\u6cd5\u53d1\u9001",
        "is_retry": false,
        "jump_to": "",
        "des": ""
    }
},
{
    "model": "errormsg.errormsg",
    "pk": 30300,
    "fields": {
        "error_index": "GIFT_CODE_NOT_ACTIVE",
        "text_zh": "\u793c\u54c1\u7801\u6ca1\u6709\u6fc0\u6d3b\uff0c\u65e0\u6cd5\u4f7f\u7528",
        "is_retry": false,
        "jump_to": "",
        "des": ""
    }
},
{
    "model": "errormsg.errormsg",
    "pk": 30301,
    "fields": {
        "error_index": "GIFT_CODE_EXPIRED",
        "text_zh": "\u793c\u54c1\u7801\u5df2\u8fc7\u671f",
        "is_retry": false,
        "jump_to": "",
        "des": ""
    }
},
{
    "model": "errormsg.errormsg",
    "pk": 30302,
    "fields": {
        "error_index": "GIFT_CODE_NOT_STARTED",
        "text_zh": "\u793c\u54c1\u7801\u8fd8\u6ca1\u5230\u4f7f\u7528\u65f6\u95f4",
        "is_retry": false,
        "jump_to": "",
        "des": ""
    }
},
{
    "model": "errormsg.errormsg",
    "pk": 30303,
    "fields": {
        "error_index": "GIFT_CODE_NO_TIMES",
        "text_zh": "\u793c\u54c1\u7801\u4f7f\u7528\u6b21\u6570\u5df2\u7528\u5b8c",
        "is_retry": false,
        "jump_to": "",
        "des": ""
    }
},
{
    "model": "errormsg.errormsg",
    "pk": 30400,
    "fields": {
        "error_index": "CHAMPIONSHIP_ALREADY_BET",
        "text_zh": "\u5df2\u7ecf\u4e0b\u8fc7\u6ce8\u4e86",
        "is_retry": false,
        "jump_to": "",
        "des": ""
    }
},
{
    "model": "errormsg.errormsg",
    "pk": 30401,
    "fields": {
        "error_index": "CHAMPIONSHIP_APPLY_NOT_OPEN",
        "text_zh": "\u6ca1\u6709\u5230\u62a5\u540d\u65f6\u95f4",
        "is_retry": false,
        "jump_to": "",
        "des": ""
    }
},
{
    "model": "errormsg.errormsg",
    "pk": 30402,
    "fields": {
        "error_index": "CHAMPIONSHIP_ALREADY_APPLIED",
        "text_zh": "\u5df2\u7ecf\u62a5\u540d\u4e89\u9738\u8d5b\u4e86",
        "is_retry": false,
        "jump_to": "",
        "des": ""
    }
}
]
