[
{
    "fields": {
        "error_index": "BAD_MESSAGE",
        "text_zh": "\u8bf7\u6c42\u6570\u636e\u9519\u8bef",
        "is_retry": true,
        "des": "\u4efb\u4f55\u8bf7\u6c42\u90fd\u53ef\u4ee5\u53d1\u751f\uff0c\u5ba2\u6237\u7aef\u53d1\u6765\u7684\u6570\u636e\u4e0d\u6b63\u786e"
    },
    "model": "errormsg.errormsg",
    "pk": 1000
},
{
    "fields": {
        "error_index": "GOLD_NOT_ENOUGH",
        "text_zh": "\u8f6f\u59b9\u5e01\u4e0d\u591f",
        "is_retry": true,
        "des": ""
    },
    "model": "errormsg.errormsg",
    "pk": 1001
},
{
    "fields": {
        "error_index": "DIAMOND_NOT_ENOUGH",
        "text_zh": "\u94bb\u77f3\u4e0d\u591f",
        "is_retry": true,
        "des": ""
    },
    "model": "errormsg.errormsg",
    "pk": 1002
},
{
    "fields": {
        "error_index": "INVALID_OPERATE",
        "text_zh": "\u975e\u6cd5\u64cd\u4f5c",
        "is_retry": false,
        "des": ""
    },
    "model": "errormsg.errormsg",
    "pk": 1099
},
{
    "fields": {
        "error_index": "ACCOUNT_NAME_TAKEN",
        "text_zh": "\u5e10\u53f7\u7528\u6237\u540d\u5df2\u7ecf\u5360\u7528",
        "is_retry": true,
        "des": "\u6ce8\u518c\u7528\u6237\uff0c\u7528\u6237\u540d\u88ab\u5360\u7528"
    },
    "model": "errormsg.errormsg",
    "pk": 1100
},
{
    "fields": {
        "error_index": "ACCOUNT_CANNOT_FIND_NAME",
        "text_zh": " \u7528\u6237\u540d\u4e0d\u5b58\u5728",
        "is_retry": true,
        "des": "\u5e10\u53f7\u767b\u5f55\u65f6\uff0c\u627e\u4e0d\u5230\u5bf9\u5e94\u7684\u7528\u6237\u540d"
    },
    "model": "errormsg.errormsg",
    "pk": 1101
},
{
    "fields": {
        "error_index": "ACCOUNT_WRONG_PASSWORD",
        "text_zh": "\u5bc6\u7801\u9519\u8bef",
        "is_retry": true,
        "des": "\u5e10\u53f7\u767b\u5f55"
    },
    "model": "errormsg.errormsg",
    "pk": 1102
},
{
    "fields": {
        "error_index": "CHAR_ALREADY_CREATED",
        "text_zh": "\u5df2\u7ecf\u521b\u5efa\u4e86\u89d2\u8272",
        "is_retry": true,
        "des": ""
    },
    "model": "errormsg.errormsg",
    "pk": 1200
},
{
    "fields": {
        "error_index": "CHAR_NAME_TAKEN",
        "text_zh": "\u89d2\u8272\u540d\u5df2\u88ab\u5360\u7528",
        "is_retry": true,
        "des": "\u521b\u5efa\u540c\u540d\u89d2\u8272"
    },
    "model": "errormsg.errormsg",
    "pk": 1201
},
{
    "fields": {
        "error_index": "CHAR_NAME_TOO_LONG",
        "text_zh": "\u89d2\u8272\u540d\u592a\u957f",
        "is_retry": true,
        "des": "\u521b\u5efa\u89d2\u8272\u65f6 \u8f93\u5165\u7684\u540d\u5b57\u592a\u957f"
    },
    "model": "errormsg.errormsg",
    "pk": 1202
},
{
    "fields": {
        "error_index": "CHAR_NOT_EXIST",
        "text_zh": "\u6b64\u7528\u6237\u4e0d\u5b58\u5728",
        "is_retry": true,
        "des": ""
    },
    "model": "errormsg.errormsg",
    "pk": 1203
},
{
    "fields": {
        "error_index": "CLUB_ALREADY_CREATED",
        "text_zh": "\u5df2\u7ecf\u5efa\u7acb\u4e86\u4ff1\u4e50\u90e8",
        "is_retry": true,
        "des": ""
    },
    "model": "errormsg.errormsg",
    "pk": 1300
},
{
    "fields": {
        "error_index": "CLUB_NAME_TAKEN",
        "text_zh": "\u4ff1\u4e50\u90e8\u540d\u5b57\u5df2\u7ecf\u88ab\u5360\u7528",
        "is_retry": true,
        "des": ""
    },
    "model": "errormsg.errormsg",
    "pk": 1301
},
{
    "fields": {
        "error_index": "CLUB_LEVEL_NOT_ENOUGH",
        "text_zh": "\u4ff1\u4e50\u90e8\u7b49\u7ea7\u4e0d\u8db3",
        "is_retry": true,
        "des": ""
    },
    "model": "errormsg.errormsg",
    "pk": 1302
},
{
    "fields": {
        "error_index": "STAFF_ALREADY_HAVE",
        "text_zh": "\u5df2\u7ecf\u62e5\u6709\u6b64\u5458\u5de5",
        "is_retry": true,
        "des": ""
    },
    "model": "errormsg.errormsg",
    "pk": 1400
},
{
    "fields": {
        "error_index": "STAFF_NOT_EXIST",
        "text_zh": "\u4e0d\u5b58\u5728\u6b64\u5458\u5de5",
        "is_retry": true,
        "des": ""
    },
    "model": "errormsg.errormsg",
    "pk": 1401
},
{
    "fields": {
        "error_index": "STAFF_RECRUIT_NOT_IN_LIST",
        "text_zh": "\u8981\u62db\u52df\u7684\u5458\u5de5\u4e0d\u5728\u62db\u52df\u5217\u8868\u91cc",
        "is_retry": true,
        "des": ""
    },
    "model": "errormsg.errormsg",
    "pk": 1402
},
{
    "fields": {
        "error_index": "STAFF_CAN_NOT_REMOVE_IN_MATCH",
        "text_zh": "\u5458\u5de5\u51fa\u6218\u4e2d\uff0c\u65e0\u6cd5\u89e3\u96c7",
        "is_retry": true,
        "des": ""
    },
    "model": "errormsg.errormsg",
    "pk": 1403
},
{
    "fields": {
        "error_index": "TRAINING_NOT_EXIST",
        "text_zh": "\u6ca1\u6709\u6b64\u8bad\u7ec3\u65e5\u7a0b",
        "is_retry": true,
        "des": ""
    },
    "model": "errormsg.errormsg",
    "pk": 1500
},
{
    "fields": {
        "error_index": "TRAINING_NOT_FINISHED",
        "text_zh": "\u8bad\u7ec3\u6ca1\u6709\u5b8c\u6210",
        "is_retry": true,
        "des": ""
    },
    "model": "errormsg.errormsg",
    "pk": 1501
},
{
    "fields": {
        "error_index": "TRAINING_START_NO_SKILL",
        "text_zh": "\u5458\u5de5\u6ca1\u6709\u5bf9\u5e94\u7684\u6280\u80fd\uff0c\u65e0\u6cd5\u8bad\u7ec3",
        "is_retry": true,
        "des": ""
    },
    "model": "errormsg.errormsg",
    "pk": 1502
},
{
    "fields": {
        "error_index": "TRAINING_REWARD_NO_SKILL",
        "text_zh": "\u5458\u5de5\u6ca1\u6709\u5bf9\u5e94\u6280\u80fd\uff0c\u6b64\u6b21\u8bad\u7ec3\u65e0\u6548",
        "is_retry": false,
        "des": ""
    },
    "model": "errormsg.errormsg",
    "pk": 1503
},
{
    "fields": {
        "error_index": "TASK_NOT_EXIST",
        "text_zh": "\u4efb\u52a1\u4e0d\u5b58\u5728",
        "is_retry": true,
        "des": ""
    },
    "model": "errormsg.errormsg",
    "pk": 1600
},
{
    "fields": {
        "error_index": "TASK_ALREADY_DOING",
        "text_zh": "\u4e0d\u80fd\u91cd\u590d\u63a5\u540c\u4e00\u4e2a\u4efb\u52a1",
        "is_retry": true,
        "des": ""
    },
    "model": "errormsg.errormsg",
    "pk": 1601
},
{
    "fields": {
        "error_index": "TASK_NOT_DONE",
        "text_zh": "\u4efb\u52a1\u672a\u5b8c\u6210\uff0c\u4e0d\u80fd\u9886\u5956",
        "is_retry": true,
        "des": ""
    },
    "model": "errormsg.errormsg",
    "pk": 1602
},
{
    "fields": {
        "error_index": "TASK_ALREADY_GET_REWARD",
        "text_zh": "\u4efb\u52a1\u5df2\u7ecf\u9886\u8fc7\u5956\u4e86",
        "is_retry": true,
        "des": ""
    },
    "model": "errormsg.errormsg",
    "pk": 1603
},
{
    "fields": {
        "error_index": "TASK_NOT_FIND",
        "text_zh": "\u73a9\u5bb6\u6ca1\u6709\u8fd9\u4e2a\u4efb\u52a1",
        "is_retry": true,
        "des": ""
    },
    "model": "errormsg.errormsg",
    "pk": 1604
},
{
    "fields": {
        "error_index": "POLICY_NOT_EXIST",
        "text_zh": "\u6218\u672f\u4e0d\u5b58\u5728",
        "is_retry": true,
        "des": ""
    },
    "model": "errormsg.errormsg",
    "pk": 1700
},
{
    "fields": {
        "error_index": "SKILL_NOT_EXISTS",
        "text_zh": "\u6280\u80fd\u4e0d\u5b58\u5728",
        "is_retry": true,
        "des": ""
    },
    "model": "errormsg.errormsg",
    "pk": 1800
},
{
    "fields": {
        "error_index": "SKILL_NOT_OWN",
        "text_zh": "\u4e0d\u62e5\u6709\u6b64\u6280\u80fd",
        "is_retry": true,
        "des": ""
    },
    "model": "errormsg.errormsg",
    "pk": 1801
},
{
    "fields": {
        "error_index": "SKILL_ALREADY_MAX_LEVEL",
        "text_zh": "\u6b64\u6280\u80fd\u5df2\u7ecf\u5230\u6700\u5927\u7b49\u7ea7\uff0c\u65e0\u6cd5\u518d\u5347\u7ea7",
        "is_retry": true,
        "des": ""
    },
    "model": "errormsg.errormsg",
    "pk": 1802
},
{
    "fields": {
        "error_index": "SKILL_WILL_BEYOND_MAX_LEVEL",
        "text_zh": "\u5347\u7ea7\u540e\u5c06\u8d85\u8fc7\u6700\u5927\u7b49\u7ea7\uff0c\u65e0\u6cd5\u5b8c\u6210\u6b64\u64cd\u4f5c",
        "is_retry": true,
        "des": ""
    },
    "model": "errormsg.errormsg",
    "pk": 1803
},
{
    "fields": {
        "error_index": "BUILDING_CAN_NOT_LEVEL_UP",
        "text_zh": "\u6b64\u5efa\u7b51\u4e0d\u80fd\u5347\u7ea7",
        "is_retry": true,
        "des": ""
    },
    "model": "errormsg.errormsg",
    "pk": 1900
},
{
    "fields": {
        "error_index": "BUILDING_ALREADY_MAX_LEVEL",
        "text_zh": "\u6b64\u5efa\u7b51\u5df2\u7ecf\u5230\u8fbe\u6700\u9ad8\u7b49\u7ea7\uff0c\u65e0\u6cd5\u518d\u5347\u7ea7",
        "is_retry": true,
        "des": ""
    },
    "model": "errormsg.errormsg",
    "pk": 1901
},
{
    "fields": {
        "error_index": "BUILDING_NOT_EXIST",
        "text_zh": "\u6b64\u5efa\u7b51\u4e0d\u5b58\u5728",
        "is_retry": true,
        "des": ""
    },
    "model": "errormsg.errormsg",
    "pk": 1902
},
{
    "fields": {
        "error_index": "BUILDING_TASK_CENTER_LEVEL_NOT_ENOUGH",
        "text_zh": "\u4efb\u52a1\u4e2d\u5fc3\u7b49\u7ea7\u4e0d\u591f",
        "is_retry": true,
        "des": ""
    },
    "model": "errormsg.errormsg",
    "pk": 1903
},
{
    "fields": {
        "error_index": "CHALLENGE_ALL_FINISHED",
        "text_zh": "\u6311\u6218\u8d5b\u5df2\u7ecf\u5168\u90e8\u6253\u5b8c",
        "is_retry": true,
        "des": ""
    },
    "model": "errormsg.errormsg",
    "pk": 2000
},
{
    "fields": {
        "error_index": "LEAGUE_NO_LOG",
        "text_zh": "\u6ca1\u6709\u8054\u8d5b\u65e5\u5fd7",
        "is_retry": true,
        "des": ""
    },
    "model": "errormsg.errormsg",
    "pk": 2100
},
{
    "fields": {
        "error_index": "LADDER_TARGET_NOT_EXIST",
        "text_zh": "\u5bf9\u624b\u4e0d\u5728\u5237\u65b0\u7684\u5217\u8868\u4e2d",
        "is_retry": true,
        "des": ""
    },
    "model": "errormsg.errormsg",
    "pk": 2200
},
{
    "fields": {
        "error_index": "LADDER_TARGET_ORDER_CHANGED",
        "text_zh": "\u5bf9\u624b\u6392\u540d\u5df2\u7ecf\u53d8\u5316\uff0c\u8bf7\u91cd\u65b0\u5237\u65b0",
        "is_retry": true,
        "des": ""
    },
    "model": "errormsg.errormsg",
    "pk": 2201
},
{
    "fields": {
        "error_index": "LADDER_SELF_IN_MATCH",
        "text_zh": "\u4f60\u6b63\u5728\u88ab\u522b\u4eba\u6311\u6218\uff0c\u8bf7\u7a0d\u540e\u518d\u53d1\u8d77\u6311\u6218",
        "is_retry": true,
        "des": ""
    },
    "model": "errormsg.errormsg",
    "pk": 2202
},
{
    "fields": {
        "error_index": "LADDER_TARGET_IN_MATCH",
        "text_zh": "\u5bf9\u624b\u6b63\u5728\u53e6\u4e00\u573a\u6311\u6218\u4e2d\uff0c\u8bf7\u7a0d\u540e\u518d\u6b21\u53d1\u8d77\u6311\u6218",
        "is_retry": true,
        "des": ""
    },
    "model": "errormsg.errormsg",
    "pk": 2203
},
{
    "fields": {
        "error_index": "LADDER_STORE_ITEM_NOT_EXIST",
        "text_zh": "\u5929\u68af\u5546\u5e97\u7269\u54c1\u4e0d\u5b58\u5728",
        "is_retry": true,
        "des": ""
    },
    "model": "errormsg.errormsg",
    "pk": 2204
},
{
    "fields": {
        "error_index": "LADDER_CANNOT_MATCH_SELF",
        "text_zh": "\u65e0\u6cd5\u6311\u6218\u81ea\u5df1",
        "is_retry": true,
        "des": ""
    },
    "model": "errormsg.errormsg",
    "pk": 2205
},
{
    "fields": {
        "error_index": "LADDER_SCORE_NOT_ENOUGH",
        "text_zh": "\u5929\u68af\u79ef\u5206\u4e0d\u8db3",
        "is_retry": true,
        "des": ""
    },
    "model": "errormsg.errormsg",
    "pk": 2206
},
{
    "fields": {
        "error_index": "LADDER_SCORE_CANNOT_BUY",
        "text_zh": "\u5929\u68af\u79ef\u5206\u5546\u57ce\u6b64\u7269\u54c1\u65e0\u6cd5\u8d2d\u4e70",
        "is_retry": true,
        "des": ""
    },
    "model": "errormsg.errormsg",
    "pk": 2207
},
{
    "fields": {
        "error_index": "LADDER_STORE_ITEM_REACH_LIMIT",
        "text_zh": "\u5929\u68af\u5546\u57ce\u7269\u54c1\u8fbe\u5230\u8d2d\u4e70\u6b21\u6570\u9650\u5236\uff0c\u4eca\u65e5\u65e0\u6cd5\u518d\u6b21\u8d2d\u4e70",
        "is_retry": true,
        "des": ""
    },
    "model": "errormsg.errormsg",
    "pk": 2208
},
{
    "fields": {
        "error_index": "CUP_OUT_OF_APPLY_TIME",
        "text_zh": "\u5df2\u8fc7\u676f\u8d5b\u62a5\u540d\u65f6\u95f4",
        "is_retry": true,
        "des": ""
    },
    "model": "errormsg.errormsg",
    "pk": 2300
},
{
    "fields": {
        "error_index": "CUP_MATCH_HAS_STARTED",
        "text_zh": "\u676f\u8d5b\u5df2\u7ecf\u5f00\u59cb\uff0c\u65e0\u6cd5\u62a5\u540d",
        "is_retry": true,
        "des": ""
    },
    "model": "errormsg.errormsg",
    "pk": 2301
},
{
    "fields": {
        "error_index": "NOTIFICATION_NOT_EXIST",
        "text_zh": "\u901a\u77e5\u4e0d\u5b58\u5728",
        "is_retry": true,
        "des": ""
    },
    "model": "errormsg.errormsg",
    "pk": 2400
},
{
    "fields": {
        "error_index": "SPONSOR_TARGET_ALREADY_SPONSOR_OTHER",
        "text_zh": "\u5bf9\u65b9\u5df2\u7ecf\u8d5e\u52a9\u5176\u4ed6\u4ff1\u4e50\u90e8\uff0c\u65e0\u6cd5\u540c\u65f6\u8d5e\u52a9\u4f60",
        "is_retry": false,
        "des": "\u6ca1\u6709\u4f7f\u7528"
    },
    "model": "errormsg.errormsg",
    "pk": 2500
},
{
    "fields": {
        "error_index": "SPONSOR_TARGET_ALREADY_SPONSOR_YOU",
        "text_zh": "\u5bf9\u65b9\u5df2\u7ecf\u8d5e\u52a9\u4f60\u4e86\uff0c\u65e0\u6cd5\u518d\u6b21\u8d5e\u52a9",
        "is_retry": false,
        "des": "\u6ca1\u6709\u4f7f\u7528"
    },
    "model": "errormsg.errormsg",
    "pk": 2501
},
{
    "fields": {
        "error_index": "SPONSOR_ALREADY_SPONSOR",
        "text_zh": "\u5df2\u7ecf\u8d5e\u52a9\u4e86\u5176\u4ed6\u4ff1\u4e50\u90e8\uff0c\u65e0\u6cd5\u518d\u8d5e\u52a9",
        "is_retry": false,
        "des": ""
    },
    "model": "errormsg.errormsg",
    "pk": 2502
},
{
    "fields": {
        "error_index": "SPONSOR_NO_INVITE",
        "text_zh": "\u6ca1\u6709\u9080\u8bf7\uff0c\u65e0\u6cd5\u8d5e\u52a9",
        "is_retry": true,
        "des": ""
    },
    "model": "errormsg.errormsg",
    "pk": 2503
},
{
    "fields": {
        "error_index": "SIGN_ALREADY_SIGNED",
        "text_zh": "\u5df2\u7ecf\u7b7e\u8fc7\u4e86\uff0c\u65e0\u6cd5\u518d\u7b7e",
        "is_retry": false,
        "des": ""
    },
    "model": "errormsg.errormsg",
    "pk": 2600
},
{
    "fields": {
        "error_index": "SIGN_CAN_NOT",
        "text_zh": "\u65e0\u6cd5\u7b7e\u5230",
        "is_retry": false,
        "des": ""
    },
    "model": "errormsg.errormsg",
    "pk": 2601
},
{
    "fields": {
        "error_index": "LOGIN_REWARD_NOT_TO_TIME",
        "text_zh": "\u65f6\u95f4\u6ca1\u5230\uff0c\u65e0\u6cd5\u9886\u53d6",
        "is_retry": true,
        "des": ""
    },
    "model": "errormsg.errormsg",
    "pk": 2700
},
{
    "fields": {
        "error_index": "LOGIN_REWARD_ALREADY_GOT",
        "text_zh": "\u5df2\u7ecf\u9886\u8fc7\u4e86",
        "is_retry": true,
        "des": ""
    },
    "model": "errormsg.errormsg",
    "pk": 2701
},
{
    "fields": {
        "error_index": "ACTIVE_REWARD_NOT_EXIST",
        "text_zh": " \u4e0d\u5b58\u5728\u6b64\u6d3b\u8dc3\u5ea6\u5956\u52b1",
        "is_retry": false,
        "des": ""
    },
    "model": "errormsg.errormsg",
    "pk": 2800
},
{
    "fields": {
        "error_index": "ACTIVE_REWARD_ALREADY_GOT",
        "text_zh": "\u6b64\u6d3b\u8dc3\u5ea6\u5956\u52b1\u5df2\u7ecf\u9886\u8fc7\u4e86",
        "is_retry": false,
        "des": ""
    },
    "model": "errormsg.errormsg",
    "pk": 2801
},
{
    "fields": {
        "error_index": "ACTIVE_REWARD_CAN_NOT_GET",
        "text_zh": "\u6b64\u6d3b\u8dc3\u5ea6\u5956\u52b1\u65e0\u6cd5\u9886\u53d6",
        "is_retry": false,
        "des": ""
    },
    "model": "errormsg.errormsg",
    "pk": 2802
},
{
    "fields": {
        "error_index": "MATCH_STAFF_NOT_READY",
        "text_zh": "\u4e0a\u9635\u9009\u624b\u4e0d\u8db35\u4eba",
        "is_retry": true,
        "des": ""
    },
    "model": "errormsg.errormsg",
    "pk": 3000
},
{
    "fields": {
        "error_index": "FRIEND_ALREADY_IS_FRIEND",
        "text_zh": "\u5df2\u7ecf\u662f\u597d\u53cb\u4e86",
        "is_retry": true,
        "des": ""
    },
    "model": "errormsg.errormsg",
    "pk": 4000
},
{
    "fields": {
        "error_index": "FRIEND_ACCEPT_ERROR",
        "text_zh": "\u5bf9\u65b9\u6ca1\u6709\u5411\u4f60\u53d1\u51fa\u597d\u53cb\u7533\u8bf7\uff0c\u63a5\u53d7\u5931\u8d25",
        "is_retry": true,
        "des": ""
    },
    "model": "errormsg.errormsg",
    "pk": 4001
},
{
    "fields": {
        "error_index": "FRIEND_NOT_EXIST",
        "text_zh": "\u4e0d\u5b58\u5728\u6b64\u597d\u53cb",
        "is_retry": true,
        "des": ""
    },
    "model": "errormsg.errormsg",
    "pk": 4002
},
{
    "fields": {
        "error_index": "FRIEND_ADD_REQUEST_ALREADY_SENT",
        "text_zh": "\u597d\u53cb\u8bf7\u6c42\u5df2\u53d1\u9001",
        "is_retry": true,
        "des": ""
    },
    "model": "errormsg.errormsg",
    "pk": 4003
},
{
    "fields": {
        "error_index": "FRIEND_NOT_OK",
        "text_zh": "\u4e0d\u662f\u597d\u53cb\uff0c\u65e0\u6cd5\u64cd\u4f5c",
        "is_retry": true,
        "des": ""
    },
    "model": "errormsg.errormsg",
    "pk": 4004
},
{
    "fields": {
        "error_index": "MAIL_NOT_EXISTS",
        "text_zh": "\u4e0d\u5b58\u5728\u6b64\u90ae\u4ef6",
        "is_retry": true,
        "des": ""
    },
    "model": "errormsg.errormsg",
    "pk": 4100
},
{
    "fields": {
        "error_index": "MAIL_HAS_NO_ATTACHMENT",
        "text_zh": "\u6b64\u90ae\u4ef6\u6ca1\u6709\u9644\u4ef6",
        "is_retry": true,
        "des": ""
    },
    "model": "errormsg.errormsg",
    "pk": 4101
}
]
