[
{
    "fields": {
        "error_index": "BAD_MESSAGE",
        "text_zh": "请求数据错误",
        "des": "任何请求都可以发生，客户端发来的数据不正确"
    },
    "model": "errormsg.errormsg",
    "pk": 1000
},
{
    "fields": {
        "error_index": "ACCOUNT_NAME_TAKEN",
        "text_zh": "帐号用户名已经占用",
        "des": "注册用户，用户名被占用"
    },
    "model": "errormsg.errormsg",
    "pk": 1100
},
{
    "fields": {
        "error_index": "ACCOUNT_CANNOT_FIND_NAME",
        "text_zh": " 用户名不存在",
        "des": "帐号登录时，找不到对应的用户名"
    },
    "model": "errormsg.errormsg",
    "pk": 1101
},
{
    "fields": {
        "error_index": "ACCOUNT_WRONG_PASSWORD",
        "text_zh": "密码错误",
        "des": "帐号登录"
    },
    "model": "errormsg.errormsg",
    "pk": 1102
},
{
    "fields": {
        "error_index": "CHAR_ALREAD_CREATED",
        "text_zh": "已经创建了角色",
        "des": ""
    },
    "model": "errormsg.errormsg",
    "pk": 1200
},
{
    "fields": {
        "error_index": "CHAR_NAME_TAKEN",
        "text_zh": "角色名已被占用",
        "des": "创建同名角色"
    },
    "model": "errormsg.errormsg",
    "pk": 1201
},
{
    "fields": {
        "error_index": "CHAR_NAME_TOO_LONG",
        "text_zh": "角色名太长",
        "des": "创建角色时 输入的名字太长"
    },
    "model": "errormsg.errormsg",
    "pk": 1202
},
{
    "fields": {
        "error_index": "CLUB_ALREADY_CREATED",
        "text_zh": "已经建立了俱乐部",
        "des": ""
    },
    "model": "errormsg.errormsg",
    "pk": 1300
},
{
    "fields": {
        "error_index": "CLUB_NAME_TAKEN",
        "text_zh": "俱乐部名字已经被占用",
        "des": ""
    },
    "model": "errormsg.errormsg",
    "pk": 1301
},
{
    "fields": {
        "error_index": "STAFF_ALREADY_HAVE",
        "text_zh": "已经拥有此员工",
        "des": ""
    },
    "model": "errormsg.errormsg",
    "pk": 1400
},
{
    "fields": {
        "error_index": "STAFF_NOT_EXIST",
        "text_zh": "不存在此员工",
        "des": ""
    },
    "model": "errormsg.errormsg",
    "pk": 1401
},
{
    "fields": {
        "error_index": "TRAINING_NOT_EXIST",
        "text_zh": "没有此训练日程",
        "des": ""
    },
    "model": "errormsg.errormsg",
    "pk": 1500
}
]
