[
{
    "model": "errormsg.errormsg",
    "pk": 1000,
    "fields": {
        "error_index": "BAD_MESSAGE",
        "text_zh": "\u8bf7\u6c42\u6570\u636e\u9519\u8bef",
        "is_retry": true,
        "des": "\u4efb\u4f55\u8bf7\u6c42\u90fd\u53ef\u4ee5\u53d1\u751f\uff0c\u5ba2\u6237\u7aef\u53d1\u6765\u7684\u6570\u636e\u4e0d\u6b63\u786e"
    }
},
{
    "model": "errormsg.errormsg",
    "pk": 1001,
    "fields": {
        "error_index": "GOLD_NOT_ENOUGH",
        "text_zh": "\u8f6f\u59b9\u5e01\u4e0d\u591f",
        "is_retry": true,
        "des": ""
    }
},
{
    "model": "errormsg.errormsg",
    "pk": 1002,
    "fields": {
        "error_index": "DIAMOND_NOT_ENOUGH",
        "text_zh": "\u94bb\u77f3\u4e0d\u591f",
        "is_retry": true,
        "des": ""
    }
},
{
    "model": "errormsg.errormsg",
    "pk": 1003,
    "fields": {
        "error_index": "CRYSTAL_NOT_ENOUGH",
        "text_zh": "\u6c34\u6676\u4e0d\u8db3",
        "is_retry": true,
        "des": ""
    }
},
{
    "model": "errormsg.errormsg",
    "pk": 1004,
    "fields": {
        "error_index": "GAS_NOT_ENOUGH",
        "text_zh": "\u6c14\u77ff\u4e0d\u8db3",
        "is_retry": true,
        "des": ""
    }
},
{
    "model": "errormsg.errormsg",
    "pk": 1099,
    "fields": {
        "error_index": "INVALID_OPERATE",
        "text_zh": "\u975e\u6cd5\u64cd\u4f5c",
        "is_retry": false,
        "des": ""
    }
},
{
    "model": "errormsg.errormsg",
    "pk": 1100,
    "fields": {
        "error_index": "ACCOUNT_NAME_TAKEN",
        "text_zh": "\u5e10\u53f7\u7528\u6237\u540d\u5df2\u7ecf\u5360\u7528",
        "is_retry": true,
        "des": "\u6ce8\u518c\u7528\u6237\uff0c\u7528\u6237\u540d\u88ab\u5360\u7528"
    }
},
{
    "model": "errormsg.errormsg",
    "pk": 1101,
    "fields": {
        "error_index": "ACCOUNT_CANNOT_FIND_NAME",
        "text_zh": " \u7528\u6237\u540d\u4e0d\u5b58\u5728",
        "is_retry": true,
        "des": "\u5e10\u53f7\u767b\u5f55\u65f6\uff0c\u627e\u4e0d\u5230\u5bf9\u5e94\u7684\u7528\u6237\u540d"
    }
},
{
    "model": "errormsg.errormsg",
    "pk": 1102,
    "fields": {
        "error_index": "ACCOUNT_WRONG_PASSWORD",
        "text_zh": "\u5bc6\u7801\u9519\u8bef",
        "is_retry": true,
        "des": "\u5e10\u53f7\u767b\u5f55"
    }
},
{
    "model": "errormsg.errormsg",
    "pk": 1200,
    "fields": {
        "error_index": "CHAR_ALREADY_CREATED",
        "text_zh": "\u5df2\u7ecf\u521b\u5efa\u4e86\u89d2\u8272",
        "is_retry": true,
        "des": ""
    }
},
{
    "model": "errormsg.errormsg",
    "pk": 1201,
    "fields": {
        "error_index": "CHAR_NAME_TAKEN",
        "text_zh": "\u89d2\u8272\u540d\u5df2\u88ab\u5360\u7528",
        "is_retry": true,
        "des": "\u521b\u5efa\u540c\u540d\u89d2\u8272"
    }
},
{
    "model": "errormsg.errormsg",
    "pk": 1202,
    "fields": {
        "error_index": "CHAR_NAME_TOO_LONG",
        "text_zh": "\u89d2\u8272\u540d\u592a\u957f",
        "is_retry": true,
        "des": "\u521b\u5efa\u89d2\u8272\u65f6 \u8f93\u5165\u7684\u540d\u5b57\u592a\u957f"
    }
},
{
    "model": "errormsg.errormsg",
    "pk": 1203,
    "fields": {
        "error_index": "CHAR_NOT_EXIST",
        "text_zh": "\u6b64\u7528\u6237\u4e0d\u5b58\u5728",
        "is_retry": true,
        "des": ""
    }
},
{
    "model": "errormsg.errormsg",
    "pk": 1300,
    "fields": {
        "error_index": "CLUB_ALREADY_CREATED",
        "text_zh": "\u5df2\u7ecf\u5efa\u7acb\u4e86\u4ff1\u4e50\u90e8",
        "is_retry": true,
        "des": ""
    }
},
{
    "model": "errormsg.errormsg",
    "pk": 1301,
    "fields": {
        "error_index": "CLUB_NAME_TAKEN",
        "text_zh": "\u4ff1\u4e50\u90e8\u540d\u5b57\u5df2\u7ecf\u88ab\u5360\u7528",
        "is_retry": true,
        "des": ""
    }
},
{
    "model": "errormsg.errormsg",
    "pk": 1302,
    "fields": {
        "error_index": "CLUB_LEVEL_NOT_ENOUGH",
        "text_zh": "\u73a9\u5bb6\u7b49\u7ea7\u4e0d\u8db3",
        "is_retry": true,
        "des": ""
    }
},
{
    "model": "errormsg.errormsg",
    "pk": 1400,
    "fields": {
        "error_index": "STAFF_ALREADY_HAVE",
        "text_zh": "\u5df2\u7ecf\u62e5\u6709\u6b64\u5458\u5de5",
        "is_retry": true,
        "des": ""
    }
},
{
    "model": "errormsg.errormsg",
    "pk": 1401,
    "fields": {
        "error_index": "STAFF_NOT_EXIST",
        "text_zh": "\u4e0d\u5b58\u5728\u6b64\u5458\u5de5",
        "is_retry": true,
        "des": ""
    }
},
{
    "model": "errormsg.errormsg",
    "pk": 1402,
    "fields": {
        "error_index": "STAFF_RECRUIT_NOT_IN_LIST",
        "text_zh": "\u8981\u62db\u52df\u7684\u5458\u5de5\u4e0d\u5728\u62db\u52df\u5217\u8868\u91cc",
        "is_retry": true,
        "des": ""
    }
},
{
    "model": "errormsg.errormsg",
    "pk": 1403,
    "fields": {
        "error_index": "STAFF_CAN_NOT_REMOVE_IN_MATCH",
        "text_zh": "\u5458\u5de5\u51fa\u6218\u4e2d\uff0c\u65e0\u6cd5\u89e3\u96c7",
        "is_retry": true,
        "des": ""
    }
},
{
    "model": "errormsg.errormsg",
    "pk": 1404,
    "fields": {
        "error_index": "STAFF_AMOUNT_REACH_MAX_LIMIT",
        "text_zh": "\u5458\u5de5\u6570\u91cf\u5df2\u7ecf\u5230\u4e0a\u9650\uff0c\u8bf7\u5347\u7ea7\u4ff1\u4e50\u90e8\u7b49\u7ea7",
        "is_retry": false,
        "des": ""
    }
},
{
    "model": "errormsg.errormsg",
    "pk": 1410,
    "fields": {
        "error_index": "STAFF_FIRE_TRAINING_SHOP",
        "text_zh": "\u5728\u5f00\u7f51\u70b9\uff0c\u65e0\u6cd5\u89e3\u96c7",
        "is_retry": false,
        "des": ""
    }
},
{
    "model": "errormsg.errormsg",
    "pk": 1411,
    "fields": {
        "error_index": "STAFF_FIRE_TRAINING_BROADCAST",
        "text_zh": "\u5728\u76f4\u64ad\uff0c\u65e0\u6cd5\u89e3\u96c7",
        "is_retry": false,
        "des": ""
    }
},
{
    "model": "errormsg.errormsg",
    "pk": 1412,
    "fields": {
        "error_index": "STAFF_FIRE_TRAINING_EXP",
        "text_zh": "\u5728\u7ecf\u9a8c\u8bad\u7ec3\uff0c\u65e0\u6cd5\u89e3\u96c7",
        "is_retry": false,
        "des": ""
    }
},
{
    "model": "errormsg.errormsg",
    "pk": 1413,
    "fields": {
        "error_index": "STAFF_FIRE_TRAINING_PROPERTY",
        "text_zh": "\u5728\u5f3a\u5316\u8bad\u7ec3\uff0c\u65e0\u6cd5\u89e3\u96c7",
        "is_retry": false,
        "des": ""
    }
},
{
    "model": "errormsg.errormsg",
    "pk": 1414,
    "fields": {
        "error_index": "STAFF_FIRE_TRAINING_SKILL",
        "text_zh": "\u6280\u80fd\u8bad\u7ec3\uff0c\u65e0\u6cd5\u89e3\u96c7",
        "is_retry": false,
        "des": ""
    }
},
{
    "model": "errormsg.errormsg",
    "pk": 1415,
    "fields": {
        "error_index": "STAFF_EQUIP_ON_TYPE_ERROR",
        "text_zh": "\u53ea\u80fd\u7a7f\u88c5\u5907",
        "is_retry": false,
        "des": ""
    }
},
{
    "model": "errormsg.errormsg",
    "pk": 1416,
    "fields": {
        "error_index": "STAFF_STRENGTH_NO_CARD",
        "text_zh": "\u6ca1\u6709\u5bf9\u5e94\u7684\u5458\u5de5\u5361\uff0c\u65e0\u6cd5\u5f3a\u5316",
        "is_retry": false,
        "des": ""
    }
},
{
    "model": "errormsg.errormsg",
    "pk": 1417,
    "fields": {
        "error_index": "STAFF_CANNOT_DESTROY_IN_FORMATION",
        "text_zh": "\u5728\u9635\u578b\u4e2d\uff0c\u65e0\u6cd5\u9500\u6bc1",
        "is_retry": false,
        "des": ""
    }
},
{
    "model": "errormsg.errormsg",
    "pk": 1500,
    "fields": {
        "error_index": "TRAINING_SKILL_NOT_EXIST",
        "text_zh": "\u6ca1\u6709\u6b64\u6280\u80fd\u8bad\u7ec3",
        "is_retry": true,
        "des": ""
    }
},
{
    "model": "errormsg.errormsg",
    "pk": 1501,
    "fields": {
        "error_index": "TRAINING_NOT_FINISHED",
        "text_zh": "\u8bad\u7ec3\u6ca1\u6709\u5b8c\u6210",
        "is_retry": true,
        "des": ""
    }
},
{
    "model": "errormsg.errormsg",
    "pk": 1502,
    "fields": {
        "error_index": "TRAINING_START_NO_SKILL",
        "text_zh": "\u5458\u5de5\u6ca1\u6709\u5bf9\u5e94\u7684\u6280\u80fd\uff0c\u65e0\u6cd5\u8bad\u7ec3",
        "is_retry": true,
        "des": ""
    }
},
{
    "model": "errormsg.errormsg",
    "pk": 1503,
    "fields": {
        "error_index": "TRAINING_REWARD_NO_SKILL",
        "text_zh": "\u5458\u5de5\u6ca1\u6709\u5bf9\u5e94\u6280\u80fd\uff0c\u6b64\u6b21\u8bad\u7ec3\u65e0\u6548",
        "is_retry": false,
        "des": ""
    }
},
{
    "model": "errormsg.errormsg",
    "pk": 1504,
    "fields": {
        "error_index": "TRAINING_EXP_SLOT_NOT_OPEN",
        "text_zh": "\u8bad\u7ec3\u4f4d\u672a\u5f00\u542f",
        "is_retry": false,
        "des": ""
    }
},
{
    "model": "errormsg.errormsg",
    "pk": 1505,
    "fields": {
        "error_index": "TRAINING_EXP_SLOT_NOT_EXIST",
        "text_zh": "\u8bad\u7ec3\u4f4d\u4e0d\u5b58\u5728",
        "is_retry": false,
        "des": ""
    }
},
{
    "model": "errormsg.errormsg",
    "pk": 1506,
    "fields": {
        "error_index": "TRAINING_EXP_SLOT_IN_USE",
        "text_zh": "\u6b64\u8bad\u7ec3\u4f4d\u6b63\u5728\u4f7f\u7528\u4e2d",
        "is_retry": false,
        "des": ""
    }
},
{
    "model": "errormsg.errormsg",
    "pk": 1507,
    "fields": {
        "error_index": "TRAINING_EXP_STAFF_IN_TRAINING",
        "text_zh": "\u6b64\u5458\u5de5\u6b63\u5728\u8bad\u7ec3\u4e2d",
        "is_retry": false,
        "des": ""
    }
},
{
    "model": "errormsg.errormsg",
    "pk": 1508,
    "fields": {
        "error_index": "TRAINING_EXP_SLOT_EMPTY",
        "text_zh": "\u8bad\u7ec3\u4f4d\u7a7a\uff0c\u65e0\u6cd5\u5b8c\u6210\u64cd\u4f5c",
        "is_retry": false,
        "des": ""
    }
},
{
    "model": "errormsg.errormsg",
    "pk": 1509,
    "fields": {
        "error_index": "TRAINING_EXP_FINISH_CANNOT_OPERATE",
        "text_zh": "\u5df2\u7ecf\u7ed3\u675f\uff0c\u65e0\u6cd5\u5b8c\u6210\u64cd\u4f5c",
        "is_retry": false,
        "des": ""
    }
},
{
    "model": "errormsg.errormsg",
    "pk": 1510,
    "fields": {
        "error_index": "TRAINING_EXP_NOT_FINISH",
        "text_zh": "\u6ca1\u6709\u5b8c\u6210\uff0c\u65e0\u6cd5\u9886\u5956",
        "is_retry": false,
        "des": ""
    }
},
{
    "model": "errormsg.errormsg",
    "pk": 1511,
    "fields": {
        "error_index": "TRAINING_SKILL_NOT_ENOUGH",
        "text_zh": "\u6280\u80fd\u8bad\u7ec3\u4e66\u6570\u91cf\u4e0d\u591f",
        "is_retry": false,
        "des": ""
    }
},
{
    "model": "errormsg.errormsg",
    "pk": 1512,
    "fields": {
        "error_index": "TRAINING_PROPERTY_NOT_EXIST",
        "text_zh": "\u6ca1\u6709\u6b64\u5c5e\u6027\u8bad\u7ec3",
        "is_retry": false,
        "des": ""
    }
},
{
    "model": "errormsg.errormsg",
    "pk": 1513,
    "fields": {
        "error_index": "TRAINING_PROPERTY_SLOT_FULL",
        "text_zh": "\u5c5e\u6027\u8bad\u7ec3\u4f4d\u6ee1\u4e86",
        "is_retry": false,
        "des": ""
    }
},
{
    "model": "errormsg.errormsg",
    "pk": 1514,
    "fields": {
        "error_index": "TRAINING_PROPERTY_SLOT_NOT_EXIST",
        "text_zh": "\u4e0d\u5b58\u5728\u7684\u5c5e\u6027\u8bad\u7ec3\u4f4d",
        "is_retry": false,
        "des": ""
    }
},
{
    "model": "errormsg.errormsg",
    "pk": 1516,
    "fields": {
        "error_index": "TRAINING_PROPERTY_SPEEDUP_CANNOT_EMPTY",
        "text_zh": "\u6ca1\u6709\u5c5e\u6027\u8bad\u7ec3\uff0c\u65e0\u6cd5\u52a0\u901f",
        "is_retry": false,
        "des": ""
    }
},
{
    "model": "errormsg.errormsg",
    "pk": 1517,
    "fields": {
        "error_index": "TRAINING_PROPERTY_SPEEDUP_CANNOT_WAITING",
        "text_zh": "\u6392\u961f\u4e2d\u7684\u5c5e\u6027\u8bad\u7ec3\u65e0\u6cd5\u52a0\u901f",
        "is_retry": false,
        "des": ""
    }
},
{
    "model": "errormsg.errormsg",
    "pk": 1518,
    "fields": {
        "error_index": "TRAINING_PROPERTY_SPEEDUP_CANNOT_FINISH",
        "text_zh": "\u5df2\u7ecf\u5b8c\u6210\u7684\u5c5e\u6027\u8bad\u7ec3\u65e0\u6cd5\u52a0\u901f",
        "is_retry": false,
        "des": ""
    }
},
{
    "model": "errormsg.errormsg",
    "pk": 1521,
    "fields": {
        "error_index": "TRAINING_PROPERTY_REWARD_CANNOT",
        "text_zh": "\u6ca1\u6709\u5b8c\u6210\uff0c\u65e0\u6cd5\u9886\u5956",
        "is_retry": false,
        "des": ""
    }
},
{
    "model": "errormsg.errormsg",
    "pk": 1522,
    "fields": {
        "error_index": "TRAINING_PROPERTY_CANCEL_NOT_WAITING",
        "text_zh": "\u5c5e\u6027\u8bad\u7ec3\u4e0d\u5728\u7b49\u5f85\u72b6\u6001\uff0c\u65e0\u6cd5\u53d6\u6d88",
        "is_retry": false,
        "des": "\u5c5e\u6027\u8bad\u7ec3\u4e0d\u5728\u7b49\u5f85\u72b6\u6001\uff0c\u65e0\u6cd5\u53d6\u6d88"
    }
},
{
    "model": "errormsg.errormsg",
    "pk": 1530,
    "fields": {
        "error_index": "TRAINING_BROADCAST_NOT_EMPTY",
        "text_zh": "\u76f4\u64ad\u4f4d\u88ab\u5360\u7528",
        "is_retry": false,
        "des": ""
    }
},
{
    "model": "errormsg.errormsg",
    "pk": 1531,
    "fields": {
        "error_index": "TRAINING_BROADCAST_STAFF_IN_TRAINING",
        "text_zh": "\u5458\u5de5\u5df2\u7ecf\u5728\u76f4\u64ad\u4e2d\uff0c\u65e0\u6cd5\u91cd\u590d\u76f4\u64ad",
        "is_retry": false,
        "des": ""
    }
},
{
    "model": "errormsg.errormsg",
    "pk": 1532,
    "fields": {
        "error_index": "TRAINING_BROADCAST_NOT_TRAINING",
        "text_zh": "\u6ca1\u6709\u76f4\u64ad",
        "is_retry": false,
        "des": ""
    }
},
{
    "model": "errormsg.errormsg",
    "pk": 1533,
    "fields": {
        "error_index": "TRAINING_BROADCAST_NOT_FINISH",
        "text_zh": "\u76f4\u64ad\u6ca1\u6709\u5b8c\u6210",
        "is_retry": false,
        "des": ""
    }
},
{
    "model": "errormsg.errormsg",
    "pk": 1534,
    "fields": {
        "error_index": "TRAINING_BROADCAST_SLOT_NOT_EXIST",
        "text_zh": "\u76f4\u64ad\u4f4d\u4e0d\u5b58\u5728",
        "is_retry": false,
        "des": ""
    }
},
{
    "model": "errormsg.errormsg",
    "pk": 1535,
    "fields": {
        "error_index": "TRAINING_BROADCAST_SLOT_NOT_OPEN",
        "text_zh": "\u76f4\u64ad\u4f4d\u672a\u5f00\u542f",
        "is_retry": false,
        "des": ""
    }
},
{
    "model": "errormsg.errormsg",
    "pk": 1540,
    "fields": {
        "error_index": "TRAINING_SHOP_STAFF_IN_TRAINING",
        "text_zh": "\u5df2\u7ecf\u5728\u5f00\u7f51\u5e97\u4e86\uff0c\u518d\u5f00\u5c31\u8981\u7d2f\u6b7b\u4e86",
        "is_retry": false,
        "des": ""
    }
},
{
    "model": "errormsg.errormsg",
    "pk": 1541,
    "fields": {
        "error_index": "TRAINING_SHOP_NOT_EXIST",
        "text_zh": "\u6ca1\u6709\u8fd9\u4e2a\u7f51\u5e97",
        "is_retry": false,
        "des": ""
    }
},
{
    "model": "errormsg.errormsg",
    "pk": 1542,
    "fields": {
        "error_index": "TRAINING_SHOP_NOT_OPEN",
        "text_zh": "\u7f51\u5e97\u8fd8\u6ca1\u5f00",
        "is_retry": false,
        "des": ""
    }
},
{
    "model": "errormsg.errormsg",
    "pk": 1543,
    "fields": {
        "error_index": "TRAINING_SHOP_IN_USE",
        "text_zh": "\u7f51\u5e97\u5df2\u7ecf\u88ab\u5360\u7528",
        "is_retry": false,
        "des": ""
    }
},
{
    "model": "errormsg.errormsg",
    "pk": 1544,
    "fields": {
        "error_index": "TRAINING_SHOP_CANNOT_CANCEL",
        "text_zh": "\u7f51\u5e97\u6ca1\u6709\u5f00\u5f20\uff0c\u65e0\u6cd5\u53d6\u6d88",
        "is_retry": false,
        "des": ""
    }
},
{
    "model": "errormsg.errormsg",
    "pk": 1550,
    "fields": {
        "error_index": "TRAINING_SPONSOR_NOT_EXIST",
        "text_zh": "\u4e0d\u5b58\u5728\u7684\u8d5e\u52a9\u5546",
        "is_retry": false,
        "des": ""
    }
},
{
    "model": "errormsg.errormsg",
    "pk": 1551,
    "fields": {
        "error_index": "TRAINING_SPONSOR_NOT_OPEN",
        "text_zh": "\u8d5e\u52a9\u5546\u6ca1\u6709\u89e3\u9501",
        "is_retry": false,
        "des": ""
    }
},
{
    "model": "errormsg.errormsg",
    "pk": 1552,
    "fields": {
        "error_index": "TRAINING_SPONSOR_ALREADY_START",
        "text_zh": "\u5df2\u7ecf\u5904\u4e8e\u8d5e\u52a9\u4e2d",
        "is_retry": false,
        "des": ""
    }
},
{
    "model": "errormsg.errormsg",
    "pk": 1560,
    "fields": {
        "error_index": "TRAINING_DOING_EXP",
        "text_zh": "\u6b64\u5458\u5de5\u6b63\u5728\u57f9\u8bad\u7ecf\u9a8c\uff0c\u4e0d\u8981\u628a\u4eba\u5bb6\u7d2f\u6b7b\u4e86",
        "is_retry": false,
        "des": ""
    }
},
{
    "model": "errormsg.errormsg",
    "pk": 1561,
    "fields": {
        "error_index": "TRAINING_DOING_BROADCAST",
        "text_zh": "\u6b64\u5458\u5de5\u6b63\u5728\u76f4\u64ad\uff0c\u4e0d\u8981\u628a\u4eba\u5bb6\u7d2f\u6b7b\u4e86",
        "is_retry": false,
        "des": ""
    }
},
{
    "model": "errormsg.errormsg",
    "pk": 1562,
    "fields": {
        "error_index": "TRAINING_DOING_SHOP",
        "text_zh": "\u6b64\u5458\u5de5\u6b63\u5728\u7ba1\u7406\u7f51\u5e97\uff0c\u4e0d\u8981\u628a\u4eba\u5bb6\u7d2f\u6b7b\u4e86",
        "is_retry": false,
        "des": ""
    }
},
{
    "model": "errormsg.errormsg",
    "pk": 1600,
    "fields": {
        "error_index": "TASK_NOT_EXIST",
        "text_zh": "\u4efb\u52a1\u4e0d\u5b58\u5728",
        "is_retry": true,
        "des": ""
    }
},
{
    "model": "errormsg.errormsg",
    "pk": 1601,
    "fields": {
        "error_index": "TASK_ALREADY_DOING",
        "text_zh": "\u4e0d\u80fd\u91cd\u590d\u63a5\u540c\u4e00\u4e2a\u4efb\u52a1",
        "is_retry": true,
        "des": ""
    }
},
{
    "model": "errormsg.errormsg",
    "pk": 1602,
    "fields": {
        "error_index": "TASK_NOT_DONE",
        "text_zh": "\u4efb\u52a1\u672a\u5b8c\u6210\uff0c\u4e0d\u80fd\u9886\u5956",
        "is_retry": true,
        "des": ""
    }
},
{
    "model": "errormsg.errormsg",
    "pk": 1603,
    "fields": {
        "error_index": "TASK_ALREADY_GET_REWARD",
        "text_zh": "\u4efb\u52a1\u5df2\u7ecf\u9886\u8fc7\u5956\u4e86",
        "is_retry": true,
        "des": ""
    }
},
{
    "model": "errormsg.errormsg",
    "pk": 1604,
    "fields": {
        "error_index": "TASK_NOT_FIND",
        "text_zh": "\u73a9\u5bb6\u6ca1\u6709\u8fd9\u4e2a\u4efb\u52a1",
        "is_retry": true,
        "des": ""
    }
},
{
    "model": "errormsg.errormsg",
    "pk": 1605,
    "fields": {
        "error_index": "TARGET_TYPE_NOT_EXIST",
        "text_zh": "\u4efb\u52a1\u76ee\u6807\u7c7b\u578b\u4e0d\u5b58\u5728",
        "is_retry": false,
        "des": ""
    }
},
{
    "model": "errormsg.errormsg",
    "pk": 1606,
    "fields": {
        "error_index": "TASK_CAN_NOT_REPRODUCE",
        "text_zh": "\u4efb\u52a1\u4e0d\u80fd\u91cd\u590d\u505a",
        "is_retry": true,
        "des": ""
    }
},
{
    "model": "errormsg.errormsg",
    "pk": 1700,
    "fields": {
        "error_index": "POLICY_NOT_EXIST",
        "text_zh": "\u6218\u672f\u4e0d\u5b58\u5728",
        "is_retry": true,
        "des": ""
    }
},
{
    "model": "errormsg.errormsg",
    "pk": 1800,
    "fields": {
        "error_index": "SKILL_NOT_EXISTS",
        "text_zh": "\u6280\u80fd\u4e0d\u5b58\u5728",
        "is_retry": true,
        "des": ""
    }
},
{
    "model": "errormsg.errormsg",
    "pk": 1801,
    "fields": {
        "error_index": "SKILL_NOT_OWN",
        "text_zh": "\u4e0d\u62e5\u6709\u6b64\u6280\u80fd",
        "is_retry": true,
        "des": ""
    }
},
{
    "model": "errormsg.errormsg",
    "pk": 1802,
    "fields": {
        "error_index": "SKILL_ALREADY_MAX_LEVEL",
        "text_zh": "\u6b64\u6280\u80fd\u5df2\u7ecf\u5230\u6700\u5927\u7b49\u7ea7\uff0c\u65e0\u6cd5\u518d\u5347\u7ea7",
        "is_retry": true,
        "des": ""
    }
},
{
    "model": "errormsg.errormsg",
    "pk": 1803,
    "fields": {
        "error_index": "SKILL_WILL_BEYOND_MAX_LEVEL",
        "text_zh": "\u5347\u7ea7\u540e\u5c06\u8d85\u8fc7\u6700\u5927\u7b49\u7ea7\uff0c\u65e0\u6cd5\u5b8c\u6210\u6b64\u64cd\u4f5c",
        "is_retry": true,
        "des": ""
    }
},
{
    "model": "errormsg.errormsg",
    "pk": 1804,
    "fields": {
        "error_index": "SKILL_UPGRADE_SPEEDUP_CANNOT",
        "text_zh": "\u6ca1\u6709\u5347\u7ea7\uff0c\u65e0\u6cd5\u52a0\u901f",
        "is_retry": false,
        "des": ""
    }
},
{
    "model": "errormsg.errormsg",
    "pk": 1805,
    "fields": {
        "error_index": "SKILL_ALREADY_IN_UPGRADE",
        "text_zh": "\u6b63\u5728\u5347\u7ea7\uff0c\u65e0\u6cd5\u518d\u6b21\u5347\u7ea7",
        "is_retry": false,
        "des": ""
    }
},
{
    "model": "errormsg.errormsg",
    "pk": 1900,
    "fields": {
        "error_index": "BUILDING_CAN_NOT_LEVEL_UP",
        "text_zh": "\u6b64\u5efa\u7b51\u4e0d\u80fd\u5347\u7ea7",
        "is_retry": true,
        "des": ""
    }
},
{
    "model": "errormsg.errormsg",
    "pk": 1901,
    "fields": {
        "error_index": "BUILDING_ALREADY_MAX_LEVEL",
        "text_zh": "\u6b64\u5efa\u7b51\u5df2\u7ecf\u5230\u8fbe\u6700\u9ad8\u7b49\u7ea7\uff0c\u65e0\u6cd5\u518d\u5347\u7ea7",
        "is_retry": true,
        "des": ""
    }
},
{
    "model": "errormsg.errormsg",
    "pk": 1902,
    "fields": {
        "error_index": "BUILDING_NOT_EXIST",
        "text_zh": "\u6b64\u5efa\u7b51\u4e0d\u5b58\u5728",
        "is_retry": true,
        "des": ""
    }
},
{
    "model": "errormsg.errormsg",
    "pk": 1903,
    "fields": {
        "error_index": "BUILDING_TASK_CENTER_LEVEL_NOT_ENOUGH",
        "text_zh": "\u4efb\u52a1\u4e2d\u5fc3\u7b49\u7ea7\u4e0d\u591f",
        "is_retry": true,
        "des": ""
    }
},
{
    "model": "errormsg.errormsg",
    "pk": 1904,
    "fields": {
        "error_index": "BUILDING_IN_UPGRADING",
        "text_zh": "\u5efa\u7b51\u6b63\u5728\u5347\u7ea7\u4e2d",
        "is_retry": false,
        "des": ""
    }
},
{
    "model": "errormsg.errormsg",
    "pk": 1905,
    "fields": {
        "error_index": "BUILDING_TRAINING_CENTER_LEVEL_NOT_ENOUGH",
        "text_zh": "\u8bad\u7ec3\u4e2d\u5fc3\u7b49\u7ea7\u4e0d\u591f",
        "is_retry": false,
        "des": ""
    }
},
{
    "model": "errormsg.errormsg",
    "pk": 1906,
    "fields": {
        "error_index": "BUILDING_STAFF_CENTER_LEVEL_NOT_ENOUGH",
        "text_zh": "\u5458\u5de5\u4e2d\u5fc3\u7b49\u7ea7\u4e0d\u591f",
        "is_retry": false,
        "des": ""
    }
},
{
    "model": "errormsg.errormsg",
    "pk": 1907,
    "fields": {
        "error_index": "BUILDING_LEAGUE_CENTER_LEVEL_NOT_ENOUGH",
        "text_zh": "\u8054\u8d5b\u4e2d\u5fc3\u7b49\u7ea7\u4e0d\u591f",
        "is_retry": false,
        "des": ""
    }
},
{
    "model": "errormsg.errormsg",
    "pk": 1908,
    "fields": {
        "error_index": "BUILDING_SPONSOR_CENTER_LEVEL_NOT_ENOUGH",
        "text_zh": "\u8d5e\u52a9\u5546\u4e2d\u5fc3\u7b49\u7ea7\u4e0d\u591f",
        "is_retry": false,
        "des": ""
    }
},
{
    "model": "errormsg.errormsg",
    "pk": 1909,
    "fields": {
        "error_index": "BUILDING_BUSINESS_CENTER_LEVEL_NOT_ENOUGH",
        "text_zh": "\u5546\u52a1\u90e8\u7b49\u7ea7\u4e0d\u591f",
        "is_retry": false,
        "des": ""
    }
},
{
    "model": "errormsg.errormsg",
    "pk": 1910,
    "fields": {
        "error_index": "BUILDING_CLUB_CENTER_LEVEL_NOT_ENOUGH",
        "text_zh": "\u4ff1\u4e50\u90e8\u4e2d\u5fc3\u5927\u697c\u7b49\u7ea7\u4e0d\u8db3",
        "is_retry": false,
        "des": ""
    }
},
{
    "model": "errormsg.errormsg",
    "pk": 1911,
    "fields": {
        "error_index": "BUILDING_CANNOT_SPEEDUP",
        "text_zh": "\u6ca1\u6709\u5347\u7ea7\uff0c\u65e0\u6cd5\u52a0\u901f",
        "is_retry": false,
        "des": ""
    }
},
{
    "model": "errormsg.errormsg",
    "pk": 2000,
    "fields": {
        "error_index": "CHALLENGE_ALL_FINISHED",
        "text_zh": "\u6311\u6218\u8d5b\u5df2\u7ecf\u5168\u90e8\u6253\u5b8c",
        "is_retry": true,
        "des": ""
    }
},
{
    "model": "errormsg.errormsg",
    "pk": 2001,
    "fields": {
        "error_index": "CHALLENGE_AREA_FINISH",
        "text_zh": "\u6b64\u5927\u533a\u5df2\u7ecf\u901a\u5173",
        "is_retry": false,
        "des": ""
    }
},
{
    "model": "errormsg.errormsg",
    "pk": 2002,
    "fields": {
        "error_index": "CHALLENGE_AREA_NOT_OPEN",
        "text_zh": "\u6b64\u5927\u533a\u6ca1\u6709\u5f00\u542f",
        "is_retry": false,
        "des": ""
    }
},
{
    "model": "errormsg.errormsg",
    "pk": 2003,
    "fields": {
        "error_index": "CHALLENGE_AREA_NOT_EXIST",
        "text_zh": "\u4e0d\u5b58\u5728\u6b64\u5927\u533a",
        "is_retry": false,
        "des": ""
    }
},
{
    "model": "errormsg.errormsg",
    "pk": 2004,
    "fields": {
        "error_index": "CHALLENGE_NOT_OPEN",
        "text_zh": "\u5173\u5361\u5c1a\u672a\u5f00\u542f",
        "is_retry": false,
        "des": ""
    }
},
{
    "model": "errormsg.errormsg",
    "pk": 2005,
    "fields": {
        "error_index": "CHALLENGE_WITHOUT_TIMES",
        "text_zh": "\u5173\u5361\u6311\u6218\u6b21\u6570\u5df2\u8fbe\u4e0a\u9650",
        "is_retry": false,
        "des": ""
    }
},
{
    "model": "errormsg.errormsg",
    "pk": 2006,
    "fields": {
        "error_index": "CHALLENGE_NOT_ENOUGH_ENERGY",
        "text_zh": "\u4f53\u529b\u4e0d\u8db3",
        "is_retry": false,
        "des": ""
    }
},
{
    "model": "errormsg.errormsg",
    "pk": 2007,
    "fields": {
        "error_index": "CHALLENGE_NO_BUY_ENERGY_TIMES",
        "text_zh": "\u8d2d\u4e70\u6b21\u6570\u5df2\u7528\u5b8c",
        "is_retry": true,
        "des": ""
    }
},
{
    "model": "errormsg.errormsg",
    "pk": 2008,
    "fields": {
        "error_index": "CHALLENGE_REWARD_HAVE_GET",
        "text_zh": "\u5956\u52b1\u5df2\u9886\u53d6",
        "is_retry": true,
        "des": ""
    }
},
{
    "model": "errormsg.errormsg",
    "pk": 2009,
    "fields": {
        "error_index": "CHALLENGE_REWARD_NOT_EXIST",
        "text_zh": "\u661f\u7ea7\u5956\u52b1\u4e0d\u5b58\u5728",
        "is_retry": false,
        "des": ""
    }
},
{
    "model": "errormsg.errormsg",
    "pk": 2010,
    "fields": {
        "error_index": "CHALLENGE_REWARD_STARS_NOT_ENOUGH",
        "text_zh": "\u661f\u7ea7\u6570\u4e0d\u8db3",
        "is_retry": false,
        "des": ""
    }
},
{
    "model": "errormsg.errormsg",
    "pk": 2011,
    "fields": {
        "error_index": "CHALLENGE_NOT_3_STAR",
        "text_zh": "\u4e0d\u662f3\u661f\uff0c\u65e0\u6cd5\u626b\u8361",
        "is_retry": false,
        "des": ""
    }
},
{
    "model": "errormsg.errormsg",
    "pk": 2012,
    "fields": {
        "error_index": "CHALLENGE_NOT_EXIST",
        "text_zh": "\u6311\u6218\u8d5b\u5173\u5361\u4e0d\u5b58\u5728",
        "is_retry": false,
        "des": ""
    }
},
{
    "model": "errormsg.errormsg",
    "pk": 2013,
    "fields": {
        "error_index": "CHALLENGE_CHAPTER_NOT_EXIST",
        "text_zh": "\u6311\u6218\u8d5b\u7ae0\u8282\u4e0d\u5b58\u5728",
        "is_retry": false,
        "des": ""
    }
},
{
    "model": "errormsg.errormsg",
    "pk": 2014,
    "fields": {
        "error_index": "CHALLENGE_CHAPTER_NOT_OPEN",
        "text_zh": "\u6311\u6218\u8d5b\u7ae0\u8282\u6ca1\u6709\u5f00\u542f",
        "is_retry": false,
        "des": ""
    }
},
{
    "model": "errormsg.errormsg",
    "pk": 2015,
    "fields": {
        "error_index": "CHALLENGE_CHAPTER_HAS_ALREADY_REWARD",
        "text_zh": "\u6311\u6218\u8d5b\u7ae0\u8282\u5df2\u7ecf\u9886\u8fc7\u5956\u4e86",
        "is_retry": false,
        "des": ""
    }
},
{
    "model": "errormsg.errormsg",
    "pk": 2016,
    "fields": {
        "error_index": "CHALLENGE_CHAPTER_INVALID_REWARD",
        "text_zh": "\u6311\u6218\u8d5b\u7ae0\u8282\u9886\u5956\uff0c \u6ca1\u6709\u8fd9\u4e2a\u5956\u52b1",
        "is_retry": false,
        "des": ""
    }
},
{
    "model": "errormsg.errormsg",
    "pk": 2017,
    "fields": {
        "error_index": "CHALLENGE_CHAPTER_REWARD_STAR_NOT_ENOUGH",
        "text_zh": "\u6311\u6218\u8d5b\u7ae0\u8282\u9886\u5956\uff0c\u661f\u661f\u4e0d\u591f",
        "is_retry": false,
        "des": ""
    }
},
{
    "model": "errormsg.errormsg",
    "pk": 2100,
    "fields": {
        "error_index": "LEAGUE_NO_LOG",
        "text_zh": "\u6ca1\u6709\u8054\u8d5b\u65e5\u5fd7",
        "is_retry": true,
        "des": ""
    }
},
{
    "model": "errormsg.errormsg",
    "pk": 2200,
    "fields": {
        "error_index": "LADDER_TARGET_NOT_EXIST",
        "text_zh": "\u5bf9\u624b\u4e0d\u5728\u5237\u65b0\u7684\u5217\u8868\u4e2d",
        "is_retry": true,
        "des": ""
    }
},
{
    "model": "errormsg.errormsg",
    "pk": 2201,
    "fields": {
        "error_index": "LADDER_TARGET_ORDER_CHANGED",
        "text_zh": "\u5bf9\u624b\u6392\u540d\u5df2\u7ecf\u53d8\u5316\uff0c\u8bf7\u91cd\u65b0\u5237\u65b0",
        "is_retry": true,
        "des": ""
    }
},
{
    "model": "errormsg.errormsg",
    "pk": 2202,
    "fields": {
        "error_index": "LADDER_SELF_IN_MATCH",
        "text_zh": "\u4f60\u6b63\u5728\u88ab\u522b\u4eba\u6311\u6218\uff0c\u8bf7\u7a0d\u540e\u518d\u53d1\u8d77\u6311\u6218",
        "is_retry": true,
        "des": ""
    }
},
{
    "model": "errormsg.errormsg",
    "pk": 2203,
    "fields": {
        "error_index": "LADDER_TARGET_IN_MATCH",
        "text_zh": "\u5bf9\u624b\u6b63\u5728\u53e6\u4e00\u573a\u6311\u6218\u4e2d\uff0c\u8bf7\u7a0d\u540e\u518d\u6b21\u53d1\u8d77\u6311\u6218",
        "is_retry": true,
        "des": ""
    }
},
{
    "model": "errormsg.errormsg",
    "pk": 2204,
    "fields": {
        "error_index": "LADDER_STORE_ITEM_NOT_EXIST",
        "text_zh": "\u5546\u5e97\u7269\u54c1\u4e0d\u5b58\u5728",
        "is_retry": false,
        "des": ""
    }
},
{
    "model": "errormsg.errormsg",
    "pk": 2205,
    "fields": {
        "error_index": "LADDER_CANNOT_MATCH_SELF",
        "text_zh": "\u65e0\u6cd5\u6311\u6218\u81ea\u5df1",
        "is_retry": true,
        "des": ""
    }
},
{
    "model": "errormsg.errormsg",
    "pk": 2206,
    "fields": {
        "error_index": "LADDER_SCORE_NOT_ENOUGH",
        "text_zh": "\u5929\u68af\u79ef\u5206\u4e0d\u8db3",
        "is_retry": true,
        "des": ""
    }
},
{
    "model": "errormsg.errormsg",
    "pk": 2207,
    "fields": {
        "error_index": "LADDER_STORE_ITEM_CANNOT_BUY",
        "text_zh": "\u5546\u57ce\u6b64\u7269\u54c1\u65e0\u6cd5\u8d2d\u4e70",
        "is_retry": false,
        "des": ""
    }
},
{
    "model": "errormsg.errormsg",
    "pk": 2208,
    "fields": {
        "error_index": "LADDER_STORE_ITEM_REACH_LIMIT",
        "text_zh": "\u5546\u57ce\u7269\u54c1\u8fbe\u5230\u8d2d\u4e70\u6b21\u6570\u9650\u5236\uff0c\u65e0\u6cd5\u518d\u6b21\u8d2d\u4e70",
        "is_retry": false,
        "des": ""
    }
},
{
    "model": "errormsg.errormsg",
    "pk": 2209,
    "fields": {
        "error_index": "LADDER_NOT_CHALLENGE_TIMES",
        "text_zh": "\u5929\u68af\u6311\u6218\u6b21\u6570\u5df2\u7528\u5c3d",
        "is_retry": true,
        "des": ""
    }
},
{
    "model": "errormsg.errormsg",
    "pk": 2210,
    "fields": {
        "error_index": "LADDER_NO_CHALLENGE_BUY_TIMES",
        "text_zh": "\u6ca1\u6709\u5929\u68af\u6311\u6218\u8d2d\u4e70\u6b21\u6570",
        "is_retry": true,
        "des": ""
    }
},
{
    "model": "errormsg.errormsg",
    "pk": 2211,
    "fields": {
        "error_index": "LADDER_CHALLENGE_COOLING_DOWN",
        "text_zh": "\u6311\u6218\u6b63\u5728\u51b7\u5374\u4e2d",
        "is_retry": true,
        "des": ""
    }
},
{
    "model": "errormsg.errormsg",
    "pk": 2300,
    "fields": {
        "error_index": "CUP_OUT_OF_APPLY_TIME",
        "text_zh": "\u5df2\u8fc7\u676f\u8d5b\u62a5\u540d\u65f6\u95f4",
        "is_retry": true,
        "des": ""
    }
},
{
    "model": "errormsg.errormsg",
    "pk": 2301,
    "fields": {
        "error_index": "CUP_MATCH_HAS_STARTED",
        "text_zh": "\u676f\u8d5b\u5df2\u7ecf\u5f00\u59cb\uff0c\u65e0\u6cd5\u62a5\u540d",
        "is_retry": true,
        "des": ""
    }
},
{
    "model": "errormsg.errormsg",
    "pk": 2302,
    "fields": {
        "error_index": "CUP_ALREADY_IN_CUP",
        "text_zh": "\u5df2\u53c2\u52a0\u676f\u8d5b",
        "is_retry": true,
        "des": ""
    }
},
{
    "model": "errormsg.errormsg",
    "pk": 2400,
    "fields": {
        "error_index": "NOTIFICATION_NOT_EXIST",
        "text_zh": "\u901a\u77e5\u4e0d\u5b58\u5728",
        "is_retry": true,
        "des": ""
    }
},
{
    "model": "errormsg.errormsg",
    "pk": 2500,
    "fields": {
        "error_index": "SPONSOR_TARGET_ALREADY_SPONSOR_OTHER",
        "text_zh": "\u5bf9\u65b9\u5df2\u7ecf\u8d5e\u52a9\u5176\u4ed6\u4ff1\u4e50\u90e8\uff0c\u65e0\u6cd5\u540c\u65f6\u8d5e\u52a9\u4f60",
        "is_retry": false,
        "des": "\u6ca1\u6709\u4f7f\u7528"
    }
},
{
    "model": "errormsg.errormsg",
    "pk": 2501,
    "fields": {
        "error_index": "SPONSOR_TARGET_ALREADY_SPONSOR_YOU",
        "text_zh": "\u5bf9\u65b9\u5df2\u7ecf\u8d5e\u52a9\u4f60\u4e86\uff0c\u65e0\u6cd5\u518d\u6b21\u8d5e\u52a9",
        "is_retry": false,
        "des": "\u6ca1\u6709\u4f7f\u7528"
    }
},
{
    "model": "errormsg.errormsg",
    "pk": 2502,
    "fields": {
        "error_index": "SPONSOR_ALREADY_SPONSOR",
        "text_zh": "\u5df2\u7ecf\u8d5e\u52a9\u4e86\u5176\u4ed6\u4ff1\u4e50\u90e8\uff0c\u65e0\u6cd5\u518d\u8d5e\u52a9",
        "is_retry": false,
        "des": ""
    }
},
{
    "model": "errormsg.errormsg",
    "pk": 2503,
    "fields": {
        "error_index": "SPONSOR_NO_INVITE",
        "text_zh": "\u6ca1\u6709\u9080\u8bf7\uff0c\u65e0\u6cd5\u8d5e\u52a9",
        "is_retry": true,
        "des": ""
    }
},
{
    "model": "errormsg.errormsg",
    "pk": 2600,
    "fields": {
        "error_index": "SIGN_ALREADY_SIGNED",
        "text_zh": "\u5df2\u7ecf\u7b7e\u8fc7\u4e86\uff0c\u65e0\u6cd5\u518d\u7b7e",
        "is_retry": false,
        "des": ""
    }
},
{
    "model": "errormsg.errormsg",
    "pk": 2601,
    "fields": {
        "error_index": "SIGN_CAN_NOT",
        "text_zh": "\u65e0\u6cd5\u7b7e\u5230",
        "is_retry": false,
        "des": ""
    }
},
{
    "model": "errormsg.errormsg",
    "pk": 2700,
    "fields": {
        "error_index": "LOGIN_REWARD_NOT_TO_TIME",
        "text_zh": "\u65f6\u95f4\u6ca1\u5230\uff0c\u65e0\u6cd5\u9886\u53d6",
        "is_retry": true,
        "des": ""
    }
},
{
    "model": "errormsg.errormsg",
    "pk": 2701,
    "fields": {
        "error_index": "LOGIN_REWARD_ALREADY_GOT",
        "text_zh": "\u5df2\u7ecf\u9886\u8fc7\u4e86",
        "is_retry": true,
        "des": ""
    }
},
{
    "model": "errormsg.errormsg",
    "pk": 2800,
    "fields": {
        "error_index": "ACTIVE_REWARD_NOT_EXIST",
        "text_zh": " \u4e0d\u5b58\u5728\u6b64\u6d3b\u8dc3\u5ea6\u5956\u52b1",
        "is_retry": false,
        "des": ""
    }
},
{
    "model": "errormsg.errormsg",
    "pk": 2801,
    "fields": {
        "error_index": "ACTIVE_REWARD_ALREADY_GOT",
        "text_zh": "\u6b64\u6d3b\u8dc3\u5ea6\u5956\u52b1\u5df2\u7ecf\u9886\u8fc7\u4e86",
        "is_retry": false,
        "des": ""
    }
},
{
    "model": "errormsg.errormsg",
    "pk": 2802,
    "fields": {
        "error_index": "ACTIVE_REWARD_CAN_NOT_GET",
        "text_zh": "\u6b64\u6d3b\u8dc3\u5ea6\u5956\u52b1\u65e0\u6cd5\u9886\u53d6",
        "is_retry": false,
        "des": ""
    }
},
{
    "model": "errormsg.errormsg",
    "pk": 3000,
    "fields": {
        "error_index": "MATCH_STAFF_NOT_READY",
        "text_zh": "\u4e0a\u9635\u9009\u624b\u4e0d\u8db35\u4eba",
        "is_retry": true,
        "des": ""
    }
},
{
    "model": "errormsg.errormsg",
    "pk": 3100,
    "fields": {
        "error_index": "ITEM_NOT_EXIST",
        "text_zh": "\u7269\u54c1\u4e0d\u5b58\u5728",
        "is_retry": false,
        "des": ""
    }
},
{
    "model": "errormsg.errormsg",
    "pk": 3101,
    "fields": {
        "error_index": "ITEM_NOT_ENOUGH",
        "text_zh": "\u7269\u54c1\u4e0d\u591f",
        "is_retry": false,
        "des": ""
    }
},
{
    "model": "errormsg.errormsg",
    "pk": 3102,
    "fields": {
        "error_index": "ITEM_NOT_SELL",
        "text_zh": "\u6b64\u9053\u5177\u4e0d\u51fa\u552e",
        "is_retry": false,
        "des": ""
    }
},
{
    "model": "errormsg.errormsg",
    "pk": 3103,
    "fields": {
        "error_index": "ITEM_NOT_USE",
        "text_zh": "\u6b64\u7269\u54c1\u4e0d\u80fd\u4f7f\u7528",
        "is_retry": false,
        "des": ""
    }
},
{
    "model": "errormsg.errormsg",
    "pk": 3104,
    "fields": {
        "error_index": "ITEM_BOX_ONLY_USE_ONE",
        "text_zh": "\u5b9d\u7bb1\u53ea\u80fd\u4e00\u4e2a\u4e00\u4e2a\u4f7f\u7528",
        "is_retry": false,
        "des": ""
    }
},
{
    "model": "errormsg.errormsg",
    "pk": 3150,
    "fields": {
        "error_index": "ITEM_MERGE_BAD_REQUEST",
        "text_zh": "\u7269\u54c1\u65e0\u6cd5\u5408\u6210",
        "is_retry": false,
        "des": ""
    }
},
{
    "model": "errormsg.errormsg",
    "pk": 3151,
    "fields": {
        "error_index": "ITEM_MERGE_STAFF_CARD_MAX_STAR",
        "text_zh": "\u5458\u5de5\u5361\u5df2\u7ecf\u5230\u6700\u9ad8\u661f\u7ea7\uff0c\u65e0\u6cd5\u518d\u5408\u6210",
        "is_retry": false,
        "des": ""
    }
},
{
    "model": "errormsg.errormsg",
    "pk": 3200,
    "fields": {
        "error_index": "TRAINING_MATCH_NOT_EXIST",
        "text_zh": "\u8bad\u7ec3\u8d5b\u4e0d\u5b58\u5728",
        "is_retry": false,
        "des": ""
    }
},
{
    "model": "errormsg.errormsg",
    "pk": 3201,
    "fields": {
        "error_index": "TRAINING_MATCH_NOT_OPEN",
        "text_zh": "\u6b64\u8bad\u7ec3\u8d5b\u6ca1\u6709\u5f00\u542f",
        "is_retry": false,
        "des": ""
    }
},
{
    "model": "errormsg.errormsg",
    "pk": 3202,
    "fields": {
        "error_index": "TRAINING_MATCH_ALREADY_PASSED",
        "text_zh": "\u6b64\u8bad\u7ec3\u8d5b\u5df2\u7ecf\u6253\u8fc7\u4e86",
        "is_retry": false,
        "des": ""
    }
},
{
    "model": "errormsg.errormsg",
    "pk": 3203,
    "fields": {
        "error_index": "TRAINING_MATCH_RELIVE_NO_TIMES",
        "text_zh": "\u8bad\u7ec3\u8d5b\u590d\u6d3b\u6b21\u6570\u5df2\u7528\u5b8c",
        "is_retry": false,
        "des": ""
    }
},
{
    "model": "errormsg.errormsg",
    "pk": 3204,
    "fields": {
        "error_index": "TRAINING_MATCH_NOT_PASS",
        "text_zh": "\u6b64\u8bad\u7ec3\u8d5b\u6ca1\u6709\u901a\u8fc7",
        "is_retry": false,
        "des": ""
    }
},
{
    "model": "errormsg.errormsg",
    "pk": 3205,
    "fields": {
        "error_index": "TRAINING_MATCH_ALREADY_GET_REWARD",
        "text_zh": "\u6b64\u8bad\u7ec3\u8d5b\u5df2\u7ecf\u9886\u53d6\u4e86\u5956\u52b1",
        "is_retry": false,
        "des": ""
    }
},
{
    "model": "errormsg.errormsg",
    "pk": 3206,
    "fields": {
        "error_index": "TRAINING_MATCH_SCORE_NOT_ENOUGH",
        "text_zh": "\u8bad\u7ec3\u8d5b\u79ef\u5206\u4e0d\u591f",
        "is_retry": false,
        "des": ""
    }
},
{
    "model": "errormsg.errormsg",
    "pk": 3300,
    "fields": {
        "error_index": "ELITE_TOTAL_NO_TIMES",
        "text_zh": "\u6311\u6218\u6b21\u6570\u5df2\u7528\u5b8c",
        "is_retry": false,
        "des": ""
    }
},
{
    "model": "errormsg.errormsg",
    "pk": 3301,
    "fields": {
        "error_index": "ELITE_MATCH_NOT_EXIST",
        "text_zh": "\u6b64\u7cbe\u82f1\u8d5b\u4e0d\u5b58\u5728",
        "is_retry": false,
        "des": ""
    }
},
{
    "model": "errormsg.errormsg",
    "pk": 3302,
    "fields": {
        "error_index": "ELITE_AREA_NOT_OPEN",
        "text_zh": "\u7cbe\u82f1\u8d5b\u5927\u533a\u6ca1\u6709\u5f00\u542f",
        "is_retry": false,
        "des": ""
    }
},
{
    "model": "errormsg.errormsg",
    "pk": 3303,
    "fields": {
        "error_index": "ELITE_MATCH_NOT_OPEN",
        "text_zh": "\u7cbe\u82f1\u8d5b\u5173\u5361\u6ca1\u6709\u5f00\u542f",
        "is_retry": false,
        "des": ""
    }
},
{
    "model": "errormsg.errormsg",
    "pk": 3304,
    "fields": {
        "error_index": "ELITE_MATCH_REACH_MAX_TIMES",
        "text_zh": "\u7cbe\u82f1\u8d5b\u5173\u5361\u5df2\u7ecf\u8fbe\u5230\u6700\u5927\u6311\u6218\u6b21\u6570",
        "is_retry": false,
        "des": ""
    }
},
{
    "model": "errormsg.errormsg",
    "pk": 3305,
    "fields": {
        "error_index": "ELITE_AREA_NOT_EXIST",
        "text_zh": "\u7cbe\u82f1\u8d5b\u5927\u533a\u4e0d\u5b58\u5728",
        "is_retry": false,
        "des": ""
    }
},
{
    "model": "errormsg.errormsg",
    "pk": 4000,
    "fields": {
        "error_index": "FRIEND_ALREADY_IS_FRIEND",
        "text_zh": "\u5df2\u7ecf\u662f\u597d\u53cb\u4e86",
        "is_retry": true,
        "des": ""
    }
},
{
    "model": "errormsg.errormsg",
    "pk": 4001,
    "fields": {
        "error_index": "FRIEND_ACCEPT_ERROR",
        "text_zh": "\u5bf9\u65b9\u6ca1\u6709\u5411\u4f60\u53d1\u51fa\u597d\u53cb\u7533\u8bf7\uff0c\u63a5\u53d7\u5931\u8d25",
        "is_retry": true,
        "des": ""
    }
},
{
    "model": "errormsg.errormsg",
    "pk": 4002,
    "fields": {
        "error_index": "FRIEND_NOT_EXIST",
        "text_zh": "\u4e0d\u5b58\u5728\u6b64\u597d\u53cb",
        "is_retry": true,
        "des": ""
    }
},
{
    "model": "errormsg.errormsg",
    "pk": 4003,
    "fields": {
        "error_index": "FRIEND_ADD_REQUEST_ALREADY_SENT",
        "text_zh": "\u597d\u53cb\u8bf7\u6c42\u5df2\u53d1\u9001",
        "is_retry": true,
        "des": ""
    }
},
{
    "model": "errormsg.errormsg",
    "pk": 4004,
    "fields": {
        "error_index": "FRIEND_NOT_OK",
        "text_zh": "\u4e0d\u662f\u597d\u53cb\uff0c\u65e0\u6cd5\u64cd\u4f5c",
        "is_retry": true,
        "des": ""
    }
},
{
    "model": "errormsg.errormsg",
    "pk": 4100,
    "fields": {
        "error_index": "MAIL_NOT_EXISTS",
        "text_zh": "\u4e0d\u5b58\u5728\u6b64\u90ae\u4ef6",
        "is_retry": true,
        "des": ""
    }
},
{
    "model": "errormsg.errormsg",
    "pk": 4101,
    "fields": {
        "error_index": "MAIL_HAS_NO_ATTACHMENT",
        "text_zh": "\u6b64\u90ae\u4ef6\u6ca1\u6709\u9644\u4ef6",
        "is_retry": true,
        "des": ""
    }
},
{
    "model": "errormsg.errormsg",
    "pk": 4200,
    "fields": {
        "error_index": "UPLOAD_AVATAR_ERROR",
        "text_zh": "\u4e0a\u4f20\u5934\u50cf\u5931\u8d25",
        "is_retry": false,
        "des": ""
    }
},
{
    "model": "errormsg.errormsg",
    "pk": 4300,
    "fields": {
        "error_index": "AUCTION_ITEM_NOT_EXIST",
        "text_zh": "\u62cd\u5356\u7269\u54c1\u4e0d\u5b58\u5728",
        "is_retry": false,
        "des": ""
    }
},
{
    "model": "errormsg.errormsg",
    "pk": 4301,
    "fields": {
        "error_index": "AUCTION_BIDDING_TOO_LOW",
        "text_zh": "\u4ef7\u683c\u4f4e\u4e8e\u6700\u4f4e\u4ef7",
        "is_retry": false,
        "des": ""
    }
},
{
    "model": "errormsg.errormsg",
    "pk": 4302,
    "fields": {
        "error_index": "AUCTION_BIDDING_LOW_THAN_CURRENT",
        "text_zh": "\u4f4e\u4e8e\u5f53\u524d\u7ade\u62cd\u4ef7\u683c",
        "is_retry": true,
        "des": ""
    }
},
{
    "model": "errormsg.errormsg",
    "pk": 4303,
    "fields": {
        "error_index": "AUCTION_NOT_THE_OWNER",
        "text_zh": "\u4e0d\u662f\u62cd\u5356\u54c1\u62e5\u6709\u8005",
        "is_retry": true,
        "des": ""
    }
},
{
    "model": "errormsg.errormsg",
    "pk": 4304,
    "fields": {
        "error_index": "AUCTION_BIDDING_NOW",
        "text_zh": "\u7269\u54c1\u5df2\u88ab\u7ade\u62cd",
        "is_retry": true,
        "des": ""
    }
},
{
    "model": "errormsg.errormsg",
    "pk": 4305,
    "fields": {
        "error_index": "AUCTION_MIN_LARGE_THAN_MAX",
        "text_zh": "\u6700\u4f4e\u4ef7\u4e0d\u5927\u4e8e\u6700\u9ad8\u4ef7",
        "is_retry": false,
        "des": ""
    }
},
{
    "model": "errormsg.errormsg",
    "pk": 4306,
    "fields": {
        "error_index": "AUCTION_STAFF_IS_BUSY",
        "text_zh": "\u5458\u5de5\u6b63\u5728\u5de5\u4f5c\u4e2d\uff0c\u65e0\u6cd5\u62cd\u5356",
        "is_retry": false,
        "des": ""
    }
},
{
    "model": "errormsg.errormsg",
    "pk": 4307,
    "fields": {
        "error_index": "AUCTION_STAFF_ALREADY_HAVE",
        "text_zh": "\u5df2\u7ecf\u62e5\u6709\u6b64\u5458\u5de5\uff0c\u65e0\u6cd5\u7ade\u6807",
        "is_retry": false,
        "des": ""
    }
},
{
    "model": "errormsg.errormsg",
    "pk": 4308,
    "fields": {
        "error_index": "AUCTION_BIDDING_MUST_GREATER_THAN_HISTORY",
        "text_zh": "\u7ade\u62cd\u51fa\u4ef7\u5fc5\u987b\u6bd4\u4e0a\u6b21\u9ad8",
        "is_retry": false,
        "des": ""
    }
},
{
    "model": "errormsg.errormsg",
    "pk": 4309,
    "fields": {
        "error_index": "AUCTION_ITEM_OPERATING",
        "text_zh": "\u62cd\u5356\u54c1\u4e0d\u80fd\u8bfb\u53d6",
        "is_retry": false,
        "des": ""
    }
},
{
    "model": "errormsg.errormsg",
    "pk": 4400,
    "fields": {
        "error_index": "LEAGUE_NO_THIS_CHALLENGE",
        "text_zh": "\u88ab\u6311\u6218\u4ff1\u4e50\u90e8\u4e0d\u5b58\u5728",
        "is_retry": true,
        "des": ""
    }
},
{
    "model": "errormsg.errormsg",
    "pk": 4401,
    "fields": {
        "error_index": "LEAGUE_NO_CHALLENGE_TIMES",
        "text_zh": "\u6ca1\u6709\u6311\u6218\u6b21\u6570",
        "is_retry": true,
        "des": ""
    }
},
{
    "model": "errormsg.errormsg",
    "pk": 4402,
    "fields": {
        "error_index": "LEAGUE_CLUB_HAVE_MATCH_CHALLENGE",
        "text_zh": "\u4ff1\u4e50\u90e8\u4ee5\u6311\u6218\u8fc7",
        "is_retry": true,
        "des": ""
    }
},
{
    "model": "errormsg.errormsg",
    "pk": 4403,
    "fields": {
        "error_index": "LEAGUE_DAILY_REWARD_HAVE_GOT",
        "text_zh": "\u65e5\u5e38\u5956\u52b1\u5df2\u9886\u53d6",
        "is_retry": false,
        "des": ""
    }
},
{
    "model": "errormsg.errormsg",
    "pk": 4404,
    "fields": {
        "error_index": "LEAGUE_IN_RISE_IN_RANK",
        "text_zh": "\u664b\u7ea7\u8d5b\u4e0d\u80fd\u5237\u65b0",
        "is_retry": true,
        "des": ""
    }
},
{
    "model": "errormsg.errormsg",
    "pk": 10000,
    "fields": {
        "error_index": "STAFF_ALREADY_MAX_LEVEL",
        "text_zh": "\u5df2\u7ecf\u5230\u6700\u9ad8\u7b49\u7ea7\uff0c\u4e0d\u80fd\u518d\u5347\u7ea7",
        "is_retry": false,
        "des": ""
    }
},
{
    "model": "errormsg.errormsg",
    "pk": 10001,
    "fields": {
        "error_index": "STAFF_ALREADY_MAX_STEP",
        "text_zh": "\u5df2\u7ecf\u5230\u6700\u9ad8\u9636\uff0c\u4e0d\u80fd\u518d\u5347\u7ea7",
        "is_retry": false,
        "des": ""
    }
},
{
    "model": "errormsg.errormsg",
    "pk": 10002,
    "fields": {
        "error_index": "STAFF_ALREADY_MAX_STAR",
        "text_zh": "\u5df2\u7ecf\u5230\u6700\u9ad8\u661f\uff0c\u4e0d\u80fd\u518d\u5347\u7ea7",
        "is_retry": false,
        "des": ""
    }
},
{
    "model": "errormsg.errormsg",
    "pk": 10003,
    "fields": {
        "error_index": "STAFF_LEVEL_NOT_ENOUGH",
        "text_zh": "\u9009\u624b\u7b49\u7ea7\u4e0d\u8db3",
        "is_retry": false,
        "des": ""
    }
},
{
    "model": "errormsg.errormsg",
    "pk": 10004,
    "fields": {
        "error_index": "STAFF_CANNOT_DESTROY_INITIAL_STATE",
        "text_zh": "\u89d2\u8272\u662f\u521d\u59cb\u72b6\u6001\uff0c\u65e0\u6cd5\u9ad8\u7ea7\u5206\u89e3",
        "is_retry": false,
        "des": ""
    }
},
{
    "model": "errormsg.errormsg",
    "pk": 11000,
    "fields": {
        "error_index": "EQUIPMENT_ON_OTHER_STUFF",
        "text_zh": "\u6b64\u88c5\u5907\u5728\u5176\u4ed6\u9009\u624b\u8eab\u4e0a",
        "is_retry": false,
        "des": ""
    }
},
{
    "model": "errormsg.errormsg",
    "pk": 11001,
    "fields": {
        "error_index": "EQUIPMENT_TYPE_NOT_MATCH",
        "text_zh": "\u88c5\u5907\u7c7b\u578b\u4e0d\u5339\u914d",
        "is_retry": false,
        "des": ""
    }
},
{
    "model": "errormsg.errormsg",
    "pk": 11002,
    "fields": {
        "error_index": "EQUIPMENT_REACH_MAX_LEVEL",
        "text_zh": "\u88c5\u5907\u5df2\u7ecf\u662f\u5f53\u524d\u6700\u9ad8\u7b49\u7ea7",
        "is_retry": false,
        "des": ""
    }
},
{
    "model": "errormsg.errormsg",
    "pk": 11003,
    "fields": {
        "error_index": "EQUIPMENT_CANNOT_DESTROY_ON_STAFF",
        "text_zh": "\u88c5\u5907\u5728\u9009\u624b\u8eab\u4e0a\uff0c\u65e0\u6cd5\u9500\u6bc1",
        "is_retry": true,
        "des": ""
    }
},
{
    "model": "errormsg.errormsg",
    "pk": 11004,
    "fields": {
        "error_index": "EQUIPMENT_CANNOT_DESTROY_NO_LEVEL_UP",
        "text_zh": "\u88c5\u5907\u6ca1\u6709\u5347\u7ea7\uff0c\u65e0\u6cd5\u9ad8\u7ea7\u5206\u89e3",
        "is_retry": false,
        "des": ""
    }
},
{
    "model": "errormsg.errormsg",
    "pk": 12000,
    "fields": {
        "error_index": "UNIT_REACH_MAX_LEVEL",
        "text_zh": "\u5175\u79cd\u6700\u5927\u7b49\u7ea7\uff0c\u4e0d\u80fd\u5347\u7ea7",
        "is_retry": false,
        "des": ""
    }
},
{
    "model": "errormsg.errormsg",
    "pk": 12001,
    "fields": {
        "error_index": "UNIT_REACH_MAX_STEP",
        "text_zh": "\u5175\u79cd\u6700\u5927\u7b49\u9636\uff0c\u4e0d\u80fd\u5347\u7ea7",
        "is_retry": false,
        "des": ""
    }
},
{
    "model": "errormsg.errormsg",
    "pk": 12002,
    "fields": {
        "error_index": "UNIT_LEVEL_NOT_ENOUGH",
        "text_zh": "\u5175\u79cd\u7b49\u7ea7\u4e0d\u8db3",
        "is_retry": false,
        "des": ""
    }
},
{
    "model": "errormsg.errormsg",
    "pk": 12003,
    "fields": {
        "error_index": "UNIT_UNLOCK_CLUB_LEVEL_NOT_ENOUGH",
        "text_zh": "\u4ff1\u4e50\u90e8\u7b49\u7ea7\u4f4e\u4e8e\u89e3\u9501\u6240\u9700\u7b49\u7ea7",
        "is_retry": false,
        "des": ""
    }
},
{
    "model": "errormsg.errormsg",
    "pk": 12004,
    "fields": {
        "error_index": "UNIT_UNLOCK_UNIT_LEVEL_NOT_ENOUGH",
        "text_zh": "\u89e3\u9501\u6240\u9700\u5175\u79cd\u7b49\u7ea7\u4e0d\u8db3",
        "is_retry": false,
        "des": ""
    }
},
{
    "model": "errormsg.errormsg",
    "pk": 12005,
    "fields": {
        "error_index": "UNIT_IS_UNLOCKED",
        "text_zh": "\u5175\u79cd\u8fd8\u5728\u89e3\u9501\u4e2d",
        "is_retry": false,
        "des": ""
    }
},
{
    "model": "errormsg.errormsg",
    "pk": 13000,
    "fields": {
        "error_index": "FORMATION_SLOT_NOT_OPEN",
        "text_zh": "\u9635\u578b\u4f4d\u7f6e\u6ca1\u6709\u5f00\u653e",
        "is_retry": false,
        "des": ""
    }
},
{
    "model": "errormsg.errormsg",
    "pk": 13001,
    "fields": {
        "error_index": "FORMATION_STAFF_ALREADY_IN",
        "text_zh": "\u9009\u624b\u5df2\u7ecf\u5728\u9635\u578b\u4e2d",
        "is_retry": false,
        "des": ""
    }
},
{
    "model": "errormsg.errormsg",
    "pk": 13002,
    "fields": {
        "error_index": "FORMATION_SLOT_NO_STAFF",
        "text_zh": "\u6b64\u4f4d\u7f6e\u6ca1\u6709\u9009\u624b",
        "is_retry": false,
        "des": ""
    }
},
{
    "model": "errormsg.errormsg",
    "pk": 14000,
    "fields": {
        "error_index": "TALENT_LOCKED",
        "text_zh": "\u5929\u8d4b\u5c1a\u672a\u6fc0\u6d3b",
        "is_retry": false,
        "des": ""
    }
},
{
    "model": "errormsg.errormsg",
    "pk": 14001,
    "fields": {
        "error_index": "TALENT_LEVEL_REACH_MAX",
        "text_zh": "\u5929\u8d4b\u7b49\u7ea7\u5df2\u8fbe\u5230\u6700\u9ad8\u7b49\u7ea7",
        "is_retry": false,
        "des": ""
    }
},
{
    "model": "errormsg.errormsg",
    "pk": 14002,
    "fields": {
        "error_index": "TALENT_POINTS_NOT_ENOUGH",
        "text_zh": "\u5929\u8d4b\u70b9\u6570\u4e0d\u8db3",
        "is_retry": false,
        "des": ""
    }
},
{
    "model": "errormsg.errormsg",
    "pk": 15000,
    "fields": {
        "error_index": "DUNGEON_CLUB_LEVEL_NOT_ENOUGH",
        "text_zh": "\u526f\u672c\u6240\u9700\u7b49\u7ea7\u4e0d\u8db3",
        "is_retry": false,
        "des": ""
    }
},
{
    "model": "errormsg.errormsg",
    "pk": 15001,
    "fields": {
        "error_index": "DUNGEON_ENERGY_NOT_ENOUGH",
        "text_zh": "\u526f\u672c\u6240\u9700\u4f53\u529b\u4e0d\u8db3",
        "is_retry": false,
        "des": ""
    }
},
{
    "model": "errormsg.errormsg",
    "pk": 15002,
    "fields": {
        "error_index": "DUNGEON_NO_TIMES",
        "text_zh": "\u526f\u672c\u6b21\u6570\u4e0d\u8db3",
        "is_retry": false,
        "des": ""
    }
},
{
    "model": "errormsg.errormsg",
    "pk": 16000,
    "fields": {
        "error_index": "ARENA_REFRESH_IN_CD",
        "text_zh": "\u7ade\u6280\u573a\u5237\u65b0\u8fd8\u5728CD\u4e2d",
        "is_retry": false,
        "des": ""
    }
},
{
    "model": "errormsg.errormsg",
    "pk": 16001,
    "fields": {
        "error_index": "ARENA_RIVAL_NOT_IN_REFRESHED_LIST",
        "text_zh": "\u7ade\u6280\u573a\u5bf9\u624b\u4e0d\u5728\u5237\u65b0\u5217\u8868\u4e2d",
        "is_retry": true,
        "des": ""
    }
},
{
    "model": "errormsg.errormsg",
    "pk": 16002,
    "fields": {
        "error_index": "ARENA_RIVAL_RANK_CHANGED",
        "text_zh": "\u7ade\u6280\u573a\u5bf9\u624b\u6392\u540d\u53d8\u5316\uff0c\u8bf7\u91cd\u65b0\u5237\u65b0\u5217\u8868",
        "is_retry": true,
        "des": ""
    }
},
{
    "model": "errormsg.errormsg",
    "pk": 16003,
    "fields": {
        "error_index": "ARENA_RIVAL_IN_MATCH",
        "text_zh": "\u7ade\u6280\u573a\u5bf9\u65b9\u6b63\u5728\u6218\u6597\u4e2d\uff0c\u65e0\u6cd5\u6311\u6218",
        "is_retry": false,
        "des": ""
    }
},
{
    "model": "errormsg.errormsg",
    "pk": 16004,
    "fields": {
        "error_index": "ARENA_SELF_IN_MATCH",
        "text_zh": "\u7ade\u6280\u573a\u81ea\u5df1\u5728\u6218\u6597\u4e2d\uff0c\u65e0\u6cd5\u6311\u6218",
        "is_retry": false,
        "des": ""
    }
},
{
    "model": "errormsg.errormsg",
    "pk": 16005,
    "fields": {
        "error_index": "ARENA_MATCH_IN_CD",
        "text_zh": "\u6311\u6218\u8d5b \u4f60\u8fd8\u5728CD\u4e2d\uff0c\u65e0\u6cd5\u6311\u6218",
        "is_retry": false,
        "des": ""
    }
},
{
    "model": "errormsg.errormsg",
    "pk": 16006,
    "fields": {
        "error_index": "ARENA_HONOR_REWARD_ALREADY_GOT",
        "text_zh": "\u7ade\u6280\u573a\u8363\u8000\u5956\u52b1 \u5df2\u7ecf\u9886\u8fc7\u5956\u4e86\uff0c\u4e0d\u80fd\u91cd\u590d\u9886\u53d6",
        "is_retry": false,
        "des": ""
    }
},
{
    "model": "errormsg.errormsg",
    "pk": 16007,
    "fields": {
        "error_index": "ARENA_HONOR_REWARD_POINT_NOT_ENOUGH",
        "text_zh": "\u7ade\u6280\u573a\u8363\u8000\u5956\u52b1 \u8363\u8000\u70b9\u4e0d\u8db3",
        "is_retry": false,
        "des": ""
    }
},
{
    "model": "errormsg.errormsg",
    "pk": 17000,
    "fields": {
        "error_index": "TOWER_ALREADY_ALL_PASSED",
        "text_zh": "\u8bad\u7ec3\u5854\u3000\u5df2\u7ecf\u5168\u90e8\u901a\u5173\u4e86\uff0c\u65e0\u6cd5\u518d\u6253",
        "is_retry": false,
        "des": ""
    }
},
{
    "model": "errormsg.errormsg",
    "pk": 17001,
    "fields": {
        "error_index": "TOWER_NO_RESET_TIMES",
        "text_zh": "\u8bad\u7ec3\u5854\u3000\u6ca1\u6709\u91cd\u7f6e\u6b21\u6570\u4e86",
        "is_retry": false,
        "des": ""
    }
},
{
    "model": "errormsg.errormsg",
    "pk": 17002,
    "fields": {
        "error_index": "TOWER_STAR_NOT_ENOUGH",
        "text_zh": "\u8bad\u7ec3\u5854\u3000\u661f\u661f\u4e0d\u8db3",
        "is_retry": false,
        "des": ""
    }
},
{
    "model": "errormsg.errormsg",
    "pk": 17003,
    "fields": {
        "error_index": "TOWER_NO_MAX_STAR_LEVEL",
        "text_zh": "\u8bad\u7ec3\u5854 \u6ca1\u6709\u6700\u9ad8\u4e09\u661f\u5173\u5361",
        "is_retry": false,
        "des": ""
    }
},
{
    "model": "errormsg.errormsg",
    "pk": 17004,
    "fields": {
        "error_index": "TOWER_CANNOT_RESET_NO_FAILURE",
        "text_zh": "\u8bad\u7ec3\u5854 \u6ca1\u6709\u5931\u8d25 \u4e0d\u80fd\u91cd\u7f6e",
        "is_retry": false,
        "des": ""
    }
},
{
    "model": "errormsg.errormsg",
    "pk": 17005,
    "fields": {
        "error_index": "TOWER_CANNOT_TO_MAX_LEVEL_HAS_FAILURE",
        "text_zh": "\u8bad\u7ec3\u5854 \u6709\u5931\u8d25\u5173\u5361\uff0c\u65e0\u6cd5\u8fbe\u5230\u6700\u9ad8\u4e09\u661f\u5173\u5361",
        "is_retry": false,
        "des": ""
    }
},
{
    "model": "errormsg.errormsg",
    "pk": 17006,
    "fields": {
        "error_index": "TOWER_ALREADY_IN_SWEEP",
        "text_zh": "\u8bad\u7ec3\u5854 \u5df2\u7ecf\u5728\u626b\u8361\u4e2d\uff0c\u65e0\u6cd5\u518d\u626b\u8361",
        "is_retry": false,
        "des": ""
    }
},
{
    "model": "errormsg.errormsg",
    "pk": 17007,
    "fields": {
        "error_index": "TOWER_CURRENT_LEVEL_GREAT_THAN_MAX_STAR_LEVEL",
        "text_zh": "\u8bad\u7ec3\u5854 \u5f53\u524d\u5c42\u6570\u5df2\u7ecf\u8d85\u8fc7\u4e86\u8fde\u7eed\u6700\u9ad8\u4e09\u661f\u5173\u5361\uff0c\u65e0\u6cd5\u626b\u8361",
        "is_retry": false,
        "des": ""
    }
},
{
    "model": "errormsg.errormsg",
    "pk": 17008,
    "fields": {
        "error_index": "TOWER_IN_SWEEP_CANNOT_OPERATE",
        "text_zh": "\u8bad\u7ec3\u5854\u5728\u626b\u8361\u4e2d\uff0c \u65e0\u6cd5\u8fdb\u884c\u5176\u4ed6\u64cd\u4f5c",
        "is_retry": false,
        "des": ""
    }
},
{
    "model": "errormsg.errormsg",
    "pk": 18000,
    "fields": {
        "error_index": "TERRITORY_BUILDING_LOCK",
        "text_zh": "\u6b64\u9886\u5730\u5efa\u7b51\u6ca1\u6709\u89e3\u9501",
        "is_retry": false,
        "des": ""
    }
},
{
    "model": "errormsg.errormsg",
    "pk": 18001,
    "fields": {
        "error_index": "TERRITORY_SLOT_LOCK",
        "text_zh": "\u6b64\u9886\u5730\u8bad\u7ec3\u4e3a\u6ca1\u6709\u89e3\u9501",
        "is_retry": false,
        "des": ""
    }
},
{
    "model": "errormsg.errormsg",
    "pk": 18002,
    "fields": {
        "error_index": "TERRITORY_SLOT_HAS_STAFF",
        "text_zh": "\u6b64\u8bad\u7ec3\u4f4d\u6709\u4eba\uff0c\u65e0\u6cd5\u518d\u8bad\u7ec3",
        "is_retry": false,
        "des": ""
    }
}
]
