[
{
    "fields": {
        "error_index": "BAD_MESSAGE",
        "text_zh": "\u8bf7\u6c42\u6570\u636e\u9519\u8bef",
        "des": "\u4efb\u4f55\u8bf7\u6c42\u90fd\u53ef\u4ee5\u53d1\u751f\uff0c\u5ba2\u6237\u7aef\u53d1\u6765\u7684\u6570\u636e\u4e0d\u6b63\u786e"
    },
    "model": "errormsg.errormsg",
    "pk": 1000
},
{
    "fields": {
        "error_index": "ACCOUNT_NAME_TAKEN",
        "text_zh": "\u5e10\u53f7\u7528\u6237\u540d\u5df2\u7ecf\u5360\u7528",
        "des": "\u6ce8\u518c\u7528\u6237\uff0c\u7528\u6237\u540d\u88ab\u5360\u7528"
    },
    "model": "errormsg.errormsg",
    "pk": 1100
},
{
    "fields": {
        "error_index": "ACCOUNT_CANNOT_FIND_NAME",
        "text_zh": " \u7528\u6237\u540d\u4e0d\u5b58\u5728",
        "des": "\u5e10\u53f7\u767b\u5f55\u65f6\uff0c\u627e\u4e0d\u5230\u5bf9\u5e94\u7684\u7528\u6237\u540d"
    },
    "model": "errormsg.errormsg",
    "pk": 1101
},
{
    "fields": {
        "error_index": "ACCOUNT_WRONG_PASSWORD",
        "text_zh": "\u5bc6\u7801\u9519\u8bef",
        "des": "\u5e10\u53f7\u767b\u5f55"
    },
    "model": "errormsg.errormsg",
    "pk": 1102
},
{
    "fields": {
        "error_index": "CHAR_ALREADY_CREATED",
        "text_zh": "\u5df2\u7ecf\u521b\u5efa\u4e86\u89d2\u8272",
        "des": ""
    },
    "model": "errormsg.errormsg",
    "pk": 1200
},
{
    "fields": {
        "error_index": "CHAR_NAME_TAKEN",
        "text_zh": "\u89d2\u8272\u540d\u5df2\u88ab\u5360\u7528",
        "des": "\u521b\u5efa\u540c\u540d\u89d2\u8272"
    },
    "model": "errormsg.errormsg",
    "pk": 1201
},
{
    "fields": {
        "error_index": "CHAR_NAME_TOO_LONG",
        "text_zh": "\u89d2\u8272\u540d\u592a\u957f",
        "des": "\u521b\u5efa\u89d2\u8272\u65f6 \u8f93\u5165\u7684\u540d\u5b57\u592a\u957f"
    },
    "model": "errormsg.errormsg",
    "pk": 1202
},
{
    "fields": {
        "error_index": "CHAR_NOT_EXIST",
        "text_zh": "\u6b64\u7528\u6237\u4e0d\u5b58\u5728",
        "des": ""
    },
    "model": "errormsg.errormsg",
    "pk": 1203
},
{
    "fields": {
        "error_index": "CLUB_ALREADY_CREATED",
        "text_zh": "\u5df2\u7ecf\u5efa\u7acb\u4e86\u4ff1\u4e50\u90e8",
        "des": ""
    },
    "model": "errormsg.errormsg",
    "pk": 1300
},
{
    "fields": {
        "error_index": "CLUB_NAME_TAKEN",
        "text_zh": "\u4ff1\u4e50\u90e8\u540d\u5b57\u5df2\u7ecf\u88ab\u5360\u7528",
        "des": ""
    },
    "model": "errormsg.errormsg",
    "pk": 1301
},
{
    "fields": {
        "error_index": "CLUB_LEVEL_NOT_ENOUGH",
        "text_zh": "\u4ff1\u4e50\u90e8\u7b49\u7ea7\u4e0d\u8db3",
        "des": ""
    },
    "model": "errormsg.errormsg",
    "pk": 1302
},
{
    "fields": {
        "error_index": "STAFF_ALREADY_HAVE",
        "text_zh": "\u5df2\u7ecf\u62e5\u6709\u6b64\u5458\u5de5",
        "des": ""
    },
    "model": "errormsg.errormsg",
    "pk": 1400
},
{
    "fields": {
        "error_index": "STAFF_NOT_EXIST",
        "text_zh": "\u4e0d\u5b58\u5728\u6b64\u5458\u5de5",
        "des": ""
    },
    "model": "errormsg.errormsg",
    "pk": 1401
},
{
    "fields": {
        "error_index": "TRAINING_NOT_EXIST",
        "text_zh": "\u6ca1\u6709\u6b64\u8bad\u7ec3\u65e5\u7a0b",
        "des": ""
    },
    "model": "errormsg.errormsg",
    "pk": 1500
},
{
    "fields": {
        "error_index": "TRAINING_NOT_FINISHED",
        "text_zh": "\u8bad\u7ec3\u6ca1\u6709\u5b8c\u6210",
        "des": ""
    },
    "model": "errormsg.errormsg",
    "pk": 1501
},
{
    "fields": {
        "error_index": "TASK_NOT_EXIST",
        "text_zh": "\u4efb\u52a1\u4e0d\u5b58\u5728",
        "des": ""
    },
    "model": "errormsg.errormsg",
    "pk": 1600
},
{
    "fields": {
        "error_index": "POLICY_NOT_EXIST",
        "text_zh": "\u6218\u672f\u4e0d\u5b58\u5728",
        "des": ""
    },
    "model": "errormsg.errormsg",
    "pk": 1700
},
{
    "fields": {
        "error_index": "MATCH_STAFF_NOT_READY",
        "text_zh": "\u4e0a\u9635\u9009\u624b\u4e0d\u8db35\u4eba",
        "des": ""
    },
    "model": "errormsg.errormsg",
    "pk": 3000
},
{
    "fields": {
        "error_index": "FRIEND_ALREADY_IS_FRIEND",
        "text_zh": "\u5df2\u7ecf\u662f\u597d\u53cb\u4e86",
        "des": ""
    },
    "model": "errormsg.errormsg",
    "pk": 4000
},
{
    "fields": {
        "error_index": "FRIEND_ACCEPT_ERROR",
        "text_zh": "\u5bf9\u65b9\u6ca1\u6709\u5411\u4f60\u53d1\u51fa\u597d\u53cb\u7533\u8bf7\uff0c\u63a5\u53d7\u5931\u8d25",
        "des": ""
    },
    "model": "errormsg.errormsg",
    "pk": 4001
},
{
    "fields": {
        "error_index": "FRIEND_NOT_EXIST",
        "text_zh": "\u4e0d\u5b58\u5728\u6b64\u597d\u53cb",
        "des": ""
    },
    "model": "errormsg.errormsg",
    "pk": 4002
},
{
    "fields": {
        "error_index": "MAIL_NOT_EXISTS",
        "text_zh": "\u4e0d\u5b58\u5728\u6b64\u90ae\u4ef6",
        "des": ""
    },
    "model": "errormsg.errormsg",
    "pk": 4100
},
{
    "fields": {
        "error_index": "MAIL_HAS_NO_ATTACHMENT",
        "text_zh": "\u6b64\u90ae\u4ef6\u6ca1\u6709\u9644\u4ef6",
        "des": ""
    },
    "model": "errormsg.errormsg",
    "pk": 4101
}
]
