[
{
    "model": "formation.slot",
    "pk": 1,
    "fields": {
        "club_level": 0,
        "des": "\u5f00\u653e\u7b49\u7ea7\uff1a0"
    }
},
{
    "model": "formation.slot",
    "pk": 2,
    "fields": {
        "club_level": 2,
        "des": "\u5f00\u653e\u7b49\u7ea7\uff1a2"
    }
},
{
    "model": "formation.slot",
    "pk": 3,
    "fields": {
        "club_level": 7,
        "des": "\u5f00\u653e\u7b49\u7ea7\uff1a7"
    }
},
{
    "model": "formation.slot",
    "pk": 4,
    "fields": {
        "club_level": 10,
        "des": "\u5f00\u653e\u7b49\u7ea7\uff1a10"
    }
},
{
    "model": "formation.slot",
    "pk": 5,
    "fields": {
        "club_level": 15,
        "des": "\u5f00\u653e\u7b49\u7ea7\uff1a15"
    }
},
{
    "model": "formation.slot",
    "pk": 6,
    "fields": {
        "club_level": 20,
        "des": "\u5f00\u653e\u7b49\u7ea7\uff1a20"
    }
}
]
