[
  {
    "pk": 1, 
    "model": "formation.formation", 
    "fields": {
      "active_need_star": 1, 
      "name": "\u5e73\u5747\u9635\u578b", 
      "use_condition": [
        0, 
        5
      ], 
      "max_level": 75, 
      "des": "\u5e73\u5747\u9635\u578b", 
      "tp": 0, 
      "levels": {
        "1": {
          "side_attack_amount": 0, 
          "level_up_need_star": 100, 
          "talent_effects": [
            70000, 
            71000
          ], 
          "level_up_need_items": [
            [
              30001, 
              2950
            ], 
            [
              30020, 
              50
            ]
          ]
        }, 
        "2": {
          "side_attack_amount": 0, 
          "level_up_need_star": 112, 
          "talent_effects": [
            70001, 
            71001
          ], 
          "level_up_need_items": [
            [
              30001, 
              4700
            ], 
            [
              30020, 
              60
            ]
          ]
        }, 
        "3": {
          "side_attack_amount": 0, 
          "level_up_need_star": 124, 
          "talent_effects": [
            70002, 
            71002
          ], 
          "level_up_need_items": [
            [
              30001, 
              6500
            ], 
            [
              30020, 
              70
            ]
          ]
        }, 
        "4": {
          "side_attack_amount": 0, 
          "level_up_need_star": 136, 
          "talent_effects": [
            70003, 
            71003
          ], 
          "level_up_need_items": [
            [
              30001, 
              8250
            ], 
            [
              30020, 
              80
            ]
          ]
        }, 
        "5": {
          "side_attack_amount": 0, 
          "level_up_need_star": 148, 
          "talent_effects": [
            70004, 
            71004
          ], 
          "level_up_need_items": [
            [
              30001, 
              10050
            ], 
            [
              30020, 
              90
            ]
          ]
        }, 
        "6": {
          "side_attack_amount": 0, 
          "level_up_need_star": 160, 
          "talent_effects": [
            70005, 
            71005
          ], 
          "level_up_need_items": [
            [
              30001, 
              11800
            ], 
            [
              30020, 
              100
            ]
          ]
        }, 
        "7": {
          "side_attack_amount": 0, 
          "level_up_need_star": 172, 
          "talent_effects": [
            70006, 
            71006
          ], 
          "level_up_need_items": [
            [
              30001, 
              13550
            ], 
            [
              30020, 
              110
            ]
          ]
        }, 
        "8": {
          "side_attack_amount": 0, 
          "level_up_need_star": 184, 
          "talent_effects": [
            70007, 
            71007
          ], 
          "level_up_need_items": [
            [
              30001, 
              15350
            ], 
            [
              30020, 
              120
            ]
          ]
        }, 
        "9": {
          "side_attack_amount": 0, 
          "level_up_need_star": 196, 
          "talent_effects": [
            70008, 
            71008
          ], 
          "level_up_need_items": [
            [
              30001, 
              17100
            ], 
            [
              30020, 
              130
            ]
          ]
        }, 
        "10": {
          "side_attack_amount": 0, 
          "level_up_need_star": 208, 
          "talent_effects": [
            70009, 
            71009
          ], 
          "level_up_need_items": [
            [
              30001, 
              18900
            ], 
            [
              30020, 
              140
            ]
          ]
        }, 
        "11": {
          "side_attack_amount": 0, 
          "level_up_need_star": 220, 
          "talent_effects": [
            70010, 
            71010
          ], 
          "level_up_need_items": [
            [
              30001, 
              20650
            ], 
            [
              30020, 
              160
            ]
          ]
        }, 
        "12": {
          "side_attack_amount": 0, 
          "level_up_need_star": 232, 
          "talent_effects": [
            70011, 
            71011
          ], 
          "level_up_need_items": [
            [
              30001, 
              22400
            ], 
            [
              30020, 
              170
            ]
          ]
        }, 
        "13": {
          "side_attack_amount": 0, 
          "level_up_need_star": 244, 
          "talent_effects": [
            70012, 
            71012
          ], 
          "level_up_need_items": [
            [
              30001, 
              24200
            ], 
            [
              30020, 
              180
            ]
          ]
        }, 
        "14": {
          "side_attack_amount": 0, 
          "level_up_need_star": 256, 
          "talent_effects": [
            70013, 
            71013
          ], 
          "level_up_need_items": [
            [
              30001, 
              25950
            ], 
            [
              30020, 
              200
            ]
          ]
        }, 
        "15": {
          "side_attack_amount": 0, 
          "level_up_need_star": 268, 
          "talent_effects": [
            70014, 
            71014
          ], 
          "level_up_need_items": [
            [
              30001, 
              27750
            ], 
            [
              30020, 
              210
            ]
          ]
        }, 
        "16": {
          "side_attack_amount": 0, 
          "level_up_need_star": 280, 
          "talent_effects": [
            70015, 
            71015
          ], 
          "level_up_need_items": [
            [
              30001, 
              29500
            ], 
            [
              30020, 
              230
            ]
          ]
        }, 
        "17": {
          "side_attack_amount": 0, 
          "level_up_need_star": 292, 
          "talent_effects": [
            70016, 
            71016
          ], 
          "level_up_need_items": [
            [
              30001, 
              31300
            ], 
            [
              30020, 
              240
            ]
          ]
        }, 
        "18": {
          "side_attack_amount": 0, 
          "level_up_need_star": 304, 
          "talent_effects": [
            70017, 
            71017
          ], 
          "level_up_need_items": [
            [
              30001, 
              33050
            ], 
            [
              30020, 
              260
            ]
          ]
        }, 
        "19": {
          "side_attack_amount": 0, 
          "level_up_need_star": 316, 
          "talent_effects": [
            70018, 
            71018
          ], 
          "level_up_need_items": [
            [
              30001, 
              34800
            ], 
            [
              30020, 
              270
            ]
          ]
        }, 
        "20": {
          "side_attack_amount": 0, 
          "level_up_need_star": 328, 
          "talent_effects": [
            70019, 
            71019
          ], 
          "level_up_need_items": [
            [
              30001, 
              36600
            ], 
            [
              30020, 
              290
            ]
          ]
        }, 
        "21": {
          "side_attack_amount": 0, 
          "level_up_need_star": 340, 
          "talent_effects": [
            70020, 
            71020
          ], 
          "level_up_need_items": [
            [
              30001, 
              38350
            ], 
            [
              30020, 
              300
            ]
          ]
        }, 
        "22": {
          "side_attack_amount": 0, 
          "level_up_need_star": 352, 
          "talent_effects": [
            70021, 
            71021
          ], 
          "level_up_need_items": [
            [
              30001, 
              40150
            ], 
            [
              30020, 
              320
            ]
          ]
        }, 
        "23": {
          "side_attack_amount": 0, 
          "level_up_need_star": 364, 
          "talent_effects": [
            70022, 
            71022
          ], 
          "level_up_need_items": [
            [
              30001, 
              41900
            ], 
            [
              30020, 
              330
            ]
          ]
        }, 
        "24": {
          "side_attack_amount": 0, 
          "level_up_need_star": 376, 
          "talent_effects": [
            70023, 
            71023
          ], 
          "level_up_need_items": [
            [
              30001, 
              43650
            ], 
            [
              30020, 
              350
            ]
          ]
        }, 
        "25": {
          "side_attack_amount": 0, 
          "level_up_need_star": 388, 
          "talent_effects": [
            70024, 
            71024
          ], 
          "level_up_need_items": [
            [
              30001, 
              45450
            ], 
            [
              30020, 
              360
            ]
          ]
        }, 
        "26": {
          "side_attack_amount": 0, 
          "level_up_need_star": 400, 
          "talent_effects": [
            70025, 
            71025
          ], 
          "level_up_need_items": [
            [
              30001, 
              47200
            ], 
            [
              30020, 
              370
            ]
          ]
        }, 
        "27": {
          "side_attack_amount": 0, 
          "level_up_need_star": 412, 
          "talent_effects": [
            70026, 
            71026
          ], 
          "level_up_need_items": [
            [
              30001, 
              49000
            ], 
            [
              30020, 
              390
            ]
          ]
        }, 
        "28": {
          "side_attack_amount": 0, 
          "level_up_need_star": 424, 
          "talent_effects": [
            70027, 
            71027
          ], 
          "level_up_need_items": [
            [
              30001, 
              50750
            ], 
            [
              30020, 
              400
            ]
          ]
        }, 
        "29": {
          "side_attack_amount": 0, 
          "level_up_need_star": 436, 
          "talent_effects": [
            70028, 
            71028
          ], 
          "level_up_need_items": [
            [
              30001, 
              52500
            ], 
            [
              30020, 
              420
            ]
          ]
        }, 
        "30": {
          "side_attack_amount": 0, 
          "level_up_need_star": 448, 
          "talent_effects": [
            70029, 
            71029
          ], 
          "level_up_need_items": [
            [
              30001, 
              54300
            ], 
            [
              30020, 
              440
            ]
          ]
        }, 
        "31": {
          "side_attack_amount": 0, 
          "level_up_need_star": 460, 
          "talent_effects": [
            70030, 
            71030
          ], 
          "level_up_need_items": [
            [
              30001, 
              56050
            ], 
            [
              30020, 
              460
            ]
          ]
        }, 
        "32": {
          "side_attack_amount": 0, 
          "level_up_need_star": 472, 
          "talent_effects": [
            70031, 
            71031
          ], 
          "level_up_need_items": [
            [
              30001, 
              57850
            ], 
            [
              30020, 
              480
            ]
          ]
        }, 
        "33": {
          "side_attack_amount": 0, 
          "level_up_need_star": 484, 
          "talent_effects": [
            70032, 
            71032
          ], 
          "level_up_need_items": [
            [
              30001, 
              59600
            ], 
            [
              30020, 
              500
            ]
          ]
        }, 
        "34": {
          "side_attack_amount": 0, 
          "level_up_need_star": 496, 
          "talent_effects": [
            70033, 
            71033
          ], 
          "level_up_need_items": [
            [
              30001, 
              61350
            ], 
            [
              30020, 
              520
            ]
          ]
        }, 
        "35": {
          "side_attack_amount": 0, 
          "level_up_need_star": 508, 
          "talent_effects": [
            70034, 
            71034
          ], 
          "level_up_need_items": [
            [
              30001, 
              63150
            ], 
            [
              30020, 
              540
            ]
          ]
        }, 
        "36": {
          "side_attack_amount": 0, 
          "level_up_need_star": 520, 
          "talent_effects": [
            70035, 
            71035
          ], 
          "level_up_need_items": [
            [
              30001, 
              64900
            ], 
            [
              30020, 
              560
            ]
          ]
        }, 
        "37": {
          "side_attack_amount": 0, 
          "level_up_need_star": 532, 
          "talent_effects": [
            70036, 
            71036
          ], 
          "level_up_need_items": [
            [
              30001, 
              66700
            ], 
            [
              30020, 
              580
            ]
          ]
        }, 
        "38": {
          "side_attack_amount": 0, 
          "level_up_need_star": 544, 
          "talent_effects": [
            70037, 
            71037
          ], 
          "level_up_need_items": [
            [
              30001, 
              68450
            ], 
            [
              30020, 
              600
            ]
          ]
        }, 
        "39": {
          "side_attack_amount": 0, 
          "level_up_need_star": 556, 
          "talent_effects": [
            70038, 
            71038
          ], 
          "level_up_need_items": [
            [
              30001, 
              70200
            ], 
            [
              30020, 
              620
            ]
          ]
        }, 
        "40": {
          "side_attack_amount": 0, 
          "level_up_need_star": 568, 
          "talent_effects": [
            70039, 
            71039
          ], 
          "level_up_need_items": [
            [
              30001, 
              72000
            ], 
            [
              30020, 
              640
            ]
          ]
        }, 
        "41": {
          "side_attack_amount": 0, 
          "level_up_need_star": 580, 
          "talent_effects": [
            70040, 
            71040
          ], 
          "level_up_need_items": [
            [
              30001, 
              73750
            ], 
            [
              30020, 
              660
            ]
          ]
        }, 
        "42": {
          "side_attack_amount": 0, 
          "level_up_need_star": 592, 
          "talent_effects": [
            70041, 
            71041
          ], 
          "level_up_need_items": [
            [
              30001, 
              75550
            ], 
            [
              30020, 
              680
            ]
          ]
        }, 
        "43": {
          "side_attack_amount": 0, 
          "level_up_need_star": 604, 
          "talent_effects": [
            70042, 
            71042
          ], 
          "level_up_need_items": [
            [
              30001, 
              77300
            ], 
            [
              30020, 
              700
            ]
          ]
        }, 
        "44": {
          "side_attack_amount": 0, 
          "level_up_need_star": 616, 
          "talent_effects": [
            70043, 
            71043
          ], 
          "level_up_need_items": [
            [
              30001, 
              79050
            ], 
            [
              30020, 
              710
            ]
          ]
        }, 
        "45": {
          "side_attack_amount": 0, 
          "level_up_need_star": 628, 
          "talent_effects": [
            70044, 
            71044
          ], 
          "level_up_need_items": [
            [
              30001, 
              80850
            ], 
            [
              30020, 
              730
            ]
          ]
        }, 
        "46": {
          "side_attack_amount": 0, 
          "level_up_need_star": 640, 
          "talent_effects": [
            70045, 
            71045
          ], 
          "level_up_need_items": [
            [
              30001, 
              82600
            ], 
            [
              30020, 
              750
            ]
          ]
        }, 
        "47": {
          "side_attack_amount": 0, 
          "level_up_need_star": 652, 
          "talent_effects": [
            70046, 
            71046
          ], 
          "level_up_need_items": [
            [
              30001, 
              84400
            ], 
            [
              30020, 
              770
            ]
          ]
        }, 
        "48": {
          "side_attack_amount": 0, 
          "level_up_need_star": 664, 
          "talent_effects": [
            70047, 
            71047
          ], 
          "level_up_need_items": [
            [
              30001, 
              86150
            ], 
            [
              30020, 
              790
            ]
          ]
        }, 
        "49": {
          "side_attack_amount": 0, 
          "level_up_need_star": 676, 
          "talent_effects": [
            70048, 
            71048
          ], 
          "level_up_need_items": [
            [
              30001, 
              87950
            ], 
            [
              30020, 
              820
            ]
          ]
        }, 
        "50": {
          "side_attack_amount": 0, 
          "level_up_need_star": 688, 
          "talent_effects": [
            70049, 
            71049
          ], 
          "level_up_need_items": [
            [
              30001, 
              89700
            ], 
            [
              30020, 
              840
            ]
          ]
        }, 
        "51": {
          "side_attack_amount": 0, 
          "level_up_need_star": 700, 
          "talent_effects": [
            70050, 
            71050
          ], 
          "level_up_need_items": [
            [
              30001, 
              91450
            ], 
            [
              30020, 
              870
            ]
          ]
        }, 
        "52": {
          "side_attack_amount": 0, 
          "level_up_need_star": 712, 
          "talent_effects": [
            70051, 
            71051
          ], 
          "level_up_need_items": [
            [
              30001, 
              93250
            ], 
            [
              30020, 
              890
            ]
          ]
        }, 
        "53": {
          "side_attack_amount": 0, 
          "level_up_need_star": 724, 
          "talent_effects": [
            70052, 
            71052
          ], 
          "level_up_need_items": [
            [
              30001, 
              95000
            ], 
            [
              30020, 
              910
            ]
          ]
        }, 
        "54": {
          "side_attack_amount": 0, 
          "level_up_need_star": 736, 
          "talent_effects": [
            70053, 
            71053
          ], 
          "level_up_need_items": [
            [
              30001, 
              96800
            ], 
            [
              30020, 
              940
            ]
          ]
        }, 
        "55": {
          "side_attack_amount": 0, 
          "level_up_need_star": 748, 
          "talent_effects": [
            70054, 
            71054
          ], 
          "level_up_need_items": [
            [
              30001, 
              98550
            ], 
            [
              30020, 
              960
            ]
          ]
        }, 
        "56": {
          "side_attack_amount": 0, 
          "level_up_need_star": 760, 
          "talent_effects": [
            70055, 
            71055
          ], 
          "level_up_need_items": [
            [
              30001, 
              100300
            ], 
            [
              30020, 
              990
            ]
          ]
        }, 
        "57": {
          "side_attack_amount": 0, 
          "level_up_need_star": 772, 
          "talent_effects": [
            70056, 
            71056
          ], 
          "level_up_need_items": [
            [
              30001, 
              102100
            ], 
            [
              30020, 
              1010
            ]
          ]
        }, 
        "58": {
          "side_attack_amount": 0, 
          "level_up_need_star": 784, 
          "talent_effects": [
            70057, 
            71057
          ], 
          "level_up_need_items": [
            [
              30001, 
              103850
            ], 
            [
              30020, 
              1040
            ]
          ]
        }, 
        "59": {
          "side_attack_amount": 0, 
          "level_up_need_star": 796, 
          "talent_effects": [
            70058, 
            71058
          ], 
          "level_up_need_items": [
            [
              30001, 
              105650
            ], 
            [
              30020, 
              1060
            ]
          ]
        }, 
        "60": {
          "side_attack_amount": 0, 
          "level_up_need_star": 808, 
          "talent_effects": [
            70059, 
            71059
          ], 
          "level_up_need_items": [
            [
              30001, 
              107400
            ], 
            [
              30020, 
              1090
            ]
          ]
        }, 
        "61": {
          "side_attack_amount": 0, 
          "level_up_need_star": 820, 
          "talent_effects": [
            70060, 
            71060
          ], 
          "level_up_need_items": [
            [
              30001, 
              109150
            ], 
            [
              30020, 
              1120
            ]
          ]
        }, 
        "62": {
          "side_attack_amount": 0, 
          "level_up_need_star": 832, 
          "talent_effects": [
            70061, 
            71061
          ], 
          "level_up_need_items": [
            [
              30001, 
              110950
            ], 
            [
              30020, 
              1150
            ]
          ]
        }, 
        "63": {
          "side_attack_amount": 0, 
          "level_up_need_star": 844, 
          "talent_effects": [
            70062, 
            71062
          ], 
          "level_up_need_items": [
            [
              30001, 
              112700
            ], 
            [
              30020, 
              1180
            ]
          ]
        }, 
        "64": {
          "side_attack_amount": 0, 
          "level_up_need_star": 856, 
          "talent_effects": [
            70063, 
            71063
          ], 
          "level_up_need_items": [
            [
              30001, 
              114500
            ], 
            [
              30020, 
              1210
            ]
          ]
        }, 
        "65": {
          "side_attack_amount": 0, 
          "level_up_need_star": 868, 
          "talent_effects": [
            70064, 
            71064
          ], 
          "level_up_need_items": [
            [
              30001, 
              116250
            ], 
            [
              30020, 
              1240
            ]
          ]
        }, 
        "66": {
          "side_attack_amount": 0, 
          "level_up_need_star": 880, 
          "talent_effects": [
            70065, 
            71065
          ], 
          "level_up_need_items": [
            [
              30001, 
              118000
            ], 
            [
              30020, 
              1270
            ]
          ]
        }, 
        "67": {
          "side_attack_amount": 0, 
          "level_up_need_star": 892, 
          "talent_effects": [
            70066, 
            71066
          ], 
          "level_up_need_items": [
            [
              30001, 
              119800
            ], 
            [
              30020, 
              1300
            ]
          ]
        }, 
        "68": {
          "side_attack_amount": 0, 
          "level_up_need_star": 904, 
          "talent_effects": [
            70067, 
            71067
          ], 
          "level_up_need_items": [
            [
              30001, 
              121550
            ], 
            [
              30020, 
              1330
            ]
          ]
        }, 
        "69": {
          "side_attack_amount": 0, 
          "level_up_need_star": 916, 
          "talent_effects": [
            70068, 
            71068
          ], 
          "level_up_need_items": [
            [
              30001, 
              123350
            ], 
            [
              30020, 
              1360
            ]
          ]
        }, 
        "70": {
          "side_attack_amount": 0, 
          "level_up_need_star": 928, 
          "talent_effects": [
            70069, 
            71069
          ], 
          "level_up_need_items": [
            [
              30001, 
              125100
            ], 
            [
              30020, 
              1390
            ]
          ]
        }, 
        "71": {
          "side_attack_amount": 0, 
          "level_up_need_star": 940, 
          "talent_effects": [
            70070, 
            71070
          ], 
          "level_up_need_items": [
            [
              30001, 
              126850
            ], 
            [
              30020, 
              1430
            ]
          ]
        }, 
        "72": {
          "side_attack_amount": 0, 
          "level_up_need_star": 952, 
          "talent_effects": [
            70071, 
            71071
          ], 
          "level_up_need_items": [
            [
              30001, 
              128650
            ], 
            [
              30020, 
              1460
            ]
          ]
        }, 
        "73": {
          "side_attack_amount": 0, 
          "level_up_need_star": 964, 
          "talent_effects": [
            70072, 
            71072
          ], 
          "level_up_need_items": [
            [
              30001, 
              130400
            ], 
            [
              30020, 
              1500
            ]
          ]
        }, 
        "74": {
          "side_attack_amount": 0, 
          "level_up_need_star": 976, 
          "talent_effects": [
            70073, 
            71073
          ], 
          "level_up_need_items": [
            [
              30001, 
              132200
            ], 
            [
              30020, 
              1530
            ]
          ]
        }, 
        "75": {
          "side_attack_amount": 0, 
          "level_up_need_star": 976, 
          "talent_effects": [
            70074, 
            71074
          ], 
          "level_up_need_items": [
            [
              30001, 
              132200
            ], 
            [
              30020, 
              1530
            ]
          ]
        }
      }, 
      "active_need_items": [
        [
          30001, 
          10000
        ]
      ]
    }
  }, 
  {
    "pk": 2, 
    "model": "formation.formation", 
    "fields": {
      "active_need_star": 1, 
      "name": "\u9632\u5b88\u9635\u578b", 
      "use_condition": [
        0, 
        6
      ], 
      "max_level": 75, 
      "des": "\u9632\u5b88\u9635\u578b", 
      "tp": 0, 
      "levels": {
        "1": {
          "side_attack_amount": 0, 
          "level_up_need_star": 120, 
          "talent_effects": [
            74000, 
            75000
          ], 
          "level_up_need_items": [
            [
              30001, 
              2950
            ], 
            [
              30020, 
              50
            ]
          ]
        }, 
        "2": {
          "side_attack_amount": 0, 
          "level_up_need_star": 132, 
          "talent_effects": [
            74001, 
            75001
          ], 
          "level_up_need_items": [
            [
              30001, 
              4700
            ], 
            [
              30020, 
              60
            ]
          ]
        }, 
        "3": {
          "side_attack_amount": 0, 
          "level_up_need_star": 144, 
          "talent_effects": [
            74002, 
            75002
          ], 
          "level_up_need_items": [
            [
              30001, 
              6500
            ], 
            [
              30020, 
              70
            ]
          ]
        }, 
        "4": {
          "side_attack_amount": 0, 
          "level_up_need_star": 156, 
          "talent_effects": [
            74003, 
            75003
          ], 
          "level_up_need_items": [
            [
              30001, 
              8250
            ], 
            [
              30020, 
              80
            ]
          ]
        }, 
        "5": {
          "side_attack_amount": 0, 
          "level_up_need_star": 168, 
          "talent_effects": [
            74004, 
            75004
          ], 
          "level_up_need_items": [
            [
              30001, 
              10050
            ], 
            [
              30020, 
              90
            ]
          ]
        }, 
        "6": {
          "side_attack_amount": 0, 
          "level_up_need_star": 180, 
          "talent_effects": [
            74005, 
            75005
          ], 
          "level_up_need_items": [
            [
              30001, 
              11800
            ], 
            [
              30020, 
              100
            ]
          ]
        }, 
        "7": {
          "side_attack_amount": 0, 
          "level_up_need_star": 192, 
          "talent_effects": [
            74006, 
            75006
          ], 
          "level_up_need_items": [
            [
              30001, 
              13550
            ], 
            [
              30020, 
              110
            ]
          ]
        }, 
        "8": {
          "side_attack_amount": 0, 
          "level_up_need_star": 204, 
          "talent_effects": [
            74007, 
            75007
          ], 
          "level_up_need_items": [
            [
              30001, 
              15350
            ], 
            [
              30020, 
              120
            ]
          ]
        }, 
        "9": {
          "side_attack_amount": 0, 
          "level_up_need_star": 216, 
          "talent_effects": [
            74008, 
            75008
          ], 
          "level_up_need_items": [
            [
              30001, 
              17100
            ], 
            [
              30020, 
              130
            ]
          ]
        }, 
        "10": {
          "side_attack_amount": 0, 
          "level_up_need_star": 228, 
          "talent_effects": [
            74009, 
            75009
          ], 
          "level_up_need_items": [
            [
              30001, 
              18900
            ], 
            [
              30020, 
              140
            ]
          ]
        }, 
        "11": {
          "side_attack_amount": 0, 
          "level_up_need_star": 240, 
          "talent_effects": [
            74010, 
            75010
          ], 
          "level_up_need_items": [
            [
              30001, 
              20650
            ], 
            [
              30020, 
              160
            ]
          ]
        }, 
        "12": {
          "side_attack_amount": 0, 
          "level_up_need_star": 252, 
          "talent_effects": [
            74011, 
            75011
          ], 
          "level_up_need_items": [
            [
              30001, 
              22400
            ], 
            [
              30020, 
              170
            ]
          ]
        }, 
        "13": {
          "side_attack_amount": 0, 
          "level_up_need_star": 264, 
          "talent_effects": [
            74012, 
            75012
          ], 
          "level_up_need_items": [
            [
              30001, 
              24200
            ], 
            [
              30020, 
              180
            ]
          ]
        }, 
        "14": {
          "side_attack_amount": 0, 
          "level_up_need_star": 276, 
          "talent_effects": [
            74013, 
            75013
          ], 
          "level_up_need_items": [
            [
              30001, 
              25950
            ], 
            [
              30020, 
              200
            ]
          ]
        }, 
        "15": {
          "side_attack_amount": 0, 
          "level_up_need_star": 288, 
          "talent_effects": [
            74014, 
            75014
          ], 
          "level_up_need_items": [
            [
              30001, 
              27750
            ], 
            [
              30020, 
              210
            ]
          ]
        }, 
        "16": {
          "side_attack_amount": 0, 
          "level_up_need_star": 300, 
          "talent_effects": [
            74015, 
            75015
          ], 
          "level_up_need_items": [
            [
              30001, 
              29500
            ], 
            [
              30020, 
              230
            ]
          ]
        }, 
        "17": {
          "side_attack_amount": 0, 
          "level_up_need_star": 312, 
          "talent_effects": [
            74016, 
            75016
          ], 
          "level_up_need_items": [
            [
              30001, 
              31300
            ], 
            [
              30020, 
              240
            ]
          ]
        }, 
        "18": {
          "side_attack_amount": 0, 
          "level_up_need_star": 324, 
          "talent_effects": [
            74017, 
            75017
          ], 
          "level_up_need_items": [
            [
              30001, 
              33050
            ], 
            [
              30020, 
              260
            ]
          ]
        }, 
        "19": {
          "side_attack_amount": 0, 
          "level_up_need_star": 336, 
          "talent_effects": [
            74018, 
            75018
          ], 
          "level_up_need_items": [
            [
              30001, 
              34800
            ], 
            [
              30020, 
              270
            ]
          ]
        }, 
        "20": {
          "side_attack_amount": 0, 
          "level_up_need_star": 348, 
          "talent_effects": [
            74019, 
            75019
          ], 
          "level_up_need_items": [
            [
              30001, 
              36600
            ], 
            [
              30020, 
              290
            ]
          ]
        }, 
        "21": {
          "side_attack_amount": 0, 
          "level_up_need_star": 360, 
          "talent_effects": [
            74020, 
            75020
          ], 
          "level_up_need_items": [
            [
              30001, 
              38350
            ], 
            [
              30020, 
              300
            ]
          ]
        }, 
        "22": {
          "side_attack_amount": 0, 
          "level_up_need_star": 372, 
          "talent_effects": [
            74021, 
            75021
          ], 
          "level_up_need_items": [
            [
              30001, 
              40150
            ], 
            [
              30020, 
              320
            ]
          ]
        }, 
        "23": {
          "side_attack_amount": 0, 
          "level_up_need_star": 384, 
          "talent_effects": [
            74022, 
            75022
          ], 
          "level_up_need_items": [
            [
              30001, 
              41900
            ], 
            [
              30020, 
              330
            ]
          ]
        }, 
        "24": {
          "side_attack_amount": 0, 
          "level_up_need_star": 396, 
          "talent_effects": [
            74023, 
            75023
          ], 
          "level_up_need_items": [
            [
              30001, 
              43650
            ], 
            [
              30020, 
              350
            ]
          ]
        }, 
        "25": {
          "side_attack_amount": 0, 
          "level_up_need_star": 408, 
          "talent_effects": [
            74024, 
            75024
          ], 
          "level_up_need_items": [
            [
              30001, 
              45450
            ], 
            [
              30020, 
              360
            ]
          ]
        }, 
        "26": {
          "side_attack_amount": 0, 
          "level_up_need_star": 420, 
          "talent_effects": [
            74025, 
            75025
          ], 
          "level_up_need_items": [
            [
              30001, 
              47200
            ], 
            [
              30020, 
              370
            ]
          ]
        }, 
        "27": {
          "side_attack_amount": 0, 
          "level_up_need_star": 432, 
          "talent_effects": [
            74026, 
            75026
          ], 
          "level_up_need_items": [
            [
              30001, 
              49000
            ], 
            [
              30020, 
              390
            ]
          ]
        }, 
        "28": {
          "side_attack_amount": 0, 
          "level_up_need_star": 444, 
          "talent_effects": [
            74027, 
            75027
          ], 
          "level_up_need_items": [
            [
              30001, 
              50750
            ], 
            [
              30020, 
              400
            ]
          ]
        }, 
        "29": {
          "side_attack_amount": 0, 
          "level_up_need_star": 456, 
          "talent_effects": [
            74028, 
            75028
          ], 
          "level_up_need_items": [
            [
              30001, 
              52500
            ], 
            [
              30020, 
              420
            ]
          ]
        }, 
        "30": {
          "side_attack_amount": 0, 
          "level_up_need_star": 468, 
          "talent_effects": [
            74029, 
            75029
          ], 
          "level_up_need_items": [
            [
              30001, 
              54300
            ], 
            [
              30020, 
              440
            ]
          ]
        }, 
        "31": {
          "side_attack_amount": 0, 
          "level_up_need_star": 480, 
          "talent_effects": [
            74030, 
            75030
          ], 
          "level_up_need_items": [
            [
              30001, 
              56050
            ], 
            [
              30020, 
              460
            ]
          ]
        }, 
        "32": {
          "side_attack_amount": 0, 
          "level_up_need_star": 492, 
          "talent_effects": [
            74031, 
            75031
          ], 
          "level_up_need_items": [
            [
              30001, 
              57850
            ], 
            [
              30020, 
              480
            ]
          ]
        }, 
        "33": {
          "side_attack_amount": 0, 
          "level_up_need_star": 504, 
          "talent_effects": [
            74032, 
            75032
          ], 
          "level_up_need_items": [
            [
              30001, 
              59600
            ], 
            [
              30020, 
              500
            ]
          ]
        }, 
        "34": {
          "side_attack_amount": 0, 
          "level_up_need_star": 516, 
          "talent_effects": [
            74033, 
            75033
          ], 
          "level_up_need_items": [
            [
              30001, 
              61350
            ], 
            [
              30020, 
              520
            ]
          ]
        }, 
        "35": {
          "side_attack_amount": 0, 
          "level_up_need_star": 528, 
          "talent_effects": [
            74034, 
            75034
          ], 
          "level_up_need_items": [
            [
              30001, 
              63150
            ], 
            [
              30020, 
              540
            ]
          ]
        }, 
        "36": {
          "side_attack_amount": 0, 
          "level_up_need_star": 540, 
          "talent_effects": [
            74035, 
            75035
          ], 
          "level_up_need_items": [
            [
              30001, 
              64900
            ], 
            [
              30020, 
              560
            ]
          ]
        }, 
        "37": {
          "side_attack_amount": 0, 
          "level_up_need_star": 552, 
          "talent_effects": [
            74036, 
            75036
          ], 
          "level_up_need_items": [
            [
              30001, 
              66700
            ], 
            [
              30020, 
              580
            ]
          ]
        }, 
        "38": {
          "side_attack_amount": 0, 
          "level_up_need_star": 564, 
          "talent_effects": [
            74037, 
            75037
          ], 
          "level_up_need_items": [
            [
              30001, 
              68450
            ], 
            [
              30020, 
              600
            ]
          ]
        }, 
        "39": {
          "side_attack_amount": 0, 
          "level_up_need_star": 576, 
          "talent_effects": [
            74038, 
            75038
          ], 
          "level_up_need_items": [
            [
              30001, 
              70200
            ], 
            [
              30020, 
              620
            ]
          ]
        }, 
        "40": {
          "side_attack_amount": 0, 
          "level_up_need_star": 588, 
          "talent_effects": [
            74039, 
            75039
          ], 
          "level_up_need_items": [
            [
              30001, 
              72000
            ], 
            [
              30020, 
              640
            ]
          ]
        }, 
        "41": {
          "side_attack_amount": 0, 
          "level_up_need_star": 600, 
          "talent_effects": [
            74040, 
            75040
          ], 
          "level_up_need_items": [
            [
              30001, 
              73750
            ], 
            [
              30020, 
              660
            ]
          ]
        }, 
        "42": {
          "side_attack_amount": 0, 
          "level_up_need_star": 612, 
          "talent_effects": [
            74041, 
            75041
          ], 
          "level_up_need_items": [
            [
              30001, 
              75550
            ], 
            [
              30020, 
              680
            ]
          ]
        }, 
        "43": {
          "side_attack_amount": 0, 
          "level_up_need_star": 624, 
          "talent_effects": [
            74042, 
            75042
          ], 
          "level_up_need_items": [
            [
              30001, 
              77300
            ], 
            [
              30020, 
              700
            ]
          ]
        }, 
        "44": {
          "side_attack_amount": 0, 
          "level_up_need_star": 636, 
          "talent_effects": [
            74043, 
            75043
          ], 
          "level_up_need_items": [
            [
              30001, 
              79050
            ], 
            [
              30020, 
              710
            ]
          ]
        }, 
        "45": {
          "side_attack_amount": 0, 
          "level_up_need_star": 648, 
          "talent_effects": [
            74044, 
            75044
          ], 
          "level_up_need_items": [
            [
              30001, 
              80850
            ], 
            [
              30020, 
              730
            ]
          ]
        }, 
        "46": {
          "side_attack_amount": 0, 
          "level_up_need_star": 660, 
          "talent_effects": [
            74045, 
            75045
          ], 
          "level_up_need_items": [
            [
              30001, 
              82600
            ], 
            [
              30020, 
              750
            ]
          ]
        }, 
        "47": {
          "side_attack_amount": 0, 
          "level_up_need_star": 672, 
          "talent_effects": [
            74046, 
            75046
          ], 
          "level_up_need_items": [
            [
              30001, 
              84400
            ], 
            [
              30020, 
              770
            ]
          ]
        }, 
        "48": {
          "side_attack_amount": 0, 
          "level_up_need_star": 684, 
          "talent_effects": [
            74047, 
            75047
          ], 
          "level_up_need_items": [
            [
              30001, 
              86150
            ], 
            [
              30020, 
              790
            ]
          ]
        }, 
        "49": {
          "side_attack_amount": 0, 
          "level_up_need_star": 696, 
          "talent_effects": [
            74048, 
            75048
          ], 
          "level_up_need_items": [
            [
              30001, 
              87950
            ], 
            [
              30020, 
              820
            ]
          ]
        }, 
        "50": {
          "side_attack_amount": 0, 
          "level_up_need_star": 708, 
          "talent_effects": [
            74049, 
            75049
          ], 
          "level_up_need_items": [
            [
              30001, 
              89700
            ], 
            [
              30020, 
              840
            ]
          ]
        }, 
        "51": {
          "side_attack_amount": 0, 
          "level_up_need_star": 720, 
          "talent_effects": [
            74050, 
            75050
          ], 
          "level_up_need_items": [
            [
              30001, 
              91450
            ], 
            [
              30020, 
              870
            ]
          ]
        }, 
        "52": {
          "side_attack_amount": 0, 
          "level_up_need_star": 732, 
          "talent_effects": [
            74051, 
            75051
          ], 
          "level_up_need_items": [
            [
              30001, 
              93250
            ], 
            [
              30020, 
              890
            ]
          ]
        }, 
        "53": {
          "side_attack_amount": 0, 
          "level_up_need_star": 744, 
          "talent_effects": [
            74052, 
            75052
          ], 
          "level_up_need_items": [
            [
              30001, 
              95000
            ], 
            [
              30020, 
              910
            ]
          ]
        }, 
        "54": {
          "side_attack_amount": 0, 
          "level_up_need_star": 756, 
          "talent_effects": [
            74053, 
            75053
          ], 
          "level_up_need_items": [
            [
              30001, 
              96800
            ], 
            [
              30020, 
              940
            ]
          ]
        }, 
        "55": {
          "side_attack_amount": 0, 
          "level_up_need_star": 768, 
          "talent_effects": [
            74054, 
            75054
          ], 
          "level_up_need_items": [
            [
              30001, 
              98550
            ], 
            [
              30020, 
              960
            ]
          ]
        }, 
        "56": {
          "side_attack_amount": 0, 
          "level_up_need_star": 780, 
          "talent_effects": [
            74055, 
            75055
          ], 
          "level_up_need_items": [
            [
              30001, 
              100300
            ], 
            [
              30020, 
              990
            ]
          ]
        }, 
        "57": {
          "side_attack_amount": 0, 
          "level_up_need_star": 792, 
          "talent_effects": [
            74056, 
            75056
          ], 
          "level_up_need_items": [
            [
              30001, 
              102100
            ], 
            [
              30020, 
              1010
            ]
          ]
        }, 
        "58": {
          "side_attack_amount": 0, 
          "level_up_need_star": 804, 
          "talent_effects": [
            74057, 
            75057
          ], 
          "level_up_need_items": [
            [
              30001, 
              103850
            ], 
            [
              30020, 
              1040
            ]
          ]
        }, 
        "59": {
          "side_attack_amount": 0, 
          "level_up_need_star": 816, 
          "talent_effects": [
            74058, 
            75058
          ], 
          "level_up_need_items": [
            [
              30001, 
              105650
            ], 
            [
              30020, 
              1060
            ]
          ]
        }, 
        "60": {
          "side_attack_amount": 0, 
          "level_up_need_star": 828, 
          "talent_effects": [
            74059, 
            75059
          ], 
          "level_up_need_items": [
            [
              30001, 
              107400
            ], 
            [
              30020, 
              1090
            ]
          ]
        }, 
        "61": {
          "side_attack_amount": 0, 
          "level_up_need_star": 840, 
          "talent_effects": [
            74060, 
            75060
          ], 
          "level_up_need_items": [
            [
              30001, 
              109150
            ], 
            [
              30020, 
              1120
            ]
          ]
        }, 
        "62": {
          "side_attack_amount": 0, 
          "level_up_need_star": 852, 
          "talent_effects": [
            74061, 
            75061
          ], 
          "level_up_need_items": [
            [
              30001, 
              110950
            ], 
            [
              30020, 
              1150
            ]
          ]
        }, 
        "63": {
          "side_attack_amount": 0, 
          "level_up_need_star": 864, 
          "talent_effects": [
            74062, 
            75062
          ], 
          "level_up_need_items": [
            [
              30001, 
              112700
            ], 
            [
              30020, 
              1180
            ]
          ]
        }, 
        "64": {
          "side_attack_amount": 0, 
          "level_up_need_star": 876, 
          "talent_effects": [
            74063, 
            75063
          ], 
          "level_up_need_items": [
            [
              30001, 
              114500
            ], 
            [
              30020, 
              1210
            ]
          ]
        }, 
        "65": {
          "side_attack_amount": 0, 
          "level_up_need_star": 888, 
          "talent_effects": [
            74064, 
            75064
          ], 
          "level_up_need_items": [
            [
              30001, 
              116250
            ], 
            [
              30020, 
              1240
            ]
          ]
        }, 
        "66": {
          "side_attack_amount": 0, 
          "level_up_need_star": 900, 
          "talent_effects": [
            74065, 
            75065
          ], 
          "level_up_need_items": [
            [
              30001, 
              118000
            ], 
            [
              30020, 
              1270
            ]
          ]
        }, 
        "67": {
          "side_attack_amount": 0, 
          "level_up_need_star": 912, 
          "talent_effects": [
            74066, 
            75066
          ], 
          "level_up_need_items": [
            [
              30001, 
              119800
            ], 
            [
              30020, 
              1300
            ]
          ]
        }, 
        "68": {
          "side_attack_amount": 0, 
          "level_up_need_star": 924, 
          "talent_effects": [
            74067, 
            75067
          ], 
          "level_up_need_items": [
            [
              30001, 
              121550
            ], 
            [
              30020, 
              1330
            ]
          ]
        }, 
        "69": {
          "side_attack_amount": 0, 
          "level_up_need_star": 936, 
          "talent_effects": [
            74068, 
            75068
          ], 
          "level_up_need_items": [
            [
              30001, 
              123350
            ], 
            [
              30020, 
              1360
            ]
          ]
        }, 
        "70": {
          "side_attack_amount": 0, 
          "level_up_need_star": 948, 
          "talent_effects": [
            74069, 
            75069
          ], 
          "level_up_need_items": [
            [
              30001, 
              125100
            ], 
            [
              30020, 
              1390
            ]
          ]
        }, 
        "71": {
          "side_attack_amount": 0, 
          "level_up_need_star": 960, 
          "talent_effects": [
            74070, 
            75070
          ], 
          "level_up_need_items": [
            [
              30001, 
              126850
            ], 
            [
              30020, 
              1430
            ]
          ]
        }, 
        "72": {
          "side_attack_amount": 0, 
          "level_up_need_star": 972, 
          "talent_effects": [
            74071, 
            75071
          ], 
          "level_up_need_items": [
            [
              30001, 
              128650
            ], 
            [
              30020, 
              1460
            ]
          ]
        }, 
        "73": {
          "side_attack_amount": 0, 
          "level_up_need_star": 984, 
          "talent_effects": [
            74072, 
            75072
          ], 
          "level_up_need_items": [
            [
              30001, 
              130400
            ], 
            [
              30020, 
              1500
            ]
          ]
        }, 
        "74": {
          "side_attack_amount": 0, 
          "level_up_need_star": 996, 
          "talent_effects": [
            74073, 
            75073
          ], 
          "level_up_need_items": [
            [
              30001, 
              132200
            ], 
            [
              30020, 
              1530
            ]
          ]
        }, 
        "75": {
          "side_attack_amount": 0, 
          "level_up_need_star": 996, 
          "talent_effects": [
            74074, 
            75074
          ], 
          "level_up_need_items": [
            [
              30001, 
              132200
            ], 
            [
              30020, 
              1530
            ]
          ]
        }
      }, 
      "active_need_items": [
        [
          30001, 
          10000
        ], 
        [
          30020, 
          50
        ]
      ]
    }
  }, 
  {
    "pk": 3, 
    "model": "formation.formation", 
    "fields": {
      "active_need_star": 1, 
      "name": "\u8fdb\u653b\u9635\u578b", 
      "use_condition": [
        0, 
        6
      ], 
      "max_level": 75, 
      "des": "\u8fdb\u653b\u9635\u578b", 
      "tp": 0, 
      "levels": {
        "1": {
          "side_attack_amount": 0, 
          "level_up_need_star": 150, 
          "talent_effects": [
            72000, 
            73000
          ], 
          "level_up_need_items": [
            [
              30001, 
              2950
            ], 
            [
              30020, 
              50
            ]
          ]
        }, 
        "2": {
          "side_attack_amount": 0, 
          "level_up_need_star": 162, 
          "talent_effects": [
            72001, 
            73001
          ], 
          "level_up_need_items": [
            [
              30001, 
              4700
            ], 
            [
              30020, 
              60
            ]
          ]
        }, 
        "3": {
          "side_attack_amount": 0, 
          "level_up_need_star": 174, 
          "talent_effects": [
            72002, 
            73002
          ], 
          "level_up_need_items": [
            [
              30001, 
              6500
            ], 
            [
              30020, 
              70
            ]
          ]
        }, 
        "4": {
          "side_attack_amount": 0, 
          "level_up_need_star": 186, 
          "talent_effects": [
            72003, 
            73003
          ], 
          "level_up_need_items": [
            [
              30001, 
              8250
            ], 
            [
              30020, 
              80
            ]
          ]
        }, 
        "5": {
          "side_attack_amount": 0, 
          "level_up_need_star": 198, 
          "talent_effects": [
            72004, 
            73004
          ], 
          "level_up_need_items": [
            [
              30001, 
              10050
            ], 
            [
              30020, 
              90
            ]
          ]
        }, 
        "6": {
          "side_attack_amount": 0, 
          "level_up_need_star": 210, 
          "talent_effects": [
            72005, 
            73005
          ], 
          "level_up_need_items": [
            [
              30001, 
              11800
            ], 
            [
              30020, 
              100
            ]
          ]
        }, 
        "7": {
          "side_attack_amount": 0, 
          "level_up_need_star": 222, 
          "talent_effects": [
            72006, 
            73006
          ], 
          "level_up_need_items": [
            [
              30001, 
              13550
            ], 
            [
              30020, 
              110
            ]
          ]
        }, 
        "8": {
          "side_attack_amount": 0, 
          "level_up_need_star": 234, 
          "talent_effects": [
            72007, 
            73007
          ], 
          "level_up_need_items": [
            [
              30001, 
              15350
            ], 
            [
              30020, 
              120
            ]
          ]
        }, 
        "9": {
          "side_attack_amount": 0, 
          "level_up_need_star": 246, 
          "talent_effects": [
            72008, 
            73008
          ], 
          "level_up_need_items": [
            [
              30001, 
              17100
            ], 
            [
              30020, 
              130
            ]
          ]
        }, 
        "10": {
          "side_attack_amount": 0, 
          "level_up_need_star": 258, 
          "talent_effects": [
            72009, 
            73009
          ], 
          "level_up_need_items": [
            [
              30001, 
              18900
            ], 
            [
              30020, 
              140
            ]
          ]
        }, 
        "11": {
          "side_attack_amount": 0, 
          "level_up_need_star": 270, 
          "talent_effects": [
            72010, 
            73010
          ], 
          "level_up_need_items": [
            [
              30001, 
              20650
            ], 
            [
              30020, 
              160
            ]
          ]
        }, 
        "12": {
          "side_attack_amount": 0, 
          "level_up_need_star": 282, 
          "talent_effects": [
            72011, 
            73011
          ], 
          "level_up_need_items": [
            [
              30001, 
              22400
            ], 
            [
              30020, 
              170
            ]
          ]
        }, 
        "13": {
          "side_attack_amount": 0, 
          "level_up_need_star": 294, 
          "talent_effects": [
            72012, 
            73012
          ], 
          "level_up_need_items": [
            [
              30001, 
              24200
            ], 
            [
              30020, 
              180
            ]
          ]
        }, 
        "14": {
          "side_attack_amount": 0, 
          "level_up_need_star": 306, 
          "talent_effects": [
            72013, 
            73013
          ], 
          "level_up_need_items": [
            [
              30001, 
              25950
            ], 
            [
              30020, 
              200
            ]
          ]
        }, 
        "15": {
          "side_attack_amount": 0, 
          "level_up_need_star": 318, 
          "talent_effects": [
            72014, 
            73014
          ], 
          "level_up_need_items": [
            [
              30001, 
              27750
            ], 
            [
              30020, 
              210
            ]
          ]
        }, 
        "16": {
          "side_attack_amount": 0, 
          "level_up_need_star": 330, 
          "talent_effects": [
            72015, 
            73015
          ], 
          "level_up_need_items": [
            [
              30001, 
              29500
            ], 
            [
              30020, 
              230
            ]
          ]
        }, 
        "17": {
          "side_attack_amount": 0, 
          "level_up_need_star": 342, 
          "talent_effects": [
            72016, 
            73016
          ], 
          "level_up_need_items": [
            [
              30001, 
              31300
            ], 
            [
              30020, 
              240
            ]
          ]
        }, 
        "18": {
          "side_attack_amount": 0, 
          "level_up_need_star": 354, 
          "talent_effects": [
            72017, 
            73017
          ], 
          "level_up_need_items": [
            [
              30001, 
              33050
            ], 
            [
              30020, 
              260
            ]
          ]
        }, 
        "19": {
          "side_attack_amount": 0, 
          "level_up_need_star": 366, 
          "talent_effects": [
            72018, 
            73018
          ], 
          "level_up_need_items": [
            [
              30001, 
              34800
            ], 
            [
              30020, 
              270
            ]
          ]
        }, 
        "20": {
          "side_attack_amount": 0, 
          "level_up_need_star": 378, 
          "talent_effects": [
            72019, 
            73019
          ], 
          "level_up_need_items": [
            [
              30001, 
              36600
            ], 
            [
              30020, 
              290
            ]
          ]
        }, 
        "21": {
          "side_attack_amount": 0, 
          "level_up_need_star": 390, 
          "talent_effects": [
            72020, 
            73020
          ], 
          "level_up_need_items": [
            [
              30001, 
              38350
            ], 
            [
              30020, 
              300
            ]
          ]
        }, 
        "22": {
          "side_attack_amount": 0, 
          "level_up_need_star": 402, 
          "talent_effects": [
            72021, 
            73021
          ], 
          "level_up_need_items": [
            [
              30001, 
              40150
            ], 
            [
              30020, 
              320
            ]
          ]
        }, 
        "23": {
          "side_attack_amount": 0, 
          "level_up_need_star": 414, 
          "talent_effects": [
            72022, 
            73022
          ], 
          "level_up_need_items": [
            [
              30001, 
              41900
            ], 
            [
              30020, 
              330
            ]
          ]
        }, 
        "24": {
          "side_attack_amount": 0, 
          "level_up_need_star": 426, 
          "talent_effects": [
            72023, 
            73023
          ], 
          "level_up_need_items": [
            [
              30001, 
              43650
            ], 
            [
              30020, 
              350
            ]
          ]
        }, 
        "25": {
          "side_attack_amount": 0, 
          "level_up_need_star": 438, 
          "talent_effects": [
            72024, 
            73024
          ], 
          "level_up_need_items": [
            [
              30001, 
              45450
            ], 
            [
              30020, 
              360
            ]
          ]
        }, 
        "26": {
          "side_attack_amount": 0, 
          "level_up_need_star": 450, 
          "talent_effects": [
            72025, 
            73025
          ], 
          "level_up_need_items": [
            [
              30001, 
              47200
            ], 
            [
              30020, 
              370
            ]
          ]
        }, 
        "27": {
          "side_attack_amount": 0, 
          "level_up_need_star": 462, 
          "talent_effects": [
            72026, 
            73026
          ], 
          "level_up_need_items": [
            [
              30001, 
              49000
            ], 
            [
              30020, 
              390
            ]
          ]
        }, 
        "28": {
          "side_attack_amount": 0, 
          "level_up_need_star": 474, 
          "talent_effects": [
            72027, 
            73027
          ], 
          "level_up_need_items": [
            [
              30001, 
              50750
            ], 
            [
              30020, 
              400
            ]
          ]
        }, 
        "29": {
          "side_attack_amount": 0, 
          "level_up_need_star": 486, 
          "talent_effects": [
            72028, 
            73028
          ], 
          "level_up_need_items": [
            [
              30001, 
              52500
            ], 
            [
              30020, 
              420
            ]
          ]
        }, 
        "30": {
          "side_attack_amount": 0, 
          "level_up_need_star": 498, 
          "talent_effects": [
            72029, 
            73029
          ], 
          "level_up_need_items": [
            [
              30001, 
              54300
            ], 
            [
              30020, 
              440
            ]
          ]
        }, 
        "31": {
          "side_attack_amount": 0, 
          "level_up_need_star": 510, 
          "talent_effects": [
            72030, 
            73030
          ], 
          "level_up_need_items": [
            [
              30001, 
              56050
            ], 
            [
              30020, 
              460
            ]
          ]
        }, 
        "32": {
          "side_attack_amount": 0, 
          "level_up_need_star": 522, 
          "talent_effects": [
            72031, 
            73031
          ], 
          "level_up_need_items": [
            [
              30001, 
              57850
            ], 
            [
              30020, 
              480
            ]
          ]
        }, 
        "33": {
          "side_attack_amount": 0, 
          "level_up_need_star": 534, 
          "talent_effects": [
            72032, 
            73032
          ], 
          "level_up_need_items": [
            [
              30001, 
              59600
            ], 
            [
              30020, 
              500
            ]
          ]
        }, 
        "34": {
          "side_attack_amount": 0, 
          "level_up_need_star": 546, 
          "talent_effects": [
            72033, 
            73033
          ], 
          "level_up_need_items": [
            [
              30001, 
              61350
            ], 
            [
              30020, 
              520
            ]
          ]
        }, 
        "35": {
          "side_attack_amount": 0, 
          "level_up_need_star": 558, 
          "talent_effects": [
            72034, 
            73034
          ], 
          "level_up_need_items": [
            [
              30001, 
              63150
            ], 
            [
              30020, 
              540
            ]
          ]
        }, 
        "36": {
          "side_attack_amount": 0, 
          "level_up_need_star": 570, 
          "talent_effects": [
            72035, 
            73035
          ], 
          "level_up_need_items": [
            [
              30001, 
              64900
            ], 
            [
              30020, 
              560
            ]
          ]
        }, 
        "37": {
          "side_attack_amount": 0, 
          "level_up_need_star": 582, 
          "talent_effects": [
            72036, 
            73036
          ], 
          "level_up_need_items": [
            [
              30001, 
              66700
            ], 
            [
              30020, 
              580
            ]
          ]
        }, 
        "38": {
          "side_attack_amount": 0, 
          "level_up_need_star": 594, 
          "talent_effects": [
            72037, 
            73037
          ], 
          "level_up_need_items": [
            [
              30001, 
              68450
            ], 
            [
              30020, 
              600
            ]
          ]
        }, 
        "39": {
          "side_attack_amount": 0, 
          "level_up_need_star": 606, 
          "talent_effects": [
            72038, 
            73038
          ], 
          "level_up_need_items": [
            [
              30001, 
              70200
            ], 
            [
              30020, 
              620
            ]
          ]
        }, 
        "40": {
          "side_attack_amount": 0, 
          "level_up_need_star": 618, 
          "talent_effects": [
            72039, 
            73039
          ], 
          "level_up_need_items": [
            [
              30001, 
              72000
            ], 
            [
              30020, 
              640
            ]
          ]
        }, 
        "41": {
          "side_attack_amount": 0, 
          "level_up_need_star": 630, 
          "talent_effects": [
            72040, 
            73040
          ], 
          "level_up_need_items": [
            [
              30001, 
              73750
            ], 
            [
              30020, 
              660
            ]
          ]
        }, 
        "42": {
          "side_attack_amount": 0, 
          "level_up_need_star": 642, 
          "talent_effects": [
            72041, 
            73041
          ], 
          "level_up_need_items": [
            [
              30001, 
              75550
            ], 
            [
              30020, 
              680
            ]
          ]
        }, 
        "43": {
          "side_attack_amount": 0, 
          "level_up_need_star": 654, 
          "talent_effects": [
            72042, 
            73042
          ], 
          "level_up_need_items": [
            [
              30001, 
              77300
            ], 
            [
              30020, 
              700
            ]
          ]
        }, 
        "44": {
          "side_attack_amount": 0, 
          "level_up_need_star": 666, 
          "talent_effects": [
            72043, 
            73043
          ], 
          "level_up_need_items": [
            [
              30001, 
              79050
            ], 
            [
              30020, 
              710
            ]
          ]
        }, 
        "45": {
          "side_attack_amount": 0, 
          "level_up_need_star": 678, 
          "talent_effects": [
            72044, 
            73044
          ], 
          "level_up_need_items": [
            [
              30001, 
              80850
            ], 
            [
              30020, 
              730
            ]
          ]
        }, 
        "46": {
          "side_attack_amount": 0, 
          "level_up_need_star": 690, 
          "talent_effects": [
            72045, 
            73045
          ], 
          "level_up_need_items": [
            [
              30001, 
              82600
            ], 
            [
              30020, 
              750
            ]
          ]
        }, 
        "47": {
          "side_attack_amount": 0, 
          "level_up_need_star": 702, 
          "talent_effects": [
            72046, 
            73046
          ], 
          "level_up_need_items": [
            [
              30001, 
              84400
            ], 
            [
              30020, 
              770
            ]
          ]
        }, 
        "48": {
          "side_attack_amount": 0, 
          "level_up_need_star": 714, 
          "talent_effects": [
            72047, 
            73047
          ], 
          "level_up_need_items": [
            [
              30001, 
              86150
            ], 
            [
              30020, 
              790
            ]
          ]
        }, 
        "49": {
          "side_attack_amount": 0, 
          "level_up_need_star": 726, 
          "talent_effects": [
            72048, 
            73048
          ], 
          "level_up_need_items": [
            [
              30001, 
              87950
            ], 
            [
              30020, 
              820
            ]
          ]
        }, 
        "50": {
          "side_attack_amount": 0, 
          "level_up_need_star": 738, 
          "talent_effects": [
            72049, 
            73049
          ], 
          "level_up_need_items": [
            [
              30001, 
              89700
            ], 
            [
              30020, 
              840
            ]
          ]
        }, 
        "51": {
          "side_attack_amount": 0, 
          "level_up_need_star": 750, 
          "talent_effects": [
            72050, 
            73050
          ], 
          "level_up_need_items": [
            [
              30001, 
              91450
            ], 
            [
              30020, 
              870
            ]
          ]
        }, 
        "52": {
          "side_attack_amount": 0, 
          "level_up_need_star": 762, 
          "talent_effects": [
            72051, 
            73051
          ], 
          "level_up_need_items": [
            [
              30001, 
              93250
            ], 
            [
              30020, 
              890
            ]
          ]
        }, 
        "53": {
          "side_attack_amount": 0, 
          "level_up_need_star": 774, 
          "talent_effects": [
            72052, 
            73052
          ], 
          "level_up_need_items": [
            [
              30001, 
              95000
            ], 
            [
              30020, 
              910
            ]
          ]
        }, 
        "54": {
          "side_attack_amount": 0, 
          "level_up_need_star": 786, 
          "talent_effects": [
            72053, 
            73053
          ], 
          "level_up_need_items": [
            [
              30001, 
              96800
            ], 
            [
              30020, 
              940
            ]
          ]
        }, 
        "55": {
          "side_attack_amount": 0, 
          "level_up_need_star": 798, 
          "talent_effects": [
            72054, 
            73054
          ], 
          "level_up_need_items": [
            [
              30001, 
              98550
            ], 
            [
              30020, 
              960
            ]
          ]
        }, 
        "56": {
          "side_attack_amount": 0, 
          "level_up_need_star": 810, 
          "talent_effects": [
            72055, 
            73055
          ], 
          "level_up_need_items": [
            [
              30001, 
              100300
            ], 
            [
              30020, 
              990
            ]
          ]
        }, 
        "57": {
          "side_attack_amount": 0, 
          "level_up_need_star": 822, 
          "talent_effects": [
            72056, 
            73056
          ], 
          "level_up_need_items": [
            [
              30001, 
              102100
            ], 
            [
              30020, 
              1010
            ]
          ]
        }, 
        "58": {
          "side_attack_amount": 0, 
          "level_up_need_star": 834, 
          "talent_effects": [
            72057, 
            73057
          ], 
          "level_up_need_items": [
            [
              30001, 
              103850
            ], 
            [
              30020, 
              1040
            ]
          ]
        }, 
        "59": {
          "side_attack_amount": 0, 
          "level_up_need_star": 846, 
          "talent_effects": [
            72058, 
            73058
          ], 
          "level_up_need_items": [
            [
              30001, 
              105650
            ], 
            [
              30020, 
              1060
            ]
          ]
        }, 
        "60": {
          "side_attack_amount": 0, 
          "level_up_need_star": 858, 
          "talent_effects": [
            72059, 
            73059
          ], 
          "level_up_need_items": [
            [
              30001, 
              107400
            ], 
            [
              30020, 
              1090
            ]
          ]
        }, 
        "61": {
          "side_attack_amount": 0, 
          "level_up_need_star": 870, 
          "talent_effects": [
            72060, 
            73060
          ], 
          "level_up_need_items": [
            [
              30001, 
              109150
            ], 
            [
              30020, 
              1120
            ]
          ]
        }, 
        "62": {
          "side_attack_amount": 0, 
          "level_up_need_star": 882, 
          "talent_effects": [
            72061, 
            73061
          ], 
          "level_up_need_items": [
            [
              30001, 
              110950
            ], 
            [
              30020, 
              1150
            ]
          ]
        }, 
        "63": {
          "side_attack_amount": 0, 
          "level_up_need_star": 894, 
          "talent_effects": [
            72062, 
            73062
          ], 
          "level_up_need_items": [
            [
              30001, 
              112700
            ], 
            [
              30020, 
              1180
            ]
          ]
        }, 
        "64": {
          "side_attack_amount": 0, 
          "level_up_need_star": 906, 
          "talent_effects": [
            72063, 
            73063
          ], 
          "level_up_need_items": [
            [
              30001, 
              114500
            ], 
            [
              30020, 
              1210
            ]
          ]
        }, 
        "65": {
          "side_attack_amount": 0, 
          "level_up_need_star": 918, 
          "talent_effects": [
            72064, 
            73064
          ], 
          "level_up_need_items": [
            [
              30001, 
              116250
            ], 
            [
              30020, 
              1240
            ]
          ]
        }, 
        "66": {
          "side_attack_amount": 0, 
          "level_up_need_star": 930, 
          "talent_effects": [
            72065, 
            73065
          ], 
          "level_up_need_items": [
            [
              30001, 
              118000
            ], 
            [
              30020, 
              1270
            ]
          ]
        }, 
        "67": {
          "side_attack_amount": 0, 
          "level_up_need_star": 942, 
          "talent_effects": [
            72066, 
            73066
          ], 
          "level_up_need_items": [
            [
              30001, 
              119800
            ], 
            [
              30020, 
              1300
            ]
          ]
        }, 
        "68": {
          "side_attack_amount": 0, 
          "level_up_need_star": 954, 
          "talent_effects": [
            72067, 
            73067
          ], 
          "level_up_need_items": [
            [
              30001, 
              121550
            ], 
            [
              30020, 
              1330
            ]
          ]
        }, 
        "69": {
          "side_attack_amount": 0, 
          "level_up_need_star": 966, 
          "talent_effects": [
            72068, 
            73068
          ], 
          "level_up_need_items": [
            [
              30001, 
              123350
            ], 
            [
              30020, 
              1360
            ]
          ]
        }, 
        "70": {
          "side_attack_amount": 0, 
          "level_up_need_star": 978, 
          "talent_effects": [
            72069, 
            73069
          ], 
          "level_up_need_items": [
            [
              30001, 
              125100
            ], 
            [
              30020, 
              1390
            ]
          ]
        }, 
        "71": {
          "side_attack_amount": 0, 
          "level_up_need_star": 990, 
          "talent_effects": [
            72070, 
            73070
          ], 
          "level_up_need_items": [
            [
              30001, 
              126850
            ], 
            [
              30020, 
              1430
            ]
          ]
        }, 
        "72": {
          "side_attack_amount": 0, 
          "level_up_need_star": 1002, 
          "talent_effects": [
            72071, 
            73071
          ], 
          "level_up_need_items": [
            [
              30001, 
              128650
            ], 
            [
              30020, 
              1460
            ]
          ]
        }, 
        "73": {
          "side_attack_amount": 0, 
          "level_up_need_star": 1014, 
          "talent_effects": [
            72072, 
            73072
          ], 
          "level_up_need_items": [
            [
              30001, 
              130400
            ], 
            [
              30020, 
              1500
            ]
          ]
        }, 
        "74": {
          "side_attack_amount": 0, 
          "level_up_need_star": 1026, 
          "talent_effects": [
            72073, 
            73073
          ], 
          "level_up_need_items": [
            [
              30001, 
              132200
            ], 
            [
              30020, 
              1530
            ]
          ]
        }, 
        "75": {
          "side_attack_amount": 0, 
          "level_up_need_star": 1026, 
          "talent_effects": [
            72074, 
            73074
          ], 
          "level_up_need_items": [
            [
              30001, 
              132200
            ], 
            [
              30020, 
              1530
            ]
          ]
        }
      }, 
      "active_need_items": [
        [
          30001, 
          10000
        ], 
        [
          30020, 
          100
        ]
      ]
    }
  }
]