[
{
    "model": "function.functiontips",
    "pk": 1,
    "fields": {
        "level": 25,
        "tp": 2,
        "target": "SubTerritoryState",
        "des": "\u5546\u52a1\u4e2d\u5fc3\u5f00\u653e\n\u5b89\u6392\u9009\u624b\u5de5\u4f5c\u83b7\u53d6\u8d44\u6e90"
    }
},
{
    "model": "function.functiontips",
    "pk": 2,
    "fields": {
        "level": 30,
        "tp": 1,
        "target": "TalentFrame",
        "des": "\u5929\u8d4b\u5f00\u653e\n\u901a\u8fc7\u7ade\u6280\u573a\u7b49\u83b7\u53d6\u5929\u8d4b\u70b9\u589e\u52a0\u79cd\u65cf\u5c5e\u6027"
    }
},
{
    "model": "function.functiontips",
    "pk": 3,
    "fields": {
        "level": 28,
        "tp": 1,
        "target": "HeroInspireFrame",
        "des": "\u52a9\u5a01\u7cfb\u7edf\u5f00\u653e\n\u4e0a\u9635\u9009\u624b\u7ec4\u6210\u7275\u7eca\u5e76\u589e\u52a0\u989d\u5916\u5c5e\u6027"
    }
},
{
    "model": "function.functiontips",
    "pk": 4,
    "fields": {
        "level": 35,
        "tp": 1,
        "target": "CupFrame",
        "des": "\u4e89\u9738\u8d5b\u5f00\u542f\r\n\u8d76\u5feb\u62a5\u540d\u83b7\u53d6\u5956\u7ae0\u5151\u6362S\u7ea7\u9009\u624b\u5427"
    }
}
]
