[
{
    "model": "function.function",
    "pk": 1,
    "fields": {
        "name": "\u62a5\u8868",
        "icon": "IC_27_01",
        "belong_to_building": null,
        "order_in_building": 1,
        "need_building_level": 0,
        "unlock_des": ""
    }
},
{
    "model": "function.function",
    "pk": 2,
    "fields": {
        "name": "\u8d22\u52a1\u72b6\u51b5",
        "icon": "xz_\u603b\u90e8\u5927\u697c_\u8d22\u52a1\u72b6\u51b5",
        "belong_to_building": 1,
        "order_in_building": 3,
        "need_building_level": 0,
        "unlock_des": ""
    }
},
{
    "model": "function.function",
    "pk": 4,
    "fields": {
        "name": "\u6d3b\u8dc3\u5ea6",
        "icon": "xz_\u4efb\u52a1\u4e2d\u5fc3_\u65e5\u5e38\u4efb\u52a1",
        "belong_to_building": 4,
        "order_in_building": 1,
        "need_building_level": 0,
        "unlock_des": ""
    }
},
{
    "model": "function.function",
    "pk": 5,
    "fields": {
        "name": "\u7cbe\u5f69\u6d3b\u52a8",
        "icon": "xz_\u4efb\u52a1\u4e2d\u5fc3_\u7cbe\u5f69\u6d3b\u52a8",
        "belong_to_building": 4,
        "order_in_building": 1,
        "need_building_level": 0,
        "unlock_des": ""
    }
},
{
    "model": "function.function",
    "pk": 10,
    "fields": {
        "name": "\u961f\u5458\u8d44\u6599",
        "icon": "xz_\u5458\u5de5\u4e2d\u5fc3_\u961f\u5458\u8d44\u6599",
        "belong_to_building": 1,
        "order_in_building": 1,
        "need_building_level": 0,
        "unlock_des": ""
    }
},
{
    "model": "function.function",
    "pk": 11,
    "fields": {
        "name": "\u961f\u5458\u62db\u52df",
        "icon": "xz_\u5458\u5de5\u4e2d\u5fc3_\u961f\u5458\u62db\u52df",
        "belong_to_building": 3,
        "order_in_building": 1,
        "need_building_level": 0,
        "unlock_des": ""
    }
},
{
    "model": "function.function",
    "pk": 12,
    "fields": {
        "name": "\u6218\u961f\u7ba1\u7406",
        "icon": "xz_\u5458\u5de5\u4e2d\u5fc3_\u6218\u961f\u7ba1\u7406",
        "belong_to_building": 1,
        "order_in_building": 4,
        "need_building_level": 0,
        "unlock_des": ""
    }
},
{
    "model": "function.function",
    "pk": 13,
    "fields": {
        "name": "\u8054\u8d5b",
        "icon": "xz_\u5546\u4e1a\u8d5b\u573a_\u8054\u8d5b",
        "belong_to_building": 5,
        "order_in_building": 1,
        "need_building_level": 0,
        "unlock_des": ""
    }
},
{
    "model": "function.function",
    "pk": 14,
    "fields": {
        "name": "\u6311\u6218\u8d5b",
        "icon": "xz_\u5546\u4e1a\u8d5b\u573a_\u6311\u6218\u8d5b",
        "belong_to_building": 5,
        "order_in_building": 2,
        "need_building_level": 1,
        "unlock_des": "\u8d5b\u573a2\u7ea7\u89e3\u9501"
    }
},
{
    "model": "function.function",
    "pk": 15,
    "fields": {
        "name": "\u5929\u68af\u8d5b",
        "icon": "xz_\u5546\u4e1a\u8d5b\u573a_\u5929\u68af\u8d5b",
        "belong_to_building": 5,
        "order_in_building": 3,
        "need_building_level": 2,
        "unlock_des": "\u9700\u89812\u7ea7\u7535\u7ade\u8d5b\u573a"
    }
},
{
    "model": "function.function",
    "pk": 16,
    "fields": {
        "name": "\u51a0\u519b\u676f",
        "icon": "xz_\u5546\u4e1a\u8d5b\u573a_\u51a0\u519b\u676f",
        "belong_to_building": 5,
        "order_in_building": 4,
        "need_building_level": 3,
        "unlock_des": "\u9700\u89813\u7ea7\u7535\u7ade\u8d5b\u573a"
    }
},
{
    "model": "function.function",
    "pk": 18,
    "fields": {
        "name": "\u8d5e\u52a9\u5546",
        "icon": "xz_\u8d5e\u52a9\u4e2d\u5fc3_\u8d5e\u52a9\u5c0f\u4f19\u4f34",
        "belong_to_building": 6,
        "order_in_building": 1,
        "need_building_level": 1,
        "unlock_des": ""
    }
},
{
    "model": "function.function",
    "pk": 19,
    "fields": {
        "name": "\u7ecf\u9a8c\u57f9\u8bad",
        "icon": "xz_\u57f9\u8bad\u4e2d\u5fc3_\u7ecf\u9a8c\u57f9\u8bad",
        "belong_to_building": 2,
        "order_in_building": 1,
        "need_building_level": 1,
        "unlock_des": ""
    }
},
{
    "model": "function.function",
    "pk": 20,
    "fields": {
        "name": "\u5f3a\u5316\u57f9\u8bad",
        "icon": "xz_\u57f9\u8bad\u4e2d\u5fc3_\u5458\u5de5\u57f9\u8bad",
        "belong_to_building": 2,
        "order_in_building": 2,
        "need_building_level": 1,
        "unlock_des": ""
    }
},
{
    "model": "function.function",
    "pk": 21,
    "fields": {
        "name": "\u5929\u8d4b\u57f9\u8bad",
        "icon": "xz_\u57f9\u8bad\u4e2d\u5fc3_\u5929\u8d4b\u57f9\u8bad",
        "belong_to_building": 2,
        "order_in_building": 3,
        "need_building_level": 1,
        "unlock_des": ""
    }
},
{
    "model": "function.function",
    "pk": 22,
    "fields": {
        "name": "\u76f4\u64ad\u5927\u5385",
        "icon": "xz_\u5546\u52a1\u90e8_\u76f4\u64ad\u5927\u5385",
        "belong_to_building": 7,
        "order_in_building": 1,
        "need_building_level": 1,
        "unlock_des": ""
    }
},
{
    "model": "function.function",
    "pk": 23,
    "fields": {
        "name": "\u7f51\u7edc\u8425\u9500",
        "icon": "xz_\u5546\u52a1\u90e8_\u7f51\u7edc\u8425\u9500",
        "belong_to_building": 7,
        "order_in_building": 3,
        "need_building_level": 3,
        "unlock_des": "\u9700\u89813\u7ea7\u5546\u52a1\u90e8"
    }
},
{
    "model": "function.function",
    "pk": 24,
    "fields": {
        "name": "\u4ee3\u8a00\u4e2d\u5fc3",
        "icon": "xz_\u5546\u52a1\u90e8_\u4ee3\u8a00\u4e2d\u5fc3",
        "belong_to_building": 7,
        "order_in_building": 2,
        "need_building_level": 1,
        "unlock_des": ""
    }
},
{
    "model": "function.function",
    "pk": 25,
    "fields": {
        "name": "\u8bad\u7ec3\u8d5b",
        "icon": "xz_\u5546\u52a1\u90e8_\u4ee3\u8a00\u4e2d\u5fc3",
        "belong_to_building": 6,
        "order_in_building": 3,
        "need_building_level": 1,
        "unlock_des": ""
    }
},
{
    "model": "function.function",
    "pk": 26,
    "fields": {
        "name": "\u4ed3\u5e93",
        "icon": "xz_\u5546\u52a1\u90e8_\u7f51\u7edc\u8425\u9500",
        "belong_to_building": 1,
        "order_in_building": 2,
        "need_building_level": 1,
        "unlock_des": ""
    }
},
{
    "model": "function.function",
    "pk": 27,
    "fields": {
        "name": "\u8d2d\u7269\u4e2d\u5fc3",
        "icon": "xz_\u5546\u52a1\u90e8_\u7f51\u7edc\u8425\u9500",
        "belong_to_building": 6,
        "order_in_building": 1,
        "need_building_level": 1,
        "unlock_des": ""
    }
},
{
    "model": "function.function",
    "pk": 28,
    "fields": {
        "name": "\u62cd\u5356\u884c",
        "icon": "xz_\u5546\u52a1\u90e8_\u7f51\u7edc\u8425\u9500",
        "belong_to_building": 3,
        "order_in_building": 1,
        "need_building_level": 1,
        "unlock_des": ""
    }
},
{
    "model": "function.function",
    "pk": 29,
    "fields": {
        "name": "\u9053\u5177\u5408\u6210",
        "icon": "xz_\u5546\u52a1\u90e8_\u7f51\u7edc\u8425\u9500",
        "belong_to_building": 4,
        "order_in_building": 2,
        "need_building_level": 1,
        "unlock_des": "\u53d1\u53cd\u53cd\u590d\u590d"
    }
}
]
