[
{
    "model": "function.function",
    "pk": 1,
    "fields": {
        "name": "\u4e0a\u9635\u7ba1\u7406",
        "icon": "xz_\u5458\u5de5\u4e2d\u5fc3_\u6218\u961f\u7ba1\u7406",
        "belong_to_building": 1,
        "belong_to_ui": "",
        "order_in_building": 1,
        "need_club_level": 0,
        "need_challenge_id": 0,
        "unlock_des": "",
        "normal_color": "",
        "lock_color": ""
    }
},
{
    "model": "function.function",
    "pk": 2,
    "fields": {
        "name": "\u9053\u5177\u4ed3\u5e93",
        "icon": "xz_\u5546\u52a1\u90e8_\u7f51\u7edc\u8425\u9500",
        "belong_to_building": 0,
        "belong_to_ui": "",
        "order_in_building": 2,
        "need_club_level": 0,
        "need_challenge_id": 9,
        "unlock_des": "\u901a\u5173\u666e\u901a\u526f\u672c9\u5173",
        "normal_color": "004C7FFF",
        "lock_color": "80808080"
    }
},
{
    "model": "function.function",
    "pk": 3,
    "fields": {
        "name": "\u526f\u672c",
        "icon": "xz_\u5546\u4e1a\u8d5b\u573a_\u5929\u68af\u8d5b",
        "belong_to_building": 2,
        "belong_to_ui": "",
        "order_in_building": 1,
        "need_club_level": 0,
        "need_challenge_id": 0,
        "unlock_des": "",
        "normal_color": "",
        "lock_color": ""
    }
},
{
    "model": "function.function",
    "pk": 4,
    "fields": {
        "name": "\u7ade\u6280\u573a",
        "icon": "xz_\u5546\u4e1a\u8d5b\u573a_\u51a0\u519b\u676f",
        "belong_to_building": 9,
        "belong_to_ui": "",
        "order_in_building": 1,
        "need_club_level": 0,
        "need_challenge_id": 30,
        "unlock_des": "\u901a\u5173\u666e\u901a\u526f\u672c30\u5173",
        "normal_color": "",
        "lock_color": ""
    }
},
{
    "model": "function.function",
    "pk": 5,
    "fields": {
        "name": "\u65e5\u5e38\u526f\u672c",
        "icon": "xz_\u5546\u4e1a\u8d5b\u573a_\u8054\u8d5b",
        "belong_to_building": 3,
        "belong_to_ui": "",
        "order_in_building": 1,
        "need_club_level": 0,
        "need_challenge_id": 43,
        "unlock_des": "\u901a\u5173\u666e\u901a\u526f\u672c43\u5173",
        "normal_color": "",
        "lock_color": ""
    }
},
{
    "model": "function.function",
    "pk": 6,
    "fields": {
        "name": "\u8bad\u7ec3\u5854",
        "icon": "xz_\u5546\u4e1a\u8d5b\u573a_\u5929\u68af\u8d5b",
        "belong_to_building": 3,
        "belong_to_ui": "",
        "order_in_building": 2,
        "need_club_level": 0,
        "need_challenge_id": 60,
        "unlock_des": "\u901a\u5173\u666e\u901a\u526f\u672c60\u5173",
        "normal_color": "",
        "lock_color": ""
    }
},
{
    "model": "function.function",
    "pk": 7,
    "fields": {
        "name": "\u961f\u5458\u62db\u52df",
        "icon": "xz_\u5458\u5de5\u4e2d\u5fc3_\u961f\u5458\u62db\u52df",
        "belong_to_building": 4,
        "belong_to_ui": "",
        "order_in_building": 1,
        "need_club_level": 0,
        "need_challenge_id": 1,
        "unlock_des": "\u901a\u5173\u666e\u901a\u526f\u672c\u7b2c1\u5173",
        "normal_color": "",
        "lock_color": ""
    }
},
{
    "model": "function.function",
    "pk": 8,
    "fields": {
        "name": "\u8d2d\u7269\u5546\u57ce",
        "icon": "xz_\u5546\u52a1\u90e8_\u7f51\u7edc\u8425\u9500",
        "belong_to_building": 0,
        "belong_to_ui": "",
        "order_in_building": 2,
        "need_club_level": 0,
        "need_challenge_id": 0,
        "unlock_des": "\u901a\u5173\u666e\u901a\u526f\u672c\u7b2c1\u5173",
        "normal_color": "",
        "lock_color": ""
    }
},
{
    "model": "function.function",
    "pk": 9,
    "fields": {
        "name": "\u961f\u5458\u57f9\u517b",
        "icon": "xz_\u57f9\u8bad\u4e2d\u5fc3_\u5458\u5de5\u57f9\u8bad",
        "belong_to_building": 5,
        "belong_to_ui": "",
        "order_in_building": 1,
        "need_club_level": 0,
        "need_challenge_id": 3,
        "unlock_des": "\u901a\u5173\u666e\u901a\u526f\u672c3\u5173",
        "normal_color": "",
        "lock_color": ""
    }
},
{
    "model": "function.function",
    "pk": 10,
    "fields": {
        "name": "\u5175\u79cd\u57f9\u517b",
        "icon": "xz_\u57f9\u8bad\u4e2d\u5fc3_\u5458\u5de5\u57f9\u8bad",
        "belong_to_building": 8,
        "belong_to_ui": "",
        "order_in_building": 1,
        "need_club_level": 0,
        "need_challenge_id": 12,
        "unlock_des": "\u901a\u5173\u666e\u901a\u526f\u672c12\u5173",
        "normal_color": "",
        "lock_color": ""
    }
},
{
    "model": "function.function",
    "pk": 11,
    "fields": {
        "name": "\u5929\u8d4b",
        "icon": "xz_\u57f9\u8bad\u4e2d\u5fc3_\u5929\u8d4b\u57f9\u8bad",
        "belong_to_building": 5,
        "belong_to_ui": "",
        "order_in_building": 3,
        "need_club_level": 30,
        "need_challenge_id": 0,
        "unlock_des": "\u4ff1\u4e50\u90e8\u7b49\u7ea7\u8fbe\u523030\u7ea7",
        "normal_color": "",
        "lock_color": ""
    }
},
{
    "model": "function.function",
    "pk": 12,
    "fields": {
        "name": "\u9886\u5730\u529f\u80fd",
        "icon": "xz_\u5546\u52a1\u90e8_\u7f51\u7edc\u8425\u9500",
        "belong_to_building": 6,
        "belong_to_ui": "",
        "order_in_building": 1,
        "need_club_level": 25,
        "need_challenge_id": 0,
        "unlock_des": "\u4ff1\u4e50\u90e8\u7b49\u7ea7\u8fbe\u523025\u7ea7",
        "normal_color": "",
        "lock_color": ""
    }
},
{
    "model": "function.function",
    "pk": 13,
    "fields": {
        "name": "\u6253\u5de51",
        "icon": "xz_\u5546\u52a1\u90e8_\u7f51\u7edc\u8425\u9500",
        "belong_to_building": 101,
        "belong_to_ui": "",
        "order_in_building": 1,
        "need_club_level": 25,
        "need_challenge_id": 0,
        "unlock_des": "\u4ff1\u4e50\u90e8\u7b49\u7ea7\u8fbe\u523025\u7ea7",
        "normal_color": "",
        "lock_color": ""
    }
},
{
    "model": "function.function",
    "pk": 14,
    "fields": {
        "name": "\u6253\u5de52",
        "icon": "xz_\u5546\u52a1\u90e8_\u7f51\u7edc\u8425\u9500",
        "belong_to_building": 102,
        "belong_to_ui": "",
        "order_in_building": 1,
        "need_club_level": 25,
        "need_challenge_id": 0,
        "unlock_des": "\u4ff1\u4e50\u90e8\u7b49\u7ea7\u8fbe\u523025\u7ea7",
        "normal_color": "",
        "lock_color": ""
    }
},
{
    "model": "function.function",
    "pk": 15,
    "fields": {
        "name": "\u6253\u5de53",
        "icon": "xz_\u5546\u52a1\u90e8_\u7f51\u7edc\u8425\u9500",
        "belong_to_building": 103,
        "belong_to_ui": "",
        "order_in_building": 1,
        "need_club_level": 25,
        "need_challenge_id": 0,
        "unlock_des": "\u4ff1\u4e50\u90e8\u7b49\u7ea7\u8fbe\u523025\u7ea7",
        "normal_color": "",
        "lock_color": ""
    }
},
{
    "model": "function.function",
    "pk": 16,
    "fields": {
        "name": "\u9009\u624b\u5347\u9636",
        "icon": "xz_\u5546\u52a1\u90e8_\u7f51\u7edc\u8425\u9500",
        "belong_to_building": 0,
        "belong_to_ui": "HeroStrengthFrame/Group/UpStep",
        "order_in_building": 0,
        "need_club_level": 0,
        "need_challenge_id": 21,
        "unlock_des": "\u901a\u5173\u666e\u901a\u526f\u672c21\u5173",
        "normal_color": "004C7FFF",
        "lock_color": "80808080"
    }
},
{
    "model": "function.function",
    "pk": 17,
    "fields": {
        "name": "\u9009\u624b\u5347\u661f",
        "icon": "xz_\u5546\u52a1\u90e8_\u7f51\u7edc\u8425\u9500",
        "belong_to_building": 0,
        "belong_to_ui": "HeroStrengthFrame/Group/UpStar",
        "order_in_building": 0,
        "need_club_level": 0,
        "need_challenge_id": 40,
        "unlock_des": "\u901a\u5173\u666e\u901a\u526f\u672c40\u5173",
        "normal_color": "004C7FFF",
        "lock_color": "80808080"
    }
},
{
    "model": "function.function",
    "pk": 18,
    "fields": {
        "name": "\u8363\u8a89\u5546\u5e97",
        "icon": "xz_\u5546\u52a1\u90e8_\u7f51\u7edc\u8425\u9500",
        "belong_to_building": 0,
        "belong_to_ui": "MysteryShopFrame/Clip/TypePanel/MysteryTypeItemPanel_4",
        "order_in_building": 1,
        "need_club_level": 0,
        "need_challenge_id": 60,
        "unlock_des": "\u901a\u5173\u666e\u901a\u526f\u672c60\u5173",
        "normal_color": "005E9DFF",
        "lock_color": "80808080"
    }
},
{
    "model": "function.function",
    "pk": 19,
    "fields": {
        "name": "\u7ade\u6280\u5546\u5e97",
        "icon": "xz_\u5546\u52a1\u90e8_\u7f51\u7edc\u8425\u9500",
        "belong_to_building": 0,
        "belong_to_ui": "MysteryShopFrame/Clip/TypePanel/MysteryTypeItemPanel_2",
        "order_in_building": 1,
        "need_club_level": 0,
        "need_challenge_id": 30,
        "unlock_des": "\u901a\u5173\u666e\u901a\u526f\u672c30\u5173",
        "normal_color": "005E9DFF",
        "lock_color": "80808080"
    }
},
{
    "model": "function.function",
    "pk": 20,
    "fields": {
        "name": "\u5175\u79cd\u5347\u9636",
        "icon": "xz_\u5546\u52a1\u90e8_\u7f51\u7edc\u8425\u9500",
        "belong_to_building": 0,
        "belong_to_ui": "ArmyStrengthFrame/ModelPanel/Up/UpStep",
        "order_in_building": 1,
        "need_club_level": 0,
        "need_challenge_id": 35,
        "unlock_des": "\u901a\u5173\u666e\u901a\u526f\u672c35\u5173",
        "normal_color": "FFFFFFFF",
        "lock_color": "A0A0A0FF"
    }
},
{
    "model": "function.function",
    "pk": 21,
    "fields": {
        "name": "\u5175\u79cd\u5347\u4e94\u7ea7",
        "icon": "xz_\u5546\u52a1\u90e8_\u7f51\u7edc\u8425\u9500",
        "belong_to_building": 0,
        "belong_to_ui": "ArmyUpLvlFrame/Quick",
        "order_in_building": 1,
        "need_club_level": 20,
        "need_challenge_id": 0,
        "unlock_des": "\u4ff1\u4e50\u90e8\u7b49\u7ea7\u8fbe\u523020\u7ea7",
        "normal_color": "FFFFFFFF",
        "lock_color": "A0A0A0FF"
    }
},
{
    "model": "function.function",
    "pk": 22,
    "fields": {
        "name": "\u626b\u8361\u4e94\u6b21",
        "icon": "xz_\u5546\u52a1\u90e8_\u7f51\u7edc\u8425\u9500",
        "belong_to_building": 0,
        "belong_to_ui": "PVEPreviewFrame/Quick",
        "order_in_building": 1,
        "need_club_level": 12,
        "need_challenge_id": 0,
        "unlock_des": "\u4ff1\u4e50\u90e8\u7b49\u7ea7\u8fbe\u523012\u7ea7",
        "normal_color": "FFFFFFFF",
        "lock_color": "A0A0A0A0"
    }
},
{
    "model": "function.function",
    "pk": 23,
    "fields": {
        "name": "\u6211\u7684\u516c\u4f1a",
        "icon": "xz_\u5458\u5de5\u4e2d\u5fc3_\u6218\u961f\u7ba1\u7406",
        "belong_to_building": 7,
        "belong_to_ui": "",
        "order_in_building": 1,
        "need_club_level": 0,
        "need_challenge_id": 47,
        "unlock_des": "\u901a\u5173\u666e\u901a\u526f\u672c47\u5173",
        "normal_color": "",
        "lock_color": ""
    }
},
{
    "model": "function.function",
    "pk": 24,
    "fields": {
        "name": "\u67e5\u770b\u516c\u4f1a",
        "icon": "xz_\u5458\u5de5\u4e2d\u5fc3_\u6218\u961f\u7ba1\u7406",
        "belong_to_building": 7,
        "belong_to_ui": "",
        "order_in_building": 2,
        "need_club_level": 0,
        "need_challenge_id": 47,
        "unlock_des": "\u901a\u5173\u666e\u901a\u526f\u672c47\u5173",
        "normal_color": "",
        "lock_color": ""
    }
},
{
    "model": "function.function",
    "pk": 25,
    "fields": {
        "name": "\u5956\u676f\u5546\u5e97",
        "icon": "x",
        "belong_to_building": 0,
        "belong_to_ui": "MysteryShopFrame/Clip/TypePanel/MysteryTypeItemPanel_3",
        "order_in_building": 1,
        "need_club_level": 0,
        "need_challenge_id": 30,
        "unlock_des": "\u901a\u5173\u666e\u901a\u526f\u672c30\u5173",
        "normal_color": "005E9DFF",
        "lock_color": "80808080"
    }
},
{
    "model": "function.function",
    "pk": 26,
    "fields": {
        "name": "\u9635\u578b\u9650\u5236",
        "icon": "X",
        "belong_to_building": 0,
        "belong_to_ui": "ForFrame/Top/Current/SwitchFor",
        "order_in_building": 1,
        "need_club_level": 0,
        "need_challenge_id": 45,
        "unlock_des": "\u901a\u5173\u666e\u901a\u526f\u672c45\u5173",
        "normal_color": "FFFFFFFF",
        "lock_color": "FFFFFF80"
    }
},
{
    "model": "function.function",
    "pk": 27,
    "fields": {
        "name": "\u9635\u578b\u9650\u5236",
        "icon": "X",
        "belong_to_building": 0,
        "belong_to_ui": "HeroOnStageFrame/Detail/ChangeFor",
        "order_in_building": 1,
        "need_club_level": 0,
        "need_challenge_id": 45,
        "unlock_des": "\u901a\u5173\u666e\u901a\u526f\u672c45\u5173",
        "normal_color": "FFFFFFFF",
        "lock_color": "FFFFFF80"
    }
},
{
    "model": "function.function",
    "pk": 28,
    "fields": {
        "name": "\u63a0\u593a\u57fa\u5730",
        "icon": "xz_\u5546\u52a1\u90e8_\u7f51\u7edc\u8425\u9500",
        "belong_to_building": 9,
        "belong_to_ui": "",
        "order_in_building": 2,
        "need_club_level": 0,
        "need_challenge_id": 65,
        "unlock_des": "\u901a\u5173\u666e\u901a\u526f\u672c65\u5173",
        "normal_color": "",
        "lock_color": ""
    }
},
{
    "model": "function.function",
    "pk": 29,
    "fields": {
        "name": "\u6211\u65b9\u57fa\u5730",
        "icon": "xz_\u5546\u52a1\u90e8_\u7f51\u7edc\u8425\u9500",
        "belong_to_building": 201,
        "belong_to_ui": "",
        "order_in_building": 1,
        "need_club_level": 0,
        "need_challenge_id": 0,
        "unlock_des": "",
        "normal_color": "",
        "lock_color": ""
    }
},
{
    "model": "function.function",
    "pk": 30,
    "fields": {
        "name": "\u57fa\u5730\u5546\u5e97",
        "icon": "xz_\u5546\u52a1\u90e8_\u7f51\u7edc\u8425\u9500",
        "belong_to_building": 0,
        "belong_to_ui": "MysteryShopFrame/Clip/TypePanel/MysteryTypeItemPanel_6",
        "order_in_building": 1,
        "need_club_level": 0,
        "need_challenge_id": 65,
        "unlock_des": "\u901a\u5173\u666e\u901a\u526f\u672c65\u5173",
        "normal_color": "005E9DFF",
        "lock_color": "80808080"
    }
},
{
    "model": "function.function",
    "pk": 31,
    "fields": {
        "name": "\u52a9\u5a01",
        "icon": "xz_\u5458\u5de5\u4e2d\u5fc3_\u6218\u961f\u7ba1\u7406",
        "belong_to_building": 5,
        "belong_to_ui": "",
        "order_in_building": 2,
        "need_club_level": 28,
        "need_challenge_id": 0,
        "unlock_des": "\u4ff1\u4e50\u90e8\u7b49\u7ea7\u8fbe\u523028\u7ea7",
        "normal_color": "",
        "lock_color": ""
    }
},
{
    "model": "function.function",
    "pk": 32,
    "fields": {
        "name": "\u7cbe\u82f1\u526f\u672c\u89e3\u9501",
        "icon": "xz_\u5546\u52a1\u90e8_\u7f51\u7edc\u8425\u9500",
        "belong_to_building": 0,
        "belong_to_ui": "PVEWorldFrame/Down/Switch",
        "order_in_building": 1,
        "need_club_level": 0,
        "need_challenge_id": 50,
        "unlock_des": "\u901a\u5173\u666e\u901a\u526f\u672c50\u5173",
        "normal_color": "FFFFFFFF",
        "lock_color": "80808080"
    }
},
{
    "model": "function.function",
    "pk": 998,
    "fields": {
        "name": "\u8ba4\u8f93",
        "icon": "X",
        "belong_to_building": 0,
        "belong_to_ui": "FightFrame/Top/Skip",
        "order_in_building": 1,
        "need_club_level": 10,
        "need_challenge_id": 0,
        "unlock_des": "\u4ff1\u4e50\u90e8\u7b49\u7ea7\u8fbe\u523010\u7ea7",
        "normal_color": "FFFFFFFF",
        "lock_color": "96969696"
    }
},
{
    "model": "function.function",
    "pk": 999,
    "fields": {
        "name": "\u81ea\u52a8\u91ca\u653e\u6280\u80fd",
        "icon": "xX",
        "belong_to_building": 0,
        "belong_to_ui": "FightFrame/Down/Auto",
        "order_in_building": 1,
        "need_club_level": 18,
        "need_challenge_id": 0,
        "unlock_des": "\u81ea\u52a8\u91ca\u653e\u6280\u80fd\u9700\u8981\u4ff1\u4e50\u90e8\u7b49\u7ea7\u8fbe\u523018",
        "normal_color": "FFFFFFFF",
        "lock_color": "FFFFFFFF"
    }
}
]
