[
{
    "fields": {
        "need_building_level": 0,
        "name": "\u62a5\u8868",
        "belong_to_building": null,
        "icon": "IC_27_01",
        "order_in_building": 1,
        "unlock_des": ""
    },
    "model": "function.function",
    "pk": 1
},
{
    "fields": {
        "need_building_level": 0,
        "name": "\u8d22\u52a1\u72b6\u51b5",
        "belong_to_building": 1,
        "icon": "xz_\u603b\u90e8\u5927\u697c_\u8d22\u52a1\u72b6\u51b5",
        "order_in_building": 1,
        "unlock_des": ""
    },
    "model": "function.function",
    "pk": 2
},
{
    "fields": {
        "need_building_level": 0,
        "name": "\u7ecf\u7406\u4eba",
        "belong_to_building": 1,
        "icon": "xz_\u603b\u90e8\u5927\u697c_\u8054\u8d5b\u6218\u62a5",
        "order_in_building": 1,
        "unlock_des": ""
    },
    "model": "function.function",
    "pk": 3
},
{
    "fields": {
        "need_building_level": 0,
        "name": "\u6d3b\u8dc3\u5ea6",
        "belong_to_building": 4,
        "icon": "xz_\u4efb\u52a1\u4e2d\u5fc3_\u65e5\u5e38\u4efb\u52a1",
        "order_in_building": 1,
        "unlock_des": ""
    },
    "model": "function.function",
    "pk": 4
},
{
    "fields": {
        "need_building_level": 0,
        "name": "\u7cbe\u5f69\u6d3b\u52a8",
        "belong_to_building": 4,
        "icon": "xz_\u4efb\u52a1\u4e2d\u5fc3_\u7cbe\u5f69\u6d3b\u52a8",
        "order_in_building": 1,
        "unlock_des": ""
    },
    "model": "function.function",
    "pk": 5
},
{
    "fields": {
        "need_building_level": 0,
        "name": "\u5458\u5de5\u57f9\u8bad",
        "belong_to_building": 2,
        "icon": "xz_\u57f9\u8bad\u4e2d\u5fc3_\u5458\u5de5\u57f9\u8bad",
        "order_in_building": 1,
        "unlock_des": ""
    },
    "model": "function.function",
    "pk": 6
},
{
    "fields": {
        "need_building_level": 0,
        "name": "\u961f\u5458\u8d44\u6599",
        "belong_to_building": 3,
        "icon": "xz_\u5458\u5de5\u4e2d\u5fc3_\u961f\u5458\u8d44\u6599",
        "order_in_building": 1,
        "unlock_des": ""
    },
    "model": "function.function",
    "pk": 10
},
{
    "fields": {
        "need_building_level": 0,
        "name": "\u961f\u5458\u62db\u52df",
        "belong_to_building": 3,
        "icon": "xz_\u5458\u5de5\u4e2d\u5fc3_\u961f\u5458\u62db\u52df",
        "order_in_building": 1,
        "unlock_des": ""
    },
    "model": "function.function",
    "pk": 11
},
{
    "fields": {
        "need_building_level": 0,
        "name": "\u6218\u961f\u7ba1\u7406",
        "belong_to_building": 3,
        "icon": "xz_\u5458\u5de5\u4e2d\u5fc3_\u6218\u961f\u7ba1\u7406",
        "order_in_building": 1,
        "unlock_des": ""
    },
    "model": "function.function",
    "pk": 12
},
{
    "fields": {
        "need_building_level": 0,
        "name": "\u8054\u8d5b",
        "belong_to_building": 5,
        "icon": "xz_\u5546\u4e1a\u8d5b\u573a_\u8054\u8d5b",
        "order_in_building": 1,
        "unlock_des": ""
    },
    "model": "function.function",
    "pk": 13
},
{
    "fields": {
        "need_building_level": 1,
        "name": "\u6311\u6218\u8d5b",
        "belong_to_building": 5,
        "icon": "xz_\u5546\u4e1a\u8d5b\u573a_\u6311\u6218\u8d5b",
        "order_in_building": 2,
        "unlock_des": "\u8d5b\u573a2\u7ea7\u89e3\u9501"
    },
    "model": "function.function",
    "pk": 14
},
{
    "fields": {
        "need_building_level": 5,
        "name": "\u5929\u68af\u8d5b",
        "belong_to_building": 5,
        "icon": "xz_\u5546\u4e1a\u8d5b\u573a_\u5929\u68af\u8d5b",
        "order_in_building": 3,
        "unlock_des": "\u9700\u89815\u7ea7\u7535\u7ade\u8d5b\u573a"
    },
    "model": "function.function",
    "pk": 15
},
{
    "fields": {
        "need_building_level": 7,
        "name": "\u51a0\u519b\u676f",
        "belong_to_building": 5,
        "icon": "xz_\u5546\u4e1a\u8d5b\u573a_\u51a0\u519b\u676f",
        "order_in_building": 4,
        "unlock_des": "\u9700\u89817\u7ea7\u7535\u7ade\u8d5b\u573a"
    },
    "model": "function.function",
    "pk": 16
},
{
    "fields": {
        "need_building_level": 0,
        "name": "\u8bad\u7ec3\u5546\u5e97",
        "belong_to_building": 2,
        "icon": "xz_\u57f9\u8bad\u4e2d\u5fc3_\u8bad\u7ec3\u5546\u5e97",
        "order_in_building": 1,
        "unlock_des": ""
    },
    "model": "function.function",
    "pk": 17
},
{
    "fields": {
        "need_building_level": 1,
        "name": "\u6469\u5929\u8f6e",
        "belong_to_building": 6,
        "icon": "xz_\u57f9\u8bad\u4e2d\u5fc3_\u8bad\u7ec3\u5546\u5e97",
        "order_in_building": 1,
        "unlock_des": ""
    },
    "model": "function.function",
    "pk": 18
},
{
    "fields": {
        "need_building_level": 1,
        "name": "\u7ecf\u9a8c\u57f9\u8bad",
        "belong_to_building": 2,
        "icon": "xz_\u57f9\u8bad\u4e2d\u5fc3_\u8bad\u7ec3\u5546\u5e97",
        "order_in_building": 1,
        "unlock_des": ""
    },
    "model": "function.function",
    "pk": 19
},
{
    "fields": {
        "need_building_level": 1,
        "name": "\u5f3a\u5316\u57f9\u8bad",
        "belong_to_building": 2,
        "icon": "xz_\u57f9\u8bad\u4e2d\u5fc3_\u8bad\u7ec3\u5546\u5e97",
        "order_in_building": 1,
        "unlock_des": ""
    },
    "model": "function.function",
    "pk": 20
},
{
    "fields": {
        "need_building_level": 1,
        "name": "\u6280\u80fd\u57f9\u8bad",
        "belong_to_building": 2,
        "icon": "xz_\u57f9\u8bad\u4e2d\u5fc3_\u8bad\u7ec3\u5546\u5e97",
        "order_in_building": 1,
        "unlock_des": ""
    },
    "model": "function.function",
    "pk": 21
},
{
    "fields": {
        "need_building_level": 1,
        "name": "\u76f4\u64ad\u5927\u5385",
        "belong_to_building": 7,
        "icon": "xz_\u57f9\u8bad\u4e2d\u5fc3_\u8bad\u7ec3\u5546\u5e97",
        "order_in_building": 1,
        "unlock_des": ""
    },
    "model": "function.function",
    "pk": 22
},
{
    "fields": {
        "need_building_level": 1,
        "name": "\u4ee3\u8a00\u4e2d\u5fc3",
        "belong_to_building": 7,
        "icon": "xz_\u57f9\u8bad\u4e2d\u5fc3_\u8bad\u7ec3\u5546\u5e97",
        "order_in_building": 1,
        "unlock_des": ""
    },
    "model": "function.function",
    "pk": 23
},
{
    "fields": {
        "need_building_level": 1,
        "name": "\u7f51\u5e97\u90e8",
        "belong_to_building": 7,
        "icon": "xz_\u57f9\u8bad\u4e2d\u5fc3_\u8bad\u7ec3\u5546\u5e97",
        "order_in_building": 1,
        "unlock_des": ""
    },
    "model": "function.function",
    "pk": 24
}
]
