[
{
    "model": "config.globalconfig",
    "pk": "ARENA_MATCH_CD",
    "fields": {
        "value": 600,
        "value_string": "",
        "mean": "\u7ade\u6280\u573a\u6311\u6218CD\uff0c\u4e0d\u8981\u603b\u662f\u6253\u540c\u4e00\u4e2a\u4eba"
    }
},
{
    "model": "config.globalconfig",
    "pk": "CHAMPIONSHIP_APPLY_LEVEL_LIMIT",
    "fields": {
        "value": 35,
        "value_string": "",
        "mean": "\u4e89\u9738\u8d5b\u62a5\u540d\u7b49\u7ea7\u9650\u5236"
    }
},
{
    "model": "config.globalconfig",
    "pk": "CHAMPIONSHIP_AUTO_APPLY_VIP_LEVEL",
    "fields": {
        "value": 1,
        "value_string": "",
        "mean": "\u4e89\u9738\u8d5b\u81ea\u52a8\u62a5\u540dVIP\u7b49\u7ea7"
    }
},
{
    "model": "config.globalconfig",
    "pk": "CHAT_CD",
    "fields": {
        "value": 5,
        "value_string": "",
        "mean": "\u804a\u5929CD\uff0c\u79d2"
    }
},
{
    "model": "config.globalconfig",
    "pk": "CHAT_LEVEL_LIMIT",
    "fields": {
        "value": 10,
        "value_string": "",
        "mean": "\u516c\u5171\u804a\u5929\u6240\u9700\u6700\u4f4e\u7b49\u7ea7"
    }
},
{
    "model": "config.globalconfig",
    "pk": "EQUIPMENT_DESTROY_SYCEE",
    "fields": {
        "value": 50,
        "value_string": "",
        "mean": "\u7528\u5143\u5b9d\u7684\u65b9\u5f0f\u5206\u89e3\u88c5\u5907\uff0c\u6240\u9700\u8981\u7684\u5143\u5b9d"
    }
},
{
    "model": "config.globalconfig",
    "pk": "EQUIPMENT_SPECIAL_ADVANCE_SCORE_RESET_AT",
    "fields": {
        "value": 21,
        "value_string": "",
        "mean": ""
    }
},
{
    "model": "config.globalconfig",
    "pk": "EQUIPMENT_SPECIAL_NORMAL_SCORE_RESET_AT",
    "fields": {
        "value": 96,
        "value_string": "",
        "mean": "\u7279\u6b8a\u88c5\u5907\u62bd\u5230 \u591a\u5c11 \u6210\u957f\u7387\u7684  \u5206\u6570\u91cd\u7f6e"
    }
},
{
    "model": "config.globalconfig",
    "pk": "EQUIPMENT_SPECIAL_SPEEDUP_PARAM",
    "fields": {
        "value": 3,
        "value_string": "",
        "mean": "\u7279\u6b8a\u88c5\u5907\u6253\u9020\u52a0\u901f \u82b1\u8d39\u94bb\u77f3\u7cfb\u6570"
    }
},
{
    "model": "config.globalconfig",
    "pk": "Guide_castskill",
    "fields": {
        "value": 1,
        "value_string": "",
        "mean": "\u5f15\u5bfc\u91ca\u653e\u6280\u80fd"
    }
},
{
    "model": "config.globalconfig",
    "pk": "hp1",
    "fields": {
        "value": 70,
        "value_string": "",
        "mean": "\u526f\u672c\u661f\u7ea7\u5269\u4f59\u8840\u91cf\u6761\u4ef61"
    }
},
{
    "model": "config.globalconfig",
    "pk": "hp2",
    "fields": {
        "value": 50,
        "value_string": "",
        "mean": "\u526f\u672c\u661f\u7ea7\u5269\u4f59\u8840\u91cf\u6761\u4ef62"
    }
},
{
    "model": "config.globalconfig",
    "pk": "MATCH_MAP_ARENA",
    "fields": {
        "value": 0,
        "value_string": "PVE02",
        "mean": "\u6218\u6597\u5730\u56fe\uff1a\u7ade\u6280\u573a"
    }
},
{
    "model": "config.globalconfig",
    "pk": "MATCH_MAP_CHAMPIONSHIP",
    "fields": {
        "value": 0,
        "value_string": "PVE02",
        "mean": "\u6218\u6597\u5730\u56fe\uff1a\u4e89\u9738\u8d5b"
    }
},
{
    "model": "config.globalconfig",
    "pk": "MATCH_MAP_FRIEND",
    "fields": {
        "value": 0,
        "value_string": "PVE02",
        "mean": "\u6218\u6597\u5730\u56fe\uff1a\u597d\u53cb"
    }
},
{
    "model": "config.globalconfig",
    "pk": "MATCH_MAP_PLUNDER",
    "fields": {
        "value": 0,
        "value_string": "PVE02",
        "mean": "\u6218\u6597\u5730\u56fe\uff1a\u63a0\u593a"
    }
},
{
    "model": "config.globalconfig",
    "pk": "MATCH_MAP_TERRITORY_FRIEND",
    "fields": {
        "value": 0,
        "value_string": "PVE02",
        "mean": "\u6218\u6597\u5730\u56fe\uff1a\u9886\u5730\u597d\u53cb\u5e2e\u52a9"
    }
},
{
    "model": "config.globalconfig",
    "pk": "PARTY_BUY_MAX_TIMES",
    "fields": {
        "value": 1,
        "value_string": "",
        "mean": "\u5bb4\u4f1a\u7269\u54c1\u6700\u5927\u8d2d\u4e70\u6b21\u6570"
    }
},
{
    "model": "config.globalconfig",
    "pk": "PLUNDER_MATCH_CD",
    "fields": {
        "value": 600,
        "value_string": "",
        "mean": "\u63a0\u593a\u6311\u6218CD\uff0c\u4e0d\u8981\u603b\u662f\u63a0\u593a\u540c\u4e00\u4e2a\u4eba"
    }
},
{
    "model": "config.globalconfig",
    "pk": "PLUNDER_SEARCH_CD",
    "fields": {
        "value": 15,
        "value_string": "",
        "mean": "\u63a0\u593a\u641c\u7d22CD \u79d2"
    }
},
{
    "model": "config.globalconfig",
    "pk": "PLUNDER_SEARCH_LEVEL_RANGE_HIGH",
    "fields": {
        "value": 15,
        "value_string": "",
        "mean": "\u63a0\u593a\u641c\u7d22\u7684\u7b49\u7ea7\u8303\u56f4\u4e0a\u9650"
    }
},
{
    "model": "config.globalconfig",
    "pk": "PLUNDER_SEARCH_LEVEL_RANGE_LOW",
    "fields": {
        "value": 10,
        "value_string": "",
        "mean": "\u63a0\u593a\u641c\u7d22\u7684\u7b49\u7ea7\u8303\u56f4\u4e0b\u9650"
    }
},
{
    "model": "config.globalconfig",
    "pk": "TERRITORY_BUILDING_AUTO_INCREASE_LEVEL",
    "fields": {
        "value": 25,
        "value_string": "",
        "mean": "\u9886\u5730\u5efa\u7b51\u589e\u957f\u6240\u9700\u4ff1\u4e50\u90e8\u7b49\u7ea7"
    }
},
{
    "model": "config.globalconfig",
    "pk": "TOWER_SWEEP_DIAMOND_PER_LEVEL",
    "fields": {
        "value": 2,
        "value_string": "",
        "mean": "\u8bad\u7ec3\u5854\u626b\u8361\u6bcf\u5c42\u9700\u8981\u7684\u94bb\u77f3"
    }
},
{
    "model": "config.globalconfig",
    "pk": "TOWER_SWEEP_SECONDS_PER_LEVEL",
    "fields": {
        "value": 60,
        "value_string": "",
        "mean": "\u8bad\u7ec3\u5854\u626b\u8361\u6bcf\u5c42\u9700\u8981\u7684\u79d2\u6570"
    }
},
{
    "model": "config.globalconfig",
    "pk": "UNION_CREATE_COST",
    "fields": {
        "value": 300,
        "value_string": "",
        "mean": ""
    }
},
{
    "model": "config.globalconfig",
    "pk": "UNION_EXPLORE_CD",
    "fields": {
        "value": 10,
        "value_string": "",
        "mean": "\u516c\u4f1a\u63a2\u7d22CD"
    }
},
{
    "model": "config.globalconfig",
    "pk": "UNION_EXPLORE_TIMES",
    "fields": {
        "value": 30,
        "value_string": "",
        "mean": "\u6bcf\u5929\u516c\u4f1a\u63a2\u7d22\u6b21\u6570"
    }
},
{
    "model": "config.globalconfig",
    "pk": "UNION_HARASS_TIMES",
    "fields": {
        "value": 5,
        "value_string": "",
        "mean": "\u6bcf\u65e5\u516c\u4f1a\u9a9a\u6270\u514d\u8d39\u6b21\u6570"
    }
},
{
    "model": "config.globalconfig",
    "pk": "UNIT_DESTROY_SYCEE",
    "fields": {
        "value": 50,
        "value_string": "",
        "mean": "\u5175\u79cd\u94bb\u77f3\u5206\u89e3"
    }
}
]
