[
{
    "model": "config.globalconfig",
    "pk": "ARENA_MATCH_CD",
    "fields": {
        "value": 600,
        "mean": "\u7ade\u6280\u573a\u6311\u6218CD\uff0c\u4e0d\u8981\u603b\u662f\u6253\u540c\u4e00\u4e2a\u4eba"
    }
},
{
    "model": "config.globalconfig",
    "pk": "CHAT_CD",
    "fields": {
        "value": 5,
        "mean": "\u804a\u5929CD\uff0c\u79d2"
    }
},
{
    "model": "config.globalconfig",
    "pk": "CHAT_LEVEL_LIMIT",
    "fields": {
        "value": 0,
        "mean": "\u516c\u5171\u804a\u5929\u6240\u9700\u6700\u4f4e\u7b49\u7ea7"
    }
},
{
    "model": "config.globalconfig",
    "pk": "EQUIPMENT_DESTROY_SYCEE",
    "fields": {
        "value": 50,
        "mean": "\u7528\u5143\u5b9d\u7684\u65b9\u5f0f\u5206\u89e3\u88c5\u5907\uff0c\u6240\u9700\u8981\u7684\u5143\u5b9d"
    }
},
{
    "model": "config.globalconfig",
    "pk": "EQUIPMENT_SPECIAL_ADVANCE_SCORE_RESET_AT",
    "fields": {
        "value": 21,
        "mean": ""
    }
},
{
    "model": "config.globalconfig",
    "pk": "EQUIPMENT_SPECIAL_NORMAL_SCORE_RESET_AT",
    "fields": {
        "value": 96,
        "mean": "\u7279\u6b8a\u88c5\u5907\u62bd\u5230 \u591a\u5c11 \u6210\u957f\u7387\u7684  \u5206\u6570\u91cd\u7f6e"
    }
},
{
    "model": "config.globalconfig",
    "pk": "EQUIPMENT_SPECIAL_SPEEDUP_PARAM",
    "fields": {
        "value": 3,
        "mean": "\u7279\u6b8a\u88c5\u5907\u6253\u9020\u52a0\u901f \u82b1\u8d39\u94bb\u77f3\u7cfb\u6570"
    }
},
{
    "model": "config.globalconfig",
    "pk": "Guide_castskill",
    "fields": {
        "value": 1,
        "mean": "\u5f15\u5bfc\u91ca\u653e\u6280\u80fd"
    }
},
{
    "model": "config.globalconfig",
    "pk": "PARTY_BUY_MAX_TIMES",
    "fields": {
        "value": 1,
        "mean": "\u5bb4\u4f1a\u7269\u54c1\u6700\u5927\u8d2d\u4e70\u6b21\u6570"
    }
},
{
    "model": "config.globalconfig",
    "pk": "PLUNDER_MATCH_CD",
    "fields": {
        "value": 600,
        "mean": "\u63a0\u593a\u6311\u6218CD\uff0c\u4e0d\u8981\u603b\u662f\u63a0\u593a\u540c\u4e00\u4e2a\u4eba"
    }
},
{
    "model": "config.globalconfig",
    "pk": "PLUNDER_SEARCH_CD",
    "fields": {
        "value": 15,
        "mean": "\u63a0\u593a\u641c\u7d22CD \u79d2"
    }
},
{
    "model": "config.globalconfig",
    "pk": "PLUNDER_SEARCH_LEVEL_RANGE_HIGH",
    "fields": {
        "value": 15,
        "mean": "\u63a0\u593a\u641c\u7d22\u7684\u7b49\u7ea7\u8303\u56f4\u4e0a\u9650"
    }
},
{
    "model": "config.globalconfig",
    "pk": "PLUNDER_SEARCH_LEVEL_RANGE_LOW",
    "fields": {
        "value": 10,
        "mean": "\u63a0\u593a\u641c\u7d22\u7684\u7b49\u7ea7\u8303\u56f4\u4e0b\u9650"
    }
},
{
    "model": "config.globalconfig",
    "pk": "TERRITORY_BUILDING_AUTO_INCREASE_LEVEL",
    "fields": {
        "value": 25,
        "mean": "\u9886\u5730\u5efa\u7b51\u589e\u957f\u6240\u9700\u4ff1\u4e50\u90e8\u7b49\u7ea7"
    }
},
{
    "model": "config.globalconfig",
    "pk": "TOWER_SWEEP_DIAMOND_PER_LEVEL",
    "fields": {
        "value": 2,
        "mean": "\u8bad\u7ec3\u5854\u626b\u8361\u6bcf\u5c42\u9700\u8981\u7684\u94bb\u77f3"
    }
},
{
    "model": "config.globalconfig",
    "pk": "TOWER_SWEEP_SECONDS_PER_LEVEL",
    "fields": {
        "value": 60,
        "mean": "\u8bad\u7ec3\u5854\u626b\u8361\u6bcf\u5c42\u9700\u8981\u7684\u79d2\u6570"
    }
},
{
    "model": "config.globalconfig",
    "pk": "UNION_CREATE_COST",
    "fields": {
        "value": 300,
        "mean": ""
    }
}
]
