[
{
    "model": "config.globalconfig",
    "pk": "EQUIPMENT_DESTROY_SYCEE",
    "fields": {
        "value": 50,
        "mean": "\u7528\u5143\u5b9d\u7684\u65b9\u5f0f\u5206\u89e3\u88c5\u5907\uff0c\u6240\u9700\u8981\u7684\u5143\u5b9d"
    }
},
{
    "model": "config.globalconfig",
    "pk": "TOWER_SWEEP_DIAMOND_PER_LEVEL",
    "fields": {
        "value": 20,
        "mean": "\u8bad\u7ec3\u5854\u626b\u8361\u6bcf\u5c42\u9700\u8981\u7684\u94bb\u77f3"
    }
},
{
    "model": "config.globalconfig",
    "pk": "TOWER_SWEEP_SECONDS_PER_LEVEL",
    "fields": {
        "value": 20,
        "mean": "\u8bad\u7ec3\u5854\u626b\u8361\u6bcf\u5c42\u9700\u8981\u7684\u79d2\u6570"
    }
}
]
