[
  {
    "pk": 1, 
    "model": "guide.guide", 
    "fields": {
      "operate_type": 3, 
      "operate_target": "2", 
      "resume_url": "3", 
      "arrow": 0, 
      "next_id": 2, 
      "dialog_before": [
        {
          "position": 1, 
          "dialog": "BOSS\uff0c\u5f53\u5e74\u4f60\u53f1\u54a4\u98ce\u4e91\uff0c\u62ff\u4e0bWCS\u4e16\u754c\u51a0\u519b\u7684\u90a3\u4e00\u523b\uff0c\u4eff\u4f5b\u5c31\u5728\u6628\u5929\uff0c\u4f60\u73b0\u5728\u6210\u7acb\u4ff1\u4e50\u90e8\uff0c\u60f3\u5fc5\u4e5f\u4f1a\u6709\u5f88\u591a\u4eba\u652f\u6301\uff0c\u6211\u521a\u521a\u6536\u5230\u4e86\u4e00\u7b14\u795e\u79d8\u8d44\u52a9\uff0c\u8fd8\u6709\u524d\u6765\u52a0\u5165\u6211\u4eec\u7684\u9009\u624b\uff0c\u73b0\u5728\u53ef\u4ee5\u8fdb\u53bb\u6253\u4e00\u573a\u4e86", 
          "icon": "\u7f8e\u5973"
        }
      ], 
      "after_dialog": [
        {
          "position": 1, 
          "dialog": "\u8fd9\u662f\u7ade\u6280\u6d3b\u52a8\u5efa\u7b51\uff0c\u4e5f\u662f\u6211\u4eec\u7684\u4e3b\u8981\u6bd4\u8d5b\u6218\u573a\u3002", 
          "icon": "\u7f8e\u5973"
        }
      ]
    }
  }, 
  {
    "pk": 2, 
    "model": "guide.guide", 
    "fields": {
      "operate_type": 1, 
      "operate_target": "PVEWorldFrame,Down/EnterButton", 
      "resume_url": "3", 
      "arrow": 1, 
      "next_id": 3, 
      "dialog_before": [], 
      "after_dialog": []
    }
  }, 
  {
    "pk": 3, 
    "model": "guide.guide", 
    "fields": {
      "operate_type": 1, 
      "operate_target": "PVECombatFrame,ClipWindow/CombatPanel/CombatItem (1)", 
      "resume_url": "3", 
      "arrow": 4, 
      "next_id": 4, 
      "dialog_before": [], 
      "after_dialog": []
    }
  }, 
  {
    "pk": 4, 
    "model": "guide.guide", 
    "fields": {
      "operate_type": 1, 
      "operate_target": "PVEPreviewFrame,Fight", 
      "resume_url": "3", 
      "arrow": 2, 
      "next_id": 0, 
      "dialog_before": [], 
      "after_dialog": []
    }
  }, 
  {
    "pk": 100, 
    "model": "guide.guide", 
    "fields": {
      "operate_type": 3, 
      "operate_target": "4", 
      "resume_url": "4", 
      "arrow": 0, 
      "next_id": 101, 
      "dialog_before": [
        {
          "position": 1, 
          "dialog": "\u70b9\u51fb\u8d2d\u7269\u4e2d\u5fc3\u5efa\u7b51\uff0c\u73b0\u5728\u53bb\u62db\u52df\u4e00\u4e2a\u9009\u624b", 
          "icon": "\u7f8e\u5973"
        }
      ], 
      "after_dialog": [
        {
          "position": 1, 
          "dialog": "\u8fd9\u662f\u8d2d\u7269\u4e2d\u5fc3\uff0c\u6211\u4eec\u53ef\u4ee5\u8fdb\u884c\u961f\u5458\u7684\u62db\u52df\u53ca\u5546\u54c1\u7684\u8d2d\u4e70\u3002", 
          "icon": "\u7f8e\u5973"
        }
      ]
    }
  }, 
  {
    "pk": 101, 
    "model": "guide.guide", 
    "fields": {
      "operate_type": 1, 
      "operate_target": "BuildingFrame,FuncPanel/Func01", 
      "resume_url": "4", 
      "arrow": 4, 
      "next_id": 102, 
      "dialog_before": [], 
      "after_dialog": []
    }
  }, 
  {
    "pk": 102, 
    "model": "guide.guide", 
    "fields": {
      "operate_type": 1, 
      "operate_target": "HeroDrawFrame,MoneyBG", 
      "resume_url": "4", 
      "arrow": 3, 
      "next_id": 103, 
      "dialog_before": [
        {
          "position": 1, 
          "dialog": "\u62db\u52df\u4e2d\u5fc3\u6709\u4e24\u79cd\u65b9\u5f0f\uff0c\u4e00\u79cd\u4e3a\u91d1\u5e01\u62db\u52df\uff1a\u53ef\u4ee5\u83b7\u5f97\u9009\u624b\u788e\u7247\u548c\u5f3a\u5316\u8d44\u6e90\uff0c\u53e6\u4e00\u79cd\u662f\u94bb\u77f3\u62db\u52df\uff1a\u5927\u6982\u7387\u83b7\u5f97\u9009\u624b\uff0c\u73b0\u5728\u70b9\u51fb\u94bb\u77f3\u62db\u52df", 
          "icon": "\u7f8e\u5973"
        }
      ], 
      "after_dialog": []
    }
  }, 
  {
    "pk": 103, 
    "model": "guide.guide", 
    "fields": {
      "operate_type": 1, 
      "operate_target": "HeroDrawFrame,Money/FreeDraw", 
      "resume_url": "4", 
      "arrow": 3, 
      "next_id": 104, 
      "dialog_before": [], 
      "after_dialog": [
        {
          "position": 1, 
          "dialog": "\u606d\u559c\u4f60\u83b7\u5f97\u4eba\u65cf\u9009\u624bXXX,\u73b0\u5728\u524d\u53bb\u4e0a\u9635\u65b0\u62db\u52df\u5230\u7684\u9009\u624b", 
          "icon": "\u7f8e\u5973"
        }
      ]
    }
  }, 
  {
    "pk": 104, 
    "model": "guide.guide", 
    "fields": {
      "operate_type": 1, 
      "operate_target": "HeroDrawFrame,FrameTopAppendPanel/Close", 
      "resume_url": "4", 
      "arrow": 3, 
      "next_id": 105, 
      "dialog_before": [], 
      "after_dialog": [
        {
          "position": 1, 
          "dialog": "\u5728\u603b\u90e8\u5927\u697c\u53ef\u4ee5\u7ba1\u7406\u9009\u624b\u4e0a\u9635", 
          "icon": "\u7f8e\u5973"
        }
      ]
    }
  }, 
  {
    "pk": 105, 
    "model": "guide.guide", 
    "fields": {
      "operate_type": 1, 
      "operate_target": "BuildingFrame,Close", 
      "resume_url": "4", 
      "arrow": 2, 
      "next_id": 106, 
      "dialog_before": [], 
      "after_dialog": []
    }
  }, 
  {
    "pk": 106, 
    "model": "guide.guide", 
    "fields": {
      "operate_type": 3, 
      "operate_target": "1", 
      "resume_url": "1", 
      "arrow": 0, 
      "next_id": 107, 
      "dialog_before": [
        {
          "position": 1, 
          "dialog": "\u8fd9\u662f\u603b\u90e8\u5927\u697c\uff0c\u662f\u6211\u4eec\u4e3b\u8981\u7684\u961f\u5458\u7ba1\u7406\u4e2d\u5fc3\uff0c\u548c\u6211\u4eec\u653e\u7f6e\u4e00\u5207\u9053\u5177\u7684\u4ed3\u5e93\u3002", 
          "icon": "\u7f8e\u5973"
        }
      ], 
      "after_dialog": [
        {
          "position": 1, 
          "dialog": "\u9009\u62e9\u65b0\u62db\u52df\u7684\u9009\u624b\u4e0a\u9635\uff0c\u4e0a\u9635\u4f4d\u7f6e\u968f\u7740\u4ff1\u4e50\u90e8\u7b49\u7ea7\u5f00\u653e", 
          "icon": "\u7f8e\u5973"
        }
      ]
    }
  }, 
  {
    "pk": 107, 
    "model": "guide.guide", 
    "fields": {
      "operate_type": 1, 
      "operate_target": "BuildingFrame,FuncPanel/Func01", 
      "resume_url": "1", 
      "arrow": 3, 
      "next_id": 108, 
      "dialog_before": [], 
      "after_dialog": []
    }
  }, 
  {
    "pk": 108, 
    "model": "guide.guide", 
    "fields": {
      "operate_type": 1, 
      "operate_target": "HeroOnStageFrame,StagePanel/HeroOnStageItemPanel_1", 
      "resume_url": "1", 
      "arrow": 3, 
      "next_id": 109, 
      "dialog_before": [], 
      "after_dialog": []
    }
  }, 
  {
    "pk": 109, 
    "model": "guide.guide", 
    "fields": {
      "operate_type": 1, 
      "operate_target": "TeamSelectFrame,ConfirmButton", 
      "resume_url": "1", 
      "arrow": 3, 
      "next_id": 110, 
      "dialog_before": [
        {
          "position": 1, 
          "dialog": "\u63a5\u4e0b\u6765\u7ed9\u9009\u624b\u5b89\u6392\u643a\u5e26\u7684\u5175\u79cd", 
          "icon": "\u7f8e\u5973"
        }
      ], 
      "after_dialog": []
    }
  }, 
  {
    "pk": 110, 
    "model": "guide.guide", 
    "fields": {
      "operate_type": 1, 
      "operate_target": "HeroOnStageFrame,StagePanel/HeroOnStageItemPanel_1/Opened/Take/Army", 
      "resume_url": "1", 
      "arrow": 3, 
      "next_id": 111, 
      "dialog_before": [
        {
          "position": 1, 
          "dialog": "\u6bcf\u4e2a\u9009\u624b\u6839\u636e\u81ea\u8eab\u64c5\u957f\u79cd\u65cf\u53ea\u80fd\u643a\u5e26\u8be5\u79cd\u65cf\u7684\u5175\u79cd\uff0c\u65b0\u7684\u5175\u79cd\u968f\u4ff1\u4e50\u90e8\u7b49\u7ea7\u63d0\u5347\u89e3\u9501", 
          "icon": "\u7f8e\u5973"
        }
      ], 
      "after_dialog": []
    }
  }, 
  {
    "pk": 111, 
    "model": "guide.guide", 
    "fields": {
      "operate_type": 1, 
      "operate_target": "ArmySelectFrame,ConfirmButton", 
      "resume_url": "1", 
      "arrow": 4, 
      "next_id": 112, 
      "dialog_before": [], 
      "after_dialog": []
    }
  }, 
  {
    "pk": 112, 
    "model": "guide.guide", 
    "fields": {
      "operate_type": 1, 
      "operate_target": "HeroOnStageFrame,FrameTopAppendPanel/Close", 
      "resume_url": "1", 
      "arrow": 3, 
      "next_id": 113, 
      "dialog_before": [
        {
          "position": 1, 
          "dialog": "\u70b9\u51fb\u8fd4\u56de\uff0c\u7ee7\u7eed\u6bd4\u8d5b", 
          "icon": "\u7f8e\u5973"
        }
      ], 
      "after_dialog": []
    }
  }, 
  {
    "pk": 113, 
    "model": "guide.guide", 
    "fields": {
      "operate_type": 1, 
      "operate_target": "BuildingFrame,Close", 
      "resume_url": "1", 
      "arrow": 2, 
      "next_id": 114, 
      "dialog_before": [], 
      "after_dialog": []
    }
  }, 
  {
    "pk": 114, 
    "model": "guide.guide", 
    "fields": {
      "operate_type": 3, 
      "operate_target": "2", 
      "resume_url": "2", 
      "arrow": 0, 
      "next_id": 115, 
      "dialog_before": [], 
      "after_dialog": []
    }
  }, 
  {
    "pk": 115, 
    "model": "guide.guide", 
    "fields": {
      "operate_type": 1, 
      "operate_target": "PVEWorldFrame,Down/EnterButton", 
      "resume_url": "2", 
      "arrow": 3, 
      "next_id": 116, 
      "dialog_before": [], 
      "after_dialog": []
    }
  }, 
  {
    "pk": 116, 
    "model": "guide.guide", 
    "fields": {
      "operate_type": 1, 
      "operate_target": "PVECombatFrame,ClipWindow/CombatPanel/CombatItem (2)", 
      "resume_url": "2", 
      "arrow": 3, 
      "next_id": 117, 
      "dialog_before": [
        {
          "position": 1, 
          "dialog": "\u5e26\u7740\u65b0\u7684\u9009\u624b\u548c\u5175\u79cd\u53bb\u6bd4\u8d5b", 
          "icon": "\u7f8e\u5973"
        }
      ], 
      "after_dialog": []
    }
  }, 
  {
    "pk": 117, 
    "model": "guide.guide", 
    "fields": {
      "operate_type": 1, 
      "operate_target": "PVEPreviewFrame,Fight", 
      "resume_url": "2", 
      "arrow": 2, 
      "next_id": 118, 
      "dialog_before": [], 
      "after_dialog": []
    }
  }, 
  {
    "pk": 118, 
    "model": "guide.guide", 
    "fields": {
      "operate_type": 1, 
      "operate_target": "PVECombatFrame,ClipWindow/CombatPanel/CombatItem (3)", 
      "resume_url": "2", 
      "arrow": 2, 
      "next_id": 119, 
      "dialog_before": [
        {
          "position": 1, 
          "dialog": "\u70b9\u51fb\u7b2c\u4e09\u5173\uff0c\u8d62\u5f97\u8fd9\u573a\u6bd4\u8d5b", 
          "icon": "\u7f8e\u5973"
        }
      ], 
      "after_dialog": []
    }
  }, 
  {
    "pk": 119, 
    "model": "guide.guide", 
    "fields": {
      "operate_type": 1, 
      "operate_target": "PVEPreviewFrame,Fight", 
      "resume_url": "2", 
      "arrow": 2, 
      "next_id": 0, 
      "dialog_before": [], 
      "after_dialog": []
    }
  }, 
  {
    "pk": 200, 
    "model": "guide.guide", 
    "fields": {
      "operate_type": 3, 
      "operate_target": "5", 
      "resume_url": "5", 
      "arrow": 0, 
      "next_id": 201, 
      "dialog_before": [
        {
          "position": 1, 
          "dialog": "\u901a\u5173\u526f\u672c\u548c\u5b8c\u6210\u4e3b\u7ebf\u4efb\u52a1\u83b7\u5f97\u4e86\u7ecf\u9a8c\u836f\u6c34\uff0c\u53ef\u4ee5\u7528\u6765\u63d0\u5347\u9009\u624b\u7b49\u7ea7\uff0c\u73b0\u5728\u53bb\u57f9\u517b\u4e2d\u5fc3", 
          "icon": "\u7f8e\u5973"
        }
      ], 
      "after_dialog": [
        {
          "position": 1, 
          "dialog": "\u8fd9\u662f\u57f9\u517b\u4e2d\u5fc3\uff0c\u6211\u4eec\u53ef\u4ee5\u5728\u8fd9\u91cc\u8bad\u7ec3\u57f9\u517b\u6211\u4eec\u7684\u9009\u624b\u548c\u5175\u79cd\uff0c\u8ba9\u4ed6\u4eec\u53d8\u5f97\u66f4\u4e3a\u5f3a\u5927\u3002", 
          "icon": "\u7f8e\u5973"
        }
      ]
    }
  }, 
  {
    "pk": 201, 
    "model": "guide.guide", 
    "fields": {
      "operate_type": 1, 
      "operate_target": "BuildingFrame,FuncPanel/Func01", 
      "resume_url": "5", 
      "arrow": 3, 
      "next_id": 202, 
      "dialog_before": [], 
      "after_dialog": []
    }
  }, 
  {
    "pk": 202, 
    "model": "guide.guide", 
    "fields": {
      "operate_type": 1, 
      "operate_target": "HeroPackageFrame,Strength", 
      "resume_url": "5", 
      "arrow": 3, 
      "next_id": 203, 
      "dialog_before": [], 
      "after_dialog": []
    }
  }, 
  {
    "pk": 203, 
    "model": "guide.guide", 
    "fields": {
      "operate_type": 1, 
      "operate_target": "HeroStrengthFrame,UP/Page/UpLvl/Mat/CardDropItemPanel (1)", 
      "resume_url": "5", 
      "arrow": 3, 
      "next_id": 204, 
      "dialog_before": [
        {
          "position": 1, 
          "dialog": "\u70b9\u51fb\u7ecf\u9a8c\u4e39\uff0c\u589e\u52a0\u9009\u624b\u7ecf\u9a8c", 
          "icon": "\u7f8e\u5973"
        }
      ], 
      "after_dialog": []
    }
  }, 
  {
    "pk": 204, 
    "model": "guide.guide", 
    "fields": {
      "operate_type": 1, 
      "operate_target": "HeroStrengthFrame,UP/Page/UpLvl/Mat/CardDropItemPanel (1)", 
      "resume_url": "5", 
      "arrow": 3, 
      "next_id": 205, 
      "dialog_before": [
        {
          "position": 1, 
          "dialog": "\u9009\u624b\u7ecf\u9a8c\u6ee1\u4ee5\u540e\u81ea\u52a8\u5347\u7ea7", 
          "icon": "\u7f8e\u5973"
        }
      ], 
      "after_dialog": []
    }
  }, 
  {
    "pk": 205, 
    "model": "guide.guide", 
    "fields": {
      "operate_type": 1, 
      "operate_target": "HeroStrengthFrame,UP/Page/UpLvl/Mat/CardDropItemPanel (1)", 
      "resume_url": "5", 
      "arrow": 3, 
      "next_id": 206, 
      "dialog_before": [], 
      "after_dialog": []
    }
  }, 
  {
    "pk": 206, 
    "model": "guide.guide", 
    "fields": {
      "operate_type": 1, 
      "operate_target": "HeroStrengthFrame,Close", 
      "resume_url": "5", 
      "arrow": 3, 
      "next_id": 207, 
      "dialog_before": [
        {
          "position": 1, 
          "dialog": "\u9009\u624b\u5347\u7ea7\uff1a\u63d0\u9ad8\u8fdb\u653b\u53ef\u589e\u52a0\u5175\u79cd\u7684\u653b\u51fb\uff0c\u63d0\u9ad8\u9632\u5b88\u589e\u52a0\u5175\u79cd\u7684\u9632\u5fa1\uff0c\u63d0\u53ef\u8fd0\u8425\u589e\u52a0\u5175\u79cd\u6700\u5927\u751f\u547d\uff0c\u540c\u65f6\u8fd9\u4e09\u4e2a\u5c5e\u6027\u5f71\u54cd\u6280\u80fd\u7684\u5f3a\u5ea6\uff0c\u73b0\u5728\u5c0f\u8272\u5b9e\u529b\u5927\u589e\u8fd4\u56de\u7ee7\u7eed\u6218\u6597\u4e86", 
          "icon": "\u7f8e\u5973"
        }
      ], 
      "after_dialog": []
    }
  }, 
  {
    "pk": 207, 
    "model": "guide.guide", 
    "fields": {
      "operate_type": 1, 
      "operate_target": "HeroPackageFrame,FrameTopAppendPanel/Close", 
      "resume_url": "5", 
      "arrow": 3, 
      "next_id": 208, 
      "dialog_before": [], 
      "after_dialog": []
    }
  }, 
  {
    "pk": 208, 
    "model": "guide.guide", 
    "fields": {
      "operate_type": 1, 
      "operate_target": "BuildingFrame,Close", 
      "resume_url": "5", 
      "arrow": 2, 
      "next_id": 209, 
      "dialog_before": [], 
      "after_dialog": []
    }
  }, 
  {
    "pk": 209, 
    "model": "guide.guide", 
    "fields": {
      "operate_type": 3, 
      "operate_target": "2", 
      "resume_url": "2", 
      "arrow": 0, 
      "next_id": 210, 
      "dialog_before": [], 
      "after_dialog": []
    }
  }, 
  {
    "pk": 210, 
    "model": "guide.guide", 
    "fields": {
      "operate_type": 1, 
      "operate_target": "PVEWorldFrame,Down/EnterButton", 
      "resume_url": "2", 
      "arrow": 3, 
      "next_id": 211, 
      "dialog_before": [], 
      "after_dialog": []
    }
  }, 
  {
    "pk": 211, 
    "model": "guide.guide", 
    "fields": {
      "operate_type": 1, 
      "operate_target": "PVECombatFrame,ClipWindow/CombatPanel/CombatItem (4)", 
      "resume_url": "2", 
      "arrow": 1, 
      "next_id": 212, 
      "dialog_before": [], 
      "after_dialog": []
    }
  }, 
  {
    "pk": 212, 
    "model": "guide.guide", 
    "fields": {
      "operate_type": 1, 
      "operate_target": "PVEPreviewFrame,Fight", 
      "resume_url": "2", 
      "arrow": 1, 
      "next_id": 213, 
      "dialog_before": [], 
      "after_dialog": []
    }
  }, 
  {
    "pk": 213, 
    "model": "guide.guide", 
    "fields": {
      "operate_type": 1, 
      "operate_target": "PVECombatFrame,ClipWindow/CombatPanel/CombatItem (5)", 
      "resume_url": "2", 
      "arrow": 1, 
      "next_id": 214, 
      "dialog_before": [
        {
          "position": 1, 
          "dialog": "\u83b7\u5f97\u4e86\u65b0\u7684\u88c5\u5907\uff0c\u70b9\u51fb\u57f9\u8bad\u4e2d\u5fc3\u7ed9\u9009\u624b\u7a7f\u6234\u88c5\u5907", 
          "icon": "\u7f8e\u5973"
        }
      ], 
      "after_dialog": []
    }
  }, 
  {
    "pk": 214, 
    "model": "guide.guide", 
    "fields": {
      "operate_type": 1, 
      "operate_target": "PVEPreviewFrame,Fight", 
      "resume_url": "0", 
      "arrow": 2, 
      "next_id": 0, 
      "dialog_before": [], 
      "after_dialog": []
    }
  }, 
  {
    "pk": 300, 
    "model": "guide.guide", 
    "fields": {
      "operate_type": 3, 
      "operate_target": "5", 
      "resume_url": "5", 
      "arrow": 0, 
      "next_id": 301, 
      "dialog_before": [
        {
          "position": 1, 
          "dialog": "\u7a7f\u6234\u88c5\u5907\u63d0\u9ad8\u9009\u624b\u7684\u5c5e\u6027", 
          "icon": "\u7f8e\u5973"
        }
      ], 
      "after_dialog": []
    }
  }, 
  {
    "pk": 301, 
    "model": "guide.guide", 
    "fields": {
      "operate_type": 1, 
      "operate_target": "BuildingFrame,FuncPanel/Func01", 
      "resume_url": "5", 
      "arrow": 3, 
      "next_id": 302, 
      "dialog_before": [], 
      "after_dialog": []
    }
  }, 
  {
    "pk": 302, 
    "model": "guide.guide", 
    "fields": {
      "operate_type": 1, 
      "operate_target": "HeroPackageFrame,Equip/Mouse", 
      "resume_url": "5", 
      "arrow": 3, 
      "next_id": 303, 
      "dialog_before": [], 
      "after_dialog": []
    }
  }, 
  {
    "pk": 303, 
    "model": "guide.guide", 
    "fields": {
      "operate_type": 1, 
      "operate_target": "EquipSelectFrame,Mask/ClipWindow/EquipPanel/EquipSelectItemPanel_0", 
      "resume_url": "5", 
      "arrow": 3, 
      "next_id": 304, 
      "dialog_before": [], 
      "after_dialog": []
    }
  }, 
  {
    "pk": 304, 
    "model": "guide.guide", 
    "fields": {
      "operate_type": 1, 
      "operate_target": "EquipSelectFrame,ConfirmButton", 
      "resume_url": "5", 
      "arrow": 3, 
      "next_id": 305, 
      "dialog_before": [
        {
          "position": 1, 
          "dialog": "\u7a7f\u7740\u88c5\u5907\u4ee5\u540e\u5b9e\u529b\u5927\u589e\u7ee7\u7eed\u8fd4\u56de\u6bd4\u8d5b", 
          "icon": "\u7f8e\u5973"
        }
      ], 
      "after_dialog": []
    }
  }, 
  {
    "pk": 305, 
    "model": "guide.guide", 
    "fields": {
      "operate_type": 1, 
      "operate_target": "HeroPackageFrame,FrameTopAppendPanel/Close", 
      "resume_url": "5", 
      "arrow": 3, 
      "next_id": 306, 
      "dialog_before": [], 
      "after_dialog": []
    }
  }, 
  {
    "pk": 306, 
    "model": "guide.guide", 
    "fields": {
      "operate_type": 1, 
      "operate_target": "BuildingFrame,Close", 
      "resume_url": "5", 
      "arrow": 2, 
      "next_id": 307, 
      "dialog_before": [], 
      "after_dialog": []
    }
  }, 
  {
    "pk": 307, 
    "model": "guide.guide", 
    "fields": {
      "operate_type": 3, 
      "operate_target": "2", 
      "resume_url": "2", 
      "arrow": 0, 
      "next_id": 308, 
      "dialog_before": [], 
      "after_dialog": []
    }
  }, 
  {
    "pk": 308, 
    "model": "guide.guide", 
    "fields": {
      "operate_type": 1, 
      "operate_target": "PVEWorldFrame,Down/EnterButton", 
      "resume_url": "2", 
      "arrow": 3, 
      "next_id": 309, 
      "dialog_before": [], 
      "after_dialog": []
    }
  }, 
  {
    "pk": 309, 
    "model": "guide.guide", 
    "fields": {
      "operate_type": 1, 
      "operate_target": "PVECombatFrame,ClipWindow/CombatPanel/CombatItem (6)", 
      "resume_url": "2", 
      "arrow": 2, 
      "next_id": 310, 
      "dialog_before": [
        {
          "position": 1, 
          "dialog": "\u70b9\u51fb\u7b2c\u516d\u5173\uff0c\u8d62\u5f97\u8fd9\u573a\u6bd4\u8d5b", 
          "icon": "\u7f8e\u5973"
        }
      ], 
      "after_dialog": []
    }
  }, 
  {
    "pk": 310, 
    "model": "guide.guide", 
    "fields": {
      "operate_type": 1, 
      "operate_target": "PVEPreviewFrame,Fight", 
      "resume_url": "2", 
      "arrow": 3, 
      "next_id": 0, 
      "dialog_before": [], 
      "after_dialog": []
    }
  }, 
  {
    "pk": 311, 
    "model": "guide.guide", 
    "fields": {
      "operate_type": 1, 
      "operate_target": "PVECombatFrame,ClipWindow/CombatPanel/CombatItem (7)", 
      "resume_url": "2", 
      "arrow": 2, 
      "next_id": 312, 
      "dialog_before": [
        {
          "position": 1, 
          "dialog": "\u518d\u6b21\u8fdb\u884c\u6311\u6218\uff0c\u5b8c\u6210\u7b2c\u4e5d\u5173\u9001\u65b0\u7684\u9009\u624b\u788e\u7247", 
          "icon": "\u7f8e\u5973"
        }
      ], 
      "after_dialog": []
    }
  }, 
  {
    "pk": 312, 
    "model": "guide.guide", 
    "fields": {
      "operate_type": 1, 
      "operate_target": "PVEPreviewFrame,Fight", 
      "resume_url": "2", 
      "arrow": 2, 
      "next_id": 313, 
      "dialog_before": [], 
      "after_dialog": []
    }
  }, 
  {
    "pk": 313, 
    "model": "guide.guide", 
    "fields": {
      "operate_type": 1, 
      "operate_target": "PVECombatFrame,ClipWindow/CombatPanel/CombatItem (8)", 
      "resume_url": "2", 
      "arrow": 2, 
      "next_id": 314, 
      "dialog_before": [
        {
          "position": 1, 
          "dialog": "\u518d\u6b21\u8fdb\u884c\u6311\u6218\uff0c\u5b8c\u6210\u7b2c\u4e5d\u5173\u9001\u9009\u624b\u788e\u7247", 
          "icon": "\u7f8e\u5973"
        }
      ], 
      "after_dialog": []
    }
  }, 
  {
    "pk": 314, 
    "model": "guide.guide", 
    "fields": {
      "operate_type": 1, 
      "operate_target": "PVEPreviewFrame,Fight", 
      "resume_url": "2", 
      "arrow": 2, 
      "next_id": 315, 
      "dialog_before": [], 
      "after_dialog": []
    }
  }, 
  {
    "pk": 315, 
    "model": "guide.guide", 
    "fields": {
      "operate_type": 1, 
      "operate_target": "PVECombatFrame,ClipWindow/CombatPanel/CombatItem (9)", 
      "resume_url": "0", 
      "arrow": 2, 
      "next_id": 316, 
      "dialog_before": [
        {
          "position": 1, 
          "dialog": "\u5b8c\u6210\u672c\u5173\u5373\u53ef\u83b7\u5f97\u65b0\u7684\u9009\u624b\u788e\u7247", 
          "icon": "\u7f8e\u5973"
        }
      ], 
      "after_dialog": []
    }
  }, 
  {
    "pk": 316, 
    "model": "guide.guide", 
    "fields": {
      "operate_type": 1, 
      "operate_target": "PVEPreviewFrame,Fight", 
      "resume_url": "0", 
      "arrow": 3, 
      "next_id": 0, 
      "dialog_before": [], 
      "after_dialog": []
    }
  }, 
  {
    "pk": 400, 
    "model": "guide.guide", 
    "fields": {
      "operate_type": 3, 
      "operate_target": "1", 
      "resume_url": "1", 
      "arrow": 0, 
      "next_id": 401, 
      "dialog_before": [
        {
          "position": 1, 
          "dialog": "\u73b0\u5728\u6709\u8db3\u591f\u7684\u788e\u7247\u4e86\uff0c\u70b9\u51fb\u4ed3\u5e93", 
          "icon": "\u7f8e\u5973"
        }
      ], 
      "after_dialog": []
    }
  }, 
  {
    "pk": 401, 
    "model": "guide.guide", 
    "fields": {
      "operate_type": 1, 
      "operate_target": "BuildingFrame,FuncPanel/Func02", 
      "resume_url": "1", 
      "arrow": 3, 
      "next_id": 402, 
      "dialog_before": [], 
      "after_dialog": []
    }
  }, 
  {
    "pk": 402, 
    "model": "guide.guide", 
    "fields": {
      "operate_type": 1, 
      "operate_target": "PackageFrame,Group/Fragment", 
      "resume_url": "1", 
      "arrow": 4, 
      "next_id": 403, 
      "dialog_before": [], 
      "after_dialog": []
    }
  }, 
  {
    "pk": 403, 
    "model": "guide.guide", 
    "fields": {
      "operate_type": 1, 
      "operate_target": "PackageFrame,Page/FragmentPanel/Page/Hero", 
      "resume_url": "1", 
      "arrow": 1, 
      "next_id": 404, 
      "dialog_before": [], 
      "after_dialog": []
    }
  }, 
  {
    "pk": 404, 
    "model": "guide.guide", 
    "fields": {
      "operate_type": 1, 
      "operate_target": "PackageFrame,Page/ClipWindow/PackagePanel/PackageItemPanel_0", 
      "resume_url": "1", 
      "arrow": 1, 
      "next_id": 405, 
      "dialog_before": [], 
      "after_dialog": []
    }
  }, 
  {
    "pk": 405, 
    "model": "guide.guide", 
    "fields": {
      "operate_type": 1, 
      "operate_target": "PackageFrame,Page/FragmentPanel/Detail/Merge", 
      "resume_url": "1", 
      "arrow": 1, 
      "next_id": 406, 
      "dialog_before": [
        {
          "position": 1, 
          "dialog": "\u70b9\u51fb\u5408\u6210\uff0c\u606d\u559c\u4f60\u7684\u5f97\u5230\u65b0\u7684\u795e\u65cf\u9009\u624b", 
          "icon": "\u7f8e\u5973"
        }
      ], 
      "after_dialog": []
    }
  }, 
  {
    "pk": 406, 
    "model": "guide.guide", 
    "fields": {
      "operate_type": 1, 
      "operate_target": "PackageFrame,FrameTopAppendPanel/Close", 
      "resume_url": "1", 
      "arrow": 3, 
      "next_id": 407, 
      "dialog_before": [
        {
          "position": 1, 
          "dialog": "\u524d\u5f80\u961f\u5458\u7ba1\u7406\u4e2d\u5fc3\u4e0a\u9635\u8be5\u9009\u624b", 
          "icon": "\u7f8e\u5973"
        }
      ], 
      "after_dialog": []
    }
  }, 
  {
    "pk": 407, 
    "model": "guide.guide", 
    "fields": {
      "operate_type": 1, 
      "operate_target": "BuildingFrame,FuncPanel/Func01", 
      "resume_url": "1", 
      "arrow": 3, 
      "next_id": 408, 
      "dialog_before": [], 
      "after_dialog": []
    }
  }, 
  {
    "pk": 408, 
    "model": "guide.guide", 
    "fields": {
      "operate_type": 1, 
      "operate_target": "HeroOnStageFrame,StagePanel/HeroOnStageItemPanel_3", 
      "resume_url": "1", 
      "arrow": 4, 
      "next_id": 409, 
      "dialog_before": [], 
      "after_dialog": []
    }
  }, 
  {
    "pk": 409, 
    "model": "guide.guide", 
    "fields": {
      "operate_type": 1, 
      "operate_target": "TeamSelectFrame,ConfirmButton", 
      "resume_url": "1", 
      "arrow": 3, 
      "next_id": 410, 
      "dialog_before": [], 
      "after_dialog": []
    }
  }, 
  {
    "pk": 410, 
    "model": "guide.guide", 
    "fields": {
      "operate_type": 1, 
      "operate_target": "HeroOnStageFrame,StagePanel/HeroOnStageItemPanel_3/Opened/Take/Army", 
      "resume_url": "1", 
      "arrow": 4, 
      "next_id": 411, 
      "dialog_before": [
        {
          "position": 1, 
          "dialog": "\u4e3a\u8be5\u9009\u624b\u914d\u7f6e\u4e00\u4e2a\u5175\u79cd", 
          "icon": "\u7f8e\u5973"
        }
      ], 
      "after_dialog": []
    }
  }, 
  {
    "pk": 411, 
    "model": "guide.guide", 
    "fields": {
      "operate_type": 1, 
      "operate_target": "ArmySelectFrame,BG (2)/Mask/ClipWindow/ArmyPanel/ArmySelectItemPanel_1", 
      "resume_url": "1", 
      "arrow": 3, 
      "next_id": 412, 
      "dialog_before": [], 
      "after_dialog": []
    }
  }, 
  {
    "pk": 412, 
    "model": "guide.guide", 
    "fields": {
      "operate_type": 1, 
      "operate_target": "ArmySelectFrame,ConfirmButton", 
      "resume_url": "1", 
      "arrow": 1, 
      "next_id": 413, 
      "dialog_before": [], 
      "after_dialog": []
    }
  }, 
  {
    "pk": 413, 
    "model": "guide.guide", 
    "fields": {
      "operate_type": 1, 
      "operate_target": "HeroOnStageFrame,FrameTopAppendPanel/Close", 
      "resume_url": "1", 
      "arrow": 3, 
      "next_id": 414, 
      "dialog_before": [
        {
          "position": 1, 
          "dialog": "\u5e26\u7740\u65b0\u7684\u9009\u624b\u548c\u5175\u79cd\u7ee7\u7eed\u8fdb\u884c\u6311\u6218", 
          "icon": "\u7f8e\u5973"
        }
      ], 
      "after_dialog": []
    }
  }, 
  {
    "pk": 414, 
    "model": "guide.guide", 
    "fields": {
      "operate_type": 1, 
      "operate_target": "BuildingFrame,Close", 
      "resume_url": "1", 
      "arrow": 3, 
      "next_id": 415, 
      "dialog_before": [], 
      "after_dialog": []
    }
  }, 
  {
    "pk": 415, 
    "model": "guide.guide", 
    "fields": {
      "operate_type": 3, 
      "operate_target": "2", 
      "resume_url": "2", 
      "arrow": 0, 
      "next_id": 416, 
      "dialog_before": [], 
      "after_dialog": []
    }
  }, 
  {
    "pk": 416, 
    "model": "guide.guide", 
    "fields": {
      "operate_type": 1, 
      "operate_target": "PVEWorldFrame,Down/EnterButton", 
      "resume_url": "2", 
      "arrow": 3, 
      "next_id": 0, 
      "dialog_before": [], 
      "after_dialog": []
    }
  }, 
  {
    "pk": 500, 
    "model": "guide.guide", 
    "fields": {
      "operate_type": 1, 
      "operate_target": "PVECombatFrame,BG/AwardPanel/Award (3)", 
      "resume_url": "1", 
      "arrow": 4, 
      "next_id": 501, 
      "dialog_before": [
        {
          "position": 1, 
          "dialog": "\u526f\u672c\u8fbe\u5230\u4e00\u5b9a\u661f\u6570\u53ef\u4ee5\u9886\u53d6\u3010\u661f\u7ea7\u5956\u52b1\u3011\uff0c\u70b9\u51fb\u6ee1\u661f\u5956\u52b1", 
          "icon": "\u7f8e\u5973"
        }
      ], 
      "after_dialog": []
    }
  }, 
  {
    "pk": 501, 
    "model": "guide.guide", 
    "fields": {
      "operate_type": 1, 
      "operate_target": "PVECombatFrame,CloseButton", 
      "resume_url": "1", 
      "arrow": 3, 
      "next_id": 502, 
      "dialog_before": [], 
      "after_dialog": []
    }
  }, 
  {
    "pk": 502, 
    "model": "guide.guide", 
    "fields": {
      "operate_type": 1, 
      "operate_target": "PVEWorldFrame,ClipWindow/ChapterPanel/PVEChapterItemPanel_1", 
      "resume_url": "1", 
      "arrow": 4, 
      "next_id": 503, 
      "dialog_before": [
        {
          "position": 1, 
          "dialog": "\u7ae0\u8282\u5df2\u7ecf\u5168\u90e8\u901a\u5173\uff0c\u8fdb\u5165\u65b0\u7684\u7ae0\u8282\uff0c\u7ee7\u7eed\u8fdb\u884c\u6bd4\u8d5b", 
          "icon": "\u7f8e\u5973"
        }
      ], 
      "after_dialog": []
    }
  }, 
  {
    "pk": 503, 
    "model": "guide.guide", 
    "fields": {
      "operate_type": 1, 
      "operate_target": "PVEWorldFrame,Down/EnterButton", 
      "resume_url": "1", 
      "arrow": 3, 
      "next_id": 0, 
      "dialog_before": [], 
      "after_dialog": []
    }
  }, 
  {
    "pk": 600, 
    "model": "guide.guide", 
    "fields": {
      "operate_type": 3, 
      "operate_target": "5", 
      "resume_url": "5", 
      "arrow": 0, 
      "next_id": 601, 
      "dialog_before": [
        {
          "position": 1, 
          "dialog": "\u9009\u624b\u9664\u4e86\u53ef\u4ee5\u5347\u7ea7\u4ee5\u5916\uff0c\u8fd8\u53ef\u4ee5\u5347\u7ea7\uff0c\u73b0\u5728\u8fdb\u5165\u57f9\u8bad\u4e2d\u5fc3", 
          "icon": "\u7f8e\u5973"
        }
      ], 
      "after_dialog": []
    }
  }, 
  {
    "pk": 601, 
    "model": "guide.guide", 
    "fields": {
      "operate_type": 1, 
      "operate_target": "BuildingFrame,FuncPanel/Func01", 
      "resume_url": "5", 
      "arrow": 4, 
      "next_id": 602, 
      "dialog_before": [], 
      "after_dialog": []
    }
  }, 
  {
    "pk": 602, 
    "model": "guide.guide", 
    "fields": {
      "operate_type": 1, 
      "operate_target": "HeroPackageFrame,Strength", 
      "resume_url": "1", 
      "arrow": 3, 
      "next_id": 603, 
      "dialog_before": [], 
      "after_dialog": []
    }
  }, 
  {
    "pk": 603, 
    "model": "guide.guide", 
    "fields": {
      "operate_type": 1, 
      "operate_target": "HeroStrengthFrame,Group/UpStep", 
      "resume_url": "1", 
      "arrow": 3, 
      "next_id": 604, 
      "dialog_before": [], 
      "after_dialog": []
    }
  }, 
  {
    "pk": 604, 
    "model": "guide.guide", 
    "fields": {
      "operate_type": 1, 
      "operate_target": "HeroStrengthFrame,UP/Page/UpStep/Image (1)/Confirm", 
      "resume_url": "1", 
      "arrow": 3, 
      "next_id": 0, 
      "dialog_before": [
        {
          "position": 1, 
          "dialog": "\u70b9\u51fb\u5347\u9636\uff0c\u5347\u9636\u9664\u4e86\u5c5e\u6027\u63d0\u5347\u5916\uff0c\u8fd8\u53ef\u4ee5\u89e3\u9501\u989d\u5916\u6280\u80fd\u80fd\u529b", 
          "icon": "\u7f8e\u5973"
        }
      ], 
      "after_dialog": []
    }
  }, 
  {
    "pk": 700, 
    "model": "guide.guide", 
    "fields": {
      "operate_type": 3, 
      "operate_target": "5", 
      "resume_url": "5", 
      "arrow": 0, 
      "next_id": 701, 
      "dialog_before": [
        {
          "position": 1, 
          "dialog": "\u524d\u5f80\u79cd\u65cf\u57f9\u517b\u4e2d\u5fc3\uff0c\u5347\u7ea7\u5175\u79cd\u7b49\u7ea7", 
          "icon": "\u7f8e\u5973"
        }
      ], 
      "after_dialog": []
    }
  }, 
  {
    "pk": 701, 
    "model": "guide.guide", 
    "fields": {
      "operate_type": 1, 
      "operate_target": "BuildingFrame,FuncPanel/Func02", 
      "resume_url": "1", 
      "arrow": 3, 
      "next_id": 702, 
      "dialog_before": [], 
      "after_dialog": []
    }
  }, 
  {
    "pk": 702, 
    "model": "guide.guide", 
    "fields": {
      "operate_type": 1, 
      "operate_target": "ArmyStrengthFrame,ModelPanel/Up/UpLvl", 
      "resume_url": "1", 
      "arrow": 3, 
      "next_id": 703, 
      "dialog_before": [
        {
          "position": 1, 
          "dialog": "\u5347\u7ea7\u866b\u65cf\u7b49\u7ea7\uff0c\u63d0\u5347\u866b\u65cf\u5b9e\u529b", 
          "icon": "\u7f8e\u5973"
        }
      ], 
      "after_dialog": []
    }
  }, 
  {
    "pk": 703, 
    "model": "guide.guide", 
    "fields": {
      "operate_type": 1, 
      "operate_target": "ArmyUpLvlFrame,Confirm", 
      "resume_url": "1", 
      "arrow": 3, 
      "next_id": 704, 
      "dialog_before": [], 
      "after_dialog": []
    }
  }, 
  {
    "pk": 704, 
    "model": "guide.guide", 
    "fields": {
      "operate_type": 1, 
      "operate_target": "ArmyUpLvlFrame,Close", 
      "resume_url": "1", 
      "arrow": 3, 
      "next_id": 0, 
      "dialog_before": [], 
      "after_dialog": []
    }
  }, 
  {
    "pk": 800, 
    "model": "guide.guide", 
    "fields": {
      "operate_type": 3, 
      "operate_target": "3", 
      "resume_url": "3", 
      "arrow": 0, 
      "next_id": 801, 
      "dialog_before": [
        {
          "position": 1, 
          "dialog": "\u73a9\u5bb6\u9664\u4e86\u53ef\u4ee5\u8fdb\u884c\u4e3b\u7ebf\u526f\u672c\u7684\u6311\u6218\uff0c\u8fd8\u53ef\u4ee5\u5728\u7ade\u6280\u573a\u4e2d\u6311\u6218\u5176\u4ed6\u73a9\u5bb6\uff0c\u6392\u540d\u8d8a\u9ad8\u5956\u52b1\u8d8a\u591a", 
          "icon": "\u7f8e\u5973"
        }
      ], 
      "after_dialog": [
        {
          "position": 1, 
          "dialog": "\u8fd9\u662f\u7535\u7ade\u8d5b\u573a\uff0c\u662f\u6211\u4eec\u6240\u6709\u5bf9\u5916\u6bd4\u8d5b\u7684\u96c6\u4e2d\u5efa\u7b51\uff0c\u5305\u62ec\u7ade\u6280\u573a\u3001\u65e5\u5e38\u526f\u672c\u548c\u8bad\u7ec3\u5854\u3002", 
          "icon": "\u7f8e\u5973"
        }
      ]
    }
  }, 
  {
    "pk": 801, 
    "model": "guide.guide", 
    "fields": {
      "operate_type": 1, 
      "operate_target": "BuildingFrame,FuncPanel/Func01", 
      "resume_url": "1", 
      "arrow": 3, 
      "next_id": 802, 
      "dialog_before": [], 
      "after_dialog": []
    }
  }, 
  {
    "pk": 802, 
    "model": "guide.guide", 
    "fields": {
      "operate_type": 1, 
      "operate_target": "ArenaFrame,FrameTopAppendPanel/Close", 
      "resume_url": "1", 
      "arrow": 3, 
      "next_id": 0, 
      "dialog_before": [], 
      "after_dialog": []
    }
  }, 
  {
    "pk": 900, 
    "model": "guide.guide", 
    "fields": {
      "operate_type": 3, 
      "operate_target": "5", 
      "resume_url": "5", 
      "arrow": 0, 
      "next_id": 901, 
      "dialog_before": [
        {
          "position": 1, 
          "dialog": "\u5175\u79cd\u9664\u4e86\u53ef\u4ee5\u5347\u7ea7\u4ee5\u5916\uff0c\u540c\u6837\u53ef\u4ee5\u5347\u9636\uff0c\u73b0\u5728\u8fdb\u5165\u79cd\u65cf\u57f9\u517b\u4e2d\u5fc3", 
          "icon": "\u7f8e\u5973"
        }
      ], 
      "after_dialog": []
    }
  }, 
  {
    "pk": 901, 
    "model": "guide.guide", 
    "fields": {
      "operate_type": 1, 
      "operate_target": "BuildingFrame,FuncPanel/Func02", 
      "resume_url": "1", 
      "arrow": 3, 
      "next_id": 902, 
      "dialog_before": [], 
      "after_dialog": []
    }
  }, 
  {
    "pk": 902, 
    "model": "guide.guide", 
    "fields": {
      "operate_type": 1, 
      "operate_target": "ArmyStrengthFrame,ModelPanel/Up/UpStep", 
      "resume_url": "1", 
      "arrow": 3, 
      "next_id": 903, 
      "dialog_before": [
        {
          "position": 1, 
          "dialog": "\u866b\u65cf\u5347\u9636\uff0c\u866b\u65cf\u5b9e\u529b\u5927\u589e", 
          "icon": "\u7f8e\u5973"
        }
      ], 
      "after_dialog": []
    }
  }, 
  {
    "pk": 903, 
    "model": "guide.guide", 
    "fields": {
      "operate_type": 1, 
      "operate_target": "ArmyUpStepFrame,Confirm", 
      "resume_url": "1", 
      "arrow": 3, 
      "next_id": 904, 
      "dialog_before": [], 
      "after_dialog": []
    }
  }, 
  {
    "pk": 904, 
    "model": "guide.guide", 
    "fields": {
      "operate_type": 1, 
      "operate_target": "ArmyUpStepFrame,Close", 
      "resume_url": "1", 
      "arrow": 3, 
      "next_id": 0, 
      "dialog_before": [], 
      "after_dialog": []
    }
  }, 
  {
    "pk": 1000, 
    "model": "guide.guide", 
    "fields": {
      "operate_type": 3, 
      "operate_target": "5", 
      "resume_url": "5", 
      "arrow": 0, 
      "next_id": 1001, 
      "dialog_before": [
        {
          "position": 1, 
          "dialog": "\u63d0\u5347\u9009\u624b\u661f\u7ea7\uff0c\u524d\u5f80\u57f9\u8bad\u4e2d\u5fc3", 
          "icon": "\u7f8e\u5973"
        }
      ], 
      "after_dialog": []
    }
  }, 
  {
    "pk": 1001, 
    "model": "guide.guide", 
    "fields": {
      "operate_type": 1, 
      "operate_target": "BuildingFrame,FuncPanel/Func01", 
      "resume_url": "1", 
      "arrow": 3, 
      "next_id": 1002, 
      "dialog_before": [], 
      "after_dialog": []
    }
  }, 
  {
    "pk": 1002, 
    "model": "guide.guide", 
    "fields": {
      "operate_type": 1, 
      "operate_target": "HeroPackageFrame,Strength", 
      "resume_url": "1", 
      "arrow": 3, 
      "next_id": 1003, 
      "dialog_before": [
        {
          "position": 1, 
          "dialog": "\u9009\u624b\u8fbe\u5230\u67d0\u4e2a\u661f\u7ea7\u540e\uff0c\u64cd\u4f5c\u80fd\u529b\u4f1a\u63d0\u9ad8\uff0c\u643a\u5e26\u7684\u5175\u79cd\u6570\u91cf\u4f1a\u63d0\u5347\uff0c\u6218\u6597\u529b\u5927\u5e45\u63d0\u9ad8", 
          "icon": "\u7f8e\u5973"
        }
      ], 
      "after_dialog": []
    }
  }, 
  {
    "pk": 1003, 
    "model": "guide.guide", 
    "fields": {
      "operate_type": 1, 
      "operate_target": "HeroStrengthFrame,Group/UpStar", 
      "resume_url": "1", 
      "arrow": 3, 
      "next_id": 1004, 
      "dialog_before": [], 
      "after_dialog": []
    }
  }, 
  {
    "pk": 1004, 
    "model": "guide.guide", 
    "fields": {
      "operate_type": 1, 
      "operate_target": "HeroStrengthFrame,UP/Page/UpStar/Image/Confirm", 
      "resume_url": "1", 
      "arrow": 3, 
      "next_id": 0, 
      "dialog_before": [], 
      "after_dialog": []
    }
  }
]