[
  {
    "pk": 1, 
    "model": "guide.guide", 
    "fields": {
      "dialog_before": [
        {
          "position": 1, 
          "dialog": "\u597d\u6c49\u4e0d\u63d0\u5f53\u5e74\u52c7\uff0c\u73b0\u5728\u6211\u4eec\u6765\u597d\u597d\u7684\u7ec4\u5efa\u6218\u961f\u57f9\u517b\u661f\u9645\u65b0\u9c9c\u8840\u6db2\u624d\u662f\u5173\u952e\u3002", 
          "icon": "NPC_Z_xiaose"
        }
      ], 
      "des": "\u8fd9\u91cc\u662f\u6211\u4eec\u4e3b\u8981\u7684\u6bd4\u8d5b\u4e2d\u5fc3", 
      "operate_type": 3, 
      "operate_target": "2", 
      "resume_url": "", 
      "arrow": 0, 
      "position": 1, 
      "next_id": 2, 
      "icon": "NPC_YD", 
      "after_dialog": []
    }
  }, 
  {
    "pk": 2, 
    "model": "guide.guide", 
    "fields": {
      "dialog_before": [], 
      "des": "\u70b9\u51fb\u8fd9\u91cc\uff0c\u8ba9\u6211\u4eec\u8fdb\u5165\u6bd4\u8d5b", 
      "operate_type": 1, 
      "operate_target": "PVEWorldFrame,Down/EnterButton", 
      "resume_url": "", 
      "arrow": 1, 
      "position": 1, 
      "next_id": 3, 
      "icon": "NPC_YD", 
      "after_dialog": []
    }
  }, 
  {
    "pk": 3, 
    "model": "guide.guide", 
    "fields": {
      "dialog_before": [], 
      "des": "\u7b2c\u4e00\u573a\u6218\u6597\uff0c\u51fa\u51fb\uff01", 
      "operate_type": 1, 
      "operate_target": "PVECombatFrame,ClipWindow/NormPanel/CombatItem_1", 
      "resume_url": "", 
      "arrow": 4, 
      "position": 2, 
      "next_id": 4, 
      "icon": "NPC_YD", 
      "after_dialog": []
    }
  }, 
  {
    "pk": 4, 
    "model": "guide.guide", 
    "fields": {
      "dialog_before": [], 
      "des": "\u5f00\u59cb\u6218\u6597\uff01", 
      "operate_type": 1, 
      "operate_target": "PVEPreviewFrame,Fight", 
      "resume_url": "", 
      "arrow": 4, 
      "position": 1, 
      "next_id": 5, 
      "icon": "NPC_YD", 
      "after_dialog": []
    }
  }, 
  {
    "pk": 5, 
    "model": "guide.guide", 
    "fields": {
      "dialog_before": [], 
      "des": "\u8fdb\u5165\u6218\u6597\uff01", 
      "operate_type": 1, 
      "operate_target": "ForFrame,Enter", 
      "resume_url": "", 
      "arrow": 1, 
      "position": 1, 
      "next_id": 0, 
      "icon": "NPC_YD", 
      "after_dialog": []
    }
  }, 
  {
    "pk": 100, 
    "model": "guide.guide", 
    "fields": {
      "dialog_before": [], 
      "des": "\u70b9\u51fb\u62db\u52df\u4e2d\u5fc3\u5efa\u7b51\uff0c\u73b0\u5728\u53bb\u62db\u52df\u4e00\u4e2a\u9009\u624b", 
      "operate_type": 3, 
      "operate_target": "4", 
      "resume_url": "", 
      "arrow": 0, 
      "position": 1, 
      "next_id": 101, 
      "icon": "NPC_YD", 
      "after_dialog": []
    }
  }, 
  {
    "pk": 101, 
    "model": "guide.guide", 
    "fields": {
      "dialog_before": [
        {
          "position": 1, 
          "dialog": "\u62db\u52df\u4e2d\u5fc3\u6709\u4e24\u79cd\u65b9\u5f0f\uff0c\u4e00\u79cd\u4e3a\u91d1\u5e01\u8d2d\u4e70\uff1a\u53ef\u4ee5\u83b7\u5f97\u9009\u624b\u788e\u7247\u548c\u5f3a\u5316\u8d44\u6e90\uff0c\u53e6\u4e00\u79cd\u662f\u94bb\u77f3\u8d2d\u4e70\uff1a\u5927\u6982\u7387\u83b7\u5f97\u9009\u624b\uff0c\u73b0\u5728\u70b9\u51fb\u94bb\u77f3\u62db\u52df", 
          "icon": "NPC_YD"
        }
      ], 
      "des": "", 
      "operate_type": 0, 
      "operate_target": "", 
      "resume_url": "", 
      "arrow": 3, 
      "position": 1, 
      "next_id": 102, 
      "icon": "", 
      "after_dialog": []
    }
  }, 
  {
    "pk": 102, 
    "model": "guide.guide", 
    "fields": {
      "dialog_before": [], 
      "des": "\u70b9\u51fb\u514d\u8d39\u62db\u52df\uff0c\u6bcf\u969424\u5c0f\u65f6\u90fd\u6709\u4e00\u6b21\u514d\u8d39\u62db\u52df\u7684\u673a\u4f1a\u54e6", 
      "operate_type": 1, 
      "operate_target": "HeroDrawFrame,MoneyDraw/FreeDraw", 
      "resume_url": "", 
      "arrow": 3, 
      "position": 1, 
      "next_id": 103, 
      "icon": "NPC_YD", 
      "after_dialog": []
    }
  }, 
  {
    "pk": 103, 
    "model": "guide.guide", 
    "fields": {
      "dialog_before": [], 
      "des": "\u54c7\u54e6\uff0c\u7adf\u7136\u662f\u4e00\u4e2a\u9009\u624b\uff0c\u771f\u662f\u5e78\u8fd0", 
      "operate_type": 1, 
      "operate_target": "HeroDrawResultSpecialFrame,Confirm", 
      "resume_url": "", 
      "arrow": 3, 
      "position": 1, 
      "next_id": 104, 
      "icon": "NPC_YD", 
      "after_dialog": []
    }
  }, 
  {
    "pk": 104, 
    "model": "guide.guide", 
    "fields": {
      "dialog_before": [], 
      "des": "", 
      "operate_type": 1, 
      "operate_target": "HeroDrawOnceResultFrame,Close", 
      "resume_url": "", 
      "arrow": 3, 
      "position": 1, 
      "next_id": 105, 
      "icon": "", 
      "after_dialog": []
    }
  }, 
  {
    "pk": 105, 
    "model": "guide.guide", 
    "fields": {
      "dialog_before": [], 
      "des": "\u597d\u4e86\uff0c\u8ba9\u6211\u4eec\u53bb\u4e0a\u9635\u5427", 
      "operate_type": 1, 
      "operate_target": "HeroDrawFrame,FrameTopAppendPanel/Close", 
      "resume_url": "", 
      "arrow": 3, 
      "position": 1, 
      "next_id": 106, 
      "icon": "NPC_YD", 
      "after_dialog": []
    }
  }, 
  {
    "pk": 106, 
    "model": "guide.guide", 
    "fields": {
      "dialog_before": [], 
      "des": "\u8fd9\u662f\u603b\u90e8\u5927\u697c\uff0c\u662f\u7ba1\u7406\u6211\u4eec\u961f\u5458\u4e0a\u9635\u7684\u5efa\u7b51", 
      "operate_type": 3, 
      "operate_target": "1", 
      "resume_url": "", 
      "arrow": 0, 
      "position": 1, 
      "next_id": 107, 
      "icon": "NPC_YD", 
      "after_dialog": []
    }
  }, 
  {
    "pk": 107, 
    "model": "guide.guide", 
    "fields": {
      "dialog_before": [], 
      "des": "\u70b9\u51fb\u8fd9\u4e2a\u4f4d\u7f6e\uff0c\u9009\u62e9\u4e00\u4e2a\u9009\u624b", 
      "operate_type": 1, 
      "operate_target": "HeroOnStageFrame,Image/2", 
      "resume_url": "", 
      "arrow": 3, 
      "position": 2, 
      "next_id": 108, 
      "icon": "NPC_YD", 
      "after_dialog": []
    }
  }, 
  {
    "pk": 108, 
    "model": "guide.guide", 
    "fields": {
      "dialog_before": [], 
      "des": "\u56e0\u4e3a\u6211\u4eec\u76ee\u524d\u53ea\u6709\u4e00\u4e2a\u53ef\u7528\u7684\u9009\u624b\uff0c\u5c31\u4ed6\u4e86\u5427", 
      "operate_type": 1, 
      "operate_target": "HeroSelectFrame,Mask/HeroPanel/HeroSelectItemPanel_0", 
      "resume_url": "", 
      "arrow": 4, 
      "position": 2, 
      "next_id": 109, 
      "icon": "NPC_YD", 
      "after_dialog": []
    }
  }, 
  {
    "pk": 109, 
    "model": "guide.guide", 
    "fields": {
      "dialog_before": [], 
      "des": "\u70b9\u51fb\u786e\u8ba4", 
      "operate_type": 1, 
      "operate_target": "HeroSelectFrame,ConfirmButton", 
      "resume_url": "", 
      "arrow": 4, 
      "position": 2, 
      "next_id": 110, 
      "icon": "NPC_YD", 
      "after_dialog": []
    }
  }, 
  {
    "pk": 110, 
    "model": "guide.guide", 
    "fields": {
      "dialog_before": [], 
      "des": "\u9009\u624b\u53ea\u80fd\u643a\u5e26\u81ea\u5df1\u672c\u79cd\u65cf\u64c5\u957f\u7684\u5175\u79cd,\u76ee\u524d\u53ea\u89e3\u9501\u4e86\u4e00\u4e2a\u5175\u79cd\uff0c\u5c31\u7ed9\u9009\u624b\u5b89\u6392\u8fd9\u4e2a\u5175\u79cd", 
      "operate_type": 1, 
      "operate_target": "ArmySelectFrame,BG/Mask/ArmyPanel/ArmySelectItemPanel_0", 
      "resume_url": "", 
      "arrow": 4, 
      "position": 2, 
      "next_id": 111, 
      "icon": "NPC_YD", 
      "after_dialog": []
    }
  }, 
  {
    "pk": 111, 
    "model": "guide.guide", 
    "fields": {
      "dialog_before": [], 
      "des": "\u70b9\u51fb\u786e\u8ba4", 
      "operate_type": 1, 
      "operate_target": "ArmySelectFrame,ConfirmButton", 
      "resume_url": "", 
      "arrow": 3, 
      "position": 2, 
      "next_id": 112, 
      "icon": "NPC_YD", 
      "after_dialog": []
    }
  }, 
  {
    "pk": 112, 
    "model": "guide.guide", 
    "fields": {
      "dialog_before": [], 
      "des": "\u70b9\u51fb\u8fd4\u56de\uff0c\u7ee7\u7eed\u6bd4\u8d5b", 
      "operate_type": 1, 
      "operate_target": "HeroOnStageFrame,FrameTopAppendPanel/Close", 
      "resume_url": "", 
      "arrow": 3, 
      "position": 2, 
      "next_id": 113, 
      "icon": "NPC_YD", 
      "after_dialog": []
    }
  }, 
  {
    "pk": 113, 
    "model": "guide.guide", 
    "fields": {
      "dialog_before": [], 
      "des": "", 
      "operate_type": 3, 
      "operate_target": "2", 
      "resume_url": "", 
      "arrow": 0, 
      "position": 1, 
      "next_id": 114, 
      "icon": "", 
      "after_dialog": []
    }
  }, 
  {
    "pk": 114, 
    "model": "guide.guide", 
    "fields": {
      "dialog_before": [], 
      "des": "\u53c8\u53ef\u4ee5\u8fdb\u5165\u6bd4\u8d5b\u4e86\uff0c\u5185\u5fc3\u6709\u70b9\u5c0f\u6fc0\u52a8\u5583", 
      "operate_type": 1, 
      "operate_target": "PVEWorldFrame,Down/EnterButton", 
      "resume_url": "", 
      "arrow": 3, 
      "position": 1, 
      "next_id": 115, 
      "icon": "NPC_YD", 
      "after_dialog": []
    }
  }, 
  {
    "pk": 115, 
    "model": "guide.guide", 
    "fields": {
      "dialog_before": [], 
      "des": "\u5e26\u7740\u65b0\u7684\u9009\u624b\u548c\u5175\u79cd\u53bb\u6bd4\u8d5b", 
      "operate_type": 1, 
      "operate_target": "PVECombatFrame,ClipWindow/NormPanel/CombatItem_2", 
      "resume_url": "", 
      "arrow": 3, 
      "position": 1, 
      "next_id": 116, 
      "icon": "NPC_YD", 
      "after_dialog": []
    }
  }, 
  {
    "pk": 116, 
    "model": "guide.guide", 
    "fields": {
      "dialog_before": [], 
      "des": "\u70b9\u51fb\u5f00\u6218\uff01", 
      "operate_type": 1, 
      "operate_target": "PVEPreviewFrame,Fight", 
      "resume_url": "", 
      "arrow": 4, 
      "position": 1, 
      "next_id": 117, 
      "icon": "NPC_YD", 
      "after_dialog": []
    }
  }, 
  {
    "pk": 117, 
    "model": "guide.guide", 
    "fields": {
      "dialog_before": [], 
      "des": "\u5c06\u673a\u67aa\u5175\u62d6\u5230\u6307\u5b9a\u9635\u578b\u4f4d\u7f6e\uff08\u673a\u67aa\u5175\u8f83\u4e3a\u8106\u5f31\uff0c\u524d\u6392\u4f4d\u7f6e\u4f1a\u7b2c\u4e00\u65f6\u95f4\u53d7\u5230\u654c\u65b9\u90e8\u961f\u7684\u653b\u51fb\uff09", 
      "operate_type": 4, 
      "operate_target": "9,14", 
      "resume_url": "", 
      "arrow": 0, 
      "position": 2, 
      "next_id": 0, 
      "icon": "NPC_YD", 
      "after_dialog": []
    }
  }, 
  {
    "pk": 130, 
    "model": "guide.guide", 
    "fields": {
      "dialog_before": [], 
      "des": "\u70b9\u51fb\u7b2c\u4e09\u5173\uff0c\u8d62\u5f97\u8fd9\u573a\u6bd4\u8d5b", 
      "operate_type": 1, 
      "operate_target": "PVECombatFrame,ClipWindow/NormPanel/CombatItem_3", 
      "resume_url": "", 
      "arrow": 4, 
      "position": 2, 
      "next_id": 131, 
      "icon": "NPC_YD", 
      "after_dialog": []
    }
  }, 
  {
    "pk": 131, 
    "model": "guide.guide", 
    "fields": {
      "dialog_before": [], 
      "des": "", 
      "operate_type": 1, 
      "operate_target": "PVEPreviewFrame,Fight", 
      "resume_url": "", 
      "arrow": 4, 
      "position": 1, 
      "next_id": 0, 
      "icon": "", 
      "after_dialog": []
    }
  }, 
  {
    "pk": 200, 
    "model": "guide.guide", 
    "fields": {
      "dialog_before": [], 
      "des": "\u901a\u5173\u526f\u672c\u548c\u5b8c\u6210\u4e3b\u7ebf\u4efb\u52a1\u83b7\u5f97\u4e86\u7ecf\u9a8c\u836f\u6c34\uff0c\u53ef\u4ee5\u7528\u6765\u63d0\u5347\u9009\u624b\u7b49\u7ea7\uff0c\u73b0\u5728\u53bb\u57f9\u517b\u4e2d\u5fc3", 
      "operate_type": 3, 
      "operate_target": "5", 
      "resume_url": "", 
      "arrow": 0, 
      "position": 1, 
      "next_id": 201, 
      "icon": "NPC_YD", 
      "after_dialog": []
    }
  }, 
  {
    "pk": 201, 
    "model": "guide.guide", 
    "fields": {
      "dialog_before": [], 
      "des": "\u70b9\u51fb\u6309\u94ae\uff0c\u8fdb\u5165\u961f\u5458\u7ba1\u7406\u754c\u9762", 
      "operate_type": 1, 
      "operate_target": "BuildingFrame,FuncPanel/Func01", 
      "resume_url": "", 
      "arrow": 3, 
      "position": 1, 
      "next_id": 202, 
      "icon": "NPC_YD", 
      "after_dialog": []
    }
  }, 
  {
    "pk": 202, 
    "model": "guide.guide", 
    "fields": {
      "dialog_before": [], 
      "des": "\u70b9\u51fb\u961f\u5458\u5f3a\u5316\uff0c\u53ef\u4ee5\u5bf9\u9009\u624b\u8fdb\u884c\u5347\u7ea7\u3001\u8fdb\u9636\u3001\u5347\u661f\u7684\u64cd\u4f5c", 
      "operate_type": 1, 
      "operate_target": "HeroPackageFrame,Strength", 
      "resume_url": "", 
      "arrow": 3, 
      "position": 1, 
      "next_id": 203, 
      "icon": "NPC_YD", 
      "after_dialog": []
    }
  }, 
  {
    "pk": 203, 
    "model": "guide.guide", 
    "fields": {
      "dialog_before": [], 
      "des": "\u70b9\u51fb\u5347\u7ea7\u6309\u94ae", 
      "operate_type": 1, 
      "operate_target": "HeroStrengthFrame,Group/UpLvl", 
      "resume_url": "", 
      "arrow": 3, 
      "position": 1, 
      "next_id": 204, 
      "icon": "NPC_YD", 
      "after_dialog": []
    }
  }, 
  {
    "pk": 204, 
    "model": "guide.guide", 
    "fields": {
      "dialog_before": [], 
      "des": "\u70b9\u51fb\u6dfb\u52a0\u7ecf\u9a8c", 
      "operate_type": 1, 
      "operate_target": "HeroStrengthFrame,UP/Page/UpLvl/Image/OpenMat", 
      "resume_url": "", 
      "arrow": 3, 
      "position": 1, 
      "next_id": 205, 
      "icon": "NPC_YD", 
      "after_dialog": []
    }
  }, 
  {
    "pk": 205, 
    "model": "guide.guide", 
    "fields": {
      "dialog_before": [], 
      "des": "\u70b9\u51fb\u7ecf\u9a8c\u836f\u6c34\uff0c\u4e3a\u7ecf\u9a8c\u69fd\u589e\u52a0\u7ecf\u9a8c\u503c", 
      "operate_type": 1, 
      "operate_target": "HeroStrengthFrame,UP/Page/UpLvl/Image/CloseMat/Mat/CardDropItemPanel (1)", 
      "resume_url": "", 
      "arrow": 3, 
      "position": 1, 
      "next_id": 206, 
      "icon": "NPC_YD", 
      "after_dialog": []
    }
  }, 
  {
    "pk": 206, 
    "model": "guide.guide", 
    "fields": {
      "dialog_before": [], 
      "des": "", 
      "operate_type": 1, 
      "operate_target": "HeroStrengthFrame,UP/Page/UpLvl/Image/CloseMat", 
      "resume_url": "", 
      "arrow": 3, 
      "position": 1, 
      "next_id": 207, 
      "icon": "", 
      "after_dialog": []
    }
  }, 
  {
    "pk": 207, 
    "model": "guide.guide", 
    "fields": {
      "dialog_before": [], 
      "des": "\u73b0\u5728\u7ecf\u9a8c\u69fd\u6709\u8db3\u591f\u7684\u7ecf\u9a8c\u4e86,\u70b9\u51fb\u5347\u7ea7\u6309\u94ae", 
      "operate_type": 1, 
      "operate_target": "HeroStrengthFrame,UP/Page/UpLvl/Image/OpenMat/LvlUp", 
      "resume_url": "", 
      "arrow": 3, 
      "position": 1, 
      "next_id": 208, 
      "icon": "NPC_YD", 
      "after_dialog": []
    }
  }, 
  {
    "pk": 208, 
    "model": "guide.guide", 
    "fields": {
      "dialog_before": [], 
      "des": "\u9009\u624b\u5347\u7ea7\uff1a\u63d0\u9ad8\u8fdb\u653b\u53ef\u589e\u52a0\u5175\u79cd\u7684\u653b\u51fb\uff0c\u63d0\u9ad8\u9632\u5b88\u589e\u52a0\u5175\u79cd\u7684\u9632\u5fa1\uff0c\u63d0\u53ef\u8fd0\u8425\u589e\u52a0\u5175\u79cd\u6700\u5927\u751f\u547d\uff0c\u540c\u65f6\u8fd9\u4e09\u4e2a\u5c5e\u6027\u5f71\u54cd\u6280\u80fd\u7684\u5f3a\u5ea6\uff0c\u73b0\u5728\u5c0f\u8272\u5b9e\u529b\u5927\u589e\u8fd4\u56de\u7ee7\u7eed\u6218\u6597\u4e86", 
      "operate_type": 1, 
      "operate_target": "HeroStrengthFrame,Close", 
      "resume_url": "", 
      "arrow": 3, 
      "position": 1, 
      "next_id": 212, 
      "icon": "NPC_YD", 
      "after_dialog": []
    }
  }, 
  {
    "pk": 209, 
    "model": "guide.guide", 
    "fields": {
      "dialog_before": [], 
      "des": "", 
      "operate_type": 1, 
      "operate_target": "HeroPackageFrame,FrameTopAppendPanel/Close", 
      "resume_url": "", 
      "arrow": 3, 
      "position": 1, 
      "next_id": 210, 
      "icon": "", 
      "after_dialog": []
    }
  }, 
  {
    "pk": 210, 
    "model": "guide.guide", 
    "fields": {
      "dialog_before": [], 
      "des": "", 
      "operate_type": 1, 
      "operate_target": "BuildingFrame,Close", 
      "resume_url": "", 
      "arrow": 2, 
      "position": 1, 
      "next_id": 211, 
      "icon": "", 
      "after_dialog": []
    }
  }, 
  {
    "pk": 211, 
    "model": "guide.guide", 
    "fields": {
      "dialog_before": [], 
      "des": "", 
      "operate_type": 3, 
      "operate_target": "2", 
      "resume_url": "", 
      "arrow": 0, 
      "position": 1, 
      "next_id": 212, 
      "icon": "", 
      "after_dialog": []
    }
  }, 
  {
    "pk": 212, 
    "model": "guide.guide", 
    "fields": {
      "dialog_before": [], 
      "des": "", 
      "operate_type": 1, 
      "operate_target": "PVEWorldFrame,Down/EnterButton", 
      "resume_url": "", 
      "arrow": 3, 
      "position": 1, 
      "next_id": 213, 
      "icon": "", 
      "after_dialog": []
    }
  }, 
  {
    "pk": 213, 
    "model": "guide.guide", 
    "fields": {
      "dialog_before": [], 
      "des": "\u7ee7\u7eed\u5b8c\u6210\u4e3b\u7ebf\u526f\u672c\u5427\uff0c\u4f1a\u6709\u60ca\u559c\u7b49\u7740\u4f60\u54e6", 
      "operate_type": 1, 
      "operate_target": "PVECombatFrame,ClipWindow/NormPanel/CombatItem_4", 
      "resume_url": "", 
      "arrow": 1, 
      "position": 2, 
      "next_id": 214, 
      "icon": "NPC_YD", 
      "after_dialog": []
    }
  }, 
  {
    "pk": 214, 
    "model": "guide.guide", 
    "fields": {
      "dialog_before": [], 
      "des": "", 
      "operate_type": 1, 
      "operate_target": "PVEPreviewFrame,Fight", 
      "resume_url": "", 
      "arrow": 4, 
      "position": 1, 
      "next_id": 0, 
      "icon": "", 
      "after_dialog": []
    }
  }, 
  {
    "pk": 230, 
    "model": "guide.guide", 
    "fields": {
      "dialog_before": [], 
      "des": "\u526f\u672c\u8fbe\u5230\u4e00\u5b9a\u661f\u6570\u53ef\u4ee5\u9886\u53d6\u3010\u661f\u7ea7\u5956\u52b1\u3011\uff0c\u70b9\u51fb\u9886\u53d6\u5956\u52b1", 
      "operate_type": 1, 
      "operate_target": "PVECombatFrame,AwardPanel/AwardItemPanel_1", 
      "resume_url": "", 
      "arrow": 1, 
      "position": 2, 
      "next_id": 231, 
      "icon": "NPC_YD", 
      "after_dialog": []
    }
  }, 
  {
    "pk": 231, 
    "model": "guide.guide", 
    "fields": {
      "dialog_before": [], 
      "des": "", 
      "operate_type": 1, 
      "operate_target": "CardDropFrame", 
      "resume_url": "", 
      "arrow": 0, 
      "position": 2, 
      "next_id": 232, 
      "icon": "", 
      "after_dialog": []
    }
  }, 
  {
    "pk": 232, 
    "model": "guide.guide", 
    "fields": {
      "dialog_before": [], 
      "des": "\u4e3a\u4e86\u66f4\u591a\u7684\u5956\u52b1\uff01\u7ee7\u7eed\u6218\u6597", 
      "operate_type": 1, 
      "operate_target": "PVECombatFrame,ClipWindow/NormPanel/CombatItem_5", 
      "resume_url": "", 
      "arrow": 1, 
      "position": 2, 
      "next_id": 233, 
      "icon": "NPC_YD", 
      "after_dialog": []
    }
  }, 
  {
    "pk": 233, 
    "model": "guide.guide", 
    "fields": {
      "dialog_before": [], 
      "des": "", 
      "operate_type": 1, 
      "operate_target": "PVEPreviewFrame,Fight", 
      "resume_url": "", 
      "arrow": 4, 
      "position": 1, 
      "next_id": 0, 
      "icon": "", 
      "after_dialog": []
    }
  }, 
  {
    "pk": 300, 
    "model": "guide.guide", 
    "fields": {
      "dialog_before": [], 
      "des": "\u7a7f\u6234\u88c5\u5907\u63d0\u9ad8\u9009\u624b\u7684\u5c5e\u6027", 
      "operate_type": 3, 
      "operate_target": "5", 
      "resume_url": "", 
      "arrow": 0, 
      "position": 1, 
      "next_id": 301, 
      "icon": "NPC_YD", 
      "after_dialog": []
    }
  }, 
  {
    "pk": 301, 
    "model": "guide.guide", 
    "fields": {
      "dialog_before": [], 
      "des": "", 
      "operate_type": 1, 
      "operate_target": "BuildingFrame,FuncPanel/Func01", 
      "resume_url": "", 
      "arrow": 3, 
      "position": 1, 
      "next_id": 302, 
      "icon": "", 
      "after_dialog": []
    }
  }, 
  {
    "pk": 302, 
    "model": "guide.guide", 
    "fields": {
      "dialog_before": [], 
      "des": "\u6bcf\u4e2a\u9009\u624b\u6709\u56db\u79cd\u88c5\u5907\uff0c\u6211\u4eec\u5148\u70b9\u51fb\u7b2c\u4e00\u79cd", 
      "operate_type": 1, 
      "operate_target": "HeroPackageFrame,Equip/Mouse", 
      "resume_url": "", 
      "arrow": 3, 
      "position": 2, 
      "next_id": 303, 
      "icon": "NPC_YD", 
      "after_dialog": []
    }
  }, 
  {
    "pk": 303, 
    "model": "guide.guide", 
    "fields": {
      "dialog_before": [], 
      "des": "\u9009\u62e9\u4e00\u4e2a\u88c5\u5907", 
      "operate_type": 1, 
      "operate_target": "EquipSelectFrame,BG/Mask/EquipPanel/EquipSelectItemPanel_0", 
      "resume_url": "", 
      "arrow": 4, 
      "position": 2, 
      "next_id": 304, 
      "icon": "NPC_YD", 
      "after_dialog": []
    }
  }, 
  {
    "pk": 304, 
    "model": "guide.guide", 
    "fields": {
      "dialog_before": [], 
      "des": "\u7a7f\u7740\u88c5\u5907\u4ee5\u540e\u5b9e\u529b\u5927\u589e\u54e6", 
      "operate_type": 1, 
      "operate_target": "EquipSelectFrame,ConfirmButton", 
      "resume_url": "", 
      "arrow": 3, 
      "position": 2, 
      "next_id": 305, 
      "icon": "NPC_YD", 
      "after_dialog": []
    }
  }, 
  {
    "pk": 305, 
    "model": "guide.guide", 
    "fields": {
      "dialog_before": [
        {
          "position": 1, 
          "dialog": "\u88c5\u5907\u597d\u88c5\u5907\u4ee5\u540e\uff0c\u88c5\u5907\u8fd8\u662f\u53ef\u4ee5\u5f3a\u5316\u7684\u54e6~", 
          "icon": "NPC_YD"
        }
      ], 
      "des": "", 
      "operate_type": 1, 
      "operate_target": "HeroPackageFrame,Equip/Mouse", 
      "resume_url": "", 
      "arrow": 3, 
      "position": 2, 
      "next_id": 306, 
      "icon": "", 
      "after_dialog": []
    }
  }, 
  {
    "pk": 306, 
    "model": "guide.guide", 
    "fields": {
      "dialog_before": [], 
      "des": "\u70b9\u51fb\u5f3a\u5316\uff0c\u589e\u52a0\u88c5\u5907\u5c5e\u6027~", 
      "operate_type": 1, 
      "operate_target": "EquipDetailFrame,Strength", 
      "resume_url": "", 
      "arrow": 3, 
      "position": 2, 
      "next_id": 307, 
      "icon": "NPC_YD", 
      "after_dialog": []
    }
  }, 
  {
    "pk": 307, 
    "model": "guide.guide", 
    "fields": {
      "dialog_before": [], 
      "des": "", 
      "operate_type": 1, 
      "operate_target": "EquipStrengthFrame,Strength", 
      "resume_url": "", 
      "arrow": 3, 
      "position": 2, 
      "next_id": 308, 
      "icon": "", 
      "after_dialog": []
    }
  }, 
  {
    "pk": 308, 
    "model": "guide.guide", 
    "fields": {
      "dialog_before": [], 
      "des": "\u73b0\u5728\u8fd4\u56de\u6bd4\u8d5b\uff0c\u53bb\u72e0\u72e0\u7684\u51fb\u8d25\u654c\u4eba", 
      "operate_type": 1, 
      "operate_target": "EquipStrengthFrame,Close", 
      "resume_url": "", 
      "arrow": 3, 
      "position": 1, 
      "next_id": 309, 
      "icon": "NPC_YD", 
      "after_dialog": []
    }
  }, 
  {
    "pk": 309, 
    "model": "guide.guide", 
    "fields": {
      "dialog_before": [], 
      "des": "", 
      "operate_type": 1, 
      "operate_target": "EquipDetailFrame,Close", 
      "resume_url": "", 
      "arrow": 3, 
      "position": 1, 
      "next_id": 313, 
      "icon": "", 
      "after_dialog": []
    }
  }, 
  {
    "pk": 310, 
    "model": "guide.guide", 
    "fields": {
      "dialog_before": [], 
      "des": "", 
      "operate_type": 1, 
      "operate_target": "HeroPackageFrame,FrameTopAppendPanel/Close", 
      "resume_url": "", 
      "arrow": 3, 
      "position": 1, 
      "next_id": 311, 
      "icon": "", 
      "after_dialog": []
    }
  }, 
  {
    "pk": 311, 
    "model": "guide.guide", 
    "fields": {
      "dialog_before": [], 
      "des": "", 
      "operate_type": 1, 
      "operate_target": "BuildingFrame,Close", 
      "resume_url": "", 
      "arrow": 2, 
      "position": 1, 
      "next_id": 312, 
      "icon": "", 
      "after_dialog": []
    }
  }, 
  {
    "pk": 312, 
    "model": "guide.guide", 
    "fields": {
      "dialog_before": [], 
      "des": "", 
      "operate_type": 3, 
      "operate_target": "2", 
      "resume_url": "", 
      "arrow": 0, 
      "position": 1, 
      "next_id": 313, 
      "icon": "", 
      "after_dialog": []
    }
  }, 
  {
    "pk": 313, 
    "model": "guide.guide", 
    "fields": {
      "dialog_before": [], 
      "des": "", 
      "operate_type": 1, 
      "operate_target": "PVEWorldFrame,Down/EnterButton", 
      "resume_url": "", 
      "arrow": 3, 
      "position": 1, 
      "next_id": 314, 
      "icon": "", 
      "after_dialog": []
    }
  }, 
  {
    "pk": 314, 
    "model": "guide.guide", 
    "fields": {
      "dialog_before": [], 
      "des": "\u70b9\u51fb\u7b2c\u516d\u5173\uff0c\u8d62\u5f97\u8fd9\u573a\u6bd4\u8d5b", 
      "operate_type": 1, 
      "operate_target": "PVECombatFrame,ClipWindow/NormPanel/CombatItem_6", 
      "resume_url": "", 
      "arrow": 2, 
      "position": 1, 
      "next_id": 0, 
      "icon": "NPC_YD", 
      "after_dialog": []
    }
  }, 
  {
    "pk": 320, 
    "model": "guide.guide", 
    "fields": {
      "dialog_before": [], 
      "des": "\u518d\u6b21\u8fdb\u884c\u6311\u6218\uff0c\u5b8c\u6210\u7b2c\u4e5d\u5173\u4e3b\u7ebf\u4efb\u52a1\u5c06\u8d60\u9001\u65b0\u7684\u9009\u624b\u788e\u7247", 
      "operate_type": 1, 
      "operate_target": "PVECombatFrame,ClipWindow/NormPanel/CombatItem_7", 
      "resume_url": "", 
      "arrow": 3, 
      "position": 1, 
      "next_id": 321, 
      "icon": "NPC_YD", 
      "after_dialog": []
    }
  }, 
  {
    "pk": 321, 
    "model": "guide.guide", 
    "fields": {
      "dialog_before": [], 
      "des": "", 
      "operate_type": 1, 
      "operate_target": "PVEPreviewFrame,Fight", 
      "resume_url": "", 
      "arrow": 4, 
      "position": 1, 
      "next_id": 0, 
      "icon": "", 
      "after_dialog": []
    }
  }, 
  {
    "pk": 330, 
    "model": "guide.guide", 
    "fields": {
      "dialog_before": [], 
      "des": "\u518d\u6b21\u8fdb\u884c\u6311\u6218\uff0c\u5b8c\u6210\u7b2c\u4e5d\u5173\u4e3b\u7ebf\u4efb\u52a1\u5c06\u8d60\u9001\u65b0\u7684\u9009\u624b\u788e\u7247", 
      "operate_type": 1, 
      "operate_target": "PVECombatFrame,ClipWindow/NormPanel/CombatItem_8", 
      "resume_url": "", 
      "arrow": 1, 
      "position": 1, 
      "next_id": 331, 
      "icon": "NPC_YD", 
      "after_dialog": []
    }
  }, 
  {
    "pk": 331, 
    "model": "guide.guide", 
    "fields": {
      "dialog_before": [], 
      "des": "", 
      "operate_type": 1, 
      "operate_target": "PVEPreviewFrame,Fight", 
      "resume_url": "", 
      "arrow": 4, 
      "position": 1, 
      "next_id": 0, 
      "icon": "", 
      "after_dialog": []
    }
  }, 
  {
    "pk": 340, 
    "model": "guide.guide", 
    "fields": {
      "dialog_before": [], 
      "des": "\u5b8c\u6210\u672c\u5173\u5373\u53ef\u83b7\u5f97\u65b0\u7684\u9009\u624b\u788e\u7247", 
      "operate_type": 1, 
      "operate_target": "PVECombatFrame,ClipWindow/NormPanel/CombatItem_9", 
      "resume_url": "", 
      "arrow": 2, 
      "position": 1, 
      "next_id": 0, 
      "icon": "NPC_YD", 
      "after_dialog": []
    }
  }, 
  {
    "pk": 400, 
    "model": "guide.guide", 
    "fields": {
      "dialog_before": [], 
      "des": "\u73b0\u5728\u6709\u8db3\u591f\u7684\u788e\u7247\u4e86\uff0c\u70b9\u51fb\u9053\u5177\u680f", 
      "operate_type": 1, 
      "operate_target": "HomePageFrame,Rb/Package", 
      "resume_url": "", 
      "arrow": 1, 
      "position": 1, 
      "next_id": 401, 
      "icon": "NPC_YD", 
      "after_dialog": []
    }
  }, 
  {
    "pk": 401, 
    "model": "guide.guide", 
    "fields": {
      "dialog_before": [], 
      "des": "\u70b9\u51fb\u788e\u7247\u6309\u94ae\uff0c\u67e5\u770b\u6240\u6709\u788e\u7247", 
      "operate_type": 1, 
      "operate_target": "PackageFrame,Group/Fragment", 
      "resume_url": "", 
      "arrow": 4, 
      "position": 2, 
      "next_id": 402, 
      "icon": "NPC_YD", 
      "after_dialog": []
    }
  }, 
  {
    "pk": 402, 
    "model": "guide.guide", 
    "fields": {
      "dialog_before": [], 
      "des": "\u788e\u7247\u5206\u4e3a\u88c5\u5907\u788e\u7247\u548c\u9009\u624b\u788e\u7247\uff0c\u73b0\u5728\u70b9\u51fb\u9009\u624b\u788e\u7247", 
      "operate_type": 1, 
      "operate_target": "PackageFrame,Page/FragmentPanel/Page/Hero", 
      "resume_url": "", 
      "arrow": 1, 
      "position": 2, 
      "next_id": 403, 
      "icon": "NPC_YD", 
      "after_dialog": []
    }
  }, 
  {
    "pk": 403, 
    "model": "guide.guide", 
    "fields": {
      "dialog_before": [], 
      "des": "\u70b9\u51fb\u788e\u7247\u5df2\u7ecf\u8db3\u591f\u7684\u9009\u624b", 
      "operate_type": 1, 
      "operate_target": "PackageFrame,Page/ClipWindow/PackagePanel/PackageItemPanel_0", 
      "resume_url": "", 
      "arrow": 1, 
      "position": 1, 
      "next_id": 404, 
      "icon": "NPC_YD", 
      "after_dialog": []
    }
  }, 
  {
    "pk": 404, 
    "model": "guide.guide", 
    "fields": {
      "dialog_before": [], 
      "des": "\u70b9\u51fb\u5408\u6210\uff0c\u606d\u559c\u4f60\u5f97\u5230\u65b0\u7684\u795e\u65cf\u9009\u624b", 
      "operate_type": 1, 
      "operate_target": "PackageFrame,Page/FragmentPanel/Detail/Merge", 
      "resume_url": "", 
      "arrow": 1, 
      "position": 1, 
      "next_id": 405, 
      "icon": "NPC_YD", 
      "after_dialog": []
    }
  }, 
  {
    "pk": 405, 
    "model": "guide.guide", 
    "fields": {
      "dialog_before": [], 
      "des": "\u524d\u5f80\u603b\u90e8\u5927\u697c\u4e0a\u9635\u8be5\u9009\u624b", 
      "operate_type": 1, 
      "operate_target": "PackageFrame,FrameTopAppendPanel/Close", 
      "resume_url": "", 
      "arrow": 3, 
      "position": 1, 
      "next_id": 406, 
      "icon": "NPC_YD", 
      "after_dialog": []
    }
  }, 
  {
    "pk": 406, 
    "model": "guide.guide", 
    "fields": {
      "dialog_before": [], 
      "des": "", 
      "operate_type": 3, 
      "operate_target": "1", 
      "resume_url": "", 
      "arrow": 0, 
      "position": 1, 
      "next_id": 407, 
      "icon": "", 
      "after_dialog": []
    }
  }, 
  {
    "pk": 407, 
    "model": "guide.guide", 
    "fields": {
      "dialog_before": [], 
      "des": "", 
      "operate_type": 1, 
      "operate_target": "HeroOnStageFrame,Image/3", 
      "resume_url": "", 
      "arrow": 4, 
      "position": 1, 
      "next_id": 408, 
      "icon": "", 
      "after_dialog": []
    }
  }, 
  {
    "pk": 408, 
    "model": "guide.guide", 
    "fields": {
      "dialog_before": [], 
      "des": "", 
      "operate_type": 1, 
      "operate_target": "HeroSelectFrame,Mask/HeroPanel/HeroSelectItemPanel_0", 
      "resume_url": "", 
      "arrow": 4, 
      "position": 1, 
      "next_id": 409, 
      "icon": "", 
      "after_dialog": []
    }
  }, 
  {
    "pk": 409, 
    "model": "guide.guide", 
    "fields": {
      "dialog_before": [], 
      "des": "\u70b9\u51fb\u786e\u8ba4", 
      "operate_type": 1, 
      "operate_target": "HeroSelectFrame,ConfirmButton", 
      "resume_url": "", 
      "arrow": 4, 
      "position": 1, 
      "next_id": 410, 
      "icon": "NPC_YD", 
      "after_dialog": []
    }
  }, 
  {
    "pk": 410, 
    "model": "guide.guide", 
    "fields": {
      "dialog_before": [], 
      "des": "", 
      "operate_type": 1, 
      "operate_target": "ArmySelectFrame,BG/Mask/ArmyPanel/ArmySelectItemPanel_0", 
      "resume_url": "", 
      "arrow": 4, 
      "position": 1, 
      "next_id": 411, 
      "icon": "", 
      "after_dialog": []
    }
  }, 
  {
    "pk": 411, 
    "model": "guide.guide", 
    "fields": {
      "dialog_before": [
        {
          "position": 1, 
          "dialog": "\u72c2\u70ed\u8005\u5c5e\u4e8e\u9632\u5fa1\u578b\u5175\u79cd\uff0c\u5efa\u8bae\u653e\u5728\u9635\u578b\u6700\u524d\u9762", 
          "icon": "NPC_YD"
        }
      ], 
      "des": "", 
      "operate_type": 1, 
      "operate_target": "ArmySelectFrame,ConfirmButton", 
      "resume_url": "", 
      "arrow": 3, 
      "position": 1, 
      "next_id": 412, 
      "icon": "", 
      "after_dialog": []
    }
  }, 
  {
    "pk": 412, 
    "model": "guide.guide", 
    "fields": {
      "dialog_before": [], 
      "des": "", 
      "operate_type": 1, 
      "operate_target": "HeroOnStageFrame,FrameTopAppendPanel/Close", 
      "resume_url": "", 
      "arrow": 3, 
      "position": 1, 
      "next_id": 414, 
      "icon": "", 
      "after_dialog": []
    }
  }, 
  {
    "pk": 413, 
    "model": "guide.guide", 
    "fields": {
      "dialog_before": [], 
      "des": "", 
      "operate_type": 3, 
      "operate_target": "2", 
      "resume_url": "", 
      "arrow": 0, 
      "position": 1, 
      "next_id": 414, 
      "icon": "", 
      "after_dialog": []
    }
  }, 
  {
    "pk": 414, 
    "model": "guide.guide", 
    "fields": {
      "dialog_before": [], 
      "des": "\u8fd4\u56de\u526f\u672c\u7ee7\u7eed\u6218\u6597\uff0c\u63a5\u4e0b\u6765\u8be5\u8fce\u63a5BOSS\u6218\u4e86", 
      "operate_type": 1, 
      "operate_target": "PVEWorldFrame,Down/EnterButton", 
      "resume_url": "", 
      "arrow": 3, 
      "position": 1, 
      "next_id": 0, 
      "icon": "NPC_YD", 
      "after_dialog": []
    }
  }, 
  {
    "pk": 500, 
    "model": "guide.guide", 
    "fields": {
      "dialog_before": [], 
      "des": "\u7ae0\u8282\u5df2\u7ecf\u5168\u90e8\u901a\u5173\uff0c\u8fd4\u56de\u5927\u533a\u5730\u56fe", 
      "operate_type": 1, 
      "operate_target": "PVECombatFrame,FrameTopAppendPanel/Close", 
      "resume_url": "", 
      "arrow": 3, 
      "position": 1, 
      "next_id": 501, 
      "icon": "NPC_YD", 
      "after_dialog": []
    }
  }, 
  {
    "pk": 501, 
    "model": "guide.guide", 
    "fields": {
      "dialog_before": [], 
      "des": "\u8fdb\u5165\u65b0\u7684\u7ae0\u8282\uff0c\u7ee7\u7eed\u8fdb\u884c\u6bd4\u8d5b", 
      "operate_type": 1, 
      "operate_target": "PVEWorldFrame,ClipWindow/ChapterPanel/PVEChapterItemPanel_1", 
      "resume_url": "", 
      "arrow": 4, 
      "position": 2, 
      "next_id": 502, 
      "icon": "NPC_YD", 
      "after_dialog": []
    }
  }, 
  {
    "pk": 502, 
    "model": "guide.guide", 
    "fields": {
      "dialog_before": [], 
      "des": "", 
      "operate_type": 1, 
      "operate_target": "PVEWorldFrame,Down/EnterButton", 
      "resume_url": "", 
      "arrow": 3, 
      "position": 1, 
      "next_id": 0, 
      "icon": "", 
      "after_dialog": []
    }
  }, 
  {
    "pk": 550, 
    "model": "guide.guide", 
    "fields": {
      "dialog_before": [], 
      "des": "\u901a\u5173\u8fd9\u4e2a\u7ae0\u8282\uff0c\u53ef\u4ee5\u901a\u8fc7\u65b0\u624b\u6d3b\u52a8\u5956\u52b1\u9886\u53d6\u65b0\u7684\u9009\u624b\uff01", 
      "operate_type": 1, 
      "operate_target": "PVECombatFrame,ClipWindow/NormPanel/CombatItem_2", 
      "resume_url": "", 
      "arrow": 2, 
      "position": 1, 
      "next_id": 0, 
      "icon": "NPC_YD", 
      "after_dialog": []
    }
  }, 
  {
    "pk": 560, 
    "model": "guide.guide", 
    "fields": {
      "dialog_before": [], 
      "des": "\u54c7\u54e6\uff0c\u518d\u5b8c\u6210\u4e00\u6b21\u6bd4\u8d5b\uff0c\u6211\u4eec\u5c31\u53ef\u4ee5\u83b7\u5f97\u4e00\u4e2a\u65b0\u7684\u9009\u624b\u4e86\uff0c\u60f3\u60f3\u90fd\u6709\u70b9\u5c0f\u6fc0\u52a8", 
      "operate_type": 1, 
      "operate_target": "PVECombatFrame,ClipWindow/NormPanel/CombatItem_10", 
      "resume_url": "", 
      "arrow": 2, 
      "position": 1, 
      "next_id": 0, 
      "icon": "NPC_YD", 
      "after_dialog": []
    }
  }, 
  {
    "pk": 600, 
    "model": "guide.guide", 
    "fields": {
      "dialog_before": [], 
      "des": "\u9009\u624b\u9664\u4e86\u53ef\u4ee5\u5347\u7ea7\u4ee5\u5916\uff0c\u8fd8\u53ef\u4ee5\u5347\u9636\uff0c\u73b0\u5728\u8fdb\u5165\u57f9\u8bad\u4e2d\u5fc3", 
      "operate_type": 3, 
      "operate_target": "5", 
      "resume_url": "", 
      "arrow": 0, 
      "position": 1, 
      "next_id": 601, 
      "icon": "NPC_YD", 
      "after_dialog": []
    }
  }, 
  {
    "pk": 601, 
    "model": "guide.guide", 
    "fields": {
      "dialog_before": [], 
      "des": "", 
      "operate_type": 1, 
      "operate_target": "BuildingFrame,FuncPanel/Func01", 
      "resume_url": "", 
      "arrow": 4, 
      "position": 1, 
      "next_id": 602, 
      "icon": "", 
      "after_dialog": []
    }
  }, 
  {
    "pk": 602, 
    "model": "guide.guide", 
    "fields": {
      "dialog_before": [], 
      "des": "", 
      "operate_type": 1, 
      "operate_target": "HeroPackageFrame,Strength", 
      "resume_url": "", 
      "arrow": 3, 
      "position": 1, 
      "next_id": 603, 
      "icon": "", 
      "after_dialog": []
    }
  }, 
  {
    "pk": 603, 
    "model": "guide.guide", 
    "fields": {
      "dialog_before": [], 
      "des": "\u968f\u7740\u73a9\u5bb6\u5347\u7ea7\u6216\u8005\u901a\u5173\u7684\u526f\u672c\uff0c\u5c06\u4f1a\u9010\u6e10\u5f00\u653e\u65b0\u7684\u5f3a\u5316\u65b9\u5f0f", 
      "operate_type": 1, 
      "operate_target": "HeroStrengthFrame,Group/UpStep", 
      "resume_url": "", 
      "arrow": 3, 
      "position": 1, 
      "next_id": 604, 
      "icon": "NPC_YD", 
      "after_dialog": []
    }
  }, 
  {
    "pk": 604, 
    "model": "guide.guide", 
    "fields": {
      "dialog_before": [], 
      "des": "\u70b9\u51fb\u5347\u9636\uff0c\u5347\u9636\u9664\u4e86\u57fa\u7840\u5c5e\u6027\u63d0\u5347\u5916\uff0c\u6bcf\u4e00\u9636\u8fd8\u53ef\u89e3\u9501\u7279\u6b8a\u5929\u8d4b\u80fd\u529b", 
      "operate_type": 1, 
      "operate_target": "HeroStrengthFrame,UP/Page/UpStep/Image (1)/Confirm", 
      "resume_url": "", 
      "arrow": 3, 
      "position": 1, 
      "next_id": 0, 
      "icon": "NPC_YD", 
      "after_dialog": []
    }
  }, 
  {
    "pk": 700, 
    "model": "guide.guide", 
    "fields": {
      "dialog_before": [], 
      "des": "\u524d\u5f80\u5175\u8425\uff0c\u5347\u7ea7\u5175\u79cd\u7b49\u7ea7", 
      "operate_type": 3, 
      "operate_target": "8", 
      "resume_url": "", 
      "arrow": 0, 
      "position": 1, 
      "next_id": 701, 
      "icon": "NPC_YD", 
      "after_dialog": []
    }
  }, 
  {
    "pk": 701, 
    "model": "guide.guide", 
    "fields": {
      "dialog_before": [], 
      "des": "\u70b9\u51fb\u4e00\u4e0b\uff0c\u5373\u53ef\u5207\u6362\u5175\u79cd\u79cd\u65cf", 
      "operate_type": 1, 
      "operate_target": "ArmyStrengthFrame,RacePanel/RaceItemPanel (2)", 
      "resume_url": "", 
      "arrow": 4, 
      "position": 2, 
      "next_id": 702, 
      "icon": "NPC_YD", 
      "after_dialog": []
    }
  }, 
  {
    "pk": 702, 
    "model": "guide.guide", 
    "fields": {
      "dialog_before": [], 
      "des": "\u70b9\u51fb\u866b\u65cf\u56fe\u6807\uff0c\u5207\u6362\u5230\u866b\u65cf\u754c\u9762", 
      "operate_type": 1, 
      "operate_target": "ArmyStrengthFrame,RacePanel/RaceItemPanel (3)", 
      "resume_url": "", 
      "arrow": 4, 
      "position": 2, 
      "next_id": 703, 
      "icon": "NPC_YD", 
      "after_dialog": []
    }
  }, 
  {
    "pk": 703, 
    "model": "guide.guide", 
    "fields": {
      "dialog_before": [], 
      "des": "\u5347\u7ea7\u8df3\u866b\u7b49\u7ea7\uff0c\u63d0\u5347\u8be5\u5175\u79cd\u7684\u80fd\u529b", 
      "operate_type": 1, 
      "operate_target": "ArmyStrengthFrame,ModelPanel/Up/UpLvl", 
      "resume_url": "", 
      "arrow": 3, 
      "position": 1, 
      "next_id": 704, 
      "icon": "NPC_YD", 
      "after_dialog": []
    }
  }, 
  {
    "pk": 704, 
    "model": "guide.guide", 
    "fields": {
      "dialog_before": [], 
      "des": "\u6bcf\u4e2a\u5175\u79cd\u90fd\u53ef\u4ee5\u8fdb\u884c\u5347\u7ea7\uff0c\u591a\u591a\u6765\u5347\u7ea7\u5175\u79cd\uff0c\u63d0\u5347\u961f\u4f0d\u7684\u6574\u4f53\u5b9e\u529b\u5427", 
      "operate_type": 1, 
      "operate_target": "ArmyUpLvlFrame,Confirm", 
      "resume_url": "", 
      "arrow": 3, 
      "position": 1, 
      "next_id": 705, 
      "icon": "NPC_YD", 
      "after_dialog": []
    }
  }, 
  {
    "pk": 705, 
    "model": "guide.guide", 
    "fields": {
      "dialog_before": [], 
      "des": "\u73b0\u5728\u8fd4\u56de\u526f\u672c\u7ee7\u7eed\u6bd4\u8d5b\u5427\uff0c\u8be5\u7ae0\u8282\u526f\u672c\u8fbe\u523030\u661f\u5c06\u4f1a\u83b7\u5f97\u4e00\u4e2a\u65b0\u7684\u9009\u624b\u54e6", 
      "operate_type": 1, 
      "operate_target": "ArmyUpLvlFrame,Close", 
      "resume_url": "", 
      "arrow": 3, 
      "position": 1, 
      "next_id": 0, 
      "icon": "NPC_YD", 
      "after_dialog": []
    }
  }, 
  {
    "pk": 750, 
    "model": "guide.guide", 
    "fields": {
      "dialog_before": [], 
      "des": "\u7ee7\u7eed\u8fdb\u884c\u6bd4\u8d5b\u5427\uff0c\u901a\u5173\u526f\u672c\u53c8\u53ef\u4ee5\u9886\u53d6\u65b0\u7684\u9009\u624b\u4e86\uff01", 
      "operate_type": 1, 
      "operate_target": "PVECombatFrame,ClipWindow/NormPanel/CombatItem_2", 
      "resume_url": "", 
      "arrow": 2, 
      "position": 1, 
      "next_id": 0, 
      "icon": "NPC_YD", 
      "after_dialog": []
    }
  }, 
  {
    "pk": 780, 
    "model": "guide.guide", 
    "fields": {
      "dialog_before": [], 
      "des": "\u7ee7\u7eed\u8fdb\u884c\u6bd4\u8d5b\u5427\uff0c\u79bb\u65b0\u7684\u9009\u624b\u53ea\u6709\u4e00\u6b65\u4e4b\u9065\u4e86\uff01", 
      "operate_type": 1, 
      "operate_target": "PVECombatFrame,ClipWindow/NormPanel/CombatItem_10", 
      "resume_url": "", 
      "arrow": 2, 
      "position": 1, 
      "next_id": 0, 
      "icon": "NPC_YD", 
      "after_dialog": []
    }
  }, 
  {
    "pk": 800, 
    "model": "guide.guide", 
    "fields": {
      "dialog_before": [
        {
          "position": 1, 
          "dialog": "\u524d\u7ebf\u57fa\u5730\u5f00\u653e\u4e86,\u73a9\u5bb6\u53ef\u4ee5\u5728\u7ade\u6280\u573a\u8fdb\u4e0e\u5176\u4ed6\u73a9\u5bb6\u8fdb\u884c\u7ade\u6280PK", 
          "icon": "NPC_YD"
        }
      ], 
      "des": "", 
      "operate_type": 3, 
      "operate_target": "9", 
      "resume_url": "", 
      "arrow": 3, 
      "position": 1, 
      "next_id": 801, 
      "icon": "", 
      "after_dialog": []
    }
  }, 
  {
    "pk": 801, 
    "model": "guide.guide", 
    "fields": {
      "dialog_before": [], 
      "des": "\u70b9\u51fb\u8fdb\u5165\u7ade\u6280\u573a", 
      "operate_type": 1, 
      "operate_target": "BuildingFrame,FuncPanel/Func01", 
      "resume_url": "", 
      "arrow": 3, 
      "position": 1, 
      "next_id": 802, 
      "icon": "NPC_YD", 
      "after_dialog": []
    }
  }, 
  {
    "pk": 802, 
    "model": "guide.guide", 
    "fields": {
      "dialog_before": [
        {
          "position": 1, 
          "dialog": "\u70b9\u51fb\u5339\u914d\u6218\u6597\u5373\u53ef\u4e0e\u641c\u7d22\u5230\u7684\u73a9\u5bb6\u8fdb\u884c\u7ade\u6280\u5bf9\u6218\uff0c\u83b7\u5f97\u79ef\u5206", 
          "icon": "NPC_YD"
        }
      ], 
      "des": "", 
      "operate_type": 0, 
      "operate_target": "", 
      "resume_url": "", 
      "arrow": 0, 
      "position": 1, 
      "next_id": 0, 
      "icon": "", 
      "after_dialog": []
    }
  }, 
  {
    "pk": 900, 
    "model": "guide.guide", 
    "fields": {
      "dialog_before": [], 
      "des": "\u5175\u79cd\u9664\u4e86\u53ef\u4ee5\u5347\u7ea7\u4ee5\u5916\uff0c\u540c\u6837\u53ef\u4ee5\u5347\u9636\uff0c\u73b0\u5728\u8fdb\u5165\u5175\u8425", 
      "operate_type": 3, 
      "operate_target": "8", 
      "resume_url": "", 
      "arrow": 0, 
      "position": 1, 
      "next_id": 901, 
      "icon": "NPC_YD", 
      "after_dialog": []
    }
  }, 
  {
    "pk": 901, 
    "model": "guide.guide", 
    "fields": {
      "dialog_before": [], 
      "des": "\u70b9\u51fb\u6309\u94ae\u5373\u53ef\u5347\u9636\uff0c\u5347\u9636\u4ee5\u540e\uff0c\u5175\u79cd\u5b9e\u529b\u5927\u589e\u54e6", 
      "operate_type": 1, 
      "operate_target": "ArmyStrengthFrame,ModelPanel/Up/UpStep", 
      "resume_url": "", 
      "arrow": 3, 
      "position": 1, 
      "next_id": 0, 
      "icon": "NPC_YD", 
      "after_dialog": []
    }
  }, 
  {
    "pk": 1000, 
    "model": "guide.guide", 
    "fields": {
      "dialog_before": [], 
      "des": "\u63d0\u5347\u9009\u624b\u661f\u7ea7\uff0c\u524d\u5f80\u57f9\u8bad\u4e2d\u5fc3", 
      "operate_type": 3, 
      "operate_target": "5", 
      "resume_url": "", 
      "arrow": 0, 
      "position": 1, 
      "next_id": 1001, 
      "icon": "NPC_YD", 
      "after_dialog": []
    }
  }, 
  {
    "pk": 1001, 
    "model": "guide.guide", 
    "fields": {
      "dialog_before": [], 
      "des": "", 
      "operate_type": 1, 
      "operate_target": "BuildingFrame,FuncPanel/Func01", 
      "resume_url": "", 
      "arrow": 3, 
      "position": 1, 
      "next_id": 1002, 
      "icon": "", 
      "after_dialog": []
    }
  }, 
  {
    "pk": 1002, 
    "model": "guide.guide", 
    "fields": {
      "dialog_before": [], 
      "des": "", 
      "operate_type": 1, 
      "operate_target": "HeroPackageFrame,Strength", 
      "resume_url": "", 
      "arrow": 3, 
      "position": 1, 
      "next_id": 1003, 
      "icon": "", 
      "after_dialog": []
    }
  }, 
  {
    "pk": 1003, 
    "model": "guide.guide", 
    "fields": {
      "dialog_before": [], 
      "des": "", 
      "operate_type": 1, 
      "operate_target": "HeroStrengthFrame,Group/UpStar", 
      "resume_url": "", 
      "arrow": 3, 
      "position": 1, 
      "next_id": 1004, 
      "icon": "", 
      "after_dialog": []
    }
  }, 
  {
    "pk": 1004, 
    "model": "guide.guide", 
    "fields": {
      "dialog_before": [], 
      "des": "\u9009\u624b\u8fbe\u5230\u6bcf5\u4e2a\u5c0f\u7ea7\u540e\uff0c\u7edf\u5e05\u80fd\u529b\u4f1a\u63d0\u9ad8\uff0c\u643a\u5e26\u7684\u5175\u79cd\u6570\u91cf\u4f1a\u63d0\u5347\uff0c\u6218\u6597\u529b\u5927\u5e45\u63d0\u9ad8", 
      "operate_type": 1, 
      "operate_target": "HeroStrengthFrame,UP/Page/UpStar/Image/Quick", 
      "resume_url": "", 
      "arrow": 3, 
      "position": 1, 
      "next_id": 0, 
      "icon": "NPC_YD", 
      "after_dialog": []
    }
  }, 
  {
    "pk": 1100, 
    "model": "guide.guide", 
    "fields": {
      "dialog_before": [], 
      "des": "", 
      "operate_type": 3, 
      "operate_target": "2", 
      "resume_url": "", 
      "arrow": 0, 
      "position": 1, 
      "next_id": 1101, 
      "icon": "", 
      "after_dialog": []
    }
  }, 
  {
    "pk": 1101, 
    "model": "guide.guide", 
    "fields": {
      "dialog_before": [], 
      "des": "\u6307\u6325\u5b98\uff0c\u73b0\u5728\u5df2\u7ecf\u53ef\u4ee5\u6311\u6218\u7cbe\u82f1\u526f\u672c\u4e86\u54e6\uff0c\u5728\u7cbe\u82f1\u526f\u672c\u4e2d\u4f60\u5c06\u4f1a\u83b7\u5f97\u9009\u624b\u7684\u788e\u7247\uff0c\u52a0\u6cb9\u5427~", 
      "operate_type": 1, 
      "operate_target": "PVEWorldFrame,Down/Switch", 
      "resume_url": "", 
      "arrow": 4, 
      "position": 2, 
      "next_id": 1102, 
      "icon": "NPC_YD", 
      "after_dialog": []
    }
  }, 
  {
    "pk": 1102, 
    "model": "guide.guide", 
    "fields": {
      "dialog_before": [], 
      "des": "", 
      "operate_type": 1, 
      "operate_target": "PVEWorldFrame,Down/EnterButton", 
      "resume_url": "", 
      "arrow": 3, 
      "position": 1, 
      "next_id": 0, 
      "icon": "", 
      "after_dialog": []
    }
  }, 
  {
    "pk": 1200, 
    "model": "guide.guide", 
    "fields": {
      "dialog_before": [], 
      "des": "\u70b9\u51fb\u603b\u90e8\u5927\u697c,\u8fdb\u5165\u5e03\u9635\u754c\u9762", 
      "operate_type": 3, 
      "operate_target": "1", 
      "resume_url": "", 
      "arrow": 0, 
      "position": 1, 
      "next_id": 1201, 
      "icon": "NPC_YD", 
      "after_dialog": []
    }
  }, 
  {
    "pk": 1201, 
    "model": "guide.guide", 
    "fields": {
      "dialog_before": [], 
      "des": "\u70b9\u51fb\u6362\u9635\uff0c\u8fdb\u5165\u9635\u578b\u9009\u62e9\u754c\u9762", 
      "operate_type": 1, 
      "operate_target": "HeroOnStageFrame,Detail/ChangeFor", 
      "resume_url": "", 
      "arrow": 1, 
      "position": 2, 
      "next_id": 1202, 
      "icon": "NPC_YD", 
      "after_dialog": []
    }
  }, 
  {
    "pk": 1202, 
    "model": "guide.guide", 
    "fields": {
      "dialog_before": [
        {
          "position": 2, 
          "dialog": "\u6bcf\u4e2a\u9635\u578b\u6709\u4e0d\u540c\u7684\u4f7f\u7528\u6761\u4ef6\u548c\u6210\u957f\u65b9\u5411\uff0c\u8fd8\u53ef\u4ee5\u5728\u6218\u524d\u5e03\u9635\u9009\u62e9\u5175\u79cd\u8fdb\u884c\u6218\u672f\u5207\u6362(\u4fa7\u7ffc\u7ed5\u540e\u653b\u51fb\uff09\uff0c\u9009\u62e9\u9002\u5408\u7684\u9635\u578b\u8fdb\u884c\u6fc0\u6d3b\uff0c\u53e6\u5916\u9635\u578b\u8fd8\u53ef\u4ee5\u901a\u8fc7\u6d88\u8017\u516c\u4f1a\u5e01\u5347\u7ea7\u54e6", 
          "icon": "NPC_YD"
        }
      ], 
      "des": "", 
      "operate_type": 0, 
      "operate_target": "", 
      "resume_url": "", 
      "arrow": 0, 
      "position": 1, 
      "next_id": 0, 
      "icon": "", 
      "after_dialog": []
    }
  }, 
  {
    "pk": 1300, 
    "model": "guide.guide", 
    "fields": {
      "dialog_before": [
        {
          "position": 1, 
          "dialog": "\u8d44\u6e90\u4e2d\u5fc3\u5f00\u653e\u4e86,\u73a9\u5bb6\u53ef\u4ee5\u5728\u8fd9\u91cc\u83b7\u53d6\u5f3a\u5316\u6240\u9700\u7684\u5404\u79cd\u8d44\u6e90", 
          "icon": "NPC_YD"
        }
      ], 
      "des": "", 
      "operate_type": 3, 
      "operate_target": "3", 
      "resume_url": "", 
      "arrow": 0, 
      "position": 1, 
      "next_id": 1301, 
      "icon": "", 
      "after_dialog": []
    }
  }, 
  {
    "pk": 1301, 
    "model": "guide.guide", 
    "fields": {
      "dialog_before": [], 
      "des": "\u70b9\u51fb\u8fdb\u5165\u65e5\u5e38\u526f\u672c", 
      "operate_type": 1, 
      "operate_target": "BuildingFrame,FuncPanel/Func01", 
      "resume_url": "", 
      "arrow": 3, 
      "position": 1, 
      "next_id": 1302, 
      "icon": "NPC_YD", 
      "after_dialog": []
    }
  }, 
  {
    "pk": 1302, 
    "model": "guide.guide", 
    "fields": {
      "dialog_before": [
        {
          "position": 1, 
          "dialog": "\u6bcf\u5929\u4f1a\u5f00\u653e\u4e0d\u540c\u7684\u8d44\u6e90\u526f\u672c,\u6d88\u8017\u4f53\u529b\u548c\u6b21\u6570\u5c31\u53ef\u8fdb\u5165\u5bf9\u5e94\u8d44\u6e90\u526f\u672c\uff08VIP\u7b49\u7ea7\u63d0\u5347\u52303\u53ef\u4ee5\u8d2d\u4e70\u989d\u5916\u6b21\u6570\uff09", 
          "icon": "NPC_YD"
        }
      ], 
      "des": "", 
      "operate_type": 0, 
      "operate_target": "", 
      "resume_url": "", 
      "arrow": 0, 
      "position": 1, 
      "next_id": 0, 
      "icon": "", 
      "after_dialog": []
    }
  }, 
  {
    "pk": 1400, 
    "model": "guide.guide", 
    "fields": {
      "dialog_before": [
        {
          "position": 1, 
          "dialog": "\u516c\u4f1a\u5927\u697c\u5f00\u653e\u4e86,\u73a9\u5bb6\u53ef\u4ee5\u5728\u8fd9\u91cc\u521b\u5efa\u548c\u52a0\u5165\u516c\u4f1a\uff0c\u8fdb\u884c\u5404\u79cd\u516c\u4f1a\u6d3b\u52a8", 
          "icon": "NPC_YD"
        }
      ], 
      "des": "", 
      "operate_type": 3, 
      "operate_target": "7", 
      "resume_url": "", 
      "arrow": 0, 
      "position": 1, 
      "next_id": 1401, 
      "icon": "", 
      "after_dialog": []
    }
  }, 
  {
    "pk": 1401, 
    "model": "guide.guide", 
    "fields": {
      "dialog_before": [], 
      "des": "\u70b9\u51fb\u8fdb\u5165\u67e5\u770b\u516c\u4f1a", 
      "operate_type": 1, 
      "operate_target": "BuildingFrame,FuncPanel/Func02", 
      "resume_url": "", 
      "arrow": 3, 
      "position": 1, 
      "next_id": 1402, 
      "icon": "NPC_YD", 
      "after_dialog": []
    }
  }, 
  {
    "pk": 1402, 
    "model": "guide.guide", 
    "fields": {
      "dialog_before": [
        {
          "position": 1, 
          "dialog": "\u8fd9\u91cc\u53ef\u4ee5\u521b\u5efa\u6216\u52a0\u5165\u5df2\u6709\u7684\u516c\u4f1a\uff08\u52a0\u5165\u516c\u4f1a\u540e\u901a\u8fc7\u6211\u7684\u516c\u4f1a\u8fdb\u5165\uff09", 
          "icon": "NPC_YD"
        }
      ], 
      "des": "", 
      "operate_type": 0, 
      "operate_target": "", 
      "resume_url": "", 
      "arrow": 0, 
      "position": 1, 
      "next_id": 0, 
      "icon": "", 
      "after_dialog": []
    }
  }, 
  {
    "pk": 1500, 
    "model": "guide.guide", 
    "fields": {
      "dialog_before": [
        {
          "position": 1, 
          "dialog": "\u8bad\u7ec3\u5854\u5f00\u653e\u4e86\uff0c\u73a9\u5bb6\u53ef\u4ee5\u901a\u8fc7\u8d44\u6e90\u4e2d\u5fc3\u8fdb\u5165", 
          "icon": "NPC_YD"
        }
      ], 
      "des": "", 
      "operate_type": 3, 
      "operate_target": "3", 
      "resume_url": "", 
      "arrow": 0, 
      "position": 1, 
      "next_id": 1501, 
      "icon": "", 
      "after_dialog": []
    }
  }, 
  {
    "pk": 1501, 
    "model": "guide.guide", 
    "fields": {
      "dialog_before": [], 
      "des": "\u70b9\u51fb\u8fdb\u5165\u8bad\u7ec3\u5854", 
      "operate_type": 1, 
      "operate_target": "BuildingFrame,FuncPanel/Func02", 
      "resume_url": "", 
      "arrow": 3, 
      "position": 1, 
      "next_id": 1502, 
      "icon": "NPC_YD", 
      "after_dialog": []
    }
  }, 
  {
    "pk": 1502, 
    "model": "guide.guide", 
    "fields": {
      "dialog_before": [], 
      "des": "\u70b9\u51fb\u7b2c\u4e00\u5c42\u5f00\u59cb\u6311\u6218\uff0c\u83b7\u80dc\u540e\u83b7\u5f97\u8363\u8a89\u5e01\u53ef\u5728\u8363\u8a89\u5546\u5e97\u8d2d\u4e70\u88c5\u5907\u788e\u7247\uff08\u661f\u7ea7\u8d8a\u9ad8\u83b7\u5f97\u7684\u8363\u8a89\u5e01\u8d8a\u9ad8\u54e6\uff09", 
      "operate_type": 1, 
      "operate_target": "TowerFrame,Mask/Clip/FightPanel/TowerItemPanel_49", 
      "resume_url": "", 
      "arrow": 4, 
      "position": 2, 
      "next_id": 1503, 
      "icon": "NPC_YD", 
      "after_dialog": []
    }
  }, 
  {
    "pk": 1503, 
    "model": "guide.guide", 
    "fields": {
      "dialog_before": [], 
      "des": "", 
      "operate_type": 0, 
      "operate_target": "", 
      "resume_url": "", 
      "arrow": 0, 
      "position": 1, 
      "next_id": 0, 
      "icon": "", 
      "after_dialog": []
    }
  }, 
  {
    "pk": 1600, 
    "model": "guide.guide", 
    "fields": {
      "dialog_before": [
        {
          "position": 1, 
          "dialog": "\u63a0\u593a\u57fa\u5730\u5f00\u653e\u4e86,\u73a9\u5bb6\u53ef\u4ee5\u901a\u8fc7\u524d\u7ebf\u57fa\u5730\u8fdb\u5165", 
          "icon": "NPC_YD"
        }
      ], 
      "des": "", 
      "operate_type": 3, 
      "operate_target": "9", 
      "resume_url": "", 
      "arrow": 0, 
      "position": 1, 
      "next_id": 1601, 
      "icon": "", 
      "after_dialog": []
    }
  }, 
  {
    "pk": 1601, 
    "model": "guide.guide", 
    "fields": {
      "dialog_before": [], 
      "des": "\u70b9\u51fb\u8fdb\u5165\u524d\u7ebf\u57fa\u5730", 
      "operate_type": 1, 
      "operate_target": "BuildingFrame,FuncPanel/Func02", 
      "resume_url": "", 
      "arrow": 3, 
      "position": 1, 
      "next_id": 1602, 
      "icon": "NPC_YD", 
      "after_dialog": []
    }
  }, 
  {
    "pk": 1602, 
    "model": "guide.guide", 
    "fields": {
      "dialog_before": [
        {
          "position": 1, 
          "dialog": "\u8fd9\u91cc\u53ef\u4ee5\u63a0\u593a\u5176\u4ed6\u73a9\u5bb6\u7684\u57fa\u5730\u83b7\u53d6\u8d44\u6e90\uff0c\u83b7\u53d6\u7684\u8d44\u6e90\u5728\u6211\u65b9\u57fa\u5730\u8f66\u95f4\u6253\u9020\u795e\u5668\u88c5\u5907\uff08\u63a0\u593a\u524d\u4e00\u5b9a\u8bb0\u5f97\u5e03\u7f6e\u9635\u5bb9\uff09", 
          "icon": "NPC_YD"
        }
      ], 
      "des": "", 
      "operate_type": 0, 
      "operate_target": "", 
      "resume_url": "", 
      "arrow": 0, 
      "position": 1, 
      "next_id": 0, 
      "icon": "", 
      "after_dialog": []
    }
  }, 
  {
    "pk": 1700, 
    "model": "guide.guide", 
    "fields": {
      "dialog_before": [], 
      "des": "\u70b9\u51fb\u65b0\u624b\u6d3b\u52a8", 
      "operate_type": 1, 
      "operate_target": "HomePageFrame,Rt/NewPlayer", 
      "resume_url": "", 
      "arrow": 3, 
      "position": 3, 
      "next_id": 1701, 
      "icon": "NPC_YD", 
      "after_dialog": []
    }
  }, 
  {
    "pk": 1701, 
    "model": "guide.guide", 
    "fields": {
      "dialog_before": [], 
      "des": "\u9009\u62e9\u7b2c\u4e00\u5929\u7684\u65b0\u624b\u6d3b\u52a8", 
      "operate_type": 1, 
      "operate_target": "ActivityNewPlayerFrame,TypePanel/1", 
      "resume_url": "", 
      "arrow": 3, 
      "position": 3, 
      "next_id": 1702, 
      "icon": "NPC_YD", 
      "after_dialog": []
    }
  }, 
  {
    "pk": 1702, 
    "model": "guide.guide", 
    "fields": {
      "dialog_before": [], 
      "des": "\u9886\u53d6\u526f\u672c\u901a\u5173\u5956\u52b1\uff0c\u83b7\u5f97\u65b0\u7684\u4e0a\u9635\u9009\u624b\uff08\u8bb0\u7684\u5728\u603b\u90e8\u5927\u697c\u4e0a\u9635\uff09,\u7ee7\u7eed\u5f81\u6218\u526f\u672c\uff0c\u83b7\u5f97\u66f4\u591a\u7684\u9009\u624b\u548c\u5956\u52b1\u5427", 
      "operate_type": 1, 
      "operate_target": "ActivityNewPlayerFrame,Right/BG/TaskPanel/ActivityNewPlayerItemtPanel_0/AwardButton", 
      "resume_url": "", 
      "arrow": 3, 
      "position": 3, 
      "next_id": 0, 
      "icon": "NPC_YD", 
      "after_dialog": []
    }
  }, 
  {
    "pk": 9999, 
    "model": "guide.guide", 
    "fields": {
      "dialog_before": [
        {
          "position": 1, 
          "dialog": "\u60f3\u5f53\u521d\u54e5\u771f\u662f\u6709\u5b9e\u529b\uff0c\u90a3\u6b21\u7684\u6bd4\u8d5b\u771f\u662f\u9163\u7545\u6dcb\u6f13", 
          "icon": "NPC_Z_F91"
        }
      ], 
      "des": "", 
      "operate_type": 0, 
      "operate_target": "", 
      "resume_url": "", 
      "arrow": 0, 
      "position": 1, 
      "next_id": 1, 
      "icon": "", 
      "after_dialog": [
        {
          "position": 2, 
          "dialog": "\u597d\u6c49\u4e0d\u63d0\u5f53\u5e74\u52c7\uff0c\u73b0\u5728\u6211\u4eec\u6765\u597d\u597d\u7684\u7ec4\u5efa\u6218\u961f\u57f9\u517b\u661f\u9645\u65b0\u9c9c\u8840\u6db2\u624d\u662f\u5173\u952e\u3002", 
          "icon": "NPC_Z_xiaose"
        }
      ]
    }
  }, 
  {
    "pk": 10000, 
    "model": "guide.guide", 
    "fields": {
      "dialog_before": [
        {
          "position": 1, 
          "dialog": "3\u5e74\u524d\u7684\u603b\u51b3\u8d5b\u3002\u3002\u3002\u3002\u3002", 
          "icon": "NPC_YD"
        }
      ], 
      "des": "", 
      "operate_type": 0, 
      "operate_target": "", 
      "resume_url": "", 
      "arrow": 0, 
      "position": 1, 
      "next_id": 9999, 
      "icon": "", 
      "after_dialog": []
    }
  }
]