[
  {
    "fields": {
      "picture": "", 
      "package": 0, 
      "dialog_after": [
        "\u8fd9\u91cc\u662f\u6211\u4eec\u7684\u4eba\u624d\u5e02\u573a\uff0c\u6211\u4eec\u53ef\u4ee5\u5728\u8fd9\u91cc\u62db\u52df\u6218\u961f\u7684\u961f\u5458\uff0c\u7ba1\u7406\u6211\u4eec\u7684\u6218\u961f\uff0c\u662f\u6211\u4eec\u7535\u7ade\u4e4b\u65c5\u5f00\u59cb\u7684\u5730\u65b9\uff0c\u73b0\u5728\u6211\u4eec\u5148\u70b9\u51fb\u5728\u3010\u961f\u5458\u62db\u52df\u3011\uff0c\u53bb\u62db\u52df\u4e00\u4e2a\u961f\u5458\u5427\uff01"
      ], 
      "operate_type": 3, 
      "operate_target": "3", 
      "resume_url": " 3", 
      "arrow": 0, 
      "position": 1, 
      "next_id": 2, 
      "dialog_before": [
        "\u6b22\u8fce\u6765\u5230\u7535\u7ade\u7ecf\u7406\uff0c\u6211\u662f\u4f60\u7684\u5c0f\u79d8\u4e66\u5708\u5708\uff01\u63a5\u4e0b\u6765\u7684\u51e0\u5206\u949f\u91cc\uff0c\u6211\u5c06\u4e3a\u60a8\u4ecb\u7ecd\u7535\u7ade\u4e4b\u90fd\u7684\u4e00\u4e9b\u60c5\u51b5\uff0c\u5e0c\u671b\u53ef\u4ee5\u5e2e\u5f97\u4e0a\u4f60\u7684\u5fd9\u3002"
      ]
    }, 
    "model": "guide.guide", 
    "pk": 1
  }, 
  {
    "fields": {
      "picture": "", 
      "package": 0, 
      "dialog_after": [], 
      "operate_type": 1, 
      "operate_target": "BuildingFrame,FuncPanel/Func02", 
      "resume_url": "3", 
      "arrow": 4, 
      "position": 1, 
      "next_id": 3, 
      "dialog_before": []
    }, 
    "model": "guide.guide", 
    "pk": 2
  }, 
  {
    "fields": {
      "picture": "", 
      "package": 0, 
      "dialog_after": [
        "\u786e\u5b9a\u4f7f\u7528\u666e\u901a\u5408\u7ea6\uff01"
      ], 
      "operate_type": 1, 
      "operate_target": "HeroDrawFrame,Card/Normal", 
      "resume_url": "BuildingFrame,FuncPanel/Func02", 
      "arrow": 1, 
      "position": 1, 
      "next_id": 33, 
      "dialog_before": [
        "\u5728\u8fd9\u91cc\uff0c\u6211\u4eec\u53ef\u4ee5\u770b\u5230\u4f18\u79c0\u7684\u4eba\u6c14\u660e\u661f\uff01\u4e0d\u8fc7\u6211\u4eec\u73b0\u5728\u66f4\u9700\u8981\u7684\u662f\u4e00\u4e2a\u80fd\u968f\u7740\u6218\u961f\u6210\u957f\u7684\u961f\u5458\u3002\u4f7f\u7528\u666e\u901a\u5408\u7ea6\u540e\uff0c\u5c31\u80fd\u770b\u5230\u666e\u901a\u5408\u7ea6\u80fd\u591f\u7b7e\u4e0b\u7684\u961f\u5458\u4e86\u3002"
      ]
    }, 
    "model": "guide.guide", 
    "pk": 3
  }, 
  {
    "fields": {
      "picture": "", 
      "package": 0, 
      "dialog_after": [
        "\u8001\u5927\uff0c\u8ddf\u6211\u6765\uff0c\u6211\u4eec\u9000\u56de\u5230\u4eba\u624d\u5e02\u573a\u7684\u5927\u5385\u53bb\uff0c\u6211\u5e26\u60a8\u53bb\u770b\u770b\u4eba\u624d\u5e02\u573a\u5176\u4ed6\u7684\u529f\u80fd~"
      ], 
      "operate_type": 1, 
      "operate_target": "HeroDrawFrame,Eye/Hero3DDrawPanel/Root/Slot7/Background/Buy", 
      "resume_url": "HeroDrawFrame,Card/Normal", 
      "arrow": 2, 
      "position": 1, 
      "next_id": 5, 
      "dialog_before": [
        "\u73b0\u5728\u5c31\u62db\u52df\u4f60\u7684\u961f\u5458\u5427\uff01"
      ]
    }, 
    "model": "guide.guide", 
    "pk": 4
  }, 
  {
    "fields": {
      "picture": "", 
      "package": 0, 
      "dialog_after": [], 
      "operate_type": 1, 
      "operate_target": "HeroDrawFrame,FrameTopAppendPanel/BG_Animator/Menu", 
      "resume_url": "HeroDrawFrame,Eye/Hero3DDrawPanel/Root/Slot7/Background/Buy", 
      "arrow": 4, 
      "position": 1, 
      "next_id": 7, 
      "dialog_before": []
    }, 
    "model": "guide.guide", 
    "pk": 5
  }, 
  {
    "fields": {
      "picture": "", 
      "package": 0, 
      "dialog_after": [], 
      "operate_type": 1, 
      "operate_target": "BuildingFrame,FuncPanel/Func01", 
      "resume_url": "3", 
      "arrow": 4, 
      "position": 1, 
      "next_id": 8, 
      "dialog_before": [
        "\u8001\u5927\uff0c\u6211\u73b0\u5728\u5e26\u60a8\u53bb\u7ba1\u7406\u4f60\u7684\u6218\u961f\uff0c\u72e0\u72e0\u7684\u8279\u7ec3\u60a8\u7684\u961f\u5458\u4eec\u5427\uff01"
      ]
    }, 
    "model": "guide.guide", 
    "pk": 7
  }, 
  {
    "fields": {
      "picture": "", 
      "package": 0, 
      "dialog_after": [
        "\u55ef\uff01\u8001\u5927\uff0c\u60a8\u771f\u662f\u82f1\u660e\u795e\u6b66\uff0c\u8fd9\u4e48\u590d\u6742\u7684\u64cd\u4f5c\uff0c\u5c45\u7136\u8fd9\u4e48\u5feb\u5c31\u5b66\u4f1a\u4e86\uff0c\u8001\u5927\u8bf7\u8ddf\u6211\u6765\uff0c\u6211\u4eec\u53bb\u4eba\u624d\u5e02\u573a\u5927\u5385~"
      ], 
      "operate_type": 2, 
      "operate_target": "TeamFrame,Team/ClipWindow/RolePanel/RolePanel/RoleTeamItemPanel/Background/Icon,Formation/Background/Icon0", 
      "resume_url": "BuildingFrame,FuncPanel/Func01", 
      "arrow": 0, 
      "position": 1, 
      "next_id": 9, 
      "dialog_before": [
        "\u6309\u4f4f\u961f\u5458\u7684\u5934\u50cf\uff0c\u628a\u4ed6\u62d6\u5230\u53f3\u8fb9\u7684\u65b9\u6846\u91cc\u9762\uff0c\u5c31\u53ef\u4ee5\u8ba9\u961f\u5458\u4e0a\u9635\u4e86\uff01"
      ]
    }, 
    "model": "guide.guide", 
    "pk": 8
  }, 
  {
    "fields": {
      "picture": "", 
      "package": 0, 
      "dialog_after": [], 
      "operate_type": 1, 
      "operate_target": "TeamFrame,FrameTopAppendPanel/BG_Animator/Menu", 
      "resume_url": "BuildingFrame,FuncPanel/Func01", 
      "arrow": 4, 
      "position": 1, 
      "next_id": 30, 
      "dialog_before": [
        "\u8001\u5927\uff0c\u4eba\u624d\u5e02\u573a\u6211\u4eec\u5c31\u5148\u53c2\u89c2\u5230\u8fd9\u91cc\u5427\uff0c\u9732\u9732\u5e26\u4f60\u53bb\u770b\u770b\u7535\u7ade\u4e4b\u90fd\u7684\u5176\u4ed6\u5efa\u7b51\u3002\u8fd9\u4e9b\u90fd\u662f\u5c5e\u4e8e\u8001\u5927\u4f60\u7684\u54e6\uff01"
      ]
    }, 
    "model": "guide.guide", 
    "pk": 9
  }, 
  {
    "fields": {
      "picture": "", 
      "package": 0, 
      "dialog_after": [
        "\u8fd9\u91cc\u662f\u6211\u4eec\u7684\u8054\u8d5b\u4e2d\u5fc3\uff01"
      ], 
      "operate_type": 3, 
      "operate_target": "5", 
      "resume_url": "5", 
      "arrow": 0, 
      "position": 1, 
      "next_id": 11, 
      "dialog_before": []
    }, 
    "model": "guide.guide", 
    "pk": 10
  }, 
  {
    "fields": {
      "picture": "", 
      "package": 0, 
      "dialog_after": [], 
      "operate_type": 1, 
      "operate_target": "BuildingFrame,FuncPanel/Func01", 
      "resume_url": "5", 
      "arrow": 4, 
      "position": 1, 
      "next_id": 12, 
      "dialog_before": [
        "\u8001\u5927\uff0c\u8fd9\u91cc\u662f\u5c5e\u4e8e\u60a8\u7684\u7535\u7ade\u8d5b\u573a\uff0c\u6211\u4eec\u5148\u53bb\u770b\u770b\u8054\u8d5b\u5427~"
      ]
    }, 
    "model": "guide.guide", 
    "pk": 11
  }, 
  {
    "fields": {
      "picture": "", 
      "package": 0, 
      "dialog_after": [], 
      "operate_type": 1, 
      "operate_target": "LeagueMatchFrame,Top/CloseButton", 
      "resume_url": "BuildingFrame,FuncPanel/Func01", 
      "arrow": 4, 
      "position": 1, 
      "next_id": 31, 
      "dialog_before": [
        "\u8fd9\u91cc\u5c31\u662f\u8054\u8d5b\u4e86\uff01\u8054\u8d5b\u662f\u6bcf\u5929\u81ea\u52a8\u8fdb\u884c\u7684\uff0c\u4e0d\u9700\u8981\u8001\u5927\u6765\u64cd\u4f5c\u54e6\uff01\u8001\u5927\u60a8\u6bcf\u5929\u4e0a\u7ebf\u9886\u94b1\u5c31\u884c\u4e86\uff0c\u8054\u8d5b\u7684\u95e8\u7968\u6536\u5165\u4f1a\u53d1\u5230\u8001\u5927\u7684\u90ae\u7bb1\u3002"
      ]
    }, 
    "model": "guide.guide", 
    "pk": 12
  }, 
  {
    "fields": {
      "picture": "", 
      "package": 0, 
      "dialog_after": [
        "\u8001\u5927\uff0c\u6211\u4eec\u6765\u770b\u770b\u57f9\u8bad\u4e2d\u5fc3\u5427\u3002\u8fd9\u91cc\u662f\u8001\u5927\u60a8\u57f9\u8bad\u961f\u5458\u7684\u5730\u65b9\uff01"
      ], 
      "operate_type": 3, 
      "operate_target": "2", 
      "resume_url": "2", 
      "arrow": 0, 
      "position": 1, 
      "next_id": 14, 
      "dialog_before": []
    }, 
    "model": "guide.guide", 
    "pk": 13
  }, 
  {
    "fields": {
      "picture": "", 
      "package": 0, 
      "dialog_after": [], 
      "operate_type": 1, 
      "operate_target": "BuildingFrame,FuncPanel/Func01", 
      "resume_url": "2", 
      "arrow": 4, 
      "position": 1, 
      "next_id": 15, 
      "dialog_before": [
        "\u70b9\u51fb\u8bad\u7ec3\u5546\u5e97\uff01"
      ]
    }, 
    "model": "guide.guide", 
    "pk": 14
  }, 
  {
    "fields": {
      "picture": "", 
      "package": 0, 
      "dialog_after": [
        "\u6210\u529f\u8d2d\u4e70\u540e\u5c31\u53ef\u4ee5\u8ba9\u961f\u5458\u53bb\u8bad\u7ec3\u4e86\uff01"
      ], 
      "operate_type": 1, 
      "operate_target": "BookShopFrame,Right/Buy", 
      "resume_url": "2", 
      "arrow": 1, 
      "position": 1, 
      "next_id": 16, 
      "dialog_before": [
        "\u70b9\u51fb\u8d2d\u4e70\u6309\u94ae\uff01"
      ]
    }, 
    "model": "guide.guide", 
    "pk": 15
  }, 
  {
    "fields": {
      "picture": "", 
      "package": 0, 
      "dialog_after": [], 
      "operate_type": 1, 
      "operate_target": "BookShopFrame,FrameTopAppendPanel/BG_Animator/Menu", 
      "resume_url": "2", 
      "arrow": 4, 
      "position": 1, 
      "next_id": 17, 
      "dialog_before": [
        "\u70b9\u51fb\u5173\u95ed\u53ef\u4ee5\u8fd4\u56de\u4e86"
      ]
    }, 
    "model": "guide.guide", 
    "pk": 16
  }, 
  {
    "fields": {
      "picture": "", 
      "package": 0, 
      "dialog_after": [], 
      "operate_type": 1, 
      "operate_target": "BuildingFrame,FuncPanel/Func02", 
      "resume_url": "2", 
      "arrow": 4, 
      "position": 1, 
      "next_id": 18, 
      "dialog_before": [
        "\u70b9\u51fb\u5458\u5de5\u57f9\u8bad"
      ]
    }, 
    "model": "guide.guide", 
    "pk": 17
  }, 
  {
    "fields": {
      "picture": "", 
      "package": 0, 
      "dialog_after": [], 
      "operate_type": 1, 
      "operate_target": "RoleTrainFrame,Right/AddBook", 
      "resume_url": "2", 
      "arrow": 1, 
      "position": 1, 
      "next_id": 32, 
      "dialog_before": [
        "\u70b9\u51fb\u6dfb\u52a0\u4efb\u52a1"
      ]
    }, 
    "model": "guide.guide", 
    "pk": 18
  }, 
  {
    "fields": {
      "picture": "", 
      "package": 0, 
      "dialog_after": [], 
      "operate_type": 1, 
      "operate_target": "RoleTrainFrame,Package/Ascension/Top/Confirm", 
      "resume_url": "2", 
      "arrow": 1, 
      "position": 1, 
      "next_id": 34, 
      "dialog_before": [
        "\u70b9\u51fb\u5f00\u59cb\u8bad\u7ec3\uff01"
      ]
    }, 
    "model": "guide.guide", 
    "pk": 19
  }, 
  {
    "fields": {
      "picture": "", 
      "package": 0, 
      "dialog_after": [], 
      "operate_type": 1, 
      "operate_target": "RoleTrainFrame,FrameTopAppendPanel/BG_Animator/Menu", 
      "resume_url": "2", 
      "arrow": 4, 
      "position": 1, 
      "next_id": 0, 
      "dialog_before": []
    }, 
    "model": "guide.guide", 
    "pk": 20
  }, 
  {
    "fields": {
      "picture": "", 
      "package": 0, 
      "dialog_after": [], 
      "operate_type": 1, 
      "operate_target": "BuildingFrame,Close", 
      "resume_url": "5", 
      "arrow": 2, 
      "position": 1, 
      "next_id": 10, 
      "dialog_before": []
    }, 
    "model": "guide.guide", 
    "pk": 30
  }, 
  {
    "fields": {
      "picture": "", 
      "package": 0, 
      "dialog_after": [], 
      "operate_type": 1, 
      "operate_target": "BuildingFrame,Close", 
      "resume_url": "2", 
      "arrow": 2, 
      "position": 1, 
      "next_id": 13, 
      "dialog_before": [
        "\u70b9\u51fb\u5173\u95ed\u6309\u94ae\uff01"
      ]
    }, 
    "model": "guide.guide", 
    "pk": 31
  }, 
  {
    "fields": {
      "picture": "", 
      "package": 0, 
      "dialog_after": [], 
      "operate_type": 1, 
      "operate_target": "RoleTrainFrame,Package/Page/Business", 
      "resume_url": "2", 
      "arrow": 1, 
      "position": 1, 
      "next_id": 19, 
      "dialog_before": [
        "\u70b9\u51fb\u8bad\u7ec3\uff01"
      ]
    }, 
    "model": "guide.guide", 
    "pk": 32
  }, 
  {
    "fields": {
      "picture": "", 
      "package": 0, 
      "dialog_after": [], 
      "operate_type": 1, 
      "operate_target": "MessageBoxFrame,Image/Confirm", 
      "resume_url": "MessageBoxFrame,Image/Confirm", 
      "arrow": 2, 
      "position": 1, 
      "next_id": 4, 
      "dialog_before": []
    }, 
    "model": "guide.guide", 
    "pk": 33
  }, 
  {
    "fields": {
      "picture": "", 
      "package": 0, 
      "dialog_after": [], 
      "operate_type": 1, 
      "operate_target": "MessageBoxFrame,Image/Confirm", 
      "resume_url": "4", 
      "arrow": 2, 
      "position": 1, 
      "next_id": 20, 
      "dialog_before": [
        "\u70b9\u51fb\u786e\u5b9a"
      ]
    }, 
    "model": "guide.guide", 
    "pk": 34
  }
]