[
  {
    "fields": {
      "package": 0, 
      "dialog_after": [
        {
          "position": 1, 
          "dialog": "\u9996\u5148\uff0c\u6211\u4eec\u9700\u8981\u786e\u8ba4\u4e00\u4e0b\u4efb\u52a1\uff0c\u8fd9\u5bf9\u4e8e\u6211\u4eec\u4ee5\u540e\u7ecf\u8425\u4ff1\u4e50\u90e8\u5f88\u91cd\u8981\u54e6~~(\uff5eo\uffe3\u25bd\uffe3)\uff5eo \r\n\r\n", 
          "icon": "\u7f8e\u5973"
        }
      ], 
      "operate_type": 1, 
      "operate_target": "HomePageFrame,TrackPanel/BG/ClipWindow/TaskPanel/BuildingTaskItemPanel", 
      "resume_url": "3", 
      "arrow": 4, 
      "next_id": 2, 
      "dialog_before": [
        {
          "position": 1, 
          "dialog": "\u4f60\u597d\uff0cBOSS\uff0c\u4ee5\u540e\u8fd9\u91cc\u5c31\u662f\u4f60\u7684\u4ff1\u4e50\u90e8\u4e86\uff0c\u77a7\u77a7\u77a7\u77a7\uff0c\u662f\u4e0d\u662f\u611f\u89c9\u76f8\u5f53\u7684\u81ea\u8c6a\uff1f", 
          "icon": "\u7f8e\u5973"
        }, 
        {
          "position": 2, 
          "dialog": "\u770b\u8d77\u6765\u597d\u50cf\u5f88\u5389\u5bb3\u7684\u6837\u5b50\uff0c\u4e0d\u8fc7\u600e\u4e48\u6ca1\u4eba\uff1f", 
          "icon": "\u72d0\u72f8\u7cbe"
        }, 
        {
          "position": 1, 
          "dialog": "\u4ee5\u524d\u7684\u8001\u677f\u4e34\u8d70\u4e4b\u524d\u628a\u5927\u90e8\u5206\u90fd\u89e3\u96c7\u4e86\uff0c\u6240\u4ee5BOSS\uff0c\u4f60\u5f97\u8dd1\u4e00\u8d9f\u4eba\u624d\u5e02\u573a\u4eb2\u81ea\u53bb\u62db\u8058\u3002\u4e0d\u8fc7\u4f3c\u4e4e\u6709\u4e00\u4e2a\u4f60\u7684\u4ef0\u6155\u8005\u60f3\u6765\u6295\u9760\u4f60\uff0c\u5feb\u53bb\u770b\u770b\u5427\u3002", 
          "icon": "\u7f8e\u5973"
        }
      ]
    }, 
    "model": "guide.guide", 
    "pk": 1
  }, 
  {
    "fields": {
      "package": 0, 
      "dialog_after": [], 
      "operate_type": 1, 
      "operate_target": "TaskDetailFrame,Detail/Close", 
      "resume_url": "", 
      "arrow": 3, 
      "next_id": 3, 
      "dialog_before": []
    }, 
    "model": "guide.guide", 
    "pk": 2
  }, 
  {
    "fields": {
      "package": 0, 
      "dialog_after": [], 
      "operate_type": 3, 
      "operate_target": "3", 
      "resume_url": "3", 
      "arrow": 0, 
      "next_id": 4, 
      "dialog_before": []
    }, 
    "model": "guide.guide", 
    "pk": 3
  }, 
  {
    "fields": {
      "package": 0, 
      "dialog_after": [], 
      "operate_type": 1, 
      "operate_target": "BuildingFrame,FuncPanel/Func02", 
      "resume_url": "", 
      "arrow": 3, 
      "next_id": 5, 
      "dialog_before": [
        {
          "position": 1, 
          "dialog": "\u8fd9\u91cc\u5c31\u662f\u6211\u4eec\u7684\u62db\u52df\u4e2d\u5fc3\uff0c\u8001\u5927\uff0c\u4f60\u53ef\u4ee5\u5728\u8fd9\u91cc\u62db\u52df\u9009\u624b\u7684", 
          "icon": "\u7f8e\u5973"
        }, 
        {
          "position": 2, 
          "dialog": "\u4e0d\u8981\u94b1\u5417\uff1f\uffe5_\uffe5", 
          "icon": "\u72d0\u72f8\u7cbe"
        }, 
        {
          "position": 1, 
          "dialog": "\u3000(\uff03\u00b0\u0414\u00b0) \u80bf\u4e48\u53ef\u80fd\uff0c\u62db\u52df\u53ef\u662f\u90fd\u8981\u82b1\u8d39\uff01\u7279\u522b\u662f\u5927\u724c\u961f\u5458\uff0c\u62db\u52df\u8d39\u6bd4\u82f1\u8d85\u7532\u7ea7\u961f\u5458\u7684\u8f6c\u4f1a\u8d39\u90fd\u8d35\u7684(*\uffe3\u2207\uffe3*)", 
          "icon": "\u7f8e\u5973"
        }
      ]
    }, 
    "model": "guide.guide", 
    "pk": 4
  }, 
  {
    "fields": {
      "package": 0, 
      "dialog_after": [], 
      "operate_type": 1, 
      "operate_target": "HeroDrawFrame,Card/Normal", 
      "resume_url": "", 
      "arrow": 1, 
      "next_id": 6, 
      "dialog_before": [
        {
          "position": 1, 
          "dialog": "\u8001\u5927\uff0c\u4f60\u770b\uff0c\u8fd9\u91cc\u6709\u63a8\u8350\u961f\u5458\uff0c\u666e\u901a\u5408\u7ea6\uff0c\u767d\u91d1\u5408\u7ea6\u548c\u94bb\u77f3\u5408\u7ea6\uff0c\u6bcf\u79cd\u5408\u7ea6\u5237\u51fa\u7684\u961f\u5458\u90fd\u4e0d\u4e00\u6837\uff0c\u5f53\u7136\uff0c\u5408\u7ea6\u8d8a\u8d35\u5237\u51fa\u6765\u7684\u961f\u5458\u8d8a\u597d\u54e6", 
          "icon": "\u7f8e\u5973"
        }, 
        {
          "position": 2, 
          "dialog": "\u7b49\u7b49\uff0c\u4f60\u4e0d\u4f1a\u544a\u8bc9\u6211\uff0c\u73b0\u5728\u4e5f\u8981\u94b1\u5427\uff01\u3002\u30fb\u0434\u30fb\u3002", 
          "icon": "\u72d0\u72f8\u7cbe"
        }, 
        {
          "position": 1, 
          "dialog": "Bingo\uff0c\u7b54\u5bf9\u4e86\uff0c\u8001\u5927\u771f\u806a\u660e:-D\u73b0\u5728\u8ba9\u6211\u4eec\u70b9\u51fb\u666e\u901a\u5408\u7ea6\u5427", 
          "icon": "\u7f8e\u5973"
        }, 
        {
          "position": 2, 
          "dialog": "\u6ca1\u94b1* \uffe3\ufe3f\uffe3", 
          "icon": "\u72d0\u72f8\u7cbe"
        }, 
        {
          "position": 1, 
          "dialog": "\u8fd9\u2026\u2026\u8001\u5927\uff0c\u6211\u8fd9\u91cc\u6709\u4e9b\u2026\u2026", 
          "icon": "\u7f8e\u5973"
        }, 
        {
          "position": 2, 
          "dialog": " \u2534\u2534\ufe35\u2570\uff08\u2035\u25a1\u2032\uff09\u256f\ufe35\u2534\u2534 \u563f\u563f\u563f\uff0c\u62ff\u6765\u5427", 
          "icon": "\u72d0\u72f8\u7cbe"
        }, 
        {
          "position": 1, 
          "dialog": "\uff08\u4e00\u8138\u4e0d\u60c5\u613f\u505a\u5600\u5600\u5495\u5495\uff09\u90a3\u53ef\u662f\u4eba\u5bb6\u6512\u4e86\u597d\u4e45\u8981\u4e70\u5c0f\u718a\u997c\u5e72\u7684\u94b1\u03b5\uff08\u252c\uff3f\u252c\uff09\uff13", 
          "icon": "\u7f8e\u5973"
        }
      ]
    }, 
    "model": "guide.guide", 
    "pk": 5
  }, 
  {
    "fields": {
      "package": 0, 
      "dialog_after": [], 
      "operate_type": 1, 
      "operate_target": "MessageBoxFrame,Image/Confirm", 
      "resume_url": "", 
      "arrow": 4, 
      "next_id": 7, 
      "dialog_before": []
    }, 
    "model": "guide.guide", 
    "pk": 6
  }, 
  {
    "fields": {
      "package": 0, 
      "dialog_after": [], 
      "operate_type": 1, 
      "operate_target": "HeroDrawFrame,Eye/Hero3DDrawPanel/Root/Slot7/Background/Buy", 
      "resume_url": "", 
      "arrow": 2, 
      "next_id": 8, 
      "dialog_before": [
        {
          "position": 2, 
          "dialog": "\u54ce\u5466\uff0c\u4e0d\u9519\u54e6\uff0c\u8fd8\u662f\u8001\u670b\u53cb", 
          "icon": "\u72d0\u72f8\u7cbe"
        }, 
        {
          "position": 1, 
          "dialog": "\u5bf9\u554a\u5bf9\u554a\uff0c\u8fd9\u4e2a\u5c31\u662f\u5927\u540d\u9f0e\u9f0e\u7684\u5c0f\u8272\u54e6\uff0c\u73b0\u5728\u70b9\u51fb\u62db\u52df\u5c31\u53ef\u5c06\u4ed6\u6536\u5165\u540e\u5bab\u4e86\uff0c\u554a\u5478\uff0c\u4e0d\u662f\uff0c\u5c31\u53ef\u4ee5\u8ba9\u4ed6\u6210\u4e3a\u6211\u4eec\u7684\u961f\u5458\u4e86<(\uffe3\ufe36\uffe3)/", 
          "icon": "\u7f8e\u5973"
        }, 
        {
          "position": 2, 
          "dialog": "\u2026\u2026\u8fd9\u4e2a\u4e5f\u8981\u94b1\u03a3( \u00b0 \u25b3 \u00b0|||)\ufe34 ", 
          "icon": "\u72d0\u72f8\u7cbe"
        }, 
        {
          "position": 1, 
          "dialog": "\u8fd9\u4e2a\u4e0d\u7528\u8fd9\u4e2a\u4e0d\u7528\uff0c\u8fd9\u4e2a\u662f\u5c0f\u8272\u7684\u53cb\u60c5\u8d5e\u52a9~", 
          "icon": "\u7f8e\u5973"
        }
      ]
    }, 
    "model": "guide.guide", 
    "pk": 7
  }, 
  {
    "fields": {
      "package": 0, 
      "dialog_after": [], 
      "operate_type": 1, 
      "operate_target": "HeroDrawFrame,FrameTopAppendPanel/BG_Animator", 
      "resume_url": "", 
      "arrow": 4, 
      "next_id": 9, 
      "dialog_before": []
    }, 
    "model": "guide.guide", 
    "pk": 8
  }, 
  {
    "fields": {
      "package": 0, 
      "dialog_after": [], 
      "operate_type": 1, 
      "operate_target": "BuildingFrame,Close", 
      "resume_url": "", 
      "arrow": 3, 
      "next_id": 10, 
      "dialog_before": [
        {
          "position": 1, 
          "dialog": "\u4e0d\u8fc7\u8001\u5927\uff0c\u6211\u4eec\u8981\u60f3\u529e\u6cd5\u6323\u94b1\u4e86\uff0c\u4e0d\u7136\u6211\u4eec\u4f1a\u9732\u5bbf\u8857\u5934\u7684\uffe3\ufe4f\uffe3", 
          "icon": "\u7f8e\u5973"
        }, 
        {
          "position": 2, 
          "dialog": "\u90a3\u6211\u5c31\u53ea\u6709\u628a\u4f60\u5356\u4e86\u256e\uff08\uffe3\u25bd\uffe3\uff09\u256d    ", 
          "icon": "\u72d0\u72f8\u7cbe"
        }, 
        {
          "position": 1, 
          "dialog": " \u03a3( \u00b0 \u25b3 \u00b0|||)\ufe34 \u4e0d\u8981\u554a\uff0c\u8001\u5927\uff0c\u6211\u4eec\u4ee5\u540e\u90fd\u53ef\u4ee5\u7528\u5b8c\u6210\u4efb\u52a1\u7b49\u65b9\u5f0f\u6323\u94b1\u7684\uff0c\u73b0\u5728\u5feb\u8ba9\u6211\u4eec\u7ee7\u7eed\u4e0b\u4e00\u4e2a\u4efb\u52a1\u5427\uff0c\u8bf4\u4e0d\u5b9a\u5c31\u6709\u94b1\u4e86", 
          "icon": "\u7f8e\u5973"
        }, 
        {
          "position": 2, 
          "dialog": "\u539f\u6765\u5982\u6b64\uff0c\u90a3\u6211\u6682\u65f6\u7559\u4f60\u4e00\u547d\u5427O(\u2229_\u2229)O\u54c8\u54c8~", 
          "icon": "\u72d0\u72f8\u7cbe"
        }, 
        {
          "position": 1, 
          "dialog": "55555\uff0c\u4e3a\u4ec0\u4e48\u6211\u7684\u547d\u90a3\u4e48\u82e6\uff0c\u8ddf\u4e86\u8fd9\u6837\u4e00\u4e2a\u8001\u5927\uff0c\u6211\u4e0d\u8981\uff0c\u53ef\u4ee5\u6362\u4eba\u4e0d\u3012\u25bd\u3012\u3000\u3000", 
          "icon": "\u7f8e\u5973"
        }, 
        {
          "position": 2, 
          "dialog": "\u7a0b\u5e8f\u5458\uff1aNo way ", 
          "icon": "\u7325\u7410\u7537"
        }
      ]
    }, 
    "model": "guide.guide", 
    "pk": 9
  }, 
  {
    "fields": {
      "package": 0, 
      "dialog_after": [], 
      "operate_type": 1, 
      "operate_target": "HomePageFrame,TrackPanel/BG/ClipWindow/TaskPanel/BuildingTaskItemPanel", 
      "resume_url": "", 
      "arrow": 4, 
      "next_id": 11, 
      "dialog_before": []
    }, 
    "model": "guide.guide", 
    "pk": 10
  }, 
  {
    "fields": {
      "package": 0, 
      "dialog_after": [], 
      "operate_type": 1, 
      "operate_target": "TaskDetailFrame,Detail/GetAward", 
      "resume_url": "", 
      "arrow": 2, 
      "next_id": 12, 
      "dialog_before": [
        {
          "position": 1, 
          "dialog": "\u8001\u5927\uff0c\u5feb\u4ea4\u4efb\u52a1\uff0c\u6211\u770b\u89c1\u94b1\u94b1\u6b63\u5411\u6211\u4eec\u75af\u72c2\u5954\u6765$_$", 
          "icon": "\u7f8e\u5973"
        }, 
        {
          "position": 2, 
          "dialog": "\u90a3\u8fd8\u9700\u8981\u4f60\u8bf4$_$", 
          "icon": "\u72d0\u72f8\u7cbe"
        }
      ]
    }, 
    "model": "guide.guide", 
    "pk": 11
  }, 
  {
    "fields": {
      "package": 0, 
      "dialog_after": [], 
      "operate_type": 1, 
      "operate_target": "HomePageFrame,TrackPanel/BG/ClipWindow/TaskPanel/BuildingTaskItemPanel", 
      "resume_url": "", 
      "arrow": 4, 
      "next_id": 13, 
      "dialog_before": [
        {
          "position": 1, 
          "dialog": "\u8001\u5927\uff0c\u6211\u597d\u50cf\u53c8\u770b\u89c1\u4e86\u65b0\u4efb\u52a1\uffe5_ \uffe5", 
          "icon": "\u7f8e\u5973"
        }, 
        {
          "position": 2, 
          "dialog": "\u4e0d\u5bf9\uff0c\u4f60\u5e94\u8be5\u8bf4\u53c8\u770b\u89c1\u4e86\u65b0\u94b1\u94b1\uffe5_ \uffe5", 
          "icon": "\u72d0\u72f8\u7cbe"
        }
      ]
    }, 
    "model": "guide.guide", 
    "pk": 12
  }, 
  {
    "fields": {
      "package": 0, 
      "dialog_after": [], 
      "operate_type": 1, 
      "operate_target": "TaskDetailFrame,Detail/Close", 
      "resume_url": "", 
      "arrow": 2, 
      "next_id": 14, 
      "dialog_before": []
    }, 
    "model": "guide.guide", 
    "pk": 13
  }, 
  {
    "fields": {
      "package": 0, 
      "dialog_after": [], 
      "operate_type": 1, 
      "operate_target": "HomePageFrame,Func/Team", 
      "resume_url": "", 
      "arrow": 1, 
      "next_id": 15, 
      "dialog_before": [
        {
          "position": 1, 
          "dialog": "\u5582\u5582\uff0c\u6211\u8bf4\u4f60\u4eec\u4e24\u4e2a\u9664\u4e86\u94b1\uff0c\u80fd\u4e0d\u80fd\u60f3\u70b9\u522b\u7684\uff08\u6276\u989d\uff09", 
          "icon": "\u5c0f\u8272"
        }, 
        {
          "position": 1, 
          "dialog": "\u4e0d\u80fd\uff01", 
          "icon": "\u7f8e\u5973"
        }, 
        {
          "position": 1, 
          "dialog": "\u4e0d\u80fd\uff01", 
          "icon": "\u72d0\u72f8\u7cbe"
        }, 
        {
          "position": 1, 
          "dialog": " (\u256c\uffe3\u76bf\uffe3)\u51f8 \u8d76\u5feb\u8ba9\u6211\u4e0a\u9635\uff0c\u4e0d\u7136\u4e00\u573a\u6bd4\u8d5b\u90fd\u8d62\u4e0d\u4e86\uff0c\u770b\u4f60\u4eec\u600e\u4e48\u8d5a\u94b1", 
          "icon": "\u5c0f\u8272"
        }, 
        {
          "position": 2, 
          "dialog": "\u554a\u54a7\u54a7\uff0cO\u3002O \u5728\u54ea\u91cc\u4e0a\u9635?", 
          "icon": "\u72d0\u72f8\u7cbe"
        }, 
        {
          "position": 1, 
          "dialog": "\u6765\u6765\u6765\uff0c\u8001\u5927\uff0c\u4e00\u6b65\u4e24\u6b65\uff0c\u4e00\u6b65\u4e24\u6b65\uff0c\u8ddf\u7740\u6211\u7684\u6b65\u4f10\u6765\u64cd\u4f5c", 
          "icon": "\u7f8e\u5973"
        }
      ]
    }, 
    "model": "guide.guide", 
    "pk": 14
  }, 
  {
    "fields": {
      "package": 0, 
      "dialog_after": [], 
      "operate_type": 1, 
      "operate_target": "HeroPackageFrame,Right/RightBG/Brief/Formation", 
      "resume_url": "", 
      "arrow": 1, 
      "next_id": 16, 
      "dialog_before": []
    }, 
    "model": "guide.guide", 
    "pk": 15
  }, 
  {
    "fields": {
      "package": 0, 
      "dialog_after": [], 
      "operate_type": 1, 
      "operate_target": "TeamFrame,Formation/Background01/Framework", 
      "resume_url": "", 
      "arrow": 4, 
      "next_id": 17, 
      "dialog_before": []
    }, 
    "model": "guide.guide", 
    "pk": 16
  }, 
  {
    "fields": {
      "package": 0, 
      "dialog_after": [], 
      "operate_type": 1, 
      "operate_target": "TeamFrame,Left/ClipWindow/TeamPanel/HeroBasicItemPanel", 
      "resume_url": "", 
      "arrow": 4, 
      "next_id": 18, 
      "dialog_before": [
        {
          "position": 1, 
          "dialog": "\u5feb\u70b9\u51fb\u672c\u5927\u7237\u7684\u5934\u50cf\uff0c\u8ba9\u672c\u5927\u7237\u4e0a\u9635\uff0c\u5b9a\u80fd\u6240\u5411\u62ab\u9761\uff0c\u54c8\u54c8\u54c8\u54c8\u54c8\u54c8  o(*\u2267\u25bd\u2266)\u30c4\u250f\u2501\u2513", 
          "icon": "\u5c0f\u8272"
        }, 
        {
          "position": 2, 
          "dialog": "\u662f\u662f\u662f\uff08\u4e00\u8138\u72d7\u817f\u72b6~\uff09", 
          "icon": "\u7f8e\u5973"
        }
      ]
    }, 
    "model": "guide.guide", 
    "pk": 17
  }, 
  {
    "fields": {
      "package": 0, 
      "dialog_after": [], 
      "operate_type": 1, 
      "operate_target": "TeamFrame,Left/ConfirmButton", 
      "resume_url": "", 
      "arrow": 4, 
      "next_id": 19, 
      "dialog_before": [
        {
          "position": 1, 
          "dialog": "\u8001\u5927\uff0c\u70b9\u51fb\u786e\u8ba4\u4ee5\u540e\uff0c\u5c0f\u8272\u5c31\u4e0a\u9635\u4e86\u54e6\uff0c\u4ee5\u540e\u5176\u4ed6\u9009\u624b\u4e5f\u662f\u8fd9\u6837\u66f4\u6362\u7684\u2256\u203f\u2256\u2727", 
          "icon": "\u7f8e\u5973"
        }
      ]
    }, 
    "model": "guide.guide", 
    "pk": 18
  }, 
  {
    "fields": {
      "package": 0, 
      "dialog_after": [], 
      "operate_type": 1, 
      "operate_target": "TeamFrame,Team/Close", 
      "resume_url": "", 
      "arrow": 2, 
      "next_id": 20, 
      "dialog_before": []
    }, 
    "model": "guide.guide", 
    "pk": 19
  }, 
  {
    "fields": {
      "package": 0, 
      "dialog_after": [], 
      "operate_type": 1, 
      "operate_target": "HeroPackageFrame,FrameTopAppendPanel/BG_Animator", 
      "resume_url": "", 
      "arrow": 4, 
      "next_id": 21, 
      "dialog_before": [
        {
          "position": 2, 
          "dialog": "\u597d\u4e86\uff0c\u5927\u7237\u6211\u6210\u529f\u4e0a\u9635\uff0c\u5c31\u53ef\u2026\u2026", 
          "icon": "\u5c0f\u8272"
        }, 
        {
          "position": 1, 
          "dialog": "\u94b1\u94b1\u94b1\u94b1\u94b1\u94b1\u94b1\u94b1\uff08\u72c2\u5954\u800c\u53bb\u2026\u2026\uff09", 
          "icon": "\u7f8e\u5973"
        }, 
        {
          "position": 1, 
          "dialog": "\u94b1\u94b1\u94b1\u94b1\u94b1\u94b1\u94b1\u94b1\uff08\u72c2\u5954\u800c\u53bb\u2026\u2026\uff09", 
          "icon": "\u72d0\u72f8\u7cbe"
        }, 
        {
          "position": 2, 
          "dialog": "F**K", 
          "icon": "\u5c0f\u8272"
        }
      ]
    }, 
    "model": "guide.guide", 
    "pk": 20
  }, 
  {
    "fields": {
      "package": 0, 
      "dialog_after": [], 
      "operate_type": 1, 
      "operate_target": "HomePageFrame,TrackPanel/BG/ClipWindow/TaskPanel/BuildingTaskItemPanel", 
      "resume_url": "", 
      "arrow": 4, 
      "next_id": 22, 
      "dialog_before": []
    }, 
    "model": "guide.guide", 
    "pk": 21
  }, 
  {
    "fields": {
      "package": 0, 
      "dialog_after": [], 
      "operate_type": 1, 
      "operate_target": "TaskDetailFrame,Detail/GetAward", 
      "resume_url": "", 
      "arrow": 1, 
      "next_id": 23, 
      "dialog_before": []
    }, 
    "model": "guide.guide", 
    "pk": 22
  }, 
  {
    "fields": {
      "package": 0, 
      "dialog_after": [], 
      "operate_type": 1, 
      "operate_target": "HomePageFrame,TrackPanel/BG/ClipWindow/TaskPanel/BuildingTaskItemPanel", 
      "resume_url": "", 
      "arrow": 4, 
      "next_id": 24, 
      "dialog_before": []
    }, 
    "model": "guide.guide", 
    "pk": 23
  }, 
  {
    "fields": {
      "package": 0, 
      "dialog_after": [], 
      "operate_type": 1, 
      "operate_target": "TaskDetailFrame,Detail/Close", 
      "resume_url": "", 
      "arrow": 4, 
      "next_id": 25, 
      "dialog_before": [
        {
          "position": 1, 
          "dialog": "\u7b56\u5212\uff0c\u5feb\u7ed9\u6211\u51fa\u6765", 
          "icon": "\u5c0f\u8272"
        }, 
        {
          "position": 2, 
          "dialog": "\u8272\u592b\u4eba\uff0c\u60a8\u597d~\u8bf7\u95ee\u6709\u4ec0\u4e48\u4e8b\u5417\uff1f", 
          "icon": "\u88c5\u903c\u7537"
        }, 
        {
          "position": 1, 
          "dialog": "\u5979\u4eec\u4e24\u4e2a\u600e\u4e48\u56de\u4e8b\uff0c\u773c\u91cc\u53ea\u6709\u94b1(\uff03\uff40\u76bf\u00b4) ", 
          "icon": "\u5c0f\u8272"
        }, 
        {
          "position": 2, 
          "dialog": "\u54e6\uff0c\u4e0d\u597d\u610f\u601d\uff0c\u8bbe\u5b9a\u6709\u70b9\u9519\u8bef\u256e(\u256f\u25bd\u2570)\u256d", 
          "icon": "\u88c5\u903c\u7537"
        }, 
        {
          "position": 2, 
          "dialog": "\u4f60\u7b49\u4e00\u4e0b\uff0c\u6c99\u5361\u62c9\u5361\u6c99\u5361\u62c9\u5361\u6c99\u5361\u62c9\u5361\uff0c\u836f\u836f\u5207\u514b\u52b3\uff0c\u714e\u997c\u679c\u5b50\u6765\u4e00\u5957\u2026\u2026\u2026\u2026\u2026\u2026", 
          "icon": "\u88c5\u903c\u7537"
        }
      ]
    }, 
    "model": "guide.guide", 
    "pk": 24
  }, 
  {
    "fields": {
      "package": 0, 
      "dialog_after": [
        {
          "position": 1, 
          "dialog": "\uff08\u4e00\u9635\u6655\u7729\u540e\uff09O\u3002o\u521a\u624d\u53d1\u751f\u4e86\u4ec0\u4e48\u4e8b\uff0c\u54b3\u54b3\uff0c\u8001\u5927\uff0c\u73b0\u5728\u4e3a\u4f60\u4ecb\u7ecd\u6700\u4e3a\u91cd\u8981\u7684\u2026\u2026", 
          "icon": "\u7f8e\u5973"
        }, 
        {
          "position": 2, 
          "dialog": "\u8d5a\u94b1\u7684\u65b9\u6cd5\uff1f\uff1f\uff1f", 
          "icon": "\u72d0\u72f8\u7cbe"
        }, 
        {
          "position": 1, 
          "dialog": " \u03a3( \u00b0 \u25b3 \u00b0|||)\ufe34\u3000", 
          "icon": "\u5c0f\u8272"
        }, 
        {
          "position": 2, 
          "dialog": "\u54c8\u54c8\uff0c\u5f00\u4e2a\u73a9\u7b11\u561bo(*\uffe3\u25bd\uffe3*)\u30d6\u60a8\u7ee7\u7eed\u8bf4~", 
          "icon": "\u72d0\u72f8\u7cbe"
        }, 
        {
          "position": 1, 
          "dialog": "\u547c\u2026\u2026\u8fd9\u662f\u6700\u91cd\u8981\u7684\u7535\u7ade\u8d5b\u573a\uff0c\u4ee5\u540e\u6240\u6709\u5927\u5c0f\u6bd4\u8d5b\u5747\u5728\u8fd9\u91cc\u8fdb\u884c~\u4e5f\u662f\u51b3\u5b9a\u4f60\u80dc\u8d25\uff0c\u51b3\u5b9a\u4f60\u662f\u5426\u4f1a\u4f1a\u5347\u804c\u52a0\u85aa\u3001\u5f53\u4e0a\u603b\u7ecf\u7406\u3001\u51fa\u4efbCEO\u3001\u8fce\u5a36\u767d\u5bcc\u7f8e\u3001\u8d70\u4e0a\u4eba\u751f\u5dc5\u5cf0\u7684\u5730\u65b9\uff01", 
          "icon": "\u5c0f\u8272"
        }, 
        {
          "position": 2, 
          "dialog": "\u60f3\u60f3\u8fd8\u6709\u70b9\u5c0f\u6fc0\u52a8\u2026\u2026~(\uff5eo\uffe3\u25bd\uffe3)\uff5eo \u3002\u3002\u3002\u2026\u2026o\uff5e(\uff3f\u25b3\uff3fo\uff5e) ~\u3002\u3002\u3002", 
          "icon": "\u72d0\u72f8\u7cbe"
        }
      ], 
      "operate_type": 3, 
      "operate_target": "5", 
      "resume_url": "5", 
      "arrow": 0, 
      "next_id": 26, 
      "dialog_before": []
    }, 
    "model": "guide.guide", 
    "pk": 25
  }, 
  {
    "fields": {
      "package": 0, 
      "dialog_after": [
        {
          "position": 1, 
          "dialog": "\u8001\u5927\uff0c\u5148\u8fdb\u884c\u4e00\u573a\u6311\u6218\u8d5b\u7ec3\u7ec3\u624b\u5427", 
          "icon": "\u7f8e\u5973"
        }
      ], 
      "operate_type": 1, 
      "operate_target": "BuildingFrame,FuncPanel/Func02", 
      "resume_url": "", 
      "arrow": 4, 
      "next_id": 27, 
      "dialog_before": []
    }, 
    "model": "guide.guide", 
    "pk": 26
  }, 
  {
    "fields": {
      "package": 0, 
      "dialog_after": [], 
      "operate_type": 1, 
      "operate_target": "PVEWorldFrame,Down/R/FightButton", 
      "resume_url": "", 
      "arrow": 1, 
      "next_id": 28, 
      "dialog_before": [
        {
          "position": 1, 
          "dialog": "\u5c0f\u8272\uff0c\u63a5\u4e0b\u6765\u5c31\u770b\u4f60\u7684\u4e86", 
          "icon": "\u72d0\u72f8\u7cbe"
        }, 
        {
          "position": 2, 
          "dialog": "\u653e\u5fc3\u5427\uff0c\u6211\u4e00\u5b9a\u4e0d\u8d1f\u4f17\u671b\u8d62\u5f97\u6bd4\u8d5b", 
          "icon": "\u5c0f\u8272"
        }, 
        {
          "position": 1, 
          "dialog": "\uff08\u5f31\u5f31\u7684\u2026\u2026\uff09\u8001\u5927\u7684\u610f\u601d\u662f\uff0c\u4e00\u4f1a\u513f\u6253\u5b8c\u6bd4\u8d5b\u4e0d\u8bba\u8f93\u8d62\u8bb0\u5f97\u9886\u53d6\u5956\u52b1\u540e\uff0c\u70b9\u51fb\u5173\u95ed\u6309\u94ae\u51fa\u6765\uff0c\u522b\u56f0\u5728\u91cc\u9762\u4e86", 
          "icon": "\u7f8e\u5973"
        }, 
        {
          "position": 2, 
          "dialog": "T^T\u597d\u611f\u52a8\uff0c\u4e0d\u4e8f\u662f\u597d\u95fa\u871c", 
          "icon": "\u5c0f\u8272"
        }, 
        {
          "position": 1, 
          "dialog": "\uff08\u7ee7\u7eed\u5f31\u5f31\u7684\u2026\u2026\uff09\u5982\u679c\u4f60\u56f0\u5728\u91cc\u9762\uff0c\u8001\u5927\u8fd8\u8981\u53e6\u5916\u82b1\u94b1\u62db\u4eba\uff0c\u591a\u4e0d\u5212\u7b97", 
          "icon": "\u7f8e\u5973"
        }, 
        {
          "position": 2, 
          "dialog": "\u597d\u4e86\uff0c\u522b\u8bf4\u4e86\uff0c\u5feb\u53bb\u6bd4\u8d5b\uff0c\u4e3a\u672c\u5bab\u8d70\u5411\u4eba\u751f\u5dc5\u5cf0\u505a\u51fa\u52aa\u529b\u8d21\u732e\u5427", 
          "icon": "\u72d0\u72f8\u7cbe"
        }, 
        {
          "position": 1, 
          "dialog": "\u6211\u662f\u753b\u5916\u97f3\uff1a\u5c0f\u8272\u88ab\u4f60\u4e00\u811a\u8e22\u8fdb\u4e86\u8d5b\u573a\u256e(\uffe3\u25bd\uffe3)\u256d", 
          "icon": "\u88c5\u903c\u7537"
        }
      ]
    }, 
    "model": "guide.guide", 
    "pk": 27
  }, 
  {
    "fields": {
      "package": 0, 
      "dialog_after": [], 
      "operate_type": 1, 
      "operate_target": "PVEWorldFrame,Close", 
      "resume_url": "", 
      "arrow": 4, 
      "next_id": 29, 
      "dialog_before": []
    }, 
    "model": "guide.guide", 
    "pk": 28
  }, 
  {
    "fields": {
      "package": 0, 
      "dialog_after": [], 
      "operate_type": 1, 
      "operate_target": "BuildingFrame,Close", 
      "resume_url": "", 
      "arrow": 4, 
      "next_id": 30, 
      "dialog_before": [
        {
          "position": 1, 
          "dialog": "\u8001\u5927\uff0c\u5feb\u770b\uff0c\u597d\u50cf\u83b7\u5f97\u4e86\u4e86\u4e0d\u8d77\u7684\u9053\u5177\u54e6~", 
          "icon": "\u7f8e\u5973"
        }, 
        {
          "position": 2, 
          "dialog": "\u5c11\u89c1\u591a\u602a~\u53ea\u8981\u4f60\u597d\u597d\u7ecf\u8425\u4ff1\u4e50\u90e8\uff0c\u57f9\u517b\u6211\u4eec\uff0c\u6bcf\u901a\u8fc7\u4e00\u5173\u6311\u6218\u8d5b\u90fd\u80fd\u591f\u83b7\u5f97\u4e0d\u5c11\u5956\u52b1~", 
          "icon": "\u5c0f\u8272"
        }, 
        {
          "position": 1, 
          "dialog": "\u597d\u597d\u597d\uff08\u65e0\u6bd4\u72d7\u817f\u72b6ing~\uff09", 
          "icon": "\u72d0\u72f8\u7cbe"
        }
      ]
    }, 
    "model": "guide.guide", 
    "pk": 29
  }, 
  {
    "fields": {
      "package": 0, 
      "dialog_after": [], 
      "operate_type": 1, 
      "operate_target": "HomePageFrame,TrackPanel/BG/ClipWindow/TaskPanel/BuildingTaskItemPanel", 
      "resume_url": "", 
      "arrow": 4, 
      "next_id": 31, 
      "dialog_before": []
    }, 
    "model": "guide.guide", 
    "pk": 30
  }, 
  {
    "fields": {
      "package": 0, 
      "dialog_after": [], 
      "operate_type": 1, 
      "operate_target": "TaskDetailFrame,Detail/GetAward", 
      "resume_url": "", 
      "arrow": 2, 
      "next_id": 32, 
      "dialog_before": []
    }, 
    "model": "guide.guide", 
    "pk": 31
  }, 
  {
    "fields": {
      "package": 0, 
      "dialog_after": [], 
      "operate_type": 1, 
      "operate_target": "HomePageFrame,TrackPanel/BG/ClipWindow/TaskPanel/BuildingTaskItemPanel", 
      "resume_url": "", 
      "arrow": 4, 
      "next_id": 33, 
      "dialog_before": []
    }, 
    "model": "guide.guide", 
    "pk": 32
  }, 
  {
    "fields": {
      "package": 0, 
      "dialog_after": [], 
      "operate_type": 1, 
      "operate_target": "TaskDetailFrame,Detail/Close", 
      "resume_url": "", 
      "arrow": 4, 
      "next_id": 34, 
      "dialog_before": []
    }, 
    "model": "guide.guide", 
    "pk": 33
  }, 
  {
    "fields": {
      "package": 0, 
      "dialog_after": [], 
      "operate_type": 3, 
      "operate_target": "2", 
      "resume_url": "2", 
      "arrow": 0, 
      "next_id": 35, 
      "dialog_before": []
    }, 
    "model": "guide.guide", 
    "pk": 34
  }, 
  {
    "fields": {
      "package": 0, 
      "dialog_after": [], 
      "operate_type": 1, 
      "operate_target": "BuildingFrame,FuncPanel/Func02", 
      "resume_url": "", 
      "arrow": 4, 
      "next_id": 36, 
      "dialog_before": [
        {
          "position": 1, 
          "dialog": "\u521a\u624d\u90a3\u573a\u6bd4\u8d5b\u771f\u662f\u7cbe\u5f69\u554a\uff01", 
          "icon": "\u7f8e\u5973"
        }, 
        {
          "position": 2, 
          "dialog": "\u90a3\u5f53\u7136\u4e86\uff0c\u4e5f\u4e0d\u770b\u770b\u5927\u7237\u6211\u662f\u8c01 (o^\u2207^o)\uff89   ", 
          "icon": "\u5c0f\u8272"
        }, 
        {
          "position": 1, 
          "dialog": "\u54fc\u54fc\u54fc\uff0c\u5176\u5b9e\u4e5f\u6709\u4e00\u70b9\u5403\u529b\u7684\u5427", 
          "icon": "\u72d0\u72f8\u7cbe"
        }, 
        {
          "position": 2, 
          "dialog": "\u54ce\u5466\uff0c\u4eba\u8001\u4e86\uff0c\u624b\u751f\u4e86", 
          "icon": "\u5c0f\u8272"
        }, 
        {
          "position": 1, 
          "dialog": "\u5c0f\u8272\uff0c\u8001\u5927\uff0c\u4e0d\u7528\u62c5\u5fc3\uff0c\u6211\u4eec\u53ef\u4ee5\u8fdb\u884c\u5f3a\u5316\u8bad\u7ec3\uff0c\u8ba9\u5c0f\u8272\u56de\u5149\u8fd4\u7167 (\u2665\u25e0\u203f\u25e0)\uff89  \u0285(\u203e\u25e1\u25dd) ", 
          "icon": "\u7f8e\u5973"
        }, 
        {
          "position": 1, 
          "dialog": "\u53bb\u5427\uff0c\u76ae\u5361\u5c0f\u8272\uff01", 
          "icon": "\u72d0\u72f8\u7cbe"
        }, 
        {
          "position": 2, 
          "dialog": "\u54ce\u5466\uff0c\u6211\u7684\u8001\u9aa8\u5934\u54e6\uff08/T\u0414T)/ ", 
          "icon": "\u5c0f\u8272"
        }
      ]
    }, 
    "model": "guide.guide", 
    "pk": 35
  }, 
  {
    "fields": {
      "package": 0, 
      "dialog_after": [], 
      "operate_type": 1, 
      "operate_target": "TrainAttrFrame,Right/Image (2)/Add", 
      "resume_url": "", 
      "arrow": 1, 
      "next_id": 37, 
      "dialog_before": [
        {
          "position": 1, 
          "dialog": "\u8001\u5927\uff0c\u8bf7\u4f60\u597d\u4e0d\u72b9\u8c6b\u7684\u4e3a\u5c0f\u8272\u5b89\u6392\u8bad\u7ec3\u5427\uff01", 
          "icon": "\u7f8e\u5973"
        }, 
        {
          "position": 2, 
          "dialog": "\u5fc5\u987b\u7684\uff01", 
          "icon": "\u72d0\u72f8\u7cbe"
        }
      ]
    }, 
    "model": "guide.guide", 
    "pk": 36
  }, 
  {
    "fields": {
      "package": 0, 
      "dialog_after": [], 
      "operate_type": 1, 
      "operate_target": "TrainAttrSelectFrame,Right/Confirm", 
      "resume_url": "", 
      "arrow": 4, 
      "next_id": 38, 
      "dialog_before": [
        {
          "position": 1, 
          "dialog": "\u54a6\uff0c\u8fd9\u4e2a\u4e0d\u662f\u6211\u4eec\u521a\u624d\u83b7\u5f97\u7684\u90a3\u4e2a\u9053\u5177\u5417\uff1f", 
          "icon": "\u72d0\u72f8\u7cbe"
        }, 
        {
          "position": 2, 
          "dialog": "\u5f53\u7136\u662f\uff0c\u65e5\u5e38\u8bad\u7ec3\u90fd\u9700\u8981\u9053\u5177\u624d\u53ef\u4ee5\u8fdb\u884c\uff0c\u800c\u9053\u5177\u4e0d\u4ec5\u53ef\u4ee5\u901a\u8fc7\u6311\u6218\u8d5b\u83b7\u5f97\uff0c\u4e5f\u53ef\u4ee5\u901a\u8fc7\u5176\u4ed6\u9014\u5f84\u83b7\u5f97\u3002", 
          "icon": "\u5c0f\u8272"
        }, 
        {
          "position": 1, 
          "dialog": "\u54ea\u4e9b\u9014\u5f84\uff1f\uff1f", 
          "icon": "\u7f8e\u5973"
        }, 
        {
          "position": 2, 
          "dialog": "\u90a3\u5c31\u8981\u4f60\u4eec\u81ea\u5df1\u63a2\u7d22\u4e86 <(\uffe3\ufe36\uffe3)>\u3000", 
          "icon": "\u5c0f\u8272"
        }
      ]
    }, 
    "model": "guide.guide", 
    "pk": 37
  }, 
  {
    "fields": {
      "package": 0, 
      "dialog_after": [], 
      "operate_type": 1, 
      "operate_target": "TrainAttrFrame,FrameTopAppendPanel/BG_Animator", 
      "resume_url": "", 
      "arrow": 4, 
      "next_id": 39, 
      "dialog_before": [
        {
          "position": 1, 
          "dialog": "\u8fd9\u6837\u5c0f\u8272\u5c31\u5f00\u59cb\u8bad\u7ec3\u4e86", 
          "icon": "\u7f8e\u5973"
        }, 
        {
          "position": 2, 
          "dialog": "\u611f\u89c9\u65f6\u95f4\u5f88\u5f88\u4e45\u554a\u250f(\u309c\u30ed\u309c;)\u251b", 
          "icon": "\u72d0\u72f8\u7cbe"
        }, 
        {
          "position": 1, 
          "dialog": "\u662f\u6ef4\uff0c\u6240\u4ee5\u8001\u5927\uff0c\u6211\u4eec\u7ee7\u7eed\u53bb\u505a\u4efb\uff08zuan\uff09\u52a1\uff08qian\uff09\u5427", 
          "icon": "\u7f8e\u5973"
        }
      ]
    }, 
    "model": "guide.guide", 
    "pk": 38
  }, 
  {
    "fields": {
      "package": 0, 
      "dialog_after": [], 
      "operate_type": 1, 
      "operate_target": "BuildingFrame,Close", 
      "resume_url": "", 
      "arrow": 3, 
      "next_id": 40, 
      "dialog_before": []
    }, 
    "model": "guide.guide", 
    "pk": 39
  }, 
  {
    "fields": {
      "package": 0, 
      "dialog_after": [], 
      "operate_type": 1, 
      "operate_target": "HomePageFrame,TrackPanel/BG/ClipWindow/TaskPanel/BuildingTaskItemPanel", 
      "resume_url": "", 
      "arrow": 4, 
      "next_id": 41, 
      "dialog_before": []
    }, 
    "model": "guide.guide", 
    "pk": 40
  }, 
  {
    "fields": {
      "package": 0, 
      "dialog_after": [], 
      "operate_type": 1, 
      "operate_target": "TaskDetailFrame,Detail/GetAward", 
      "resume_url": "", 
      "arrow": 4, 
      "next_id": 42, 
      "dialog_before": []
    }, 
    "model": "guide.guide", 
    "pk": 41
  }, 
  {
    "fields": {
      "package": 0, 
      "dialog_after": [], 
      "operate_type": 1, 
      "operate_target": "HomePageFrame,TrackPanel/BG/ClipWindow/TaskPanel/BuildingTaskItemPanel", 
      "resume_url": "", 
      "arrow": 4, 
      "next_id": 43, 
      "dialog_before": []
    }, 
    "model": "guide.guide", 
    "pk": 42
  }, 
  {
    "fields": {
      "package": 0, 
      "dialog_after": [], 
      "operate_type": 1, 
      "operate_target": "TaskDetailFrame,Detail/Close", 
      "resume_url": "", 
      "arrow": 2, 
      "next_id": 44, 
      "dialog_before": [
        {
          "position": 1, 
          "dialog": "\u770b\u6765\u6211\u4eec\u8fd8\u9700\u8981\u591a\u591a\u7684\u5b8c\u6210\u6311\u6218\u8d5b\u554a", 
          "icon": "\u72d0\u72f8\u7cbe"
        }, 
        {
          "position": 2, 
          "dialog": "\u662f\u7684\uff0c\u8001\u5927", 
          "icon": "\u7f8e\u5973"
        }, 
        {
          "position": 1, 
          "dialog": "\u4e0d\u7136\uff0c\u90fd\u6ca1\u6709\u9053\u5177\u8fdb\u884c\u5f3a\u5316\u554a", 
          "icon": "\u72d0\u72f8\u7cbe"
        }, 
        {
          "position": 2, 
          "dialog": "\u662f\u7684\uff0c\u8001\u5927", 
          "icon": "\u7f8e\u5973"
        }, 
        {
          "position": 1, 
          "dialog": "\u4e5f\u6ca1\u6709\u8f6f\u59b9\u5e01\u554a", 
          "icon": "\u72d0\u72f8\u7cbe"
        }, 
        {
          "position": 2, 
          "dialog": "\u662f\u7684\uff0c\u8001\u5927", 
          "icon": "\u7f8e\u5973"
        }, 
        {
          "position": 1, 
          "dialog": "\u4f60\u662f\u732a\u2192\u3002\u2192", 
          "icon": "\u72d0\u72f8\u7cbe"
        }, 
        {
          "position": 2, 
          "dialog": "\u662f\u7684\uff0c\u8001\u677f\u2026\u2026\u7b49\u7b49(\u3002_\u3002)5555~~~~", 
          "icon": "\u7f8e\u5973"
        }
      ]
    }, 
    "model": "guide.guide", 
    "pk": 43
  }, 
  {
    "fields": {
      "package": 0, 
      "dialog_after": [], 
      "operate_type": 3, 
      "operate_target": "5", 
      "resume_url": "5", 
      "arrow": 0, 
      "next_id": 45, 
      "dialog_before": []
    }, 
    "model": "guide.guide", 
    "pk": 44
  }, 
  {
    "fields": {
      "package": 0, 
      "dialog_after": [], 
      "operate_type": 1, 
      "operate_target": "BuildingFrame,FuncPanel/Func02", 
      "resume_url": "", 
      "arrow": 4, 
      "next_id": 46, 
      "dialog_before": [
        {
          "position": 1, 
          "dialog": "\u65e2\u7136\u8fd9\u6837\uff0c\u5c31\u8ba9\u6211\u4eec\u7ee7\u7eed\u5f81\u7a0b\u5427\uff01p^_^q", 
          "icon": "\u72d0\u72f8\u7cbe"
        }
      ]
    }, 
    "model": "guide.guide", 
    "pk": 45
  }, 
  {
    "fields": {
      "package": 0, 
      "dialog_after": [], 
      "operate_type": 1, 
      "operate_target": "PVEWorldFrame,Down/R/FightButton", 
      "resume_url": "", 
      "arrow": 3, 
      "next_id": 0, 
      "dialog_before": [
        {
          "position": 1, 
          "dialog": "\u4e0d\u8fc7\u8001\u677f\uff0c\u5c0f\u8272\u5df2\u7ecf\u53bb\u8bad\u7ec3\u4e86\uff0c\u8fd8\u53ef\u4ee5\u51fa\u6218\u5417\uff1f", 
          "icon": "\u7f8e\u5973"
        }, 
        {
          "position": 2, 
          "dialog": "\uff08\u6323\u624e\u7740\u722c\u8d77\u6765\uff09\u6211\u53ef\u4ee5\uff0c\u5c31\u7b97\u6211\u5728\u8bad\u7ec3\uff0c\u4e5f\u53ef\u4ee5\u8fdb\u884c\u51fa\u6218\uff0c\u4e0d\u4f1a\u76f8\u4e92\u5f71\u54cd\u7684", 
          "icon": "\u5c0f\u8272"
        }, 
        {
          "position": 1, 
          "dialog": "\u54e6~~~~~\u90a3\u4f60\u5c31\u53bb\u5427\uff01", 
          "icon": "\u72d0\u72f8\u7cbe"
        }, 
        {
          "position": 2, 
          "dialog": "\u6211\u662f\u4e00\u679a\u753b\u5916\u97f3\uff1a\u5c0f\u8272\u518d\u6b21\u88ab\u4f60\u8e22\u8fdb\u8d5b\u573a \\(\"\u2594\u25a1\u2594)/\\(\"\u2594\u25a1\u2594)/\\(\"\u2594\u25a1\u2594)/", 
          "icon": "\u88c5\u903c\u7537"
        }
      ]
    }, 
    "model": "guide.guide", 
    "pk": 46
  }
]