[
{
    "model": "qianban.inspire",
    "pk": 1,
    "fields": {
        "challenge_id": 1,
        "des": "\u901a\u51731-1"
    }
},
{
    "model": "qianban.inspire",
    "pk": 2,
    "fields": {
        "challenge_id": 2,
        "des": "\u901a\u51731-2"
    }
},
{
    "model": "qianban.inspire",
    "pk": 3,
    "fields": {
        "challenge_id": 3,
        "des": "\u901a\u51731-3"
    }
},
{
    "model": "qianban.inspire",
    "pk": 4,
    "fields": {
        "challenge_id": 4,
        "des": "\u901a\u51731-4"
    }
},
{
    "model": "qianban.inspire",
    "pk": 5,
    "fields": {
        "challenge_id": 5,
        "des": "\u901a\u51731-5"
    }
},
{
    "model": "qianban.inspire",
    "pk": 6,
    "fields": {
        "challenge_id": 6,
        "des": "\u901a\u51731-6"
    }
}
]
