[
{
    "model": "qianban.inspireleveladdition",
    "pk": 50,
    "fields": {
        "des": "",
        "attack": 10,
        "attack_percent": 0.0,
        "defense": 10,
        "defense_percent": 0.0,
        "manage": 10,
        "manage_percent": 0.0,
        "operation": 0,
        "operation_percent": 0.0
    }
},
{
    "model": "qianban.inspireleveladdition",
    "pk": 100,
    "fields": {
        "des": "",
        "attack": 16,
        "attack_percent": 0.0,
        "defense": 16,
        "defense_percent": 0.0,
        "manage": 16,
        "manage_percent": 0.0,
        "operation": 0,
        "operation_percent": 0.0
    }
},
{
    "model": "qianban.inspireleveladdition",
    "pk": 150,
    "fields": {
        "des": "",
        "attack": 22,
        "attack_percent": 0.0,
        "defense": 22,
        "defense_percent": 0.0,
        "manage": 22,
        "manage_percent": 0.0,
        "operation": 0,
        "operation_percent": 0.0
    }
},
{
    "model": "qianban.inspireleveladdition",
    "pk": 200,
    "fields": {
        "des": "",
        "attack": 28,
        "attack_percent": 0.0,
        "defense": 28,
        "defense_percent": 0.0,
        "manage": 28,
        "manage_percent": 0.0,
        "operation": 0,
        "operation_percent": 0.0
    }
},
{
    "model": "qianban.inspireleveladdition",
    "pk": 250,
    "fields": {
        "des": "",
        "attack": 34,
        "attack_percent": 0.0,
        "defense": 34,
        "defense_percent": 0.0,
        "manage": 34,
        "manage_percent": 0.0,
        "operation": 0,
        "operation_percent": 0.0
    }
},
{
    "model": "qianban.inspireleveladdition",
    "pk": 300,
    "fields": {
        "des": "",
        "attack": 40,
        "attack_percent": 0.0,
        "defense": 40,
        "defense_percent": 0.0,
        "manage": 40,
        "manage_percent": 0.0,
        "operation": 0,
        "operation_percent": 0.0
    }
},
{
    "model": "qianban.inspireleveladdition",
    "pk": 350,
    "fields": {
        "des": "",
        "attack": 46,
        "attack_percent": 0.0,
        "defense": 46,
        "defense_percent": 0.0,
        "manage": 46,
        "manage_percent": 0.0,
        "operation": 0,
        "operation_percent": 0.0
    }
},
{
    "model": "qianban.inspireleveladdition",
    "pk": 400,
    "fields": {
        "des": "",
        "attack": 52,
        "attack_percent": 0.0,
        "defense": 52,
        "defense_percent": 0.0,
        "manage": 52,
        "manage_percent": 0.0,
        "operation": 0,
        "operation_percent": 0.0
    }
},
{
    "model": "qianban.inspireleveladdition",
    "pk": 450,
    "fields": {
        "des": "",
        "attack": 58,
        "attack_percent": 0.0,
        "defense": 58,
        "defense_percent": 0.0,
        "manage": 58,
        "manage_percent": 0.0,
        "operation": 0,
        "operation_percent": 0.0
    }
},
{
    "model": "qianban.inspireleveladdition",
    "pk": 500,
    "fields": {
        "des": "",
        "attack": 64,
        "attack_percent": 0.0,
        "defense": 64,
        "defense_percent": 0.0,
        "manage": 64,
        "manage_percent": 0.0,
        "operation": 0,
        "operation_percent": 0.0
    }
},
{
    "model": "qianban.inspireleveladdition",
    "pk": 550,
    "fields": {
        "des": "",
        "attack": 70,
        "attack_percent": 0.0,
        "defense": 70,
        "defense_percent": 0.0,
        "manage": 70,
        "manage_percent": 0.0,
        "operation": 0,
        "operation_percent": 0.0
    }
},
{
    "model": "qianban.inspireleveladdition",
    "pk": 600,
    "fields": {
        "des": "",
        "attack": 76,
        "attack_percent": 0.0,
        "defense": 76,
        "defense_percent": 0.0,
        "manage": 76,
        "manage_percent": 0.0,
        "operation": 0,
        "operation_percent": 0.0
    }
},
{
    "model": "qianban.inspireleveladdition",
    "pk": 650,
    "fields": {
        "des": "",
        "attack": 82,
        "attack_percent": 0.0,
        "defense": 82,
        "defense_percent": 0.0,
        "manage": 82,
        "manage_percent": 0.0,
        "operation": 0,
        "operation_percent": 0.0
    }
},
{
    "model": "qianban.inspireleveladdition",
    "pk": 700,
    "fields": {
        "des": "",
        "attack": 88,
        "attack_percent": 0.0,
        "defense": 88,
        "defense_percent": 0.0,
        "manage": 88,
        "manage_percent": 0.0,
        "operation": 0,
        "operation_percent": 0.0
    }
},
{
    "model": "qianban.inspireleveladdition",
    "pk": 750,
    "fields": {
        "des": "",
        "attack": 94,
        "attack_percent": 0.0,
        "defense": 94,
        "defense_percent": 0.0,
        "manage": 94,
        "manage_percent": 0.0,
        "operation": 0,
        "operation_percent": 0.0
    }
},
{
    "model": "qianban.inspireleveladdition",
    "pk": 800,
    "fields": {
        "des": "",
        "attack": 100,
        "attack_percent": 0.0,
        "defense": 100,
        "defense_percent": 0.0,
        "manage": 100,
        "manage_percent": 0.0,
        "operation": 0,
        "operation_percent": 0.0
    }
},
{
    "model": "qianban.inspireleveladdition",
    "pk": 850,
    "fields": {
        "des": "",
        "attack": 106,
        "attack_percent": 0.0,
        "defense": 106,
        "defense_percent": 0.0,
        "manage": 106,
        "manage_percent": 0.0,
        "operation": 0,
        "operation_percent": 0.0
    }
},
{
    "model": "qianban.inspireleveladdition",
    "pk": 900,
    "fields": {
        "des": "",
        "attack": 112,
        "attack_percent": 0.0,
        "defense": 112,
        "defense_percent": 0.0,
        "manage": 112,
        "manage_percent": 0.0,
        "operation": 0,
        "operation_percent": 0.0
    }
}
]
