[
{
    "model": "item.itemquality",
    "pk": 1,
    "fields": {
        "name": "\u767d\u8272",
        "color": "\u767d",
        "icon": "\u9053\u5177\u68461\u767d",
        "background": "\u4eba\u7269\u80cc\u666f\u54c1\u8d28\u68461"
    }
},
{
    "model": "item.itemquality",
    "pk": 2,
    "fields": {
        "name": "\u7eff\u8272",
        "color": "\u7eff",
        "icon": "\u9053\u5177\u68462\u7eff",
        "background": "\u4eba\u7269\u80cc\u666f\u54c1\u8d28\u68462"
    }
},
{
    "model": "item.itemquality",
    "pk": 3,
    "fields": {
        "name": "\u84dd\u8272",
        "color": "\u84dd",
        "icon": "\u9053\u5177\u68463\u84dd",
        "background": "\u4eba\u7269\u80cc\u666f\u54c1\u8d28\u68463"
    }
},
{
    "model": "item.itemquality",
    "pk": 4,
    "fields": {
        "name": "\u7d2b\u8272",
        "color": "\u7d2b",
        "icon": "\u9053\u5177\u68466\u7d2b",
        "background": "\u4eba\u7269\u80cc\u666f\u54c1\u8d28\u68464"
    }
},
{
    "model": "item.itemquality",
    "pk": 5,
    "fields": {
        "name": "\u6a59\u8272",
        "color": "\u6a59",
        "icon": "\u9053\u5177\u68467\u6a59",
        "background": "\u4eba\u7269\u80cc\u666f\u54c1\u8d28\u68465"
    }
},
{
    "model": "item.itemquality",
    "pk": 6,
    "fields": {
        "name": "\u4f20\u8bf4",
        "color": "\u7ea2",
        "icon": "\u9053\u5177\u68468\u7ea2",
        "background": "\u9053\u5177\u68466\u7d2b"
    }
}
]
