[
{
    "model": "item.itemmerge",
    "pk": 50000,
    "fields": {
        "amount": 20,
        "to_id": 40000,
        "renown": 20,
        "crystal": 20
    }
},
{
    "model": "item.itemmerge",
    "pk": 51000,
    "fields": {
        "amount": 25,
        "to_id": 41000,
        "renown": 25,
        "crystal": 25
    }
},
{
    "model": "item.itemmerge",
    "pk": 52000,
    "fields": {
        "amount": 30,
        "to_id": 42000,
        "renown": 30,
        "crystal": 30
    }
},
{
    "model": "item.itemmerge",
    "pk": 53000,
    "fields": {
        "amount": 35,
        "to_id": 43000,
        "renown": 35,
        "crystal": 35
    }
}
]
