[
  {
    "pk": -2, 
    "model": "item.itemuse", 
    "fields": {
      "use_item_id": 0, 
      "result": [
        [
          [
            40002, 
            1, 
            1000
          ]
        ], 
        [
          [
            50002, 
            10, 
            1000
          ]
        ], 
        [
          [
            30001, 
            500000, 
            1000
          ]
        ], 
        [
          [
            30003, 
            200, 
            1000
          ]
        ], 
        [
          [
            30004, 
            300, 
            1000
          ]
        ]
      ], 
      "use_item_amount": 0
    }
  }, 
  {
    "pk": -1, 
    "model": "item.itemuse", 
    "fields": {
      "use_item_id": 0, 
      "result": [
        [
          [
            30018, 
            50, 
            1000
          ]
        ], 
        [
          [
            30000, 
            25, 
            250
          ], 
          [
            30003, 
            15, 
            500
          ], 
          [
            30004, 
            15, 
            750
          ]
        ]
      ], 
      "use_item_amount": 0
    }
  }, 
  {
    "pk": 1, 
    "model": "item.itemuse", 
    "fields": {
      "use_item_id": 0, 
      "result": [
        [
          [
            30017, 
            200, 
            1000
          ]
        ]
      ], 
      "use_item_amount": 0
    }
  }, 
  {
    "pk": 2, 
    "model": "item.itemuse", 
    "fields": {
      "use_item_id": 0, 
      "result": [
        [
          [
            30017, 
            500, 
            1000
          ]
        ]
      ], 
      "use_item_amount": 0
    }
  }, 
  {
    "pk": 3, 
    "model": "item.itemuse", 
    "fields": {
      "use_item_id": 0, 
      "result": [
        [
          [
            30017, 
            1000, 
            1000
          ]
        ]
      ], 
      "use_item_amount": 0
    }
  }, 
  {
    "pk": 4, 
    "model": "item.itemuse", 
    "fields": {
      "use_item_id": 0, 
      "result": [
        [
          [
            30017, 
            3000, 
            1000
          ]
        ]
      ], 
      "use_item_amount": 0
    }
  }, 
  {
    "pk": 5, 
    "model": "item.itemuse", 
    "fields": {
      "use_item_id": 0, 
      "result": [
        [
          [
            30017, 
            10000, 
            1000
          ]
        ]
      ], 
      "use_item_amount": 0
    }
  }, 
  {
    "pk": 20000, 
    "model": "item.itemuse", 
    "fields": {
      "use_item_id": -1, 
      "result": [
        [
          [
            60052, 
            1, 
            0
          ], 
          [
            60152, 
            1, 
            0
          ], 
          [
            60252, 
            1, 
            0
          ]
        ]
      ], 
      "use_item_amount": 0
    }
  }, 
  {
    "pk": 20001, 
    "model": "item.itemuse", 
    "fields": {
      "use_item_id": -1, 
      "result": [
        [
          [
            60053, 
            1, 
            0
          ], 
          [
            60153, 
            1, 
            0
          ], 
          [
            60253, 
            1, 
            0
          ]
        ]
      ], 
      "use_item_amount": 0
    }
  }, 
  {
    "pk": 20002, 
    "model": "item.itemuse", 
    "fields": {
      "use_item_id": -1, 
      "result": [
        [
          [
            60051, 
            1, 
            0
          ], 
          [
            60151, 
            1, 
            0
          ], 
          [
            60251, 
            1, 
            0
          ]
        ]
      ], 
      "use_item_amount": 0
    }
  }, 
  {
    "pk": 20003, 
    "model": "item.itemuse", 
    "fields": {
      "use_item_id": -1, 
      "result": [
        [
          [
            20012, 
            1, 
            0
          ], 
          [
            20013, 
            1, 
            0
          ], 
          [
            20014, 
            1, 
            0
          ]
        ]
      ], 
      "use_item_amount": 0
    }
  }, 
  {
    "pk": 20004, 
    "model": "item.itemuse", 
    "fields": {
      "use_item_id": 0, 
      "result": [
        [
          [
            40001, 
            1, 
            1000
          ]
        ], 
        [
          [
            40011, 
            1, 
            1000
          ]
        ], 
        [
          [
            40021, 
            1, 
            1000
          ]
        ]
      ], 
      "use_item_amount": 0
    }
  }, 
  {
    "pk": 20005, 
    "model": "item.itemuse", 
    "fields": {
      "use_item_id": 0, 
      "result": [
        [
          [
            30001, 
            20000, 
            700
          ], 
          [
            30001, 
            30000, 
            900
          ], 
          [
            30001, 
            50000, 
            1000
          ]
        ], 
        [
          [
            30003, 
            5, 
            200
          ], 
          [
            30003, 
            10, 
            400
          ], 
          [
            30003, 
            15, 
            600
          ]
        ], 
        [
          [
            30000, 
            5, 
            200
          ], 
          [
            30003, 
            10, 
            400
          ]
        ], 
        [
          [
            30004, 
            10, 
            200
          ], 
          [
            30004, 
            15, 
            400
          ], 
          [
            30004, 
            20, 
            600
          ]
        ]
      ], 
      "use_item_amount": 0
    }
  }, 
  {
    "pk": 20006, 
    "model": "item.itemuse", 
    "fields": {
      "use_item_id": 0, 
      "result": [
        [
          [
            30001, 
            30000, 
            700
          ], 
          [
            30001, 
            50000, 
            900
          ], 
          [
            30001, 
            80000, 
            1000
          ]
        ], 
        [
          [
            30003, 
            10, 
            200
          ], 
          [
            30003, 
            15, 
            400
          ], 
          [
            30003, 
            20, 
            600
          ]
        ], 
        [
          [
            30000, 
            10, 
            200
          ], 
          [
            30003, 
            15, 
            400
          ]
        ], 
        [
          [
            30004, 
            15, 
            200
          ], 
          [
            30004, 
            20, 
            400
          ], 
          [
            30004, 
            25, 
            600
          ]
        ], 
        [
          [
            30007, 
            8, 
            200
          ], 
          [
            30007, 
            10, 
            400
          ], 
          [
            30007, 
            12, 
            600
          ]
        ]
      ], 
      "use_item_amount": 0
    }
  }, 
  {
    "pk": 20007, 
    "model": "item.itemuse", 
    "fields": {
      "use_item_id": 0, 
      "result": [
        [
          [
            30001, 
            60000, 
            700
          ], 
          [
            30001, 
            100000, 
            900
          ], 
          [
            30001, 
            120000, 
            1000
          ]
        ], 
        [
          [
            30003, 
            15, 
            200
          ], 
          [
            30003, 
            20, 
            400
          ], 
          [
            30003, 
            25, 
            600
          ]
        ], 
        [
          [
            30000, 
            10, 
            200
          ], 
          [
            30003, 
            15, 
            400
          ]
        ], 
        [
          [
            30004, 
            20, 
            200
          ], 
          [
            30004, 
            25, 
            400
          ], 
          [
            30004, 
            30, 
            600
          ]
        ], 
        [
          [
            30007, 
            8, 
            200
          ], 
          [
            30007, 
            10, 
            400
          ], 
          [
            30007, 
            12, 
            600
          ]
        ], 
        [
          [
            30009, 
            2, 
            200
          ], 
          [
            30009, 
            3, 
            400
          ], 
          [
            30009, 
            4, 
            600
          ]
        ]
      ], 
      "use_item_amount": 0
    }
  }, 
  {
    "pk": 20008, 
    "model": "item.itemuse", 
    "fields": {
      "use_item_id": 0, 
      "result": [
        [
          [
            30023, 
            5, 
            333
          ], 
          [
            30023, 
            10, 
            666
          ], 
          [
            30023, 
            15, 
            1000
          ]
        ], 
        [
          [
            30000, 
            5, 
            300
          ]
        ], 
        [
          [
            30001, 
            5000, 
            350
          ]
        ], 
        [
          [
            30003, 
            2, 
            300
          ]
        ], 
        [
          [
            30004, 
            3, 
            300
          ]
        ], 
        [
          [
            30007, 
            1, 
            300
          ]
        ]
      ], 
      "use_item_amount": 0
    }
  }, 
  {
    "pk": 20009, 
    "model": "item.itemuse", 
    "fields": {
      "use_item_id": 0, 
      "result": [
        [
          [
            30023, 
            20, 
            333
          ], 
          [
            30023, 
            30, 
            666
          ], 
          [
            30023, 
            40, 
            1000
          ]
        ], 
        [
          [
            30000, 
            10, 
            300
          ]
        ], 
        [
          [
            30001, 
            7500, 
            350
          ]
        ], 
        [
          [
            30003, 
            3, 
            300
          ]
        ], 
        [
          [
            30004, 
            4, 
            300
          ]
        ], 
        [
          [
            30007, 
            1, 
            300
          ]
        ]
      ], 
      "use_item_amount": 0
    }
  }, 
  {
    "pk": 20010, 
    "model": "item.itemuse", 
    "fields": {
      "use_item_id": 0, 
      "result": [
        [
          [
            30023, 
            40, 
            333
          ], 
          [
            30023, 
            55, 
            666
          ], 
          [
            30023, 
            70, 
            1000
          ]
        ], 
        [
          [
            30000, 
            10, 
            300
          ]
        ], 
        [
          [
            30001, 
            10000, 
            350
          ]
        ], 
        [
          [
            30003, 
            4, 
            300
          ]
        ], 
        [
          [
            30004, 
            5, 
            300
          ]
        ], 
        [
          [
            30007, 
            2, 
            300
          ]
        ]
      ], 
      "use_item_amount": 0
    }
  }, 
  {
    "pk": 20011, 
    "model": "item.itemuse", 
    "fields": {
      "use_item_id": 0, 
      "result": [
        [
          [
            30023, 
            80, 
            333
          ], 
          [
            30023, 
            95, 
            666
          ], 
          [
            30023, 
            110, 
            1000
          ]
        ], 
        [
          [
            30000, 
            15, 
            300
          ]
        ], 
        [
          [
            30001, 
            12000, 
            350
          ]
        ], 
        [
          [
            30003, 
            5, 
            300
          ]
        ], 
        [
          [
            30004, 
            6, 
            300
          ]
        ], 
        [
          [
            30007, 
            2, 
            300
          ]
        ]
      ], 
      "use_item_amount": 0
    }
  }, 
  {
    "pk": 20012, 
    "model": "item.itemuse", 
    "fields": {
      "use_item_id": 0, 
      "result": [
        [
          [
            60009, 
            1, 
            111
          ], 
          [
            60008, 
            1, 
            222
          ], 
          [
            60007, 
            1, 
            333
          ], 
          [
            60006, 
            1, 
            444
          ], 
          [
            60005, 
            1, 
            555
          ], 
          [
            60004, 
            1, 
            666
          ], 
          [
            60003, 
            1, 
            777
          ], 
          [
            60001, 
            1, 
            888
          ], 
          [
            60002, 
            1, 
            1000
          ]
        ]
      ], 
      "use_item_amount": 0
    }
  }, 
  {
    "pk": 20013, 
    "model": "item.itemuse", 
    "fields": {
      "use_item_id": 0, 
      "result": [
        [
          [
            60109, 
            1, 
            125
          ], 
          [
            60108, 
            1, 
            250
          ], 
          [
            60107, 
            1, 
            375
          ], 
          [
            60106, 
            1, 
            500
          ], 
          [
            60105, 
            1, 
            625
          ], 
          [
            60103, 
            1, 
            750
          ], 
          [
            60102, 
            1, 
            875
          ], 
          [
            60101, 
            1, 
            1000
          ]
        ]
      ], 
      "use_item_amount": 0
    }
  }, 
  {
    "pk": 20014, 
    "model": "item.itemuse", 
    "fields": {
      "use_item_id": 0, 
      "result": [
        [
          [
            60208, 
            1, 
            125
          ], 
          [
            60207, 
            1, 
            250
          ], 
          [
            60206, 
            1, 
            375
          ], 
          [
            60205, 
            1, 
            500
          ], 
          [
            60204, 
            1, 
            625
          ], 
          [
            60203, 
            1, 
            750
          ], 
          [
            60202, 
            1, 
            875
          ], 
          [
            60201, 
            1, 
            1000
          ]
        ]
      ], 
      "use_item_amount": 0
    }
  }, 
  {
    "pk": 20015, 
    "model": "item.itemuse", 
    "fields": {
      "use_item_id": -1, 
      "result": [
        [
          [
            60000, 
            1, 
            0
          ], 
          [
            60100, 
            1, 
            0
          ], 
          [
            60200, 
            1, 
            0
          ]
        ]
      ], 
      "use_item_amount": 0
    }
  }, 
  {
    "pk": 20016, 
    "model": "item.itemuse", 
    "fields": {
      "use_item_id": 0, 
      "result": [
        [
          [
            30024, 
            15, 
            500
          ]
        ], 
        [
          [
            30001, 
            15000, 
            500
          ], 
          [
            30001, 
            30000, 
            1000
          ]
        ], 
        [
          [
            30003, 
            3, 
            500
          ]
        ], 
        [
          [
            30004, 
            6, 
            500
          ]
        ]
      ], 
      "use_item_amount": 0
    }
  }, 
  {
    "pk": 20017, 
    "model": "item.itemuse", 
    "fields": {
      "use_item_id": 0, 
      "result": [
        [
          [
            30024, 
            30, 
            500
          ]
        ], 
        [
          [
            30001, 
            30000, 
            500
          ], 
          [
            30001, 
            50000, 
            1000
          ]
        ], 
        [
          [
            30003, 
            5, 
            500
          ]
        ], 
        [
          [
            30004, 
            10, 
            500
          ]
        ]
      ], 
      "use_item_amount": 0
    }
  }, 
  {
    "pk": 20018, 
    "model": "item.itemuse", 
    "fields": {
      "use_item_id": 0, 
      "result": [
        [
          [
            30001, 
            20000, 
            1000
          ]
        ]
      ], 
      "use_item_amount": 0
    }
  }, 
  {
    "pk": 20019, 
    "model": "item.itemuse", 
    "fields": {
      "use_item_id": 0, 
      "result": [
        [
          [
            30001, 
            50000, 
            1000
          ]
        ], 
        [
          [
            30000, 
            10, 
            1000
          ]
        ]
      ], 
      "use_item_amount": 0
    }
  }, 
  {
    "pk": 20020, 
    "model": "item.itemuse", 
    "fields": {
      "use_item_id": 0, 
      "result": [
        [
          [
            30001, 
            100000, 
            1000
          ]
        ], 
        [
          [
            30000, 
            30, 
            1000
          ]
        ]
      ], 
      "use_item_amount": 0
    }
  }, 
  {
    "pk": 20021, 
    "model": "item.itemuse", 
    "fields": {
      "use_item_id": 0, 
      "result": [
        [
          [
            30024, 
            25, 
            1000
          ]
        ], 
        [
          [
            30001, 
            30000, 
            1000
          ]
        ]
      ], 
      "use_item_amount": 0
    }
  }, 
  {
    "pk": 20022, 
    "model": "item.itemuse", 
    "fields": {
      "use_item_id": 0, 
      "result": [
        [
          [
            30024, 
            50, 
            1000
          ]
        ], 
        [
          [
            30001, 
            50000, 
            1000
          ]
        ]
      ], 
      "use_item_amount": 0
    }
  }, 
  {
    "pk": 20023, 
    "model": "item.itemuse", 
    "fields": {
      "use_item_id": 0, 
      "result": [
        [
          [
            30024, 
            150, 
            1000
          ]
        ], 
        [
          [
            30001, 
            100000, 
            1000
          ]
        ]
      ], 
      "use_item_amount": 0
    }
  }, 
  {
    "pk": 20024, 
    "model": "item.itemuse", 
    "fields": {
      "use_item_id": 0, 
      "result": [
        [
          [
            30024, 
            25, 
            1000
          ]
        ], 
        [
          [
            30001, 
            50000, 
            1000
          ]
        ], 
        [
          [
            30003, 
            5, 
            500
          ]
        ], 
        [
          [
            30004, 
            10, 
            500
          ]
        ]
      ], 
      "use_item_amount": 0
    }
  }, 
  {
    "pk": 20025, 
    "model": "item.itemuse", 
    "fields": {
      "use_item_id": 0, 
      "result": [
        [
          [
            30024, 
            30, 
            1000
          ]
        ], 
        [
          [
            30001, 
            50000, 
            1000
          ]
        ], 
        [
          [
            30003, 
            8, 
            500
          ]
        ], 
        [
          [
            30004, 
            12, 
            500
          ]
        ]
      ], 
      "use_item_amount": 0
    }
  }, 
  {
    "pk": 20026, 
    "model": "item.itemuse", 
    "fields": {
      "use_item_id": 0, 
      "result": [
        [
          [
            30024, 
            40, 
            1000
          ]
        ], 
        [
          [
            30001, 
            100000, 
            1000
          ]
        ], 
        [
          [
            30003, 
            10, 
            500
          ]
        ], 
        [
          [
            30004, 
            15, 
            500
          ]
        ]
      ], 
      "use_item_amount": 0
    }
  }, 
  {
    "pk": 20027, 
    "model": "item.itemuse", 
    "fields": {
      "use_item_id": 0, 
      "result": [
        [
          [
            30024, 
            50, 
            1000
          ]
        ], 
        [
          [
            30001, 
            100000, 
            1000
          ]
        ], 
        [
          [
            30003, 
            20, 
            500
          ]
        ], 
        [
          [
            30004, 
            20, 
            500
          ]
        ]
      ], 
      "use_item_amount": 0
    }
  }, 
  {
    "pk": 20028, 
    "model": "item.itemuse", 
    "fields": {
      "use_item_id": 0, 
      "result": [
        [
          [
            30024, 
            100, 
            1000
          ]
        ], 
        [
          [
            30001, 
            200000, 
            1000
          ]
        ], 
        [
          [
            30003, 
            30, 
            500
          ]
        ], 
        [
          [
            30004, 
            25, 
            500
          ]
        ]
      ], 
      "use_item_amount": 0
    }
  }, 
  {
    "pk": 20100, 
    "model": "item.itemuse", 
    "fields": {
      "use_item_id": 0, 
      "result": [
        [
          [
            30001, 
            100000, 
            1000
          ]
        ], 
        [
          [
            30003, 
            50, 
            1000
          ]
        ], 
        [
          [
            30004, 
            50, 
            1000
          ]
        ], 
        [
          [
            30007, 
            20, 
            1000
          ]
        ]
      ], 
      "use_item_amount": 0
    }
  }, 
  {
    "pk": 20101, 
    "model": "item.itemuse", 
    "fields": {
      "use_item_id": 0, 
      "result": [
        [
          [
            40001, 
            1, 
            1000
          ]
        ], 
        [
          [
            50001, 
            10, 
            1000
          ]
        ], 
        [
          [
            30001, 
            200000, 
            1000
          ]
        ], 
        [
          [
            30003, 
            60, 
            1000
          ]
        ]
      ], 
      "use_item_amount": 0
    }
  }, 
  {
    "pk": 20102, 
    "model": "item.itemuse", 
    "fields": {
      "use_item_id": 0, 
      "result": [
        [
          [
            40011, 
            1, 
            1000
          ]
        ], 
        [
          [
            50011, 
            10, 
            1000
          ]
        ], 
        [
          [
            30001, 
            250000, 
            1000
          ]
        ], 
        [
          [
            30004, 
            80, 
            1000
          ]
        ]
      ], 
      "use_item_amount": 0
    }
  }, 
  {
    "pk": 20103, 
    "model": "item.itemuse", 
    "fields": {
      "use_item_id": 0, 
      "result": [
        [
          [
            40021, 
            1, 
            1000
          ]
        ], 
        [
          [
            50021, 
            10, 
            1000
          ]
        ], 
        [
          [
            30001, 
            300000, 
            1000
          ]
        ], 
        [
          [
            30007, 
            50, 
            1000
          ]
        ]
      ], 
      "use_item_amount": 0
    }
  }, 
  {
    "pk": 20104, 
    "model": "item.itemuse", 
    "fields": {
      "use_item_id": 0, 
      "result": [
        [
          [
            40031, 
            1, 
            1000
          ]
        ], 
        [
          [
            50031, 
            10, 
            1000
          ]
        ], 
        [
          [
            30001, 
            350000, 
            1000
          ]
        ], 
        [
          [
            30009, 
            25, 
            1000
          ]
        ]
      ], 
      "use_item_amount": 0
    }
  }, 
  {
    "pk": 20105, 
    "model": "item.itemuse", 
    "fields": {
      "use_item_id": 0, 
      "result": [
        [
          [
            40002, 
            1, 
            1000
          ]
        ], 
        [
          [
            50002, 
            10, 
            1000
          ]
        ], 
        [
          [
            30001, 
            400000, 
            1000
          ]
        ], 
        [
          [
            30003, 
            150, 
            1000
          ]
        ]
      ], 
      "use_item_amount": 0
    }
  }, 
  {
    "pk": 20106, 
    "model": "item.itemuse", 
    "fields": {
      "use_item_id": 0, 
      "result": [
        [
          [
            40012, 
            1, 
            1000
          ]
        ], 
        [
          [
            50012, 
            10, 
            1000
          ]
        ], 
        [
          [
            30001, 
            500000, 
            1000
          ]
        ], 
        [
          [
            30004, 
            350, 
            1000
          ]
        ]
      ], 
      "use_item_amount": 0
    }
  }, 
  {
    "pk": 20107, 
    "model": "item.itemuse", 
    "fields": {
      "use_item_id": 0, 
      "result": [
        [
          [
            40022, 
            1, 
            1000
          ]
        ], 
        [
          [
            50022, 
            10, 
            1000
          ]
        ], 
        [
          [
            30001, 
            600000, 
            1000
          ]
        ], 
        [
          [
            30007, 
            100, 
            1000
          ]
        ]
      ], 
      "use_item_amount": 0
    }
  }, 
  {
    "pk": 20108, 
    "model": "item.itemuse", 
    "fields": {
      "use_item_id": 0, 
      "result": [
        [
          [
            40042, 
            1, 
            1000
          ]
        ], 
        [
          [
            50042, 
            10, 
            1000
          ]
        ], 
        [
          [
            20003, 
            1, 
            1000
          ]
        ], 
        [
          [
            30001, 
            700000, 
            1000
          ]
        ], 
        [
          [
            30004, 
            600, 
            1000
          ]
        ]
      ], 
      "use_item_amount": 0
    }
  }, 
  {
    "pk": 20109, 
    "model": "item.itemuse", 
    "fields": {
      "use_item_id": 0, 
      "result": [
        [
          [
            40003, 
            1, 
            1000
          ]
        ], 
        [
          [
            50003, 
            10, 
            1000
          ]
        ], 
        [
          [
            20003, 
            1, 
            1000
          ]
        ], 
        [
          [
            30001, 
            800000, 
            1000
          ]
        ], 
        [
          [
            30007, 
            150, 
            1000
          ]
        ]
      ], 
      "use_item_amount": 0
    }
  }, 
  {
    "pk": 20110, 
    "model": "item.itemuse", 
    "fields": {
      "use_item_id": 0, 
      "result": [
        [
          [
            40013, 
            1, 
            1000
          ]
        ], 
        [
          [
            50013, 
            10, 
            1000
          ]
        ], 
        [
          [
            20015, 
            1, 
            1000
          ]
        ], 
        [
          [
            30001, 
            900000, 
            1000
          ]
        ], 
        [
          [
            30009, 
            80, 
            1000
          ]
        ]
      ], 
      "use_item_amount": 0
    }
  }, 
  {
    "pk": 20111, 
    "model": "item.itemuse", 
    "fields": {
      "use_item_id": 0, 
      "result": [
        [
          [
            40023, 
            1, 
            1000
          ]
        ], 
        [
          [
            50023, 
            10, 
            1000
          ]
        ], 
        [
          [
            20015, 
            1, 
            1000
          ]
        ], 
        [
          [
            30001, 
            1000000, 
            1000
          ]
        ], 
        [
          [
            30008, 
            50, 
            1000
          ]
        ]
      ], 
      "use_item_amount": 0
    }
  }, 
  {
    "pk": 20112, 
    "model": "item.itemuse", 
    "fields": {
      "use_item_id": 0, 
      "result": [
        [
          [
            40033, 
            1, 
            1000
          ]
        ], 
        [
          [
            50033, 
            10, 
            1000
          ]
        ], 
        [
          [
            20015, 
            1, 
            1000
          ]
        ], 
        [
          [
            30001, 
            1500000, 
            1000
          ]
        ], 
        [
          [
            30006, 
            15, 
            1000
          ]
        ]
      ], 
      "use_item_amount": 0
    }
  }
]