[
{
    "model": "item.itemnew",
    "pk": 1,
    "fields": {
        "name": "100\u7ecf\u9a8c",
        "des": "\u7ecf\u9a8c\u9053\u5177",
        "icon": "\u8dd1\u6b65\u673a",
        "tp": 1,
        "quality": 1,
        "stack_max": 999999
    }
},
{
    "model": "item.itemnew",
    "pk": 2,
    "fields": {
        "name": "500\u7ecf\u9a8c",
        "des": "\u7ecf\u9a8c\u9053\u5177",
        "icon": "\u8dd1\u6b65\u673a",
        "tp": 1,
        "quality": 2,
        "stack_max": 999999
    }
},
{
    "model": "item.itemnew",
    "pk": 3,
    "fields": {
        "name": "2000\u7ecf\u9a8c",
        "des": "\u7ecf\u9a8c\u9053\u5177",
        "icon": "\u8dd1\u6b65\u673a",
        "tp": 1,
        "quality": 3,
        "stack_max": 999999
    }
},
{
    "model": "item.itemnew",
    "pk": 4,
    "fields": {
        "name": "5000\u7ecf\u9a8c",
        "des": "\u7ecf\u9a8c\u9053\u5177",
        "icon": "\u8dd1\u6b65\u673a",
        "tp": 1,
        "quality": 4,
        "stack_max": 999999
    }
},
{
    "model": "item.itemnew",
    "pk": 5,
    "fields": {
        "name": "10000\u7ecf\u9a8c",
        "des": "\u7ecf\u9a8c\u9053\u5177",
        "icon": "\u8dd1\u6b65\u673a",
        "tp": 1,
        "quality": 5,
        "stack_max": 999999
    }
},
{
    "model": "item.itemnew",
    "pk": 10000,
    "fields": {
        "name": "\u91d1\u94a5\u5319",
        "des": "\u7528\u6765\u5f00\u542f\u91d1\u5b9d\u7bb1",
        "icon": "\u9177\u9177I7CPU",
        "tp": 1,
        "quality": 5,
        "stack_max": 999
    }
},
{
    "model": "item.itemnew",
    "pk": 20000,
    "fields": {
        "name": "\u91d1\u5b9d\u7bb1",
        "des": "\u5f00\u51fa\u5404\u79cd\u4e1c\u897f",
        "icon": "\u6cf0\u5766\u663e\u5361",
        "tp": 2,
        "quality": 5,
        "stack_max": 999
    }
},
{
    "model": "item.itemnew",
    "pk": 30000,
    "fields": {
        "name": "\u94bb\u77f3",
        "des": "\u5145\u503c\u8d27\u5e01",
        "icon": "CRT\u7eaf\u5e73\u663e\u793a\u5668",
        "tp": 3,
        "quality": 5,
        "stack_max": 2000000000
    }
},
{
    "model": "item.itemnew",
    "pk": 30001,
    "fields": {
        "name": "\u6e38\u620f\u5e01",
        "des": "\u6e38\u620f\u5185\u8d27\u5e01",
        "icon": "\u4f4e\u529f\u7387\u98ce\u6247",
        "tp": 3,
        "quality": 5,
        "stack_max": 2000000000
    }
},
{
    "model": "item.itemnew",
    "pk": 30002,
    "fields": {
        "name": "\u58f0\u671b\u503c",
        "des": "\u53ef\u4ee5\u5151\u6362\u88c5\u5907",
        "icon": "\u5c0f\u578bLED\u663e\u793a\u5668",
        "tp": 3,
        "quality": 5,
        "stack_max": 2000000000
    }
},
{
    "model": "item.itemnew",
    "pk": 30003,
    "fields": {
        "name": "\u6c34\u6676",
        "des": "\u5175\u79cd\u5347\u7ea7\u8d44\u6e90",
        "icon": "\u5c0f\u9738\u738b\u5b66\u4e60\u673a",
        "tp": 3,
        "quality": 5,
        "stack_max": 2000000000
    }
},
{
    "model": "item.itemnew",
    "pk": 30004,
    "fields": {
        "name": "\u6c14\u77ff",
        "des": "\u5175\u79cd\u5347\u9636\u8d44\u6e90",
        "icon": "\u8001\u5f0f\u4e00\u4f53\u673a",
        "tp": 3,
        "quality": 5,
        "stack_max": 2000000000
    }
},
{
    "model": "item.itemnew",
    "pk": 30005,
    "fields": {
        "name": "\u62bd\u5361\u79ef\u5206",
        "des": "\u62bd\u5361\u83b7\u5f97\u7684\u79ef\u5206",
        "icon": "\u8dd1\u6b65\u673a",
        "tp": 3,
        "quality": 5,
        "stack_max": 99999999
    }
},
{
    "model": "item.itemnew",
    "pk": 30006,
    "fields": {
        "name": "\u5929\u8d4b\u70b9",
        "des": "\u7528\u4e8e\u5929\u8d4b\u5347\u7ea7",
        "icon": "\u8dd1\u6b65\u673a",
        "tp": 3,
        "quality": 5,
        "stack_max": 9999999
    }
},
{
    "model": "item.itemnew",
    "pk": 40000,
    "fields": {
        "name": "\u9f20\u6807",
        "des": "\u9009\u624b\u88c5\u5907",
        "icon": "\u6e38\u620f\u7b14\u8bb0\u672c",
        "tp": 4,
        "quality": 2,
        "stack_max": 1
    }
},
{
    "model": "item.itemnew",
    "pk": 41000,
    "fields": {
        "name": "\u952e\u76d8",
        "des": "\u9009\u624b\u88c5\u5907",
        "icon": "\u5c0f\u7535\u5f71\u79fb\u52a8\u786c\u76d8",
        "tp": 4,
        "quality": 3,
        "stack_max": 1
    }
},
{
    "model": "item.itemnew",
    "pk": 42000,
    "fields": {
        "name": "\u663e\u793a\u5668",
        "des": "\u9009\u624b\u88c5\u5907",
        "icon": "\u591a\u7ebf\u8ffd\u8e2a\u773c\u955c",
        "tp": 4,
        "quality": 4,
        "stack_max": 1
    }
},
{
    "model": "item.itemnew",
    "pk": 43000,
    "fields": {
        "name": "\u9970\u54c1",
        "des": "\u9009\u624b\u88c5\u5907",
        "icon": "\u624b\u8155\u8bad\u7ec3\u54d1\u94c3",
        "tp": 4,
        "quality": 5,
        "stack_max": 1
    }
},
{
    "model": "item.itemnew",
    "pk": 50000,
    "fields": {
        "name": "\u9f20\u6807\u788e\u7247",
        "des": "\u88c5\u5907\u788e\u7247",
        "icon": "\u8dd1\u6b65\u673a",
        "tp": 5,
        "quality": 2,
        "stack_max": 9999
    }
},
{
    "model": "item.itemnew",
    "pk": 51000,
    "fields": {
        "name": "\u952e\u76d8\u788e\u7247",
        "des": "\u88c5\u5907\u788e\u7247",
        "icon": "\u8212\u9002\u5750\u57ab",
        "tp": 5,
        "quality": 3,
        "stack_max": 9999
    }
},
{
    "model": "item.itemnew",
    "pk": 52000,
    "fields": {
        "name": "\u663e\u793a\u5668\u788e\u7247",
        "des": "\u88c5\u5907\u788e\u7247",
        "icon": "\u804c\u4e1a\u7535\u7ade\u6905",
        "tp": 5,
        "quality": 4,
        "stack_max": 9999
    }
},
{
    "model": "item.itemnew",
    "pk": 53000,
    "fields": {
        "name": "\u9970\u54c1\u788e\u7247",
        "des": "\u88c5\u5907\u788e\u7247",
        "icon": "BOSS\u5ea7\u6905",
        "tp": 5,
        "quality": 5,
        "stack_max": 9999
    }
},
{
    "model": "item.itemnew",
    "pk": 60000,
    "fields": {
        "name": "FanTasy",
        "des": "FanTasy",
        "icon": "FanTasy",
        "tp": 6,
        "quality": 1,
        "stack_max": 1
    }
},
{
    "model": "item.itemnew",
    "pk": 60001,
    "fields": {
        "name": "FORGG",
        "des": "FORGG",
        "icon": "FORGG",
        "tp": 6,
        "quality": 2,
        "stack_max": 1
    }
},
{
    "model": "item.itemnew",
    "pk": 60002,
    "fields": {
        "name": "Rain",
        "des": "Rain",
        "icon": "Rain",
        "tp": 6,
        "quality": 3,
        "stack_max": 1
    }
},
{
    "model": "item.itemnew",
    "pk": 60003,
    "fields": {
        "name": "Dark",
        "des": "Dark",
        "icon": "dark",
        "tp": 6,
        "quality": 4,
        "stack_max": 1
    }
},
{
    "model": "item.itemnew",
    "pk": 60004,
    "fields": {
        "name": "Innovation",
        "des": "Innovation",
        "icon": "Innovation",
        "tp": 6,
        "quality": 5,
        "stack_max": 1
    }
},
{
    "model": "item.itemnew",
    "pk": 60005,
    "fields": {
        "name": "Stork",
        "des": "Stork",
        "icon": "Stork",
        "tp": 6,
        "quality": 1,
        "stack_max": 1
    }
},
{
    "model": "item.itemnew",
    "pk": 60006,
    "fields": {
        "name": "Bisu",
        "des": "Bisu",
        "icon": "Bisu",
        "tp": 6,
        "quality": 2,
        "stack_max": 1
    }
},
{
    "model": "item.itemnew",
    "pk": 60007,
    "fields": {
        "name": "Flash",
        "des": "Flash",
        "icon": "Flash",
        "tp": 6,
        "quality": 3,
        "stack_max": 1
    }
},
{
    "model": "item.itemnew",
    "pk": 60008,
    "fields": {
        "name": "Jeadong",
        "des": "Jeadong",
        "icon": "Jeadong",
        "tp": 6,
        "quality": 4,
        "stack_max": 1
    }
},
{
    "model": "item.itemnew",
    "pk": 60009,
    "fields": {
        "name": "Hydra",
        "des": "Hydra",
        "icon": "Hydra",
        "tp": 6,
        "quality": 5,
        "stack_max": 1
    }
},
{
    "model": "item.itemnew",
    "pk": 60010,
    "fields": {
        "name": "Maru",
        "des": "Maru",
        "icon": "Maru",
        "tp": 6,
        "quality": 1,
        "stack_max": 1
    }
},
{
    "model": "item.itemnew",
    "pk": 60011,
    "fields": {
        "name": "hero",
        "des": "hero",
        "icon": "hero",
        "tp": 6,
        "quality": 2,
        "stack_max": 1
    }
},
{
    "model": "item.itemnew",
    "pk": 60012,
    "fields": {
        "name": "life",
        "des": "life",
        "icon": "life",
        "tp": 6,
        "quality": 3,
        "stack_max": 1
    }
},
{
    "model": "item.itemnew",
    "pk": 60013,
    "fields": {
        "name": "parting",
        "des": "parting",
        "icon": "parting",
        "tp": 6,
        "quality": 4,
        "stack_max": 1
    }
},
{
    "model": "item.itemnew",
    "pk": 60014,
    "fields": {
        "name": "Nuclear",
        "des": "Nuclear",
        "icon": "Nuclear",
        "tp": 6,
        "quality": 5,
        "stack_max": 1
    }
},
{
    "model": "item.itemnew",
    "pk": 60015,
    "fields": {
        "name": "Mayuki",
        "des": "Mayuki",
        "icon": "mayuki",
        "tp": 6,
        "quality": 1,
        "stack_max": 1
    }
},
{
    "model": "item.itemnew",
    "pk": 60016,
    "fields": {
        "name": "Nostalie",
        "des": "Nostalie",
        "icon": "nostalie",
        "tp": 6,
        "quality": 2,
        "stack_max": 1
    }
},
{
    "model": "item.itemnew",
    "pk": 60017,
    "fields": {
        "name": "Comm",
        "des": "Comm",
        "icon": "Comm",
        "tp": 6,
        "quality": 3,
        "stack_max": 1
    }
},
{
    "model": "item.itemnew",
    "pk": 60018,
    "fields": {
        "name": "F91",
        "des": "F91",
        "icon": "F91",
        "tp": 6,
        "quality": 4,
        "stack_max": 1
    }
},
{
    "model": "item.itemnew",
    "pk": 60019,
    "fields": {
        "name": "\u5c0f\u8272",
        "des": "\u5c0f\u8272",
        "icon": "\u5c0f\u8272",
        "tp": 6,
        "quality": 5,
        "stack_max": 1
    }
},
{
    "model": "item.itemnew",
    "pk": 60020,
    "fields": {
        "name": "xigua",
        "des": "xigua",
        "icon": "xigua",
        "tp": 6,
        "quality": 1,
        "stack_max": 1
    }
},
{
    "model": "item.itemnew",
    "pk": 60021,
    "fields": {
        "name": "toodming",
        "des": "toodming",
        "icon": "toodming",
        "tp": 6,
        "quality": 2,
        "stack_max": 1
    }
},
{
    "model": "item.itemnew",
    "pk": 60022,
    "fields": {
        "name": "xy",
        "des": "xy",
        "icon": "xy",
        "tp": 6,
        "quality": 3,
        "stack_max": 1
    }
},
{
    "model": "item.itemnew",
    "pk": 60023,
    "fields": {
        "name": "jim",
        "des": "jim",
        "icon": "jim",
        "tp": 6,
        "quality": 4,
        "stack_max": 1
    }
},
{
    "model": "item.itemnew",
    "pk": 60024,
    "fields": {
        "name": "top",
        "des": "top",
        "icon": "top",
        "tp": 6,
        "quality": 5,
        "stack_max": 1
    }
},
{
    "model": "item.itemnew",
    "pk": 60025,
    "fields": {
        "name": "ein",
        "des": "ein",
        "icon": "ein",
        "tp": 6,
        "quality": 1,
        "stack_max": 1
    }
},
{
    "model": "item.itemnew",
    "pk": 60026,
    "fields": {
        "name": "cloudy",
        "des": "cloudy",
        "icon": "cloudy",
        "tp": 6,
        "quality": 2,
        "stack_max": 1
    }
},
{
    "model": "item.itemnew",
    "pk": 60027,
    "fields": {
        "name": "macsed",
        "des": "macsed",
        "icon": "macsed",
        "tp": 6,
        "quality": 3,
        "stack_max": 1
    }
},
{
    "model": "item.itemnew",
    "pk": 60028,
    "fields": {
        "name": "YHY",
        "des": "YHY",
        "icon": "YHY",
        "tp": 6,
        "quality": 4,
        "stack_max": 1
    }
}
]
