[
  {
    "pk": 20000, 
    "model": "item.itemuse", 
    "fields": {
      "use_item_id": 10000, 
      "result": [
        [
          [
            30001, 
            3000, 
            500
          ], 
          [
            30002, 
            5000, 
            500
          ]
        ], 
        [
          [
            40000, 
            1, 
            250
          ], 
          [
            41000, 
            1, 
            250
          ], 
          [
            42000, 
            1, 
            250
          ], 
          [
            43000, 
            1, 
            250
          ]
        ]
      ], 
      "use_item_amount": 1
    }
  }
]