[
{
    "model": "item.itemmerge",
    "pk": 50000,
    "fields": {
        "amount": 5,
        "to_id": 40000,
        "renown": 0,
        "crystal": 0
    }
},
{
    "model": "item.itemmerge",
    "pk": 50001,
    "fields": {
        "amount": 10,
        "to_id": 40001,
        "renown": 15,
        "crystal": 0
    }
},
{
    "model": "item.itemmerge",
    "pk": 50002,
    "fields": {
        "amount": 20,
        "to_id": 40002,
        "renown": 20,
        "crystal": 0
    }
},
{
    "model": "item.itemmerge",
    "pk": 50003,
    "fields": {
        "amount": 30,
        "to_id": 40003,
        "renown": 25,
        "crystal": 0
    }
},
{
    "model": "item.itemmerge",
    "pk": 50010,
    "fields": {
        "amount": 5,
        "to_id": 40010,
        "renown": 0,
        "crystal": 0
    }
},
{
    "model": "item.itemmerge",
    "pk": 50011,
    "fields": {
        "amount": 10,
        "to_id": 40011,
        "renown": 15,
        "crystal": 0
    }
},
{
    "model": "item.itemmerge",
    "pk": 50012,
    "fields": {
        "amount": 20,
        "to_id": 40012,
        "renown": 20,
        "crystal": 0
    }
},
{
    "model": "item.itemmerge",
    "pk": 50013,
    "fields": {
        "amount": 30,
        "to_id": 40013,
        "renown": 25,
        "crystal": 0
    }
},
{
    "model": "item.itemmerge",
    "pk": 50020,
    "fields": {
        "amount": 5,
        "to_id": 40020,
        "renown": 0,
        "crystal": 0
    }
},
{
    "model": "item.itemmerge",
    "pk": 50021,
    "fields": {
        "amount": 10,
        "to_id": 40021,
        "renown": 15,
        "crystal": 0
    }
},
{
    "model": "item.itemmerge",
    "pk": 50022,
    "fields": {
        "amount": 20,
        "to_id": 40022,
        "renown": 20,
        "crystal": 0
    }
},
{
    "model": "item.itemmerge",
    "pk": 50023,
    "fields": {
        "amount": 30,
        "to_id": 40023,
        "renown": 25,
        "crystal": 0
    }
},
{
    "model": "item.itemmerge",
    "pk": 50030,
    "fields": {
        "amount": 5,
        "to_id": 40030,
        "renown": 0,
        "crystal": 0
    }
},
{
    "model": "item.itemmerge",
    "pk": 50031,
    "fields": {
        "amount": 10,
        "to_id": 40031,
        "renown": 15,
        "crystal": 0
    }
},
{
    "model": "item.itemmerge",
    "pk": 50032,
    "fields": {
        "amount": 20,
        "to_id": 40032,
        "renown": 20,
        "crystal": 0
    }
},
{
    "model": "item.itemmerge",
    "pk": 50033,
    "fields": {
        "amount": 30,
        "to_id": 40033,
        "renown": 25,
        "crystal": 0
    }
},
{
    "model": "item.itemmerge",
    "pk": 50040,
    "fields": {
        "amount": 5,
        "to_id": 40040,
        "renown": 0,
        "crystal": 0
    }
},
{
    "model": "item.itemmerge",
    "pk": 50041,
    "fields": {
        "amount": 10,
        "to_id": 40041,
        "renown": 15,
        "crystal": 0
    }
},
{
    "model": "item.itemmerge",
    "pk": 50042,
    "fields": {
        "amount": 20,
        "to_id": 40042,
        "renown": 20,
        "crystal": 0
    }
},
{
    "model": "item.itemmerge",
    "pk": 50043,
    "fields": {
        "amount": 30,
        "to_id": 40043,
        "renown": 25,
        "crystal": 0
    }
},
{
    "model": "item.itemmerge",
    "pk": 51000,
    "fields": {
        "amount": 25,
        "to_id": 41000,
        "renown": 25,
        "crystal": 25
    }
},
{
    "model": "item.itemmerge",
    "pk": 52000,
    "fields": {
        "amount": 30,
        "to_id": 42000,
        "renown": 30,
        "crystal": 30
    }
},
{
    "model": "item.itemmerge",
    "pk": 53000,
    "fields": {
        "amount": 35,
        "to_id": 43000,
        "renown": 35,
        "crystal": 35
    }
},
{
    "model": "item.itemmerge",
    "pk": 65000,
    "fields": {
        "amount": 40,
        "to_id": 60000,
        "renown": 0,
        "crystal": 5
    }
},
{
    "model": "item.itemmerge",
    "pk": 65001,
    "fields": {
        "amount": 40,
        "to_id": 60001,
        "renown": 0,
        "crystal": 5
    }
},
{
    "model": "item.itemmerge",
    "pk": 65002,
    "fields": {
        "amount": 40,
        "to_id": 60002,
        "renown": 0,
        "crystal": 5
    }
},
{
    "model": "item.itemmerge",
    "pk": 65003,
    "fields": {
        "amount": 40,
        "to_id": 60003,
        "renown": 0,
        "crystal": 5
    }
},
{
    "model": "item.itemmerge",
    "pk": 65004,
    "fields": {
        "amount": 40,
        "to_id": 60004,
        "renown": 0,
        "crystal": 5
    }
},
{
    "model": "item.itemmerge",
    "pk": 65005,
    "fields": {
        "amount": 40,
        "to_id": 60005,
        "renown": 0,
        "crystal": 5
    }
},
{
    "model": "item.itemmerge",
    "pk": 65006,
    "fields": {
        "amount": 40,
        "to_id": 60006,
        "renown": 0,
        "crystal": 5
    }
},
{
    "model": "item.itemmerge",
    "pk": 65007,
    "fields": {
        "amount": 40,
        "to_id": 60007,
        "renown": 0,
        "crystal": 5
    }
},
{
    "model": "item.itemmerge",
    "pk": 65008,
    "fields": {
        "amount": 40,
        "to_id": 60008,
        "renown": 0,
        "crystal": 5
    }
},
{
    "model": "item.itemmerge",
    "pk": 65009,
    "fields": {
        "amount": 40,
        "to_id": 60009,
        "renown": 0,
        "crystal": 5
    }
},
{
    "model": "item.itemmerge",
    "pk": 65100,
    "fields": {
        "amount": 40,
        "to_id": 60100,
        "renown": 0,
        "crystal": 5
    }
},
{
    "model": "item.itemmerge",
    "pk": 65101,
    "fields": {
        "amount": 40,
        "to_id": 60101,
        "renown": 0,
        "crystal": 5
    }
},
{
    "model": "item.itemmerge",
    "pk": 65102,
    "fields": {
        "amount": 40,
        "to_id": 60102,
        "renown": 0,
        "crystal": 5
    }
},
{
    "model": "item.itemmerge",
    "pk": 65103,
    "fields": {
        "amount": 40,
        "to_id": 60103,
        "renown": 0,
        "crystal": 5
    }
},
{
    "model": "item.itemmerge",
    "pk": 65104,
    "fields": {
        "amount": 40,
        "to_id": 60104,
        "renown": 0,
        "crystal": 5
    }
},
{
    "model": "item.itemmerge",
    "pk": 65105,
    "fields": {
        "amount": 40,
        "to_id": 60105,
        "renown": 0,
        "crystal": 5
    }
},
{
    "model": "item.itemmerge",
    "pk": 65106,
    "fields": {
        "amount": 40,
        "to_id": 60106,
        "renown": 0,
        "crystal": 5
    }
},
{
    "model": "item.itemmerge",
    "pk": 65107,
    "fields": {
        "amount": 40,
        "to_id": 60107,
        "renown": 0,
        "crystal": 5
    }
},
{
    "model": "item.itemmerge",
    "pk": 65108,
    "fields": {
        "amount": 40,
        "to_id": 60108,
        "renown": 0,
        "crystal": 5
    }
},
{
    "model": "item.itemmerge",
    "pk": 65109,
    "fields": {
        "amount": 40,
        "to_id": 60109,
        "renown": 0,
        "crystal": 5
    }
},
{
    "model": "item.itemmerge",
    "pk": 65200,
    "fields": {
        "amount": 40,
        "to_id": 60200,
        "renown": 0,
        "crystal": 5
    }
},
{
    "model": "item.itemmerge",
    "pk": 65201,
    "fields": {
        "amount": 40,
        "to_id": 60201,
        "renown": 0,
        "crystal": 5
    }
},
{
    "model": "item.itemmerge",
    "pk": 65202,
    "fields": {
        "amount": 40,
        "to_id": 60202,
        "renown": 0,
        "crystal": 5
    }
},
{
    "model": "item.itemmerge",
    "pk": 65203,
    "fields": {
        "amount": 40,
        "to_id": 60203,
        "renown": 0,
        "crystal": 5
    }
},
{
    "model": "item.itemmerge",
    "pk": 65204,
    "fields": {
        "amount": 40,
        "to_id": 60204,
        "renown": 0,
        "crystal": 5
    }
},
{
    "model": "item.itemmerge",
    "pk": 65205,
    "fields": {
        "amount": 40,
        "to_id": 60205,
        "renown": 0,
        "crystal": 5
    }
},
{
    "model": "item.itemmerge",
    "pk": 65206,
    "fields": {
        "amount": 40,
        "to_id": 60206,
        "renown": 0,
        "crystal": 5
    }
},
{
    "model": "item.itemmerge",
    "pk": 65207,
    "fields": {
        "amount": 40,
        "to_id": 60207,
        "renown": 0,
        "crystal": 5
    }
},
{
    "model": "item.itemmerge",
    "pk": 65208,
    "fields": {
        "amount": 40,
        "to_id": 60208,
        "renown": 0,
        "crystal": 5
    }
},
{
    "model": "item.itemmerge",
    "pk": 65209,
    "fields": {
        "amount": 40,
        "to_id": 60209,
        "renown": 0,
        "crystal": 5
    }
}
]
