[
  {
    "pk": -10, 
    "model": "item.itemuse", 
    "fields": {
      "use_item_id": -1, 
      "result": [
        [
          [
            1, 
            2, 
            0
          ], 
          [
            9, 
            100, 
            0
          ]
        ]
      ], 
      "use_item_amount": 0
    }
  }, 
  {
    "pk": -2, 
    "model": "item.itemuse", 
    "fields": {
      "use_item_id": 0, 
      "result": [
        [
          [
            40002, 
            1, 
            1000
          ]
        ], 
        [
          [
            50002, 
            10, 
            1000
          ]
        ], 
        [
          [
            30001, 
            500000, 
            1000
          ]
        ], 
        [
          [
            30003, 
            200, 
            1000
          ]
        ], 
        [
          [
            30004, 
            300, 
            1000
          ]
        ]
      ], 
      "use_item_amount": 0
    }
  }, 
  {
    "pk": -1, 
    "model": "item.itemuse", 
    "fields": {
      "use_item_id": 0, 
      "result": [
        [
          [
            30018, 
            50, 
            1000
          ]
        ], 
        [
          [
            30000, 
            25, 
            250
          ], 
          [
            30003, 
            15, 
            500
          ], 
          [
            30004, 
            15, 
            750
          ]
        ]
      ], 
      "use_item_amount": 0
    }
  }, 
  {
    "pk": 1, 
    "model": "item.itemuse", 
    "fields": {
      "use_item_id": 0, 
      "result": [
        [
          [
            30017, 
            200, 
            1000
          ]
        ]
      ], 
      "use_item_amount": 0
    }
  }, 
  {
    "pk": 2, 
    "model": "item.itemuse", 
    "fields": {
      "use_item_id": 0, 
      "result": [
        [
          [
            30017, 
            500, 
            1000
          ]
        ]
      ], 
      "use_item_amount": 0
    }
  }, 
  {
    "pk": 3, 
    "model": "item.itemuse", 
    "fields": {
      "use_item_id": 0, 
      "result": [
        [
          [
            30017, 
            1000, 
            1000
          ]
        ]
      ], 
      "use_item_amount": 0
    }
  }, 
  {
    "pk": 4, 
    "model": "item.itemuse", 
    "fields": {
      "use_item_id": 0, 
      "result": [
        [
          [
            30017, 
            3000, 
            1000
          ]
        ]
      ], 
      "use_item_amount": 0
    }
  }, 
  {
    "pk": 5, 
    "model": "item.itemuse", 
    "fields": {
      "use_item_id": 0, 
      "result": [
        [
          [
            30017, 
            10000, 
            1000
          ]
        ]
      ], 
      "use_item_amount": 0
    }
  }, 
  {
    "pk": 20000, 
    "model": "item.itemuse", 
    "fields": {
      "use_item_id": 10000, 
      "result": [
        [
          [
            60000, 
            1, 
            200
          ], 
          [
            60001, 
            1, 
            400
          ], 
          [
            60002, 
            1, 
            600
          ], 
          [
            60003, 
            1, 
            800
          ], 
          [
            60004, 
            1, 
            1000
          ]
        ]
      ], 
      "use_item_amount": 1
    }
  }, 
  {
    "pk": 20001, 
    "model": "item.itemuse", 
    "fields": {
      "use_item_id": 0, 
      "result": [
        [
          [
            60053, 
            1, 
            200
          ], 
          [
            60054, 
            1, 
            200
          ], 
          [
            60153, 
            1, 
            400
          ], 
          [
            60154, 
            1, 
            600
          ], 
          [
            60253, 
            1, 
            800
          ], 
          [
            60254, 
            1, 
            1000
          ]
        ]
      ], 
      "use_item_amount": 0
    }
  }, 
  {
    "pk": 20002, 
    "model": "item.itemuse", 
    "fields": {
      "use_item_id": 0, 
      "result": [
        [
          [
            60050, 
            1, 
            112
          ], 
          [
            60051, 
            1, 
            223
          ], 
          [
            60052, 
            1, 
            334
          ], 
          [
            60150, 
            1, 
            445
          ], 
          [
            60151, 
            1, 
            556
          ], 
          [
            60152, 
            1, 
            667
          ], 
          [
            60250, 
            1, 
            778
          ], 
          [
            60251, 
            1, 
            889
          ], 
          [
            60252, 
            1, 
            1000
          ]
        ]
      ], 
      "use_item_amount": 0
    }
  }, 
  {
    "pk": 20003, 
    "model": "item.itemuse", 
    "fields": {
      "use_item_id": 0, 
      "result": [
        [
          [
            60208, 
            1, 
            40
          ], 
          [
            60207, 
            1, 
            80
          ], 
          [
            60206, 
            1, 
            120
          ], 
          [
            60205, 
            1, 
            160
          ], 
          [
            60204, 
            1, 
            200
          ], 
          [
            60203, 
            1, 
            240
          ], 
          [
            60202, 
            1, 
            280
          ], 
          [
            60201, 
            1, 
            320
          ], 
          [
            60109, 
            1, 
            360
          ], 
          [
            60108, 
            1, 
            400
          ], 
          [
            60107, 
            1, 
            440
          ], 
          [
            60106, 
            1, 
            480
          ], 
          [
            60105, 
            1, 
            520
          ], 
          [
            60103, 
            1, 
            560
          ], 
          [
            60102, 
            1, 
            600
          ], 
          [
            60101, 
            1, 
            640
          ], 
          [
            60009, 
            1, 
            680
          ], 
          [
            60008, 
            1, 
            720
          ], 
          [
            60007, 
            1, 
            760
          ], 
          [
            60006, 
            1, 
            800
          ], 
          [
            60005, 
            1, 
            840
          ], 
          [
            60004, 
            1, 
            880
          ], 
          [
            60003, 
            1, 
            920
          ], 
          [
            60001, 
            1, 
            960
          ], 
          [
            60002, 
            1, 
            1000
          ]
        ]
      ], 
      "use_item_amount": 0
    }
  }, 
  {
    "pk": 20004, 
    "model": "item.itemuse", 
    "fields": {
      "use_item_id": 0, 
      "result": [
        [
          [
            40001, 
            1, 
            1000
          ]
        ], 
        [
          [
            40011, 
            1, 
            1000
          ]
        ], 
        [
          [
            40021, 
            1, 
            1000
          ]
        ]
      ], 
      "use_item_amount": 0
    }
  }, 
  {
    "pk": 20005, 
    "model": "item.itemuse", 
    "fields": {
      "use_item_id": 0, 
      "result": [
        [
          [
            30001, 
            20000, 
            700
          ], 
          [
            30001, 
            30000, 
            900
          ], 
          [
            30001, 
            50000, 
            1000
          ]
        ], 
        [
          [
            30003, 
            5, 
            200
          ], 
          [
            30003, 
            10, 
            400
          ], 
          [
            30003, 
            15, 
            600
          ]
        ], 
        [
          [
            30000, 
            5, 
            200
          ], 
          [
            30003, 
            10, 
            400
          ]
        ], 
        [
          [
            30004, 
            10, 
            200
          ], 
          [
            30004, 
            15, 
            400
          ], 
          [
            30004, 
            20, 
            600
          ]
        ]
      ], 
      "use_item_amount": 0
    }
  }, 
  {
    "pk": 20006, 
    "model": "item.itemuse", 
    "fields": {
      "use_item_id": 0, 
      "result": [
        [
          [
            30001, 
            30000, 
            700
          ], 
          [
            30001, 
            50000, 
            900
          ], 
          [
            30001, 
            80000, 
            1000
          ]
        ], 
        [
          [
            30003, 
            10, 
            200
          ], 
          [
            30003, 
            15, 
            400
          ], 
          [
            30003, 
            20, 
            600
          ]
        ], 
        [
          [
            30000, 
            10, 
            200
          ], 
          [
            30003, 
            15, 
            400
          ]
        ], 
        [
          [
            30004, 
            15, 
            200
          ], 
          [
            30004, 
            20, 
            400
          ], 
          [
            30004, 
            25, 
            600
          ]
        ], 
        [
          [
            30007, 
            8, 
            200
          ], 
          [
            30007, 
            10, 
            400
          ], 
          [
            30007, 
            12, 
            600
          ]
        ]
      ], 
      "use_item_amount": 0
    }
  }, 
  {
    "pk": 20007, 
    "model": "item.itemuse", 
    "fields": {
      "use_item_id": 0, 
      "result": [
        [
          [
            30001, 
            60000, 
            700
          ], 
          [
            30001, 
            100000, 
            900
          ], 
          [
            30001, 
            120000, 
            1000
          ]
        ], 
        [
          [
            30003, 
            15, 
            200
          ], 
          [
            30003, 
            20, 
            400
          ], 
          [
            30003, 
            25, 
            600
          ]
        ], 
        [
          [
            30000, 
            10, 
            200
          ], 
          [
            30003, 
            15, 
            400
          ]
        ], 
        [
          [
            30004, 
            20, 
            200
          ], 
          [
            30004, 
            25, 
            400
          ], 
          [
            30004, 
            30, 
            600
          ]
        ], 
        [
          [
            30007, 
            8, 
            200
          ], 
          [
            30007, 
            10, 
            400
          ], 
          [
            30007, 
            12, 
            600
          ]
        ], 
        [
          [
            30009, 
            2, 
            200
          ], 
          [
            30009, 
            3, 
            400
          ], 
          [
            30009, 
            4, 
            600
          ]
        ]
      ], 
      "use_item_amount": 0
    }
  }, 
  {
    "pk": 20008, 
    "model": "item.itemuse", 
    "fields": {
      "use_item_id": 0, 
      "result": [
        [
          [
            30023, 
            15, 
            333
          ], 
          [
            30023, 
            20, 
            666
          ], 
          [
            30023, 
            25, 
            1000
          ]
        ], 
        [
          [
            30000, 
            5, 
            300
          ]
        ], 
        [
          [
            30001, 
            5000, 
            350
          ]
        ], 
        [
          [
            30003, 
            2, 
            300
          ]
        ], 
        [
          [
            30004, 
            3, 
            300
          ]
        ], 
        [
          [
            30007, 
            1, 
            300
          ]
        ]
      ], 
      "use_item_amount": 0
    }
  }, 
  {
    "pk": 20009, 
    "model": "item.itemuse", 
    "fields": {
      "use_item_id": 0, 
      "result": [
        [
          [
            30023, 
            30, 
            333
          ], 
          [
            30023, 
            40, 
            666
          ], 
          [
            30023, 
            50, 
            1000
          ]
        ], 
        [
          [
            30000, 
            10, 
            300
          ]
        ], 
        [
          [
            30001, 
            7500, 
            350
          ]
        ], 
        [
          [
            30003, 
            3, 
            300
          ]
        ], 
        [
          [
            30004, 
            4, 
            300
          ]
        ], 
        [
          [
            30007, 
            1, 
            300
          ]
        ]
      ], 
      "use_item_amount": 0
    }
  }, 
  {
    "pk": 20010, 
    "model": "item.itemuse", 
    "fields": {
      "use_item_id": 0, 
      "result": [
        [
          [
            30023, 
            60, 
            333
          ], 
          [
            30023, 
            75, 
            666
          ], 
          [
            30023, 
            90, 
            1000
          ]
        ], 
        [
          [
            30000, 
            10, 
            300
          ]
        ], 
        [
          [
            30001, 
            10000, 
            350
          ]
        ], 
        [
          [
            30003, 
            4, 
            300
          ]
        ], 
        [
          [
            30004, 
            5, 
            300
          ]
        ], 
        [
          [
            30007, 
            2, 
            300
          ]
        ]
      ], 
      "use_item_amount": 0
    }
  }, 
  {
    "pk": 20011, 
    "model": "item.itemuse", 
    "fields": {
      "use_item_id": 0, 
      "result": [
        [
          [
            30023, 
            135, 
            333
          ], 
          [
            30023, 
            150, 
            666
          ], 
          [
            30023, 
            165, 
            1000
          ]
        ], 
        [
          [
            30000, 
            15, 
            300
          ]
        ], 
        [
          [
            30001, 
            12000, 
            350
          ]
        ], 
        [
          [
            30003, 
            5, 
            300
          ]
        ], 
        [
          [
            30004, 
            6, 
            300
          ]
        ], 
        [
          [
            30007, 
            2, 
            300
          ]
        ]
      ], 
      "use_item_amount": 0
    }
  }, 
  {
    "pk": 20100, 
    "model": "item.itemuse", 
    "fields": {
      "use_item_id": 0, 
      "result": [
        [
          [
            30001, 
            100000, 
            1000
          ]
        ], 
        [
          [
            30003, 
            50, 
            1000
          ]
        ], 
        [
          [
            30004, 
            50, 
            1000
          ]
        ], 
        [
          [
            30007, 
            20, 
            1000
          ]
        ]
      ], 
      "use_item_amount": 0
    }
  }, 
  {
    "pk": 20101, 
    "model": "item.itemuse", 
    "fields": {
      "use_item_id": 0, 
      "result": [
        [
          [
            40001, 
            1, 
            1000
          ]
        ], 
        [
          [
            50001, 
            10, 
            1000
          ]
        ], 
        [
          [
            30001, 
            200000, 
            1000
          ]
        ], 
        [
          [
            30003, 
            60, 
            1000
          ]
        ]
      ], 
      "use_item_amount": 0
    }
  }, 
  {
    "pk": 20102, 
    "model": "item.itemuse", 
    "fields": {
      "use_item_id": 0, 
      "result": [
        [
          [
            40011, 
            1, 
            1000
          ]
        ], 
        [
          [
            50011, 
            10, 
            1000
          ]
        ], 
        [
          [
            30001, 
            250000, 
            1000
          ]
        ], 
        [
          [
            30004, 
            80, 
            1000
          ]
        ]
      ], 
      "use_item_amount": 0
    }
  }, 
  {
    "pk": 20103, 
    "model": "item.itemuse", 
    "fields": {
      "use_item_id": 0, 
      "result": [
        [
          [
            40021, 
            1, 
            1000
          ]
        ], 
        [
          [
            50021, 
            10, 
            1000
          ]
        ], 
        [
          [
            30001, 
            300000, 
            1000
          ]
        ], 
        [
          [
            30007, 
            50, 
            1000
          ]
        ]
      ], 
      "use_item_amount": 0
    }
  }, 
  {
    "pk": 20104, 
    "model": "item.itemuse", 
    "fields": {
      "use_item_id": 0, 
      "result": [
        [
          [
            40031, 
            1, 
            1000
          ]
        ], 
        [
          [
            50031, 
            10, 
            1000
          ]
        ], 
        [
          [
            30001, 
            350000, 
            1000
          ]
        ], 
        [
          [
            30009, 
            25, 
            1000
          ]
        ]
      ], 
      "use_item_amount": 0
    }
  }, 
  {
    "pk": 20105, 
    "model": "item.itemuse", 
    "fields": {
      "use_item_id": 0, 
      "result": [
        [
          [
            40002, 
            1, 
            1000
          ]
        ], 
        [
          [
            50002, 
            10, 
            1000
          ]
        ], 
        [
          [
            30001, 
            400000, 
            1000
          ]
        ], 
        [
          [
            30003, 
            150, 
            1000
          ]
        ]
      ], 
      "use_item_amount": 0
    }
  }, 
  {
    "pk": 20106, 
    "model": "item.itemuse", 
    "fields": {
      "use_item_id": 0, 
      "result": [
        [
          [
            40012, 
            1, 
            1000
          ]
        ], 
        [
          [
            50012, 
            10, 
            1000
          ]
        ], 
        [
          [
            30001, 
            500000, 
            1000
          ]
        ], 
        [
          [
            30004, 
            350, 
            1000
          ]
        ]
      ], 
      "use_item_amount": 0
    }
  }, 
  {
    "pk": 20107, 
    "model": "item.itemuse", 
    "fields": {
      "use_item_id": 0, 
      "result": [
        [
          [
            40022, 
            1, 
            1000
          ]
        ], 
        [
          [
            50022, 
            10, 
            1000
          ]
        ], 
        [
          [
            30001, 
            600000, 
            1000
          ]
        ], 
        [
          [
            30007, 
            100, 
            1000
          ]
        ]
      ], 
      "use_item_amount": 0
    }
  }, 
  {
    "pk": 20108, 
    "model": "item.itemuse", 
    "fields": {
      "use_item_id": 0, 
      "result": [
        [
          [
            40042, 
            1, 
            1000
          ]
        ], 
        [
          [
            50042, 
            10, 
            1000
          ]
        ], 
        [
          [
            20003, 
            1, 
            1000
          ]
        ], 
        [
          [
            30001, 
            700000, 
            1000
          ]
        ], 
        [
          [
            30004, 
            600, 
            1000
          ]
        ]
      ], 
      "use_item_amount": 0
    }
  }, 
  {
    "pk": 20109, 
    "model": "item.itemuse", 
    "fields": {
      "use_item_id": 0, 
      "result": [
        [
          [
            40003, 
            1, 
            1000
          ]
        ], 
        [
          [
            50003, 
            10, 
            1000
          ]
        ], 
        [
          [
            20003, 
            1, 
            1000
          ]
        ], 
        [
          [
            30001, 
            800000, 
            1000
          ]
        ], 
        [
          [
            30007, 
            150, 
            1000
          ]
        ]
      ], 
      "use_item_amount": 0
    }
  }, 
  {
    "pk": 20110, 
    "model": "item.itemuse", 
    "fields": {
      "use_item_id": 0, 
      "result": [
        [
          [
            40013, 
            1, 
            1000
          ]
        ], 
        [
          [
            50013, 
            10, 
            1000
          ]
        ], 
        [
          [
            20003, 
            1, 
            1000
          ]
        ], 
        [
          [
            30001, 
            900000, 
            1000
          ]
        ], 
        [
          [
            30009, 
            50, 
            1000
          ]
        ]
      ], 
      "use_item_amount": 0
    }
  }, 
  {
    "pk": 20111, 
    "model": "item.itemuse", 
    "fields": {
      "use_item_id": 0, 
      "result": [
        [
          [
            40023, 
            1, 
            1000
          ]
        ], 
        [
          [
            50023, 
            10, 
            1000
          ]
        ], 
        [
          [
            20003, 
            1, 
            1000
          ]
        ], 
        [
          [
            30001, 
            1000000, 
            1000
          ]
        ], 
        [
          [
            30008, 
            50, 
            1000
          ]
        ]
      ], 
      "use_item_amount": 0
    }
  }, 
  {
    "pk": 20112, 
    "model": "item.itemuse", 
    "fields": {
      "use_item_id": 0, 
      "result": [
        [
          [
            40033, 
            1, 
            1000
          ]
        ], 
        [
          [
            50033, 
            10, 
            1000
          ]
        ], 
        [
          [
            20003, 
            1, 
            1000
          ]
        ], 
        [
          [
            30001, 
            1500000, 
            1000
          ]
        ], 
        [
          [
            30006, 
            15, 
            1000
          ]
        ]
      ], 
      "use_item_amount": 0
    }
  }
]