[
  {
    "pk": -2, 
    "model": "item.itemuse", 
    "fields": {
      "use_item_id": 0, 
      "result": [
        [
          [
            40002, 
            1, 
            1000
          ]
        ], 
        [
          [
            50002, 
            10, 
            1000
          ]
        ], 
        [
          [
            30001, 
            500000, 
            1000
          ]
        ], 
        [
          [
            30003, 
            200, 
            1000
          ]
        ], 
        [
          [
            30004, 
            300, 
            1000
          ]
        ]
      ], 
      "use_item_amount": 0
    }
  }, 
  {
    "pk": -1, 
    "model": "item.itemuse", 
    "fields": {
      "use_item_id": 0, 
      "result": [
        [
          [
            30018, 
            50, 
            1000
          ]
        ], 
        [
          [
            30000, 
            25, 
            250
          ], 
          [
            30003, 
            15, 
            250
          ], 
          [
            30004, 
            15, 
            250
          ]
        ]
      ], 
      "use_item_amount": 0
    }
  }, 
  {
    "pk": 1, 
    "model": "item.itemuse", 
    "fields": {
      "use_item_id": 0, 
      "result": [
        [
          [
            30017, 
            200, 
            1000
          ]
        ]
      ], 
      "use_item_amount": 0
    }
  }, 
  {
    "pk": 2, 
    "model": "item.itemuse", 
    "fields": {
      "use_item_id": 0, 
      "result": [
        [
          [
            30017, 
            500, 
            1000
          ]
        ]
      ], 
      "use_item_amount": 0
    }
  }, 
  {
    "pk": 3, 
    "model": "item.itemuse", 
    "fields": {
      "use_item_id": 0, 
      "result": [
        [
          [
            30017, 
            1000, 
            1000
          ]
        ]
      ], 
      "use_item_amount": 0
    }
  }, 
  {
    "pk": 4, 
    "model": "item.itemuse", 
    "fields": {
      "use_item_id": 0, 
      "result": [
        [
          [
            30017, 
            3000, 
            1000
          ]
        ]
      ], 
      "use_item_amount": 0
    }
  }, 
  {
    "pk": 5, 
    "model": "item.itemuse", 
    "fields": {
      "use_item_id": 0, 
      "result": [
        [
          [
            30017, 
            10000, 
            1000
          ]
        ]
      ], 
      "use_item_amount": 0
    }
  }, 
  {
    "pk": 20000, 
    "model": "item.itemuse", 
    "fields": {
      "use_item_id": 10000, 
      "result": [
        [
          [
            60000, 
            1, 
            200
          ], 
          [
            60001, 
            1, 
            200
          ], 
          [
            60002, 
            1, 
            200
          ], 
          [
            60003, 
            1, 
            200
          ], 
          [
            60004, 
            1, 
            200
          ]
        ]
      ], 
      "use_item_amount": 1
    }
  }, 
  {
    "pk": 20001, 
    "model": "item.itemuse", 
    "fields": {
      "use_item_id": 0, 
      "result": [
        [
          [
            60053, 
            1, 
            200
          ], 
          [
            60054, 
            1, 
            0
          ], 
          [
            60153, 
            1, 
            200
          ], 
          [
            60154, 
            1, 
            200
          ], 
          [
            60253, 
            1, 
            200
          ], 
          [
            60254, 
            1, 
            200
          ]
        ]
      ], 
      "use_item_amount": 0
    }
  }, 
  {
    "pk": 20002, 
    "model": "item.itemuse", 
    "fields": {
      "use_item_id": 0, 
      "result": [
        [
          [
            60050, 
            1, 
            112
          ], 
          [
            60051, 
            1, 
            111
          ], 
          [
            60052, 
            1, 
            111
          ], 
          [
            60150, 
            1, 
            111
          ], 
          [
            60151, 
            1, 
            111
          ], 
          [
            60152, 
            1, 
            111
          ], 
          [
            60250, 
            1, 
            111
          ], 
          [
            60251, 
            1, 
            111
          ], 
          [
            60252, 
            1, 
            111
          ]
        ]
      ], 
      "use_item_amount": 0
    }
  }, 
  {
    "pk": 20003, 
    "model": "item.itemuse", 
    "fields": {
      "use_item_id": 0, 
      "result": [
        [
          [
            60208, 
            1, 
            40
          ], 
          [
            60207, 
            1, 
            40
          ], 
          [
            60206, 
            1, 
            40
          ], 
          [
            60205, 
            1, 
            40
          ], 
          [
            60204, 
            1, 
            40
          ], 
          [
            60203, 
            1, 
            40
          ], 
          [
            60202, 
            1, 
            40
          ], 
          [
            60201, 
            1, 
            40
          ], 
          [
            60109, 
            1, 
            40
          ], 
          [
            60108, 
            1, 
            40
          ], 
          [
            60107, 
            1, 
            40
          ], 
          [
            60106, 
            1, 
            40
          ], 
          [
            60105, 
            1, 
            40
          ], 
          [
            60103, 
            1, 
            40
          ], 
          [
            60102, 
            1, 
            40
          ], 
          [
            60101, 
            1, 
            40
          ], 
          [
            60009, 
            1, 
            40
          ], 
          [
            60008, 
            1, 
            40
          ], 
          [
            60007, 
            1, 
            40
          ], 
          [
            60006, 
            1, 
            40
          ], 
          [
            60005, 
            1, 
            40
          ], 
          [
            60004, 
            1, 
            40
          ], 
          [
            60003, 
            1, 
            40
          ], 
          [
            60001, 
            1, 
            40
          ], 
          [
            60002, 
            1, 
            40
          ]
        ]
      ], 
      "use_item_amount": 0
    }
  }, 
  {
    "pk": 20004, 
    "model": "item.itemuse", 
    "fields": {
      "use_item_id": 0, 
      "result": [
        [
          [
            40001, 
            1, 
            1000
          ]
        ], 
        [
          [
            40011, 
            1, 
            1000
          ]
        ], 
        [
          [
            40021, 
            1, 
            1000
          ]
        ]
      ], 
      "use_item_amount": 0
    }
  }, 
  {
    "pk": 20100, 
    "model": "item.itemuse", 
    "fields": {
      "use_item_id": 0, 
      "result": [
        [
          [
            30001, 
            100000, 
            1000
          ]
        ], 
        [
          [
            30003, 
            50, 
            1000
          ]
        ], 
        [
          [
            30004, 
            50, 
            1000
          ]
        ], 
        [
          [
            30007, 
            20, 
            1000
          ]
        ]
      ], 
      "use_item_amount": 0
    }
  }, 
  {
    "pk": 20101, 
    "model": "item.itemuse", 
    "fields": {
      "use_item_id": 0, 
      "result": [
        [
          [
            40001, 
            1, 
            1000
          ]
        ], 
        [
          [
            50001, 
            10, 
            1000
          ]
        ], 
        [
          [
            30001, 
            200000, 
            1000
          ]
        ], 
        [
          [
            30003, 
            60, 
            1000
          ]
        ]
      ], 
      "use_item_amount": 0
    }
  }, 
  {
    "pk": 20102, 
    "model": "item.itemuse", 
    "fields": {
      "use_item_id": 0, 
      "result": [
        [
          [
            40011, 
            1, 
            1000
          ]
        ], 
        [
          [
            50011, 
            10, 
            1000
          ]
        ], 
        [
          [
            30001, 
            250000, 
            1000
          ]
        ], 
        [
          [
            30004, 
            80, 
            1000
          ]
        ]
      ], 
      "use_item_amount": 0
    }
  }, 
  {
    "pk": 20103, 
    "model": "item.itemuse", 
    "fields": {
      "use_item_id": 0, 
      "result": [
        [
          [
            40021, 
            1, 
            1000
          ]
        ], 
        [
          [
            50021, 
            10, 
            1000
          ]
        ], 
        [
          [
            30001, 
            300000, 
            1000
          ]
        ], 
        [
          [
            30007, 
            50, 
            1000
          ]
        ]
      ], 
      "use_item_amount": 0
    }
  }, 
  {
    "pk": 20104, 
    "model": "item.itemuse", 
    "fields": {
      "use_item_id": 0, 
      "result": [
        [
          [
            40031, 
            1, 
            1000
          ]
        ], 
        [
          [
            50031, 
            10, 
            1000
          ]
        ], 
        [
          [
            30001, 
            350000, 
            1000
          ]
        ], 
        [
          [
            30009, 
            25, 
            1000
          ]
        ]
      ], 
      "use_item_amount": 0
    }
  }, 
  {
    "pk": 20105, 
    "model": "item.itemuse", 
    "fields": {
      "use_item_id": 0, 
      "result": [
        [
          [
            40002, 
            1, 
            1000
          ]
        ], 
        [
          [
            50002, 
            10, 
            1000
          ]
        ], 
        [
          [
            30001, 
            400000, 
            1000
          ]
        ], 
        [
          [
            30003, 
            150, 
            1000
          ]
        ]
      ], 
      "use_item_amount": 0
    }
  }, 
  {
    "pk": 20106, 
    "model": "item.itemuse", 
    "fields": {
      "use_item_id": 0, 
      "result": [
        [
          [
            40012, 
            1, 
            1000
          ]
        ], 
        [
          [
            50012, 
            10, 
            1000
          ]
        ], 
        [
          [
            30001, 
            500000, 
            1000
          ]
        ], 
        [
          [
            30004, 
            350, 
            1000
          ]
        ]
      ], 
      "use_item_amount": 0
    }
  }, 
  {
    "pk": 20107, 
    "model": "item.itemuse", 
    "fields": {
      "use_item_id": 0, 
      "result": [
        [
          [
            40022, 
            1, 
            1000
          ]
        ], 
        [
          [
            50022, 
            10, 
            1000
          ]
        ], 
        [
          [
            30001, 
            600000, 
            1000
          ]
        ], 
        [
          [
            30007, 
            100, 
            1000
          ]
        ]
      ], 
      "use_item_amount": 0
    }
  }, 
  {
    "pk": 20108, 
    "model": "item.itemuse", 
    "fields": {
      "use_item_id": 0, 
      "result": [
        [
          [
            40042, 
            1, 
            1000
          ]
        ], 
        [
          [
            50042, 
            10, 
            1000
          ]
        ], 
        [
          [
            20003, 
            1, 
            1000
          ]
        ], 
        [
          [
            30001, 
            700000, 
            1000
          ]
        ], 
        [
          [
            30004, 
            600, 
            1000
          ]
        ]
      ], 
      "use_item_amount": 0
    }
  }, 
  {
    "pk": 20109, 
    "model": "item.itemuse", 
    "fields": {
      "use_item_id": 0, 
      "result": [
        [
          [
            40003, 
            1, 
            1000
          ]
        ], 
        [
          [
            50003, 
            10, 
            1000
          ]
        ], 
        [
          [
            20003, 
            1, 
            1000
          ]
        ], 
        [
          [
            30001, 
            800000, 
            1000
          ]
        ], 
        [
          [
            30007, 
            150, 
            1000
          ]
        ]
      ], 
      "use_item_amount": 0
    }
  }, 
  {
    "pk": 20110, 
    "model": "item.itemuse", 
    "fields": {
      "use_item_id": 0, 
      "result": [
        [
          [
            40013, 
            1, 
            1000
          ]
        ], 
        [
          [
            50013, 
            10, 
            1000
          ]
        ], 
        [
          [
            20003, 
            1, 
            1000
          ]
        ], 
        [
          [
            30001, 
            900000, 
            1000
          ]
        ], 
        [
          [
            30009, 
            50, 
            1000
          ]
        ]
      ], 
      "use_item_amount": 0
    }
  }, 
  {
    "pk": 20111, 
    "model": "item.itemuse", 
    "fields": {
      "use_item_id": 0, 
      "result": [
        [
          [
            40023, 
            1, 
            1000
          ]
        ], 
        [
          [
            50023, 
            10, 
            1000
          ]
        ], 
        [
          [
            20003, 
            1, 
            1000
          ]
        ], 
        [
          [
            30001, 
            1000000, 
            1000
          ]
        ], 
        [
          [
            30008, 
            50, 
            1000
          ]
        ]
      ], 
      "use_item_amount": 0
    }
  }, 
  {
    "pk": 20112, 
    "model": "item.itemuse", 
    "fields": {
      "use_item_id": 0, 
      "result": [
        [
          [
            40033, 
            1, 
            1000
          ]
        ], 
        [
          [
            50033, 
            10, 
            1000
          ]
        ], 
        [
          [
            20003, 
            1, 
            1000
          ]
        ], 
        [
          [
            30001, 
            1500000, 
            1000
          ]
        ], 
        [
          [
            30006, 
            15, 
            1000
          ]
        ]
      ], 
      "use_item_amount": 0
    }
  }
]