[
{
    "model": "item.item",
    "pk": 1,
    "fields": {
        "tp": 1,
        "sub_tp": 101,
        "name": "\u62c7\u6307\u9f20\u6807\u57ab",
        "icon": "IC_30_01",
        "quality": 1,
        "des": "\u5e38\u89c4\u8bad\u7ec3\u6240\u9700\u8981\u7684\u9053\u5177",
        "buy_type": 1,
        "buy_cost": 1000,
        "sell_gold": 10,
        "order_value": 1,
        "value": 0,
        "luoji": 0,
        "minjie": 0,
        "lilun": 0,
        "wuxing": 0,
        "meili": 0
    }
},
{
    "model": "item.item",
    "pk": 2,
    "fields": {
        "tp": 1,
        "sub_tp": 101,
        "name": "\u96f7\u78a7\u996e\u6599",
        "icon": "IC_30_01",
        "quality": 1,
        "des": "\u5f3a\u5316\u57f9\u8bad\u6240\u5fc5\u987b\u7684\u9053\u5177",
        "buy_type": 1,
        "buy_cost": 10,
        "sell_gold": 10,
        "order_value": 1,
        "value": 0,
        "luoji": 0,
        "minjie": 0,
        "lilun": 0,
        "wuxing": 0,
        "meili": 0
    }
},
{
    "model": "item.item",
    "pk": 3,
    "fields": {
        "tp": 1,
        "sub_tp": 101,
        "name": "\u5149\u7535\u9f20\u6807",
        "icon": "IC_30_01",
        "quality": 1,
        "des": "\u653b\u51fb\u57f9\u8bad\u6240\u5fc5\u987b\u7684\u9053\u5177",
        "buy_type": 0,
        "buy_cost": 10,
        "sell_gold": 10,
        "order_value": 1,
        "value": 0,
        "luoji": 0,
        "minjie": 0,
        "lilun": 0,
        "wuxing": 0,
        "meili": 0
    }
},
{
    "model": "item.item",
    "pk": 4,
    "fields": {
        "tp": 1,
        "sub_tp": 101,
        "name": "\u653b\u51fb\u5fbd\u7ae0",
        "icon": "IC_30_01",
        "quality": 1,
        "des": "\u653b\u51fb\u57f9\u8bad\u6240\u5fc5\u987b\u7684\u9053\u5177",
        "buy_type": 0,
        "buy_cost": 100,
        "sell_gold": 10,
        "order_value": 1,
        "value": 0,
        "luoji": 0,
        "minjie": 0,
        "lilun": 0,
        "wuxing": 0,
        "meili": 0
    }
},
{
    "model": "item.item",
    "pk": 5,
    "fields": {
        "tp": 1,
        "sub_tp": 101,
        "name": "\u673a\u68b0\u952e\u76d8",
        "icon": "IC_30_01",
        "quality": 1,
        "des": "\u9632\u5fa1\u57f9\u8bad\u6240\u5fc5\u987b\u7684\u9053\u5177",
        "buy_type": 0,
        "buy_cost": 1000,
        "sell_gold": 10,
        "order_value": 1,
        "value": 0,
        "luoji": 0,
        "minjie": 0,
        "lilun": 0,
        "wuxing": 0,
        "meili": 0
    }
},
{
    "model": "item.item",
    "pk": 6,
    "fields": {
        "tp": 1,
        "sub_tp": 101,
        "name": "\u9632\u5fa1\u5fbd\u7ae0",
        "icon": "IC_30_01",
        "quality": 1,
        "des": "\u9632\u5fa1\u57f9\u8bad\u6240\u5fc5\u987b\u7684\u9053\u5177",
        "buy_type": 0,
        "buy_cost": 1000,
        "sell_gold": 10,
        "order_value": 1,
        "value": 0,
        "luoji": 0,
        "minjie": 0,
        "lilun": 0,
        "wuxing": 0,
        "meili": 0
    }
},
{
    "model": "item.item",
    "pk": 7,
    "fields": {
        "tp": 1,
        "sub_tp": 101,
        "name": "\u94dd\u5408\u91d1\u673a\u7bb1",
        "icon": "IC_30_01",
        "quality": 1,
        "des": "\u914d\u5408\u57f9\u8bad\u6240\u5fc5\u987b\u7684\u9053\u5177",
        "buy_type": 0,
        "buy_cost": 1000,
        "sell_gold": 10,
        "order_value": 1,
        "value": 0,
        "luoji": 0,
        "minjie": 0,
        "lilun": 0,
        "wuxing": 0,
        "meili": 0
    }
},
{
    "model": "item.item",
    "pk": 8,
    "fields": {
        "tp": 1,
        "sub_tp": 102,
        "name": "\u914d\u5408\u5fbd\u7ae0",
        "icon": "IC_30_01",
        "quality": 1,
        "des": "\u914d\u5408\u8bad\u7ec3\u6240\u5fc5\u987b\u7684\u9053\u5177",
        "buy_type": 0,
        "buy_cost": 1000,
        "sell_gold": 10,
        "order_value": 1,
        "value": 0,
        "luoji": 0,
        "minjie": 0,
        "lilun": 0,
        "wuxing": 0,
        "meili": 0
    }
},
{
    "model": "item.item",
    "pk": 9,
    "fields": {
        "tp": 1,
        "sub_tp": 101,
        "name": "\u8bad\u7ec3\u52cb\u7ae0",
        "icon": "IC_30_01",
        "quality": 1,
        "des": "\u961f\u5458\u8fdb\u884c\u5c5e\u6027\u5f3a\u5316\u8bad\u7ec3\u6240\u5fc5\u987b\u7684\u9053\u5177\u3002<a href=BookShopFrame>[\u8d2d\u4e70]</a>",
        "buy_type": 0,
        "buy_cost": 10,
        "sell_gold": 10,
        "order_value": 1,
        "value": 0,
        "luoji": 0,
        "minjie": 0,
        "lilun": 0,
        "wuxing": 0,
        "meili": 0
    }
},
{
    "model": "item.item",
    "pk": 10,
    "fields": {
        "tp": 1,
        "sub_tp": 101,
        "name": "\u660e\u661f\u7b7e\u540d\u9f20\u6807\u57ab",
        "icon": "\u660e\u661f\u7b7e\u540d\u9f20\u6807\u57ab",
        "quality": 1,
        "des": "\u810f\u516e\u516e\u7684\u9f20\u6807\u57ab\uff0c\u4e0a\u9762\u6a2a\u4e03\u7ad6\u516b\u5730\u7b7e\u7740\u5404\u4e2a\u7535\u7ade\u660e\u661f\u7684\u540d\u5b57\u3002",
        "buy_type": 1,
        "buy_cost": 5000,
        "sell_gold": 10,
        "order_value": 1,
        "value": 0,
        "luoji": 0,
        "minjie": 0,
        "lilun": 0,
        "wuxing": 0,
        "meili": 0
    }
},
{
    "model": "item.item",
    "pk": 11,
    "fields": {
        "tp": 1,
        "sub_tp": 101,
        "name": "\u519c\u592b\u4e09\u62f3\u7eaf\u51c0\u6c34",
        "icon": "\u519c\u592b\u4e09\u6cc9\u7eaf\u51c0\u6c34",
        "quality": 1,
        "des": "\u666e\u901a\u7684\u7eaf\u51c0\u6c34\u996e\u54c1\uff0c\u6ca1\u6709\u5947\u602a\u7684\u5473\u9053\u3002",
        "buy_type": 0,
        "buy_cost": 5000,
        "sell_gold": 10,
        "order_value": 1,
        "value": 0,
        "luoji": 0,
        "minjie": 0,
        "lilun": 0,
        "wuxing": 0,
        "meili": 0
    }
},
{
    "model": "item.item",
    "pk": 12,
    "fields": {
        "tp": 1,
        "sub_tp": 101,
        "name": "\u63d0\u795e\u5c0f\u76ae\u97ad",
        "icon": "\u63d0\u795e\u5c0f\u76ae\u97ad",
        "quality": 1,
        "des": "\u6e7f\u7b54\u7b54\u7684\u5c0f\u76ae\u97ad\u3002",
        "buy_type": 0,
        "buy_cost": 5000,
        "sell_gold": 10,
        "order_value": 1,
        "value": 0,
        "luoji": 0,
        "minjie": 0,
        "lilun": 0,
        "wuxing": 0,
        "meili": 0
    }
},
{
    "model": "item.item",
    "pk": 13,
    "fields": {
        "tp": 1,
        "sub_tp": 101,
        "name": "\u661f\u9645T\u6064",
        "icon": "\u661f\u9645T\u6856",
        "quality": 1,
        "des": "\u661f\u9645\u4e89\u9738\u4e3b\u9898T\u6064\uff0c\u662f\u661f\u9645\u7cbe\u795e\u7684\u8c61\u5f81\u3002",
        "buy_type": 0,
        "buy_cost": 5000,
        "sell_gold": 10,
        "order_value": 1,
        "value": 0,
        "luoji": 0,
        "minjie": 0,
        "lilun": 0,
        "wuxing": 0,
        "meili": 0
    }
},
{
    "model": "item.item",
    "pk": 14,
    "fields": {
        "tp": 1,
        "sub_tp": 101,
        "name": "\u7535\u7ade\u62a4\u8155",
        "icon": "\u7535\u7ade\u62a4\u8155",
        "quality": 1,
        "des": "\u963f\u7ae5\u6728\u94c1\u81c2\u540c\u6b3e\u6750\u6599\u5236\u6210\u7684\u7279\u6b8a\u62a4\u8155\uff0c\u53ef\u5927\u5e45\u5ea6\u52a0\u5feb\u5403\u6c49\u5821\u7684\u901f\u5ea6\u3002",
        "buy_type": 0,
        "buy_cost": 5000,
        "sell_gold": 10,
        "order_value": 1,
        "value": 0,
        "luoji": 0,
        "minjie": 0,
        "lilun": 0,
        "wuxing": 0,
        "meili": 0
    }
},
{
    "model": "item.item",
    "pk": 15,
    "fields": {
        "tp": 1,
        "sub_tp": 101,
        "name": "\u5145\u80fd\u9ea6\u52a8\u996e\u6599",
        "icon": "\u5145\u80fd\u9ea6\u52a8\u996e\u6599",
        "quality": 1,
        "des": "\u9ea6\u52a8\u4e00\u4e0b\uff0c\u9a6c\u4e0a\u56de\u6765\uff01\u80fd\u91cf\u996e\u54c1\uff0c\u64b8sir\u5fc5\u5907\uff01",
        "buy_type": 0,
        "buy_cost": 5000,
        "sell_gold": 10,
        "order_value": 1,
        "value": 0,
        "luoji": 0,
        "minjie": 0,
        "lilun": 0,
        "wuxing": 0,
        "meili": 0
    }
},
{
    "model": "item.item",
    "pk": 16,
    "fields": {
        "tp": 1,
        "sub_tp": 101,
        "name": "CRT\u7eaf\u5e73\u663e\u793a\u5668",
        "icon": "CRT\u663e\u793a\u5668",
        "quality": 1,
        "des": "\u8001\u5f0f\u7684\u7eaf\u5e73\u663e\u793a\u5668\uff0c\u770b\u4e45\u4ee5\u540e\u4f1a\u4e0d\u592a\u8212\u670d\u3002",
        "buy_type": 0,
        "buy_cost": 5000,
        "sell_gold": 10,
        "order_value": 1,
        "value": 0,
        "luoji": 0,
        "minjie": 0,
        "lilun": 0,
        "wuxing": 0,
        "meili": 0
    }
},
{
    "model": "item.item",
    "pk": 17,
    "fields": {
        "tp": 1,
        "sub_tp": 101,
        "name": "\u7f57\u9e21\u9f20\u6807",
        "icon": "\u7f57\u9e21G1\u9f20\u6807",
        "quality": 1,
        "des": "\u5927\u540d\u9f0e\u9f0e\u7684\u7f57\u9e21\u9f20\u6807\uff0c\u9f20\u6807\u4e2d\u7684\u6218\u6597\u9e21\u3002",
        "buy_type": 0,
        "buy_cost": 5000,
        "sell_gold": 10,
        "order_value": 1,
        "value": 0,
        "luoji": 0,
        "minjie": 0,
        "lilun": 0,
        "wuxing": 0,
        "meili": 0
    }
},
{
    "model": "item.item",
    "pk": 18,
    "fields": {
        "tp": 1,
        "sub_tp": 101,
        "name": "\u5c0f\u578bLEG\u663e\u793a\u5668",
        "icon": "LED\u663e\u793a\u5668",
        "quality": 1,
        "des": "\u9664\u4e86\u5c3a\u5bf8\u592a\u5c0f\u4ee5\u5916\uff0c\u54ea\u91cc\u90fd\u633a\u597d\u7528\u7684\u663e\u793a\u5668\u3002",
        "buy_type": 0,
        "buy_cost": 5000,
        "sell_gold": 10,
        "order_value": 1,
        "value": 0,
        "luoji": 0,
        "minjie": 0,
        "lilun": 0,
        "wuxing": 0,
        "meili": 0
    }
},
{
    "model": "item.item",
    "pk": 19,
    "fields": {
        "tp": 1,
        "sub_tp": 101,
        "name": "\u6740\u9a6c\u7279\u592a\u9633\u955c",
        "icon": "\u6740\u9a6c\u7279\u592a\u9633\u955c",
        "quality": 1,
        "des": "\u9020\u578b\u5938\u5f20\u7684\u592a\u9633\u955c\uff0c\u62e5\u6709\u7279\u6b8a\u7684\u6c14\u8d28\uff0c\u4e0d\u662f\u4efb\u4f55\u51e1\u4eba\u90fd\u80fd\u9a7e\u9a6d\u5f97\u4f4f\u3002",
        "buy_type": 0,
        "buy_cost": 5000,
        "sell_gold": 10,
        "order_value": 1,
        "value": 0,
        "luoji": 0,
        "minjie": 0,
        "lilun": 0,
        "wuxing": 0,
        "meili": 0
    }
},
{
    "model": "item.item",
    "pk": 20,
    "fields": {
        "tp": 1,
        "sub_tp": 101,
        "name": "\u827e\u5c14\u6295\u5f71\u4eea",
        "icon": "\u827e\u5c14\u6295\u5f71\u4eea",
        "quality": 1,
        "des": "\u6218\u961f\u4f1a\u8bae\u65f6\u7528\u6765\u5206\u6790\u5bf9\u624b\u6218\u672f\u7684\u9ad8\u6e05\u6295\u5f71\u8bbe\u5907\u3002",
        "buy_type": 0,
        "buy_cost": 5000,
        "sell_gold": 10,
        "order_value": 1,
        "value": 0,
        "luoji": 0,
        "minjie": 0,
        "lilun": 0,
        "wuxing": 0,
        "meili": 0
    }
},
{
    "model": "item.item",
    "pk": 21,
    "fields": {
        "tp": 1,
        "sub_tp": 101,
        "name": "\u9e1f\u5de2\u5496\u5561",
        "icon": "\u9e1f\u5de2\u5496\u5561",
        "quality": 1,
        "des": "\u4e3a\u957f\u65f6\u95f4\u8bad\u7ec3\u7684\u961f\u5458\u63d0\u795e\u7684\u6700\u4f73\u996e\u54c1\u3002",
        "buy_type": 1,
        "buy_cost": 5000,
        "sell_gold": 10,
        "order_value": 1,
        "value": 0,
        "luoji": 0,
        "minjie": 0,
        "lilun": 0,
        "wuxing": 0,
        "meili": 0
    }
},
{
    "model": "item.item",
    "pk": 22,
    "fields": {
        "tp": 1,
        "sub_tp": 101,
        "name": "\u51ef\u745e\u6839\u516c\u4ed4",
        "icon": "\u51ef\u745e\u6839\u516c\u4ed4",
        "quality": 1,
        "des": "\u80fd\u5c06\u5973\u738b\u5927\u4eba\u63e3\u5728\u5305\u5305\u91cc\u968f\u8eab\u643a\u5e26\u7684\u6700\u4f73\u89e3\u51b3\u65b9\u6848\u3002",
        "buy_type": 1,
        "buy_cost": 5000,
        "sell_gold": 10,
        "order_value": 1,
        "value": 0,
        "luoji": 0,
        "minjie": 0,
        "lilun": 0,
        "wuxing": 0,
        "meili": 0
    }
},
{
    "model": "item.item",
    "pk": 23,
    "fields": {
        "tp": 1,
        "sub_tp": 101,
        "name": "\u96f7\u866b\u661f\u9645\u952e\u76d8",
        "icon": "\u96f7\u866b\u661f\u9645\u952e\u76d8",
        "quality": 1,
        "des": "\u6309\u952e\u91c7\u7528\u7c7b\u80a4\u65b0\u578b\u6750\u6599\u7cbe\u5fc3\u6253\u9020\u7684\u804c\u4e1a\u6e38\u620f\u952e\u76d8\uff0c\u6781\u5177\u91d1\u5c5e\u8d28\u611f\u3002",
        "buy_type": 1,
        "buy_cost": 5000,
        "sell_gold": 10,
        "order_value": 1,
        "value": 0,
        "luoji": 0,
        "minjie": 0,
        "lilun": 0,
        "wuxing": 0,
        "meili": 0
    }
},
{
    "model": "item.item",
    "pk": 24,
    "fields": {
        "tp": 1,
        "sub_tp": 101,
        "name": "\u96f7\u866b4G\u9f20\u6807",
        "icon": "\u96f7\u866b4G\u9f20\u6807",
        "quality": 1,
        "des": "\u63d0\u5347apm\u7684\u5f3a\u529b\u9053\u5177\u3002",
        "buy_type": 1,
        "buy_cost": 5000,
        "sell_gold": 10,
        "order_value": 1,
        "value": 0,
        "luoji": 0,
        "minjie": 0,
        "lilun": 0,
        "wuxing": 0,
        "meili": 0
    }
},
{
    "model": "item.item",
    "pk": 25,
    "fields": {
        "tp": 1,
        "sub_tp": 101,
        "name": "\u5916\u661f\u4eba\u7b14\u8bb0\u672c",
        "icon": "\u5916\u661f\u4eba\u7b14\u8bb0\u672c",
        "quality": 1,
        "des": "\u5916\u5f62\u6df1\u53d7\u804c\u4e1a\u73a9\u5bb6\u559c\u7231\u7684\u7b14\u8bb0\u672c\u3002\u9664\u4e86\u914d\u7f6e\u6781\u9ad8\u3001\u4fbf\u643a\u597d\u7528\u4ee5\u5916\uff0c\u5b8c\u5168\u6ca1\u6709\u5176\u4ed6\u4f18\u70b9\u3002",
        "buy_type": 1,
        "buy_cost": 5000,
        "sell_gold": 10,
        "order_value": 1,
        "value": 0,
        "luoji": 0,
        "minjie": 0,
        "lilun": 0,
        "wuxing": 0,
        "meili": 0
    }
},
{
    "model": "item.item",
    "pk": 26,
    "fields": {
        "tp": 1,
        "sub_tp": 101,
        "name": "\u68ee\u6d77\u632f\u52a8\u8033\u673a",
        "icon": "\u68ee\u6d77\u632f\u52a8\u8033\u673a",
        "quality": 1,
        "des": "\u5168\u5305\u88f9\u5f0f\u7684\u8033\u7f69\uff0c\u80fd\u8ba9\u4f60\u66f4\u52a0\u5168\u8eab\u5fc3\u7684\u6295\u5165\u5230\u6bd4\u8d5b\u8fc7\u7a0b\u4e2d\u3002",
        "buy_type": 1,
        "buy_cost": 5000,
        "sell_gold": 10,
        "order_value": 1,
        "value": 0,
        "luoji": 0,
        "minjie": 0,
        "lilun": 0,
        "wuxing": 0,
        "meili": 0
    }
},
{
    "model": "item.item",
    "pk": 27,
    "fields": {
        "tp": 1,
        "sub_tp": 101,
        "name": "100T\u56fa\u6001\u786c\u76d8",
        "icon": "\u56fa\u6001\u786c\u76d8",
        "quality": 1,
        "des": "\u5927\u5bb9\u91cf\u786c\u76d8\uff0c\u7528\u8fc7\u90fd\u8bf4\u597d\uff01",
        "buy_type": 1,
        "buy_cost": 5000,
        "sell_gold": 10,
        "order_value": 1,
        "value": 0,
        "luoji": 0,
        "minjie": 0,
        "lilun": 0,
        "wuxing": 0,
        "meili": 0
    }
},
{
    "model": "item.item",
    "pk": 28,
    "fields": {
        "tp": 1,
        "sub_tp": 101,
        "name": "\u6bd2\u7206\u866b\u5b9d\u5b9d",
        "icon": "\u6bd2\u7206\u866b\u5b9d\u5b9d",
        "quality": 1,
        "des": "\u5706\u6eda\u6eda\u7684\u6bd2\u7206\u866b\u5b9d\u5b9d\u73a9\u5076\uff0c\u62b1\u7740\u7684\u65f6\u53ef\u80fd\u4f1a\u7206\u5f97\u6ee1\u8eab\u90fd\u662f\u3002",
        "buy_type": 1,
        "buy_cost": 5000,
        "sell_gold": 10,
        "order_value": 1,
        "value": 0,
        "luoji": 0,
        "minjie": 0,
        "lilun": 0,
        "wuxing": 0,
        "meili": 0
    }
},
{
    "model": "item.item",
    "pk": 29,
    "fields": {
        "tp": 1,
        "sub_tp": 101,
        "name": "\u767d\u5a01\u5564\u9152",
        "icon": "\u767d\u5a01\u5564\u9152",
        "quality": 1,
        "des": "\u4e00\u53e3\u9999\u9187\uff0c\u4e00\u7f15\u6e29\u6696\uff0c\u4e00\u8d77happy\uff01",
        "buy_type": 1,
        "buy_cost": 5000,
        "sell_gold": 10,
        "order_value": 1,
        "value": 0,
        "luoji": 0,
        "minjie": 0,
        "lilun": 0,
        "wuxing": 0,
        "meili": 0
    }
},
{
    "model": "item.item",
    "pk": 30,
    "fields": {
        "tp": 1,
        "sub_tp": 101,
        "name": "\u5c0f\u9738\u738b\u5b66\u4e60\u673a",
        "icon": "\u5c0f\u9738\u738b\u5b66\u4e60\u673a",
        "quality": 1,
        "des": "\u9ad8\u667a\u5546\u4ea7\u54c1\uff0c\u53ea\u6709\u667a\u5546\u6781\u9ad8\u7684\u4eba\u4e2d\u4e4b\u9f99\u624d\u73a9\u8fc7\u7684\u4f20\u8bf4\u7269\u54c1\u3002",
        "buy_type": 1,
        "buy_cost": 5000,
        "sell_gold": 10,
        "order_value": 1,
        "value": 0,
        "luoji": 0,
        "minjie": 0,
        "lilun": 0,
        "wuxing": 0,
        "meili": 0
    }
},
{
    "model": "item.item",
    "pk": 31,
    "fields": {
        "tp": 1,
        "sub_tp": 101,
        "name": "\u96f7\u517d\u5e3d",
        "icon": "\u96f7\u517d\u5e3d",
        "quality": 1,
        "des": "\u840c\u840c\u54d2\u7684\u96f7\u517d\u5e3d\uff0c\u4e0d\u4f46\u597d\u770b\uff0c\u800c\u4e14\u8fd8\u5f88\u4fdd\u6696\u3002\u5373\u4f7f\u62a0\u811a\u5927\u6c49\u6234\u4e0a\u540e\u4e5f\u53ef\u77ac\u95f4\u53d8\u6210\u8f6f\u59b9\u5b50\u3002",
        "buy_type": 1,
        "buy_cost": 5000,
        "sell_gold": 10,
        "order_value": 1,
        "value": 0,
        "luoji": 0,
        "minjie": 0,
        "lilun": 0,
        "wuxing": 0,
        "meili": 0
    }
},
{
    "model": "item.item",
    "pk": 32,
    "fields": {
        "tp": 1,
        "sub_tp": 101,
        "name": "\u52a8\u6b21\u6253\u6b21\u5916\u653e\u97f3\u7bb1",
        "icon": "\u52a8\u6b21\u6253\u6b21\u5916\u653e\u97f3\u7bb1",
        "quality": 1,
        "des": "\u97f3\u54cd\u6548\u679c\u6781\u4f73\uff0c\u5916\u5f62\u9177\u70ab\u7684\u5916\u653e\u97f3\u7bb1\uff0c\u975e\u5e38\u9002\u5408\u7528\u6765\u64ad\u653e\u6218\u6597\u97f3\u4e50\u3002",
        "buy_type": 1,
        "buy_cost": 5000,
        "sell_gold": 10,
        "order_value": 1,
        "value": 0,
        "luoji": 0,
        "minjie": 0,
        "lilun": 0,
        "wuxing": 0,
        "meili": 0
    }
},
{
    "model": "item.item",
    "pk": 33,
    "fields": {
        "tp": 1,
        "sub_tp": 101,
        "name": "\u9177\u917717CPU",
        "icon": "CPU",
        "quality": 1,
        "des": "\u5168\u65b0\u4e00\u4ee3\u7684\u8d85\u7ea7CPU\u3002\u6e38\u620f\u53d1\u70e7\u53cb\u503c\u5f97\u62e5\u6709\uff01",
        "buy_type": 1,
        "buy_cost": 5000,
        "sell_gold": 10,
        "order_value": 1,
        "value": 0,
        "luoji": 0,
        "minjie": 0,
        "lilun": 0,
        "wuxing": 0,
        "meili": 0
    }
},
{
    "model": "item.item",
    "pk": 34,
    "fields": {
        "tp": 1,
        "sub_tp": 101,
        "name": "\u6ef4\u6ef4\u6253\u4eba\u4f18\u60e0\u7801",
        "icon": "\u6ef4\u6ef4\u6253\u4eba\u4f18\u60e0\u7801",
        "quality": 1,
        "des": "\u968f\u65f6\u968f\u5730\uff0c\u8f7b\u8f7b\u4e00\u70b9\u3002\u6ef4\u6ef4\u6253\u4eba\uff0c\u53ea\u6709\u60f3\u4e0d\u5230\uff0c\u6ca1\u6709\u63cd\u4e0d\u4e86\uff01",
        "buy_type": 1,
        "buy_cost": 5000,
        "sell_gold": 10,
        "order_value": 1,
        "value": 0,
        "luoji": 0,
        "minjie": 0,
        "lilun": 0,
        "wuxing": 0,
        "meili": 0
    }
},
{
    "model": "item.item",
    "pk": 35,
    "fields": {
        "tp": 1,
        "sub_tp": 101,
        "name": "\u597d\u5144\u5f1f\u4e8c\u9505\u5934",
        "icon": "\u4e8c\u9505\u5934",
        "quality": 1,
        "des": "\u597d\u9152\uff01",
        "buy_type": 1,
        "buy_cost": 5000,
        "sell_gold": 10,
        "order_value": 1,
        "value": 0,
        "luoji": 0,
        "minjie": 0,
        "lilun": 0,
        "wuxing": 0,
        "meili": 0
    }
},
{
    "model": "item.item",
    "pk": 36,
    "fields": {
        "tp": 1,
        "sub_tp": 101,
        "name": "\u5fb7\u5dde\u6251\u514b\u7b79\u7801",
        "icon": "\u5fb7\u5dde\u6251\u514b\u6bd4\u8d5b\u7b79\u7801",
        "quality": 1,
        "des": "\u98ce\u9761\u5168\u7403\u571f\u8c6a\u5708\u7684\u5fb7\u5dde\u6251\u514b\uff0c\u8fde\u7b79\u7801\u90fd\u662f\u7528\u6c34\u6676\u5236\u4f5c\u800c\u6210\u3002",
        "buy_type": 1,
        "buy_cost": 5000,
        "sell_gold": 10,
        "order_value": 1,
        "value": 0,
        "luoji": 0,
        "minjie": 0,
        "lilun": 0,
        "wuxing": 0,
        "meili": 0
    }
},
{
    "model": "item.item",
    "pk": 37,
    "fields": {
        "tp": 1,
        "sub_tp": 101,
        "name": "\u9999\u6e2f\u811a\u8db3\u6d74\u7c89",
        "icon": "\u9999\u6e2f\u811a\u8db3\u6d74\u7c89",
        "quality": 1,
        "des": "\u8001\u4e2d\u533b\u8bda\u610f\u63a8\u8350\uff0c\u7f13\u89e3\u75b2\u52b3\u3001\u758f\u901a\u5168\u8eab\u7ecf\u7edc\u3002",
        "buy_type": 1,
        "buy_cost": 5000,
        "sell_gold": 10,
        "order_value": 1,
        "value": 0,
        "luoji": 0,
        "minjie": 0,
        "lilun": 0,
        "wuxing": 0,
        "meili": 0
    }
},
{
    "model": "item.item",
    "pk": 38,
    "fields": {
        "tp": 1,
        "sub_tp": 101,
        "name": "COMM\u55b7\u706b\u9f99\u7167\u7247",
        "icon": "\u55b7\u706b\u9f99\u7167\u7247",
        "quality": 1,
        "des": "comm\u5927\u4eba\u7684\u6050\u9f99\u88c5cos\u7167\uff0c\u9738\u6c14\u5341\u8db3\uff0c\u4e0d\u5bb9\u9519\u8fc7\u3002",
        "buy_type": 1,
        "buy_cost": 5000,
        "sell_gold": 10,
        "order_value": 1,
        "value": 0,
        "luoji": 0,
        "minjie": 0,
        "lilun": 0,
        "wuxing": 0,
        "meili": 0
    }
},
{
    "model": "item.item",
    "pk": 39,
    "fields": {
        "tp": 1,
        "sub_tp": 101,
        "name": "82\u5e74\u9648\u5e74\u53ef\u4e50",
        "icon": "\u53ef\u4e50",
        "quality": 1,
        "des": "82\u5e74\u7279\u5236\u8001\u7a96\u6536\u85cf\u53ef\u4e50\uff0c\u5e76\u4e14\u8fd8\u662f\u9650\u91cf\u7248\u7684\u54df\uff5e",
        "buy_type": 1,
        "buy_cost": 5000,
        "sell_gold": 10,
        "order_value": 1,
        "value": 0,
        "luoji": 0,
        "minjie": 0,
        "lilun": 0,
        "wuxing": 0,
        "meili": 0
    }
},
{
    "model": "item.item",
    "pk": 1001,
    "fields": {
        "tp": 2,
        "sub_tp": 0,
        "name": "\u6b66\u5927\u90ce\u708a\u997c",
        "icon": "\u53ef\u4e50",
        "quality": 1,
        "des": "\u5403\u4e86\u5fc5\u6234\u7eff\u5e3d\u5b50",
        "buy_type": 1,
        "buy_cost": 20,
        "sell_gold": 0,
        "order_value": 1,
        "value": 30,
        "luoji": 0,
        "minjie": 0,
        "lilun": 0,
        "wuxing": 0,
        "meili": 0
    }
},
{
    "model": "item.item",
    "pk": 8001,
    "fields": {
        "tp": 4,
        "sub_tp": 0,
        "name": "\u521d\u7ea7\u8df3\u866b\u8bad\u7ec3\u4e66",
        "icon": "\u8df3\u866b",
        "quality": 1,
        "des": "\u521d\u7ea7\u8df3\u866b\u8bad\u7ec3\u4e66",
        "buy_type": 0,
        "buy_cost": 0,
        "sell_gold": 0,
        "order_value": 1,
        "value": 600,
        "luoji": 0,
        "minjie": 0,
        "lilun": 0,
        "wuxing": 0,
        "meili": 0
    }
},
{
    "model": "item.item",
    "pk": 8002,
    "fields": {
        "tp": 4,
        "sub_tp": 0,
        "name": "\u521d\u7ea7\u87d1\u8782\u8bad\u7ec3\u4e66",
        "icon": "\u87d1\u8782",
        "quality": 1,
        "des": "\u521d\u7ea7\u87d1\u8782\u8bad\u7ec3\u4e66",
        "buy_type": 0,
        "buy_cost": 0,
        "sell_gold": 0,
        "order_value": 1,
        "value": 600,
        "luoji": 0,
        "minjie": 0,
        "lilun": 0,
        "wuxing": 0,
        "meili": 0
    }
},
{
    "model": "item.item",
    "pk": 8003,
    "fields": {
        "tp": 4,
        "sub_tp": 0,
        "name": "\u521d\u7ea7\u6bd2\u7206\u8bad\u7ec3\u4e66",
        "icon": "\u6bd2\u7206",
        "quality": 1,
        "des": "\u521d\u7ea7\u87d1\u8782\u8bad\u7ec3\u4e66",
        "buy_type": 0,
        "buy_cost": 0,
        "sell_gold": 0,
        "order_value": 1,
        "value": 600,
        "luoji": 0,
        "minjie": 0,
        "lilun": 0,
        "wuxing": 0,
        "meili": 0
    }
},
{
    "model": "item.item",
    "pk": 8004,
    "fields": {
        "tp": 4,
        "sub_tp": 0,
        "name": "\u521d\u7ea7\u611f\u67d3\u8005\u8bad\u7ec3\u4e66",
        "icon": "\u611f\u67d3\u8005",
        "quality": 1,
        "des": "\u521d\u7ea7\u87d1\u8782\u8bad\u7ec3\u4e66",
        "buy_type": 0,
        "buy_cost": 0,
        "sell_gold": 0,
        "order_value": 1,
        "value": 600,
        "luoji": 0,
        "minjie": 0,
        "lilun": 0,
        "wuxing": 0,
        "meili": 0
    }
},
{
    "model": "item.item",
    "pk": 8005,
    "fields": {
        "tp": 4,
        "sub_tp": 0,
        "name": "\u521d\u7ea7\u8150\u5316\u8005\u8bad\u7ec3\u4e66",
        "icon": "\u8150\u8680\u8005",
        "quality": 1,
        "des": "\u521d\u7ea7\u87d1\u8782\u8bad\u7ec3\u4e66",
        "buy_type": 0,
        "buy_cost": 0,
        "sell_gold": 0,
        "order_value": 1,
        "value": 600,
        "luoji": 0,
        "minjie": 0,
        "lilun": 0,
        "wuxing": 0,
        "meili": 0
    }
},
{
    "model": "item.item",
    "pk": 8006,
    "fields": {
        "tp": 4,
        "sub_tp": 0,
        "name": "\u521d\u7ea7\u98de\u9f99\u8bad\u7ec3\u4e66",
        "icon": "\u98de\u9f99",
        "quality": 1,
        "des": "\u521d\u7ea7\u87d1\u8782\u8bad\u7ec3\u4e66",
        "buy_type": 0,
        "buy_cost": 0,
        "sell_gold": 0,
        "order_value": 1,
        "value": 600,
        "luoji": 0,
        "minjie": 0,
        "lilun": 0,
        "wuxing": 0,
        "meili": 0
    }
},
{
    "model": "item.item",
    "pk": 8007,
    "fields": {
        "tp": 4,
        "sub_tp": 0,
        "name": "\u521d\u7ea7\u96f7\u517d\u8bad\u7ec3\u4e66",
        "icon": "\u96f7\u517d\u5e3d",
        "quality": 1,
        "des": "\u521d\u7ea7\u87d1\u8782\u8bad\u7ec3\u4e66",
        "buy_type": 0,
        "buy_cost": 0,
        "sell_gold": 0,
        "order_value": 1,
        "value": 600,
        "luoji": 0,
        "minjie": 0,
        "lilun": 0,
        "wuxing": 0,
        "meili": 0
    }
},
{
    "model": "item.item",
    "pk": 8008,
    "fields": {
        "tp": 4,
        "sub_tp": 0,
        "name": "\u521d\u7ea7\u5de2\u866b\u9886\u4e3b\u8bad\u7ec3\u4e66",
        "icon": "\u5de2\u866b\u9886\u4e3b",
        "quality": 1,
        "des": "\u521d\u7ea7\u87d1\u8782\u8bad\u7ec3\u4e66",
        "buy_type": 0,
        "buy_cost": 0,
        "sell_gold": 0,
        "order_value": 1,
        "value": 600,
        "luoji": 0,
        "minjie": 0,
        "lilun": 0,
        "wuxing": 0,
        "meili": 0
    }
},
{
    "model": "item.item",
    "pk": 8009,
    "fields": {
        "tp": 4,
        "sub_tp": 0,
        "name": "\u521d\u7ea7\u523a\u86c7\u8bad\u7ec3\u4e66",
        "icon": "\u523a\u86c7",
        "quality": 1,
        "des": "\u521d\u7ea7\u87d1\u8782\u8bad\u7ec3\u4e66",
        "buy_type": 0,
        "buy_cost": 0,
        "sell_gold": 0,
        "order_value": 1,
        "value": 600,
        "luoji": 0,
        "minjie": 0,
        "lilun": 0,
        "wuxing": 0,
        "meili": 0
    }
},
{
    "model": "item.item",
    "pk": 8010,
    "fields": {
        "tp": 4,
        "sub_tp": 0,
        "name": "\u521d\u7ea7\u5bbf\u4e3b\u8bad\u7ec3\u4e66",
        "icon": "\u5bbf\u4e3b",
        "quality": 1,
        "des": "\u521d\u7ea7\u87d1\u8782\u8bad\u7ec3\u4e66",
        "buy_type": 0,
        "buy_cost": 0,
        "sell_gold": 0,
        "order_value": 1,
        "value": 600,
        "luoji": 0,
        "minjie": 0,
        "lilun": 0,
        "wuxing": 0,
        "meili": 0
    }
},
{
    "model": "item.item",
    "pk": 8011,
    "fields": {
        "tp": 4,
        "sub_tp": 0,
        "name": "\u521d\u7ea7\u98de\u86c7\u8bad\u7ec3\u4e66",
        "icon": "\u98de\u86c7",
        "quality": 1,
        "des": "\u521d\u7ea7\u87d1\u8782\u8bad\u7ec3\u4e66",
        "buy_type": 0,
        "buy_cost": 0,
        "sell_gold": 0,
        "order_value": 1,
        "value": 600,
        "luoji": 0,
        "minjie": 0,
        "lilun": 0,
        "wuxing": 0,
        "meili": 0
    }
},
{
    "model": "item.item",
    "pk": 8012,
    "fields": {
        "tp": 4,
        "sub_tp": 0,
        "name": "\u521d\u7ea7\u72c2\u70ed\u8005\u8bad\u7ec3\u4e66",
        "icon": "\u72c2\u70ed\u8005",
        "quality": 1,
        "des": "\u521d\u7ea7\u87d1\u8782\u8bad\u7ec3\u4e66",
        "buy_type": 0,
        "buy_cost": 0,
        "sell_gold": 0,
        "order_value": 1,
        "value": 600,
        "luoji": 0,
        "minjie": 0,
        "lilun": 0,
        "wuxing": 0,
        "meili": 0
    }
},
{
    "model": "item.item",
    "pk": 8013,
    "fields": {
        "tp": 4,
        "sub_tp": 0,
        "name": "\u521d\u7ea7\u8ffd\u730e\u8005\u8bad\u7ec3\u4e66",
        "icon": "\u8ffd\u730e\u8005",
        "quality": 1,
        "des": "\u521d\u7ea7\u87d1\u8782\u8bad\u7ec3\u4e66",
        "buy_type": 0,
        "buy_cost": 0,
        "sell_gold": 0,
        "order_value": 1,
        "value": 600,
        "luoji": 0,
        "minjie": 0,
        "lilun": 0,
        "wuxing": 0,
        "meili": 0
    }
},
{
    "model": "item.item",
    "pk": 8014,
    "fields": {
        "tp": 4,
        "sub_tp": 0,
        "name": "\u521d\u7ea7\u54e8\u5175\u8bad\u7ec3\u4e66",
        "icon": "\u54e8\u5175",
        "quality": 1,
        "des": "\u521d\u7ea7\u87d1\u8782\u8bad\u7ec3\u4e66",
        "buy_type": 0,
        "buy_cost": 0,
        "sell_gold": 0,
        "order_value": 1,
        "value": 600,
        "luoji": 0,
        "minjie": 0,
        "lilun": 0,
        "wuxing": 0,
        "meili": 0
    }
},
{
    "model": "item.item",
    "pk": 8015,
    "fields": {
        "tp": 4,
        "sub_tp": 0,
        "name": "\u521d\u7ea7\u51e4\u51f0\u8bad\u7ec3\u4e66",
        "icon": "\u51e4\u51f0\u6218\u673a",
        "quality": 1,
        "des": "\u521d\u7ea7\u87d1\u8782\u8bad\u7ec3\u4e66",
        "buy_type": 0,
        "buy_cost": 0,
        "sell_gold": 0,
        "order_value": 1,
        "value": 600,
        "luoji": 0,
        "minjie": 0,
        "lilun": 0,
        "wuxing": 0,
        "meili": 0
    }
},
{
    "model": "item.item",
    "pk": 8016,
    "fields": {
        "tp": 4,
        "sub_tp": 0,
        "name": "\u521d\u7ea7\u5149\u660e\u5723\u5802\u6b66\u58eb\u8bad\u7ec3\u4e66",
        "icon": "\u5149\u660e\u5723\u5802\u6b66\u58eb",
        "quality": 1,
        "des": "\u521d\u7ea7\u87d1\u8782\u8bad\u7ec3\u4e66",
        "buy_type": 0,
        "buy_cost": 0,
        "sell_gold": 0,
        "order_value": 1,
        "value": 600,
        "luoji": 0,
        "minjie": 0,
        "lilun": 0,
        "wuxing": 0,
        "meili": 0
    }
},
{
    "model": "item.item",
    "pk": 8017,
    "fields": {
        "tp": 4,
        "sub_tp": 0,
        "name": "\u521d\u7ea7\u9ed1\u6697\u5723\u5802\u6b66\u58eb\u8bad\u7ec3\u4e66",
        "icon": "\u9ed1\u6697\u5723\u5802\u6b66\u58eb",
        "quality": 1,
        "des": "\u521d\u7ea7\u87d1\u8782\u8bad\u7ec3\u4e66",
        "buy_type": 0,
        "buy_cost": 0,
        "sell_gold": 0,
        "order_value": 1,
        "value": 600,
        "luoji": 0,
        "minjie": 0,
        "lilun": 0,
        "wuxing": 0,
        "meili": 0
    }
},
{
    "model": "item.item",
    "pk": 8018,
    "fields": {
        "tp": 4,
        "sub_tp": 0,
        "name": "\u521d\u7ea7\u4e0d\u673d\u8005\u8bad\u7ec3\u4e66",
        "icon": "\u4e0d\u673d\u8005",
        "quality": 1,
        "des": "\u521d\u7ea7\u87d1\u8782\u8bad\u7ec3\u4e66",
        "buy_type": 0,
        "buy_cost": 0,
        "sell_gold": 0,
        "order_value": 1,
        "value": 600,
        "luoji": 0,
        "minjie": 0,
        "lilun": 0,
        "wuxing": 0,
        "meili": 0
    }
},
{
    "model": "item.item",
    "pk": 8019,
    "fields": {
        "tp": 4,
        "sub_tp": 0,
        "name": "\u521d\u7ea7\u5de8\u50cf\u8bad\u7ec3\u4e66",
        "icon": "\u5de8\u50cf",
        "quality": 1,
        "des": "\u521d\u7ea7\u87d1\u8782\u8bad\u7ec3\u4e66",
        "buy_type": 0,
        "buy_cost": 0,
        "sell_gold": 0,
        "order_value": 1,
        "value": 600,
        "luoji": 0,
        "minjie": 0,
        "lilun": 0,
        "wuxing": 0,
        "meili": 0
    }
},
{
    "model": "item.item",
    "pk": 8020,
    "fields": {
        "tp": 4,
        "sub_tp": 0,
        "name": "\u521d\u7ea7\u865a\u7a7a\u8bad\u7ec3\u4e66",
        "icon": "\u865a\u7a7a",
        "quality": 1,
        "des": "\u521d\u7ea7\u87d1\u8782\u8bad\u7ec3\u4e66",
        "buy_type": 0,
        "buy_cost": 0,
        "sell_gold": 0,
        "order_value": 1,
        "value": 600,
        "luoji": 0,
        "minjie": 0,
        "lilun": 0,
        "wuxing": 0,
        "meili": 0
    }
},
{
    "model": "item.item",
    "pk": 8021,
    "fields": {
        "tp": 4,
        "sub_tp": 0,
        "name": "\u521d\u7ea7\u822a\u6bcd\u8bad\u7ec3\u4e66",
        "icon": "\u822a\u6bcd",
        "quality": 1,
        "des": "\u521d\u7ea7\u87d1\u8782\u8bad\u7ec3\u4e66",
        "buy_type": 0,
        "buy_cost": 0,
        "sell_gold": 0,
        "order_value": 1,
        "value": 600,
        "luoji": 0,
        "minjie": 0,
        "lilun": 0,
        "wuxing": 0,
        "meili": 0
    }
},
{
    "model": "item.item",
    "pk": 8022,
    "fields": {
        "tp": 4,
        "sub_tp": 0,
        "name": "\u521d\u7ea7\u5148\u77e5\u8bad\u7ec3\u4e66",
        "icon": "\u9650\u5236",
        "quality": 1,
        "des": "\u521d\u7ea7\u87d1\u8782\u8bad\u7ec3\u4e66",
        "buy_type": 0,
        "buy_cost": 0,
        "sell_gold": 0,
        "order_value": 1,
        "value": 600,
        "luoji": 0,
        "minjie": 0,
        "lilun": 0,
        "wuxing": 0,
        "meili": 0
    }
},
{
    "model": "item.item",
    "pk": 8023,
    "fields": {
        "tp": 4,
        "sub_tp": 0,
        "name": "\u521d\u7ea7\u98ce\u66b4\u6218\u8230\u8bad\u7ec3\u4e66",
        "icon": "\u98ce\u66b4\u6218\u8230",
        "quality": 1,
        "des": "\u521d\u7ea7\u87d1\u8782\u8bad\u7ec3\u4e66",
        "buy_type": 0,
        "buy_cost": 0,
        "sell_gold": 0,
        "order_value": 1,
        "value": 600,
        "luoji": 0,
        "minjie": 0,
        "lilun": 0,
        "wuxing": 0,
        "meili": 0
    }
},
{
    "model": "item.item",
    "pk": 8024,
    "fields": {
        "tp": 4,
        "sub_tp": 0,
        "name": "\u521d\u7ea7\u673a\u67aa\u5175\u8bad\u7ec3\u4e66",
        "icon": "\u673a\u67aa\u5175",
        "quality": 1,
        "des": "\u521d\u7ea7\u87d1\u8782\u8bad\u7ec3\u4e66",
        "buy_type": 0,
        "buy_cost": 0,
        "sell_gold": 0,
        "order_value": 1,
        "value": 600,
        "luoji": 0,
        "minjie": 0,
        "lilun": 0,
        "wuxing": 0,
        "meili": 0
    }
},
{
    "model": "item.item",
    "pk": 8025,
    "fields": {
        "tp": 4,
        "sub_tp": 0,
        "name": "\u521d\u7ea7\u63a0\u593a\u8005\u8bad\u7ec3\u4e66",
        "icon": "\u63a0\u593a\u8005",
        "quality": 1,
        "des": "\u521d\u7ea7\u87d1\u8782\u8bad\u7ec3\u4e66",
        "buy_type": 0,
        "buy_cost": 0,
        "sell_gold": 0,
        "order_value": 1,
        "value": 600,
        "luoji": 0,
        "minjie": 0,
        "lilun": 0,
        "wuxing": 0,
        "meili": 0
    }
},
{
    "model": "item.item",
    "pk": 8026,
    "fields": {
        "tp": 4,
        "sub_tp": 0,
        "name": "\u521d\u7ea7\u6b7b\u795e\u8bad\u7ec3\u4e66",
        "icon": "\u6b7b\u795e",
        "quality": 1,
        "des": "\u521d\u7ea7\u87d1\u8782\u8bad\u7ec3\u4e66",
        "buy_type": 0,
        "buy_cost": 0,
        "sell_gold": 0,
        "order_value": 1,
        "value": 600,
        "luoji": 0,
        "minjie": 0,
        "lilun": 0,
        "wuxing": 0,
        "meili": 0
    }
},
{
    "model": "item.item",
    "pk": 8027,
    "fields": {
        "tp": 4,
        "sub_tp": 0,
        "name": "\u521d\u7ea7\u5e7d\u7075\u5175\u8bad\u7ec3\u4e66",
        "icon": "\u5e7d\u7075\u5175",
        "quality": 1,
        "des": "\u521d\u7ea7\u87d1\u8782\u8bad\u7ec3\u4e66",
        "buy_type": 0,
        "buy_cost": 0,
        "sell_gold": 0,
        "order_value": 1,
        "value": 600,
        "luoji": 0,
        "minjie": 0,
        "lilun": 0,
        "wuxing": 0,
        "meili": 0
    }
},
{
    "model": "item.item",
    "pk": 8028,
    "fields": {
        "tp": 4,
        "sub_tp": 0,
        "name": "\u521d\u7ea7\u706b\u8f66\u8bad\u7ec3\u4e66",
        "icon": "\u706b\u8f66",
        "quality": 1,
        "des": "\u521d\u7ea7\u87d1\u8782\u8bad\u7ec3\u4e66",
        "buy_type": 0,
        "buy_cost": 0,
        "sell_gold": 0,
        "order_value": 1,
        "value": 600,
        "luoji": 0,
        "minjie": 0,
        "lilun": 0,
        "wuxing": 0,
        "meili": 0
    }
},
{
    "model": "item.item",
    "pk": 8029,
    "fields": {
        "tp": 4,
        "sub_tp": 0,
        "name": "\u521d\u7ea7\u706b\u8f66\u4eba\u8bad\u7ec3\u4e66",
        "icon": "\u706b\u8f66\u4eba",
        "quality": 1,
        "des": "\u521d\u7ea7\u87d1\u8782\u8bad\u7ec3\u4e66",
        "buy_type": 0,
        "buy_cost": 0,
        "sell_gold": 0,
        "order_value": 1,
        "value": 600,
        "luoji": 0,
        "minjie": 0,
        "lilun": 0,
        "wuxing": 0,
        "meili": 0
    }
},
{
    "model": "item.item",
    "pk": 8030,
    "fields": {
        "tp": 4,
        "sub_tp": 0,
        "name": "\u521d\u7ea7\u5766\u514b\u8bad\u7ec3\u4e66",
        "icon": "\u5766\u514b",
        "quality": 1,
        "des": "\u521d\u7ea7\u87d1\u8782\u8bad\u7ec3\u4e66",
        "buy_type": 0,
        "buy_cost": 0,
        "sell_gold": 0,
        "order_value": 1,
        "value": 600,
        "luoji": 0,
        "minjie": 0,
        "lilun": 0,
        "wuxing": 0,
        "meili": 0
    }
},
{
    "model": "item.item",
    "pk": 8031,
    "fields": {
        "tp": 4,
        "sub_tp": 0,
        "name": "\u521d\u7ea7\u96f7\u795e\u8bad\u7ec3\u4e66",
        "icon": "\u96f7\u795e",
        "quality": 1,
        "des": "\u521d\u7ea7\u87d1\u8782\u8bad\u7ec3\u4e66",
        "buy_type": 0,
        "buy_cost": 0,
        "sell_gold": 0,
        "order_value": 1,
        "value": 600,
        "luoji": 0,
        "minjie": 0,
        "lilun": 0,
        "wuxing": 0,
        "meili": 0
    }
},
{
    "model": "item.item",
    "pk": 8032,
    "fields": {
        "tp": 4,
        "sub_tp": 0,
        "name": "\u521d\u7ea7\u5973\u5996\u8bad\u7ec3\u4e66",
        "icon": "\u5973\u5996",
        "quality": 1,
        "des": "\u521d\u7ea7\u87d1\u8782\u8bad\u7ec3\u4e66",
        "buy_type": 0,
        "buy_cost": 0,
        "sell_gold": 0,
        "order_value": 1,
        "value": 600,
        "luoji": 0,
        "minjie": 0,
        "lilun": 0,
        "wuxing": 0,
        "meili": 0
    }
},
{
    "model": "item.item",
    "pk": 8033,
    "fields": {
        "tp": 4,
        "sub_tp": 0,
        "name": "\u521d\u7ea7\u5730\u96f7\u8bad\u7ec3\u4e66",
        "icon": "\u5730\u96f7",
        "quality": 1,
        "des": "\u521d\u7ea7\u87d1\u8782\u8bad\u7ec3\u4e66",
        "buy_type": 0,
        "buy_cost": 0,
        "sell_gold": 0,
        "order_value": 1,
        "value": 600,
        "luoji": 0,
        "minjie": 0,
        "lilun": 0,
        "wuxing": 0,
        "meili": 0
    }
},
{
    "model": "item.item",
    "pk": 8034,
    "fields": {
        "tp": 4,
        "sub_tp": 0,
        "name": "\u521d\u7ea7\u5927\u548c\u6218\u8230\u8bad\u7ec3\u4e66",
        "icon": "\u5927\u548c\u6218\u8230",
        "quality": 1,
        "des": "\u521d\u7ea7\u87d1\u8782\u8bad\u7ec3\u4e66",
        "buy_type": 0,
        "buy_cost": 0,
        "sell_gold": 0,
        "order_value": 1,
        "value": 600,
        "luoji": 0,
        "minjie": 0,
        "lilun": 0,
        "wuxing": 0,
        "meili": 0
    }
},
{
    "model": "item.item",
    "pk": 8035,
    "fields": {
        "tp": 4,
        "sub_tp": 0,
        "name": "\u521d\u7ea7\u7ef4\u4eac\u6218\u673a\u8bad\u7ec3\u4e66",
        "icon": "\u7ef4\u4eac\u6218\u673a",
        "quality": 1,
        "des": "\u521d\u7ea7\u87d1\u8782\u8bad\u7ec3\u4e66",
        "buy_type": 0,
        "buy_cost": 0,
        "sell_gold": 0,
        "order_value": 1,
        "value": 600,
        "luoji": 0,
        "minjie": 0,
        "lilun": 0,
        "wuxing": 0,
        "meili": 0
    }
},
{
    "model": "item.item",
    "pk": 8036,
    "fields": {
        "tp": 4,
        "sub_tp": 0,
        "name": "\u521d\u7ea7\u6e21\u9e26\u8bad\u7ec3\u4e66",
        "icon": "\u6e21\u9e26",
        "quality": 1,
        "des": "\u521d\u7ea7\u87d1\u8782\u8bad\u7ec3\u4e66",
        "buy_type": 0,
        "buy_cost": 0,
        "sell_gold": 0,
        "order_value": 1,
        "value": 600,
        "luoji": 0,
        "minjie": 0,
        "lilun": 0,
        "wuxing": 0,
        "meili": 0
    }
},
{
    "model": "item.item",
    "pk": 8037,
    "fields": {
        "tp": 4,
        "sub_tp": 0,
        "name": "\u521d\u7ea7\u4e3b\u64ad\u8bad\u7ec3\u4e66",
        "icon": "\u4e3b\u64ad",
        "quality": 1,
        "des": "\u521d\u7ea7\u87d1\u8782\u8bad\u7ec3\u4e66",
        "buy_type": 0,
        "buy_cost": 0,
        "sell_gold": 0,
        "order_value": 1,
        "value": 600,
        "luoji": 0,
        "minjie": 0,
        "lilun": 0,
        "wuxing": 0,
        "meili": 0
    }
},
{
    "model": "item.item",
    "pk": 8038,
    "fields": {
        "tp": 4,
        "sub_tp": 0,
        "name": "\u521d\u7ea7\u4ee3\u8a00\u8bad\u7ec3\u4e66",
        "icon": "\u4ee3\u8a00",
        "quality": 1,
        "des": "\u521d\u7ea7\u87d1\u8782\u8bad\u7ec3\u4e66",
        "buy_type": 0,
        "buy_cost": 0,
        "sell_gold": 0,
        "order_value": 1,
        "value": 600,
        "luoji": 0,
        "minjie": 0,
        "lilun": 0,
        "wuxing": 0,
        "meili": 0
    }
},
{
    "model": "item.item",
    "pk": 8039,
    "fields": {
        "tp": 4,
        "sub_tp": 0,
        "name": "\u521d\u7ea7\u7f51\u5e97\u8bad\u7ec3\u4e66",
        "icon": "\u7f51\u5e97",
        "quality": 1,
        "des": "\u521d\u7ea7\u87d1\u8782\u8bad\u7ec3\u4e66",
        "buy_type": 0,
        "buy_cost": 0,
        "sell_gold": 0,
        "order_value": 1,
        "value": 600,
        "luoji": 0,
        "minjie": 0,
        "lilun": 0,
        "wuxing": 0,
        "meili": 0
    }
},
{
    "model": "item.item",
    "pk": 9001,
    "fields": {
        "tp": 11,
        "sub_tp": 1,
        "name": "\u6d4b\u8bd5\u7528\u9f20\u6807",
        "icon": "\u53ef\u4e50",
        "quality": 1,
        "des": "\u6d4b\u8bd5\u7528\u7684\u9f20\u6807",
        "buy_type": 1,
        "buy_cost": 1,
        "sell_gold": 1,
        "order_value": 1,
        "value": 0,
        "luoji": 5,
        "minjie": 4,
        "lilun": 3,
        "wuxing": 2,
        "meili": 0
    }
},
{
    "model": "item.item",
    "pk": 9002,
    "fields": {
        "tp": 11,
        "sub_tp": 2,
        "name": "\u6d4b\u8bd5\u7528\u952e\u76d8",
        "icon": "\u53ef\u4e50",
        "quality": 1,
        "des": "\u6d4b\u8bd5\u7528\u5927\u578b\u88c5\u5907",
        "buy_type": 1,
        "buy_cost": 1,
        "sell_gold": 1,
        "order_value": 1,
        "value": 0,
        "luoji": 5,
        "minjie": 4,
        "lilun": 0,
        "wuxing": 0,
        "meili": 0
    }
},
{
    "model": "item.item",
    "pk": 9003,
    "fields": {
        "tp": 11,
        "sub_tp": 3,
        "name": "\u6d4b\u8bd5\u7528\u9970\u54c1",
        "icon": "\u53ef\u4e50",
        "quality": 1,
        "des": "\u6d4b\u8bd5\u7528\u9970\u54c1",
        "buy_type": 1,
        "buy_cost": 1,
        "sell_gold": 1,
        "order_value": 1,
        "value": 0,
        "luoji": 0,
        "minjie": 0,
        "lilun": 0,
        "wuxing": 0,
        "meili": 2
    }
},
{
    "model": "item.item",
    "pk": 9004,
    "fields": {
        "tp": 11,
        "sub_tp": 4,
        "name": "\u6d4b\u8bd5\u7528\u4fe1\u7269",
        "icon": "\u53ef\u4e50",
        "quality": 1,
        "des": "\u6d4b\u8bd5\u7528\u4fe1\u7269",
        "buy_type": 1,
        "buy_cost": 1,
        "sell_gold": 1,
        "order_value": 1,
        "value": 0,
        "luoji": 0,
        "minjie": 0,
        "lilun": 0,
        "wuxing": 3,
        "meili": 0
    }
},
{
    "model": "item.item",
    "pk": 10001,
    "fields": {
        "tp": 99,
        "sub_tp": 0,
        "name": "\u6d4b\u8bd5\u7528\u7684\u7bb1\u5b50",
        "icon": "\u66b4\u5175\u57fa\u672c\u529f",
        "quality": 2,
        "des": "\u6d4b\u8bd5\u7528\u7684\u7bb1\u5b50",
        "buy_type": 1,
        "buy_cost": 1,
        "sell_gold": 1,
        "order_value": 1,
        "value": 2241,
        "luoji": 0,
        "minjie": 0,
        "lilun": 0,
        "wuxing": 0,
        "meili": 0
    }
}
]
