[
{
    "model": "ladder.ladderscorestore",
    "pk": 1,
    "fields": {
        "name": "\u827e\u5c14\u6295\u5f71\u4eea",
        "des": "\u5236\u4f5c\u6750\u6599\u4e4b\u4e00",
        "icon": "\u827e\u5c14\u6295\u5f71\u4eea",
        "times_limit": -1,
        "score": 2500,
        "item": 20,
        "item_amount": 1
    }
},
{
    "model": "ladder.ladderscorestore",
    "pk": 2,
    "fields": {
        "name": "\u6740\u9a6c\u7279\u592a\u9633\u955c",
        "des": "\u5236\u4f5c\u6750\u6599\u4e4b\u4e00",
        "icon": "\u6740\u9a6c\u7279\u592a\u9633\u955c",
        "times_limit": -1,
        "score": 5000,
        "item": 19,
        "item_amount": 1
    }
},
{
    "model": "ladder.ladderscorestore",
    "pk": 3,
    "fields": {
        "name": "\u5c0f\u578bLEG\u663e\u793a\u5668",
        "des": "\u5236\u4f5c\u6750\u6599\u4e4b\u4e00",
        "icon": "LED\u663e\u793a\u5668",
        "times_limit": -1,
        "score": 10000,
        "item": 18,
        "item_amount": 1
    }
},
{
    "model": "ladder.ladderscorestore",
    "pk": 4,
    "fields": {
        "name": "\u7f57\u9e21\u9f20\u6807",
        "des": "\u5236\u4f5c\u6750\u6599\u4e4b\u4e00",
        "icon": "\u7f57\u9e21G1\u9f20\u6807",
        "times_limit": -1,
        "score": 15000,
        "item": 17,
        "item_amount": 1
    }
},
{
    "model": "ladder.ladderscorestore",
    "pk": 5,
    "fields": {
        "name": "CRT\u7eaf\u5e73\u663e\u793a\u5668",
        "des": "\u5236\u4f5c\u6750\u6599\u4e4b\u4e00",
        "icon": "CRT\u663e\u793a\u5668",
        "times_limit": -1,
        "score": 20000,
        "item": 16,
        "item_amount": 1
    }
},
{
    "model": "ladder.ladderscorestore",
    "pk": 6,
    "fields": {
        "name": "\u5145\u80fd\u9ea6\u52a8\u996e\u6599",
        "des": "\u5236\u4f5c\u6750\u6599\u4e4b\u4e00",
        "icon": "\u5145\u80fd\u9ea6\u52a8\u996e\u6599",
        "times_limit": -1,
        "score": 2000,
        "item": 15,
        "item_amount": 1
    }
},
{
    "model": "ladder.ladderscorestore",
    "pk": 7,
    "fields": {
        "name": "\u7535\u7ade\u62a4\u8155",
        "des": "\u5236\u4f5c\u6750\u6599\u4e4b\u4e00",
        "icon": "\u7535\u7ade\u62a4\u8155",
        "times_limit": -1,
        "score": 4000,
        "item": 14,
        "item_amount": 1
    }
},
{
    "model": "ladder.ladderscorestore",
    "pk": 8,
    "fields": {
        "name": "\u661f\u9645T\u6064",
        "des": "\u5236\u4f5c\u6750\u6599\u4e4b\u4e00",
        "icon": "\u661f\u9645T\u6856",
        "times_limit": -1,
        "score": 8000,
        "item": 13,
        "item_amount": 1
    }
},
{
    "model": "ladder.ladderscorestore",
    "pk": 9,
    "fields": {
        "name": "\u63d0\u795e\u5c0f\u76ae\u97ad",
        "des": "\u5236\u4f5c\u6750\u6599\u4e4b\u4e00",
        "icon": "\u63d0\u795e\u5c0f\u76ae\u97ad",
        "times_limit": -1,
        "score": 12000,
        "item": 12,
        "item_amount": 1
    }
},
{
    "model": "ladder.ladderscorestore",
    "pk": 10,
    "fields": {
        "name": "\u519c\u592b\u4e09\u62f3\u7eaf\u51c0\u6c34",
        "des": "\u5236\u4f5c\u6750\u6599\u4e4b\u4e00",
        "icon": "\u519c\u592b\u4e09\u6cc9\u7eaf\u51c0\u6c34",
        "times_limit": -1,
        "score": 16000,
        "item": 11,
        "item_amount": 1
    }
},
{
    "model": "ladder.ladderscorestore",
    "pk": 11,
    "fields": {
        "name": "\u660e\u661f\u7b7e\u540d\u9f20\u6807\u57ab",
        "des": "\u5236\u4f5c\u6750\u6599\u4e4b\u4e00",
        "icon": "\u660e\u661f\u7b7e\u540d\u9f20\u6807\u57ab",
        "times_limit": -1,
        "score": 7500,
        "item": 10,
        "item_amount": 1
    }
},
{
    "model": "ladder.ladderscorestore",
    "pk": 12,
    "fields": {
        "name": "\u87d1\u8782\u8bad\u7ec3\u4e66",
        "des": "\u63d0\u5347\u87d1\u8782\u5929\u8d4b\u7b49\u7ea7\u6240\u5fc5\u987b\u7684\u6750\u6599",
        "icon": "\u87d1\u8782",
        "times_limit": -1,
        "score": 2,
        "item": 8002,
        "item_amount": 1
    }
},
{
    "model": "ladder.ladderscorestore",
    "pk": 13,
    "fields": {
        "name": "\u6bd2\u7206\u8bad\u7ec3\u4e66",
        "des": "\u63d0\u5347\u6bd2\u7206\u5929\u8d4b\u7b49\u7ea7\u6240\u5fc5\u987b\u7684\u6750\u6599",
        "icon": "\u6bd2\u7206",
        "times_limit": -1,
        "score": 5,
        "item": 8003,
        "item_amount": 1
    }
},
{
    "model": "ladder.ladderscorestore",
    "pk": 14,
    "fields": {
        "name": "\u611f\u67d3\u8005",
        "des": "\u63d0\u5347\u611f\u67d3\u8005\u5929\u8d4b\u7b49\u7ea7\u6240\u5fc5\u987b\u7684\u6750\u6599",
        "icon": "\u611f\u67d3\u8005",
        "times_limit": -1,
        "score": 5,
        "item": 8004,
        "item_amount": 1
    }
},
{
    "model": "ladder.ladderscorestore",
    "pk": 15,
    "fields": {
        "name": "\u8150\u5316\u8005",
        "des": "\u63d0\u5347\u8150\u5316\u8005\u5929\u8d4b\u7b49\u7ea7\u6240\u5fc5\u987b\u7684\u6750\u6599",
        "icon": "\u8150\u5316\u8005",
        "times_limit": -1,
        "score": 5,
        "item": 8005,
        "item_amount": 1
    }
},
{
    "model": "ladder.ladderscorestore",
    "pk": 16,
    "fields": {
        "name": "\u98de\u9f99",
        "des": "\u63d0\u5347\u98de\u9f99\u5929\u8d4b\u7b49\u7ea7\u6240\u5fc5\u987b\u7684\u6750\u6599",
        "icon": "\u98de\u9f99",
        "times_limit": -1,
        "score": 5,
        "item": 8006,
        "item_amount": 1
    }
},
{
    "model": "ladder.ladderscorestore",
    "pk": 17,
    "fields": {
        "name": "\u96f7\u517d",
        "des": "\u63d0\u5347\u96f7\u517d\u5929\u8d4b\u7b49\u7ea7\u6240\u5fc5\u987b\u7684\u6750\u6599",
        "icon": "\u96f7\u517d",
        "times_limit": -1,
        "score": 5,
        "item": 8007,
        "item_amount": 1
    }
},
{
    "model": "ladder.ladderscorestore",
    "pk": 18,
    "fields": {
        "name": "\u5de2\u866b\u9886\u4e3b",
        "des": "\u63d0\u5347\u5de2\u866b\u9886\u4e3b\u5929\u8d4b\u7b49\u7ea7\u6240\u5fc5\u987b\u7684\u6750\u6599",
        "icon": "\u5de2\u866b\u9886\u4e3b",
        "times_limit": -1,
        "score": 5,
        "item": 8008,
        "item_amount": 1
    }
},
{
    "model": "ladder.ladderscorestore",
    "pk": 19,
    "fields": {
        "name": "\u523a\u86c7",
        "des": "\u63d0\u5347\u523a\u86c7\u5929\u8d4b\u7b49\u7ea7\u6240\u5fc5\u987b\u7684\u6750\u6599",
        "icon": "\u523a\u86c7",
        "times_limit": -1,
        "score": 5,
        "item": 8009,
        "item_amount": 1
    }
},
{
    "model": "ladder.ladderscorestore",
    "pk": 20,
    "fields": {
        "name": "\u5bbf\u4e3b",
        "des": "\u63d0\u5347\u5bbf\u4e3b\u5929\u8d4b\u7b49\u7ea7\u6240\u5fc5\u987b\u7684\u6750\u6599",
        "icon": "\u5bbf\u4e3b",
        "times_limit": -1,
        "score": 5,
        "item": 8010,
        "item_amount": 1
    }
},
{
    "model": "ladder.ladderscorestore",
    "pk": 21,
    "fields": {
        "name": "\u98de\u86c7",
        "des": "\u63d0\u5347\u98de\u86c7\u5929\u8d4b\u7b49\u7ea7\u6240\u5fc5\u987b\u7684\u6750\u6599",
        "icon": "\u98de\u86c7",
        "times_limit": -1,
        "score": 5,
        "item": 8011,
        "item_amount": 1
    }
},
{
    "model": "ladder.ladderscorestore",
    "pk": 22,
    "fields": {
        "name": "\u72c2\u70ed\u8005",
        "des": "\u63d0\u5347\u72c2\u70ed\u8005\u5929\u8d4b\u7b49\u7ea7\u6240\u5fc5\u987b\u7684\u6750\u6599",
        "icon": "\u72c2\u70ed\u8005",
        "times_limit": -1,
        "score": 5,
        "item": 8012,
        "item_amount": 1
    }
},
{
    "model": "ladder.ladderscorestore",
    "pk": 23,
    "fields": {
        "name": "\u8ffd\u730e\u8005",
        "des": "\u63d0\u5347\u8ffd\u730e\u8005\u5929\u8d4b\u7b49\u7ea7\u6240\u5fc5\u987b\u7684\u6750\u6599",
        "icon": "\u8ffd\u730e\u8005",
        "times_limit": -1,
        "score": 5,
        "item": 8013,
        "item_amount": 1
    }
},
{
    "model": "ladder.ladderscorestore",
    "pk": 24,
    "fields": {
        "name": "\u54e8\u5175",
        "des": "\u63d0\u5347\u54e8\u5175\u5929\u8d4b\u7b49\u7ea7\u6240\u5fc5\u987b\u7684\u6750\u6599",
        "icon": "\u54e8\u5175",
        "times_limit": -1,
        "score": 5,
        "item": 8014,
        "item_amount": 1
    }
},
{
    "model": "ladder.ladderscorestore",
    "pk": 25,
    "fields": {
        "name": "\u51e4\u51f0",
        "des": "\u63d0\u5347\u51e4\u51f0\u5929\u8d4b\u7b49\u7ea7\u6240\u5fc5\u987b\u7684\u6750\u6599",
        "icon": "\u51e4\u51f0",
        "times_limit": -1,
        "score": 5,
        "item": 8015,
        "item_amount": 1
    }
},
{
    "model": "ladder.ladderscorestore",
    "pk": 26,
    "fields": {
        "name": "\u5149\u660e\u5723\u5802\u6b66\u58eb",
        "des": "\u63d0\u5347\u5149\u660e\u5723\u5802\u6b66\u58eb\u5929\u8d4b\u7b49\u7ea7\u6240\u5fc5\u987b\u7684\u6750\u6599",
        "icon": "\u5149\u660e\u5723\u5802\u6b66\u58eb",
        "times_limit": -1,
        "score": 5,
        "item": 8016,
        "item_amount": 1
    }
},
{
    "model": "ladder.ladderscorestore",
    "pk": 27,
    "fields": {
        "name": "\u9ed1\u6697\u5723\u5802\u6b66\u58eb",
        "des": "\u63d0\u5347\u9ed1\u6697\u5723\u5802\u6b66\u58eb\u5929\u8d4b\u7b49\u7ea7\u6240\u5fc5\u987b\u7684\u6750\u6599",
        "icon": "\u9ed1\u6697\u5723\u5802\u6b66\u58eb",
        "times_limit": -1,
        "score": 5,
        "item": 8017,
        "item_amount": 1
    }
},
{
    "model": "ladder.ladderscorestore",
    "pk": 28,
    "fields": {
        "name": "\u4e0d\u673d\u8005",
        "des": "\u63d0\u5347\u4e0d\u673d\u8005\u5929\u8d4b\u7b49\u7ea7\u6240\u5fc5\u987b\u7684\u6750\u6599",
        "icon": "\u4e0d\u673d\u8005",
        "times_limit": -1,
        "score": 5,
        "item": 8018,
        "item_amount": 1
    }
},
{
    "model": "ladder.ladderscorestore",
    "pk": 29,
    "fields": {
        "name": "\u5de8\u50cf",
        "des": "\u63d0\u5347\u5de8\u50cf\u5929\u8d4b\u7b49\u7ea7\u6240\u5fc5\u987b\u7684\u6750\u6599",
        "icon": "\u5de8\u50cf",
        "times_limit": -1,
        "score": 5,
        "item": 8019,
        "item_amount": 1
    }
},
{
    "model": "ladder.ladderscorestore",
    "pk": 30,
    "fields": {
        "name": "\u865a\u7a7a",
        "des": "\u63d0\u5347\u865a\u7a7a\u5929\u8d4b\u7b49\u7ea7\u6240\u5fc5\u987b\u7684\u6750\u6599",
        "icon": "\u865a\u7a7a",
        "times_limit": -1,
        "score": 5,
        "item": 8020,
        "item_amount": 1
    }
},
{
    "model": "ladder.ladderscorestore",
    "pk": 31,
    "fields": {
        "name": "\u822a\u6bcd",
        "des": "\u63d0\u5347\u822a\u6bcd\u5929\u8d4b\u7b49\u7ea7\u6240\u5fc5\u987b\u7684\u6750\u6599",
        "icon": "\u822a\u6bcd",
        "times_limit": -1,
        "score": 5,
        "item": 8021,
        "item_amount": 1
    }
},
{
    "model": "ladder.ladderscorestore",
    "pk": 32,
    "fields": {
        "name": "\u5148\u77e5",
        "des": "\u63d0\u5347\u5148\u77e5\u5929\u8d4b\u7b49\u7ea7\u6240\u5fc5\u987b\u7684\u6750\u6599",
        "icon": "\u5148\u77e5",
        "times_limit": -1,
        "score": 5,
        "item": 8022,
        "item_amount": 1
    }
},
{
    "model": "ladder.ladderscorestore",
    "pk": 33,
    "fields": {
        "name": "\u98ce\u66b4",
        "des": "\u63d0\u5347\u98ce\u66b4\u5929\u8d4b\u7b49\u7ea7\u6240\u5fc5\u987b\u7684\u6750\u6599",
        "icon": "\u98ce\u66b4",
        "times_limit": -1,
        "score": 5,
        "item": 8023,
        "item_amount": 1
    }
},
{
    "model": "ladder.ladderscorestore",
    "pk": 34,
    "fields": {
        "name": "\u673a\u67aa\u5175",
        "des": "\u63d0\u5347\u673a\u67aa\u5175\u5929\u8d4b\u7b49\u7ea7\u6240\u5fc5\u987b\u7684\u6750\u6599",
        "icon": "\u673a\u67aa\u5175",
        "times_limit": -1,
        "score": 5,
        "item": 8024,
        "item_amount": 1
    }
},
{
    "model": "ladder.ladderscorestore",
    "pk": 35,
    "fields": {
        "name": "\u63a0\u593a\u8005",
        "des": "\u63d0\u5347\u63a0\u593a\u8005\u5929\u8d4b\u7b49\u7ea7\u6240\u5fc5\u987b\u7684\u6750\u6599",
        "icon": "\u63a0\u593a\u8005",
        "times_limit": -1,
        "score": 5,
        "item": 8025,
        "item_amount": 1
    }
},
{
    "model": "ladder.ladderscorestore",
    "pk": 36,
    "fields": {
        "name": "\u6b7b\u795e",
        "des": "\u63d0\u5347\u6b7b\u795e\u5929\u8d4b\u7b49\u7ea7\u6240\u5fc5\u987b\u7684\u6750\u6599",
        "icon": "\u6b7b\u795e",
        "times_limit": -1,
        "score": 5,
        "item": 8026,
        "item_amount": 1
    }
},
{
    "model": "ladder.ladderscorestore",
    "pk": 37,
    "fields": {
        "name": "\u5e7d\u7075\u5175",
        "des": "\u63d0\u5347\u5e7d\u7075\u5175\u5929\u8d4b\u7b49\u7ea7\u6240\u5fc5\u987b\u7684\u6750\u6599",
        "icon": "\u5e7d\u7075\u5175",
        "times_limit": -1,
        "score": 5,
        "item": 8027,
        "item_amount": 1
    }
},
{
    "model": "ladder.ladderscorestore",
    "pk": 38,
    "fields": {
        "name": "\u706b\u8f66",
        "des": "\u63d0\u5347\u706b\u8f66\u5929\u8d4b\u7b49\u7ea7\u6240\u5fc5\u987b\u7684\u6750\u6599",
        "icon": "\u706b\u8f66",
        "times_limit": -1,
        "score": 5,
        "item": 8028,
        "item_amount": 1
    }
},
{
    "model": "ladder.ladderscorestore",
    "pk": 39,
    "fields": {
        "name": "\u706b\u8f66\u4eba",
        "des": "\u63d0\u5347\u706b\u8f66\u4eba\u5929\u8d4b\u7b49\u7ea7\u6240\u5fc5\u987b\u7684\u6750\u6599",
        "icon": "\u706b\u8f66\u4eba",
        "times_limit": -1,
        "score": 5,
        "item": 8029,
        "item_amount": 1
    }
},
{
    "model": "ladder.ladderscorestore",
    "pk": 40,
    "fields": {
        "name": "\u5766\u514b",
        "des": "\u63d0\u5347\u5766\u514b\u5929\u8d4b\u7b49\u7ea7\u6240\u5fc5\u987b\u7684\u6750\u6599",
        "icon": "\u5766\u514b",
        "times_limit": -1,
        "score": 5,
        "item": 8030,
        "item_amount": 1
    }
},
{
    "model": "ladder.ladderscorestore",
    "pk": 41,
    "fields": {
        "name": "\u96f7\u795e",
        "des": "\u63d0\u5347\u96f7\u795e\u5929\u8d4b\u7b49\u7ea7\u6240\u5fc5\u987b\u7684\u6750\u6599",
        "icon": "\u96f7\u795e",
        "times_limit": -1,
        "score": 5,
        "item": 8031,
        "item_amount": 1
    }
},
{
    "model": "ladder.ladderscorestore",
    "pk": 42,
    "fields": {
        "name": "\u5973\u5996",
        "des": "\u63d0\u5347\u5973\u5996\u5929\u8d4b\u7b49\u7ea7\u6240\u5fc5\u987b\u7684\u6750\u6599",
        "icon": "\u5973\u5996",
        "times_limit": -1,
        "score": 5,
        "item": 8032,
        "item_amount": 1
    }
},
{
    "model": "ladder.ladderscorestore",
    "pk": 43,
    "fields": {
        "name": "\u5730\u96f7",
        "des": "\u63d0\u5347\u5730\u96f7\u5929\u8d4b\u7b49\u7ea7\u6240\u5fc5\u987b\u7684\u6750\u6599",
        "icon": "\u5730\u96f7",
        "times_limit": -1,
        "score": 5,
        "item": 8033,
        "item_amount": 1
    }
},
{
    "model": "ladder.ladderscorestore",
    "pk": 44,
    "fields": {
        "name": "\u5927\u548c\u6218\u8230",
        "des": "\u63d0\u5347\u5927\u548c\u6218\u8230\u5929\u8d4b\u7b49\u7ea7\u6240\u5fc5\u987b\u7684\u6750\u6599",
        "icon": "\u5927\u548c\u6218\u8230",
        "times_limit": -1,
        "score": 5,
        "item": 8034,
        "item_amount": 1
    }
},
{
    "model": "ladder.ladderscorestore",
    "pk": 45,
    "fields": {
        "name": "\u7ef4\u4eac\u6218\u673a",
        "des": "\u63d0\u5347\u7ef4\u4eac\u6218\u673a\u5929\u8d4b\u7b49\u7ea7\u6240\u5fc5\u987b\u7684\u6750\u6599",
        "icon": "\u7ef4\u4eac\u6218\u673a",
        "times_limit": -1,
        "score": 5,
        "item": 8035,
        "item_amount": 1
    }
},
{
    "model": "ladder.ladderscorestore",
    "pk": 46,
    "fields": {
        "name": "\u6d82\u9e26",
        "des": "\u63d0\u5347\u6d82\u9e26\u5929\u8d4b\u7b49\u7ea7\u6240\u5fc5\u987b\u7684\u6750\u6599",
        "icon": "\u6d82\u9e26",
        "times_limit": -1,
        "score": 5,
        "item": 8036,
        "item_amount": 1
    }
},
{
    "model": "ladder.ladderscorestore",
    "pk": 47,
    "fields": {
        "name": "\u4e3b\u64ad",
        "des": "\u63d0\u5347\u4e3b\u64ad\u5929\u8d4b\u7b49\u7ea7\u6240\u5fc5\u987b\u7684\u6750\u6599",
        "icon": "\u4e3b\u64ad",
        "times_limit": -1,
        "score": 5,
        "item": 8037,
        "item_amount": 1
    }
},
{
    "model": "ladder.ladderscorestore",
    "pk": 48,
    "fields": {
        "name": "\u4ee3\u8a00",
        "des": "\u63d0\u5347\u4ee3\u8a00\u5929\u8d4b\u7b49\u7ea7\u6240\u5fc5\u987b\u7684\u6750\u6599",
        "icon": "\u4ee3\u8a00",
        "times_limit": -1,
        "score": 5,
        "item": 8038,
        "item_amount": 1
    }
},
{
    "model": "ladder.ladderscorestore",
    "pk": 49,
    "fields": {
        "name": "\u7f51\u5e97",
        "des": "\u63d0\u5347\u7f51\u5e97\u5929\u8d4b\u7b49\u7ea7\u6240\u5fc5\u987b\u7684\u6750\u6599",
        "icon": "\u7f51\u5e97",
        "times_limit": -1,
        "score": 5,
        "item": 8039,
        "item_amount": 1
    }
}
]
