[
  {
    "fields": {
      "times_limit": -1, 
      "name": "\u827e\u5c14\u6295\u5f71\u4eea", 
      "des": "\u5236\u4f5c\u6750\u6599\u4e4b\u4e00", 
      "training_skill": 0, 
      "item": 20, 
      "score": 2500, 
      "training_skill_amount": 0, 
      "icon": "\u827e\u5c14\u6295\u5f71\u4eea", 
      "item_amount": 1
    }, 
    "model": "ladder.ladderscorestore", 
    "pk": 1
  }, 
  {
    "fields": {
      "times_limit": -1, 
      "name": "\u6740\u9a6c\u7279\u592a\u9633\u955c", 
      "des": "\u5236\u4f5c\u6750\u6599\u4e4b\u4e00", 
      "training_skill": 0, 
      "item": 19, 
      "score": 5000, 
      "training_skill_amount": 0, 
      "icon": "\u6740\u9a6c\u7279\u592a\u9633\u955c", 
      "item_amount": 1
    }, 
    "model": "ladder.ladderscorestore", 
    "pk": 2
  }, 
  {
    "fields": {
      "times_limit": -1, 
      "name": "\u5c0f\u578bLEG\u663e\u793a\u5668", 
      "des": "\u5236\u4f5c\u6750\u6599\u4e4b\u4e00", 
      "training_skill": 0, 
      "item": 18, 
      "score": 10000, 
      "training_skill_amount": 0, 
      "icon": "LED\u663e\u793a\u5668", 
      "item_amount": 1
    }, 
    "model": "ladder.ladderscorestore", 
    "pk": 3
  }, 
  {
    "fields": {
      "times_limit": -1, 
      "name": "\u7f57\u9e21\u9f20\u6807", 
      "des": "\u5236\u4f5c\u6750\u6599\u4e4b\u4e00", 
      "training_skill": 0, 
      "item": 17, 
      "score": 15000, 
      "training_skill_amount": 0, 
      "icon": "\u7f57\u9e21G1\u9f20\u6807", 
      "item_amount": 1
    }, 
    "model": "ladder.ladderscorestore", 
    "pk": 4
  }, 
  {
    "fields": {
      "times_limit": -1, 
      "name": "CRT\u7eaf\u5e73\u663e\u793a\u5668", 
      "des": "\u5236\u4f5c\u6750\u6599\u4e4b\u4e00", 
      "training_skill": 0, 
      "item": 16, 
      "score": 20000, 
      "training_skill_amount": 0, 
      "icon": "CRT\u663e\u793a\u5668", 
      "item_amount": 1
    }, 
    "model": "ladder.ladderscorestore", 
    "pk": 5
  }, 
  {
    "fields": {
      "times_limit": -1, 
      "name": "\u5145\u80fd\u9ea6\u52a8\u996e\u6599", 
      "des": "\u5236\u4f5c\u6750\u6599\u4e4b\u4e00", 
      "training_skill": 0, 
      "item": 15, 
      "score": 2000, 
      "training_skill_amount": 0, 
      "icon": "\u5145\u80fd\u9ea6\u52a8\u996e\u6599", 
      "item_amount": 1
    }, 
    "model": "ladder.ladderscorestore", 
    "pk": 6
  }, 
  {
    "fields": {
      "times_limit": -1, 
      "name": "\u7535\u7ade\u62a4\u8155", 
      "des": "\u5236\u4f5c\u6750\u6599\u4e4b\u4e00", 
      "training_skill": 0, 
      "item": 14, 
      "score": 4000, 
      "training_skill_amount": 0, 
      "icon": "\u7535\u7ade\u62a4\u8155", 
      "item_amount": 1
    }, 
    "model": "ladder.ladderscorestore", 
    "pk": 7
  }, 
  {
    "fields": {
      "times_limit": -1, 
      "name": "\u661f\u9645T\u6064", 
      "des": "\u5236\u4f5c\u6750\u6599\u4e4b\u4e00", 
      "training_skill": 0, 
      "item": 13, 
      "score": 8000, 
      "training_skill_amount": 0, 
      "icon": "\u661f\u9645T\u6856", 
      "item_amount": 1
    }, 
    "model": "ladder.ladderscorestore", 
    "pk": 8
  }, 
  {
    "fields": {
      "times_limit": -1, 
      "name": "\u63d0\u795e\u5c0f\u76ae\u97ad", 
      "des": "\u5236\u4f5c\u6750\u6599\u4e4b\u4e00", 
      "training_skill": 0, 
      "item": 12, 
      "score": 12000, 
      "training_skill_amount": 0, 
      "icon": "\u63d0\u795e\u5c0f\u76ae\u97ad", 
      "item_amount": 1
    }, 
    "model": "ladder.ladderscorestore", 
    "pk": 9
  }, 
  {
    "fields": {
      "times_limit": -1, 
      "name": "\u519c\u592b\u4e09\u62f3\u7eaf\u51c0\u6c34", 
      "des": "\u5236\u4f5c\u6750\u6599\u4e4b\u4e00", 
      "training_skill": 0, 
      "item": 11, 
      "score": 16000, 
      "training_skill_amount": 0, 
      "icon": "\u519c\u592b\u4e09\u6cc9\u7eaf\u51c0\u6c34", 
      "item_amount": 1
    }, 
    "model": "ladder.ladderscorestore", 
    "pk": 10
  }, 
  {
    "fields": {
      "times_limit": -1, 
      "name": "\u660e\u661f\u7b7e\u540d\u9f20\u6807\u57ab", 
      "des": "\u5236\u4f5c\u6750\u6599\u4e4b\u4e00", 
      "training_skill": 0, 
      "item": 10, 
      "score": 7500, 
      "training_skill_amount": 0, 
      "icon": "\u660e\u661f\u7b7e\u540d\u9f20\u6807\u57ab", 
      "item_amount": 1
    }, 
    "model": "ladder.ladderscorestore", 
    "pk": 11
  }
]