[
{
    "model": "ladder.ladderrankreward",
    "pk": 1,
    "fields": {
        "name": "\u7b2c\u4e00\u540d",
        "package": 1001,
        "reward_des": "\u5956\u52b110000\u91d1\u5e01\uff0c1000\u79ef\u5206",
        "mail_title": "\u5929\u68af\u8d5b\u6392\u540d\u5956\u52b1",
        "mail_content": "\u606d\u559c\u4f60\u5728\u4eca\u5929\u7684\u5929\u68af\u8d5b\u4e2d\u83b7\u5f97\u7b2c{0}\u540d\uff0c\u8bf7\u6536\u4e0b\u4e30\u539a\u7684\u5956\u52b1"
    }
},
{
    "model": "ladder.ladderrankreward",
    "pk": 2,
    "fields": {
        "name": "\u7b2c\u4e8c\u540d",
        "package": 1002,
        "reward_des": "\u5956\u52b18000\u91d1\u5e01\uff0c900\u79ef\u5206",
        "mail_title": "\u5929\u68af\u8d5b\u6392\u540d\u5956\u52b1",
        "mail_content": "\u606d\u559c\u4f60\u5728\u4eca\u5929\u7684\u5929\u68af\u8d5b\u4e2d\u83b7\u5f97\u7b2c{0}\u540d\uff0c\u8bf7\u6536\u4e0b\u4e30\u539a\u7684\u5956\u52b1"
    }
},
{
    "model": "ladder.ladderrankreward",
    "pk": 3,
    "fields": {
        "name": "\u7b2c\u4e09\u540d",
        "package": 1003,
        "reward_des": "\u5956\u52b17000\u91d1\u5e01\uff0c850\u79ef\u5206",
        "mail_title": "\u5929\u68af\u8d5b\u6392\u540d\u5956\u52b1",
        "mail_content": "\u606d\u559c\u4f60\u5728\u4eca\u5929\u7684\u5929\u68af\u8d5b\u4e2d\u83b7\u5f97\u7b2c{0}\u540d\uff0c\u8bf7\u6536\u4e0b\u4e30\u539a\u7684\u5956\u52b1"
    }
},
{
    "model": "ladder.ladderrankreward",
    "pk": 4,
    "fields": {
        "name": "\u7b2c\u56db\u540d",
        "package": 1004,
        "reward_des": "\u5956\u52b16000\u91d1\u5e01\uff0c800\u79ef\u5206",
        "mail_title": "\u5929\u68af\u8d5b\u6392\u540d\u5956\u52b1",
        "mail_content": "\u606d\u559c\u4f60\u5728\u4eca\u5929\u7684\u5929\u68af\u8d5b\u4e2d\u83b7\u5f97\u7b2c{0}\u540d\uff0c\u8bf7\u6536\u4e0b\u4e30\u539a\u7684\u5956\u52b1"
    }
},
{
    "model": "ladder.ladderrankreward",
    "pk": 5,
    "fields": {
        "name": "\u7b2c\u4e94\u540d",
        "package": 1005,
        "reward_des": "\u5956\u52b15500\u91d1\u5e01\uff0c750\u79ef\u5206",
        "mail_title": "\u5929\u68af\u8d5b\u6392\u540d\u5956\u52b1",
        "mail_content": "\u606d\u559c\u4f60\u5728\u4eca\u5929\u7684\u5929\u68af\u8d5b\u4e2d\u83b7\u5f97\u7b2c{0}\u540d\uff0c\u8bf7\u6536\u4e0b\u4e30\u539a\u7684\u5956\u52b1"
    }
},
{
    "model": "ladder.ladderrankreward",
    "pk": 6,
    "fields": {
        "name": "\u7b2c6-10\u540d",
        "package": 1006,
        "reward_des": "\u5956\u52b15000\u91d1\u5e01\uff0c700\u79ef\u5206",
        "mail_title": "\u5929\u68af\u8d5b\u6392\u540d\u5956\u52b1",
        "mail_content": "\u606d\u559c\u4f60\u5728\u4eca\u5929\u7684\u5929\u68af\u8d5b\u4e2d\u83b7\u5f97\u7b2c{0}\u540d\uff0c\u8bf7\u6536\u4e0b\u4e30\u539a\u7684\u5956\u52b1"
    }
},
{
    "model": "ladder.ladderrankreward",
    "pk": 11,
    "fields": {
        "name": "\u7b2c11-50\u540d",
        "package": 1007,
        "reward_des": "\u5956\u52b13000\u91d1\u5e01\uff0c650\u79ef\u5206",
        "mail_title": "\u5929\u68af\u8d5b\u6392\u540d\u5956\u52b1",
        "mail_content": "\u606d\u559c\u4f60\u5728\u4eca\u5929\u7684\u5929\u68af\u8d5b\u4e2d\u83b7\u5f97\u7b2c{0}\u540d\uff0c\u8bf7\u6536\u4e0b\u4e30\u539a\u7684\u5956\u52b1"
    }
},
{
    "model": "ladder.ladderrankreward",
    "pk": 51,
    "fields": {
        "name": "\u7b2c51-150\u540d",
        "package": 1008,
        "reward_des": "\u5956\u52b12800\u91d1\u5e01\uff0c600\u79ef\u5206",
        "mail_title": "\u5929\u68af\u8d5b\u6392\u540d\u5956\u52b1",
        "mail_content": "\u606d\u559c\u4f60\u5728\u4eca\u5929\u7684\u5929\u68af\u8d5b\u4e2d\u83b7\u5f97\u7b2c{0}\u540d\uff0c\u8bf7\u6536\u4e0b\u4e30\u539a\u7684\u5956\u52b1"
    }
},
{
    "model": "ladder.ladderrankreward",
    "pk": 151,
    "fields": {
        "name": "\u7b2c151-400\u540d",
        "package": 1009,
        "reward_des": "\u5956\u52b12600\u91d1\u5e01\uff0c550\u79ef\u5206",
        "mail_title": "\u5929\u68af\u8d5b\u6392\u540d\u5956\u52b1",
        "mail_content": "\u606d\u559c\u4f60\u5728\u4eca\u5929\u7684\u5929\u68af\u8d5b\u4e2d\u83b7\u5f97\u7b2c{0}\u540d\uff0c\u8bf7\u6536\u4e0b\u4e30\u539a\u7684\u5956\u52b1"
    }
},
{
    "model": "ladder.ladderrankreward",
    "pk": 401,
    "fields": {
        "name": "\u7b2c401-800\u540d",
        "package": 1010,
        "reward_des": "\u5956\u52b12500\u91d1\u5e01\uff0c500\u79ef\u5206",
        "mail_title": "\u5929\u68af\u8d5b\u6392\u540d\u5956\u52b1",
        "mail_content": "\u606d\u559c\u4f60\u5728\u4eca\u5929\u7684\u5929\u68af\u8d5b\u4e2d\u83b7\u5f97\u7b2c{0}\u540d\uff0c\u8bf7\u6536\u4e0b\u4e30\u539a\u7684\u5956\u52b1"
    }
},
{
    "model": "ladder.ladderrankreward",
    "pk": 801,
    "fields": {
        "name": "\u7b2c801-1400\u540d",
        "package": 1011,
        "reward_des": "\u5956\u52b12400\u91d1\u5e01\uff0c450\u79ef\u5206",
        "mail_title": "\u5929\u68af\u8d5b\u6392\u540d\u5956\u52b1",
        "mail_content": "\u606d\u559c\u4f60\u5728\u4eca\u5929\u7684\u5929\u68af\u8d5b\u4e2d\u83b7\u5f97\u7b2c{0}\u540d\uff0c\u8bf7\u6536\u4e0b\u4e30\u539a\u7684\u5956\u52b1"
    }
},
{
    "model": "ladder.ladderrankreward",
    "pk": 1401,
    "fields": {
        "name": "\u7b2c1401-2200\u540d",
        "package": 1012,
        "reward_des": "\u5956\u52b12200\u91d1\u5e01\uff0c400\u79ef\u5206",
        "mail_title": "\u5929\u68af\u8d5b\u6392\u540d\u5956\u52b1",
        "mail_content": "\u606d\u559c\u4f60\u5728\u4eca\u5929\u7684\u5929\u68af\u8d5b\u4e2d\u83b7\u5f97\u7b2c{0}\u540d\uff0c\u8bf7\u6536\u4e0b\u4e30\u539a\u7684\u5956\u52b1"
    }
},
{
    "model": "ladder.ladderrankreward",
    "pk": 2201,
    "fields": {
        "name": "\u7b2c2201-3500\u540d",
        "package": 1013,
        "reward_des": "\u5956\u52b12000\u91d1\u5e01\uff0c350\u79ef\u5206",
        "mail_title": "\u5929\u68af\u8d5b\u6392\u540d\u5956\u52b1",
        "mail_content": "\u606d\u559c\u4f60\u5728\u4eca\u5929\u7684\u5929\u68af\u8d5b\u4e2d\u83b7\u5f97\u7b2c{0}\u540d\uff0c\u8bf7\u6536\u4e0b\u4e30\u539a\u7684\u5956\u52b1"
    }
},
{
    "model": "ladder.ladderrankreward",
    "pk": 3501,
    "fields": {
        "name": "\u7b2c3501-6000\u540d",
        "package": 1014,
        "reward_des": "\u5956\u52b11800\u91d1\u5e01\uff0c300\u79ef\u5206",
        "mail_title": "\u5929\u68af\u8d5b\u6392\u540d\u5956\u52b1",
        "mail_content": "\u606d\u559c\u4f60\u5728\u4eca\u5929\u7684\u5929\u68af\u8d5b\u4e2d\u83b7\u5f97\u7b2c{0}\u540d\uff0c\u8bf7\u6536\u4e0b\u4e30\u539a\u7684\u5956\u52b1"
    }
},
{
    "model": "ladder.ladderrankreward",
    "pk": 6001,
    "fields": {
        "name": "\u7b2c6001-9000\u540d",
        "package": 1015,
        "reward_des": "\u5956\u52b11500\u91d1\u5e01\uff0c250\u79ef\u5206",
        "mail_title": "\u5929\u68af\u8d5b\u6392\u540d\u5956\u52b1",
        "mail_content": "\u606d\u559c\u4f60\u5728\u4eca\u5929\u7684\u5929\u68af\u8d5b\u4e2d\u83b7\u5f97\u7b2c{0}\u540d\uff0c\u8bf7\u6536\u4e0b\u4e30\u539a\u7684\u5956\u52b1"
    }
},
{
    "model": "ladder.ladderrankreward",
    "pk": 9001,
    "fields": {
        "name": "\u7b2c9001\u53ca\u4ee5\u4e0b\u540d",
        "package": 1016,
        "reward_des": "\u5956\u52b11000\u91d1\u5e01\uff0c200\u79ef\u5206",
        "mail_title": "\u5929\u68af\u8d5b\u6392\u540d\u5956\u52b1",
        "mail_content": "\u606d\u559c\u4f60\u5728\u4eca\u5929\u7684\u5929\u68af\u8d5b\u4e2d\u83b7\u5f97\u7b2c{0}\u540d\uff0c\u8bf7\u6536\u4e0b\u4e30\u539a\u7684\u5956\u52b1"
    }
}
]
