[
{
    "fields": {
        "week_reward": 2,
        "day_reward": 1,
        "name": "\u9752\u94dc\u4e09"
    },
    "model": "league.league",
    "pk": 1
},
{
    "fields": {
        "week_reward": 2,
        "day_reward": 1,
        "name": "\u9752\u94dc\u4e8c"
    },
    "model": "league.league",
    "pk": 2
},
{
    "fields": {
        "week_reward": 2,
        "day_reward": 1,
        "name": "\u9752\u94dc\u4e00"
    },
    "model": "league.league",
    "pk": 3
},
{
    "fields": {
        "week_reward": 2,
        "day_reward": 1,
        "name": "\u767d\u94f6\u4e09"
    },
    "model": "league.league",
    "pk": 4
},
{
    "fields": {
        "week_reward": 2,
        "day_reward": 1,
        "name": "\u767d\u94f6\u4e8c"
    },
    "model": "league.league",
    "pk": 5
},
{
    "fields": {
        "week_reward": 2,
        "day_reward": 1,
        "name": "\u767d\u94f6\u4e00"
    },
    "model": "league.league",
    "pk": 6
},
{
    "fields": {
        "week_reward": 102,
        "day_reward": 2,
        "name": "\u9ec4\u91d1\u4e09"
    },
    "model": "league.league",
    "pk": 7
},
{
    "fields": {
        "week_reward": 107,
        "day_reward": 102,
        "name": "\u9ec4\u91d1\u4e8c"
    },
    "model": "league.league",
    "pk": 8
},
{
    "fields": {
        "week_reward": 100,
        "day_reward": 102,
        "name": "\u9ec4\u91d1\u4e00"
    },
    "model": "league.league",
    "pk": 9
}
]
