[
  {
    "pk": 1, 
    "model": "npc.npcformation", 
    "fields": {
      "staffs": [
        [
          0, 
          85004, 
          30501
        ], 
        [
          1, 
          85504, 
          30001
        ], 
        [
          2, 
          85004, 
          31001
        ], 
        [
          3, 
          85504, 
          31001
        ], 
        [
          4, 
          86004, 
          30501
        ], 
        [
          5, 
          85004, 
          30001
        ]
      ]
    }
  }, 
  {
    "pk": 2, 
    "model": "npc.npcformation", 
    "fields": {
      "staffs": [
        [
          2, 
          85017, 
          31004
        ], 
        [
          3, 
          85517, 
          31004
        ], 
        [
          7, 
          85017, 
          31004
        ], 
        [
          8, 
          85517, 
          30504
        ], 
        [
          9, 
          86017, 
          30504
        ], 
        [
          10, 
          85017, 
          30504
        ]
      ]
    }
  }, 
  {
    "pk": 3, 
    "model": "npc.npcformation", 
    "fields": {
      "staffs": [
        [
          2, 
          85025, 
          30006
        ], 
        [
          3, 
          85525, 
          30006
        ], 
        [
          7, 
          85025, 
          30506
        ], 
        [
          8, 
          85525, 
          30506
        ], 
        [
          9, 
          86025, 
          32006
        ], 
        [
          10, 
          85025, 
          30506
        ]
      ]
    }
  }, 
  {
    "pk": 4, 
    "model": "npc.npcformation", 
    "fields": {
      "staffs": [
        [
          2, 
          85035, 
          30510
        ], 
        [
          3, 
          85535, 
          30510
        ], 
        [
          4, 
          85035, 
          30510
        ], 
        [
          8, 
          85535, 
          31510
        ], 
        [
          9, 
          86035, 
          32010
        ], 
        [
          10, 
          85035, 
          31510
        ]
      ]
    }
  }, 
  {
    "pk": 5, 
    "model": "npc.npcformation", 
    "fields": {
      "staffs": [
        [
          2, 
          80047, 
          31015
        ], 
        [
          3, 
          85547, 
          31015
        ], 
        [
          7, 
          85047, 
          30515
        ], 
        [
          8, 
          85547, 
          30515
        ], 
        [
          9, 
          86047, 
          30515
        ], 
        [
          10, 
          85047, 
          30515
        ]
      ]
    }
  }, 
  {
    "pk": 6, 
    "model": "npc.npcformation", 
    "fields": {
      "staffs": [
        [
          0, 
          80561, 
          30520
        ], 
        [
          1, 
          85561, 
          30020
        ], 
        [
          2, 
          85061, 
          31020
        ], 
        [
          3, 
          85561, 
          31020
        ], 
        [
          4, 
          86061, 
          30020
        ], 
        [
          5, 
          85061, 
          30520
        ]
      ]
    }
  }, 
  {
    "pk": 7, 
    "model": "npc.npcformation", 
    "fields": {
      "staffs": [
        [
          2, 
          81077, 
          31028
        ], 
        [
          3, 
          83077, 
          31028
        ], 
        [
          7, 
          85077, 
          31528
        ], 
        [
          8, 
          85577, 
          31528
        ], 
        [
          9, 
          86077, 
          31528
        ], 
        [
          10, 
          85077, 
          31528
        ]
      ]
    }
  }, 
  {
    "pk": 8, 
    "model": "npc.npcformation", 
    "fields": {
      "staffs": [
        [
          2, 
          81596, 
          31536
        ], 
        [
          3, 
          83596, 
          31536
        ], 
        [
          7, 
          85096, 
          32036
        ], 
        [
          8, 
          85596, 
          32036
        ], 
        [
          9, 
          86096, 
          31536
        ], 
        [
          10, 
          85096, 
          31536
        ]
      ]
    }
  }, 
  {
    "pk": 9, 
    "model": "npc.npcformation", 
    "fields": {
      "staffs": [
        [
          0, 
          82117, 
          30546
        ], 
        [
          5, 
          84117, 
          30546
        ], 
        [
          7, 
          80117, 
          30546
        ], 
        [
          10, 
          81117, 
          30546
        ], 
        [
          14, 
          83117, 
          30546
        ], 
        [
          15, 
          85117, 
          30546
        ]
      ]
    }
  }, 
  {
    "pk": 10, 
    "model": "npc.npcformation", 
    "fields": {
      "staffs": [
        [
          0, 
          82641, 
          31558
        ], 
        [
          5, 
          84641, 
          31558
        ], 
        [
          7, 
          80641, 
          31558
        ], 
        [
          10, 
          81641, 
          31558
        ], 
        [
          14, 
          83641, 
          31558
        ], 
        [
          15, 
          85141, 
          31558
        ]
      ]
    }
  }, 
  {
    "pk": 11, 
    "model": "npc.npcformation", 
    "fields": {
      "staffs": [
        [
          2, 
          85504, 
          10502
        ], 
        [
          3, 
          85504, 
          10502
        ], 
        [
          7, 
          85004, 
          10002
        ], 
        [
          8, 
          85504, 
          10002
        ], 
        [
          9, 
          86004, 
          10002
        ], 
        [
          10, 
          85004, 
          10002
        ]
      ]
    }
  }, 
  {
    "pk": 12, 
    "model": "npc.npcformation", 
    "fields": {
      "staffs": [
        [
          0, 
          85018, 
          11005
        ], 
        [
          1, 
          85518, 
          11005
        ], 
        [
          2, 
          85018, 
          10005
        ], 
        [
          3, 
          85518, 
          10005
        ], 
        [
          4, 
          86018, 
          11005
        ], 
        [
          5, 
          85018, 
          11005
        ]
      ]
    }
  }, 
  {
    "pk": 13, 
    "model": "npc.npcformation", 
    "fields": {
      "staffs": [
        [
          1, 
          86026, 
          10008
        ], 
        [
          2, 
          85526, 
          10008
        ], 
        [
          3, 
          85026, 
          10008
        ], 
        [
          4, 
          85526, 
          10008
        ], 
        [
          8, 
          86026, 
          11008
        ], 
        [
          9, 
          85026, 
          11008
        ]
      ]
    }
  }, 
  {
    "pk": 14, 
    "model": "npc.npcformation", 
    "fields": {
      "staffs": [
        [
          1, 
          85036, 
          11011
        ], 
        [
          2, 
          85536, 
          10011
        ], 
        [
          3, 
          85036, 
          10011
        ], 
        [
          4, 
          85536, 
          11011
        ], 
        [
          8, 
          86036, 
          11511
        ], 
        [
          9, 
          85036, 
          11511
        ]
      ]
    }
  }, 
  {
    "pk": 15, 
    "model": "npc.npcformation", 
    "fields": {
      "staffs": [
        [
          0, 
          70048, 
          11016
        ], 
        [
          1, 
          85548, 
          10016
        ], 
        [
          2, 
          85048, 
          10516
        ], 
        [
          3, 
          85548, 
          10516
        ], 
        [
          4, 
          86048, 
          10016
        ], 
        [
          5, 
          85048, 
          11016
        ]
      ]
    }
  }, 
  {
    "pk": 16, 
    "model": "npc.npcformation", 
    "fields": {
      "staffs": [
        [
          1, 
          70563, 
          11022
        ], 
        [
          2, 
          85563, 
          11022
        ], 
        [
          3, 
          85063, 
          10022
        ], 
        [
          4, 
          85563, 
          10022
        ], 
        [
          8, 
          86063, 
          12022
        ], 
        [
          11, 
          85063, 
          11522
        ]
      ]
    }
  }, 
  {
    "pk": 17, 
    "model": "npc.npcformation", 
    "fields": {
      "staffs": [
        [
          0, 
          71079, 
          11030
        ], 
        [
          5, 
          73079, 
          11030
        ], 
        [
          7, 
          85079, 
          10530
        ], 
        [
          10, 
          85579, 
          10530
        ], 
        [
          14, 
          86079, 
          10030
        ], 
        [
          15, 
          85079, 
          10030
        ]
      ]
    }
  }, 
  {
    "pk": 18, 
    "model": "npc.npcformation", 
    "fields": {
      "staffs": [
        [
          0, 
          71598, 
          11038
        ], 
        [
          1, 
          73598, 
          10038
        ], 
        [
          2, 
          85098, 
          10538
        ], 
        [
          3, 
          85598, 
          10538
        ], 
        [
          4, 
          86098, 
          10038
        ], 
        [
          5, 
          85098, 
          11038
        ]
      ]
    }
  }, 
  {
    "pk": 19, 
    "model": "npc.npcformation", 
    "fields": {
      "staffs": [
        [
          2, 
          72119, 
          10549
        ], 
        [
          3, 
          74119, 
          10549
        ], 
        [
          7, 
          70119, 
          12049
        ], 
        [
          8, 
          71119, 
          11049
        ], 
        [
          9, 
          73119, 
          11049
        ], 
        [
          10, 
          85119, 
          12049
        ]
      ]
    }
  }, 
  {
    "pk": 20, 
    "model": "npc.npcformation", 
    "fields": {
      "staffs": [
        [
          0, 
          72643, 
          11060
        ], 
        [
          5, 
          74643, 
          11060
        ], 
        [
          7, 
          70643, 
          10560
        ], 
        [
          10, 
          71643, 
          10560
        ], 
        [
          14, 
          73643, 
          12060
        ], 
        [
          15, 
          85143, 
          12060
        ]
      ]
    }
  }, 
  {
    "pk": 21, 
    "model": "npc.npcformation", 
    "fields": {
      "staffs": [
        [
          2, 
          85504, 
          20003
        ], 
        [
          3, 
          85504, 
          20003
        ], 
        [
          7, 
          85004, 
          20503
        ], 
        [
          8, 
          85504, 
          20503
        ], 
        [
          9, 
          86004, 
          20503
        ], 
        [
          10, 
          85004, 
          20503
        ]
      ]
    }
  }, 
  {
    "pk": 22, 
    "model": "npc.npcformation", 
    "fields": {
      "staffs": [
        [
          0, 
          85019, 
          20506
        ], 
        [
          1, 
          85519, 
          21006
        ], 
        [
          2, 
          85019, 
          20006
        ], 
        [
          3, 
          85519, 
          20006
        ], 
        [
          4, 
          86019, 
          21006
        ], 
        [
          5, 
          85019, 
          20506
        ]
      ]
    }
  }, 
  {
    "pk": 23, 
    "model": "npc.npcformation", 
    "fields": {
      "staffs": [
        [
          2, 
          86027, 
          20009
        ], 
        [
          3, 
          85527, 
          20009
        ], 
        [
          7, 
          85027, 
          20509
        ], 
        [
          8, 
          85527, 
          20509
        ], 
        [
          9, 
          86027, 
          20509
        ], 
        [
          10, 
          85027, 
          20509
        ]
      ]
    }
  }, 
  {
    "pk": 24, 
    "model": "npc.npcformation", 
    "fields": {
      "staffs": [
        [
          0, 
          85037, 
          20513
        ], 
        [
          1, 
          85537, 
          20513
        ], 
        [
          2, 
          85037, 
          20013
        ], 
        [
          3, 
          85537, 
          20013
        ], 
        [
          4, 
          86037, 
          20513
        ], 
        [
          5, 
          85037, 
          20513
        ]
      ]
    }
  }, 
  {
    "pk": 25, 
    "model": "npc.npcformation", 
    "fields": {
      "staffs": [
        [
          0, 
          75050, 
          20518
        ], 
        [
          5, 
          85550, 
          20518
        ], 
        [
          7, 
          85050, 
          20018
        ], 
        [
          10, 
          85550, 
          20018
        ], 
        [
          14, 
          86050, 
          21018
        ], 
        [
          15, 
          85050, 
          21018
        ]
      ]
    }
  }, 
  {
    "pk": 26, 
    "model": "npc.npcformation", 
    "fields": {
      "staffs": [
        [
          2, 
          75564, 
          20024
        ], 
        [
          3, 
          85564, 
          20024
        ], 
        [
          7, 
          85064, 
          20524
        ], 
        [
          8, 
          85564, 
          20524
        ], 
        [
          9, 
          86064, 
          21524
        ], 
        [
          10, 
          85064, 
          22024
        ]
      ]
    }
  }, 
  {
    "pk": 27, 
    "model": "npc.npcformation", 
    "fields": {
      "staffs": [
        [
          2, 
          76081, 
          20031
        ], 
        [
          3, 
          78081, 
          20031
        ], 
        [
          7, 
          85081, 
          20531
        ], 
        [
          8, 
          85581, 
          20531
        ], 
        [
          9, 
          86081, 
          20531
        ], 
        [
          10, 
          85081, 
          22031
        ]
      ]
    }
  }, 
  {
    "pk": 28, 
    "model": "npc.npcformation", 
    "fields": {
      "staffs": [
        [
          0, 
          76600, 
          20540
        ], 
        [
          5, 
          78600, 
          20540
        ], 
        [
          7, 
          85100, 
          21040
        ], 
        [
          10, 
          85600, 
          21040
        ], 
        [
          14, 
          86100, 
          22040
        ], 
        [
          15, 
          85100, 
          22040
        ]
      ]
    }
  }, 
  {
    "pk": 29, 
    "model": "npc.npcformation", 
    "fields": {
      "staffs": [
        [
          0, 
          77122, 
          21551
        ], 
        [
          1, 
          79122, 
          20551
        ], 
        [
          2, 
          75122, 
          21051
        ], 
        [
          3, 
          76122, 
          21051
        ], 
        [
          4, 
          78122, 
          22051
        ], 
        [
          5, 
          85122, 
          22051
        ]
      ]
    }
  }, 
  {
    "pk": 30, 
    "model": "npc.npcformation", 
    "fields": {
      "staffs": [
        [
          2, 
          77646, 
          20063
        ], 
        [
          3, 
          79646, 
          20063
        ], 
        [
          7, 
          75646, 
          22063
        ], 
        [
          8, 
          76646, 
          20563
        ], 
        [
          9, 
          78646, 
          21563
        ], 
        [
          10, 
          85146, 
          22063
        ]
      ]
    }
  }, 
  {
    "pk": 31, 
    "model": "npc.npcformation", 
    "fields": {
      "staffs": [
        [
          0, 
          85506, 
          20504
        ], 
        [
          1, 
          85506, 
          20504
        ], 
        [
          2, 
          85006, 
          20504
        ], 
        [
          3, 
          85506, 
          20504
        ], 
        [
          4, 
          86006, 
          20504
        ], 
        [
          5, 
          85006, 
          20504
        ]
      ]
    }
  }, 
  {
    "pk": 32, 
    "model": "npc.npcformation", 
    "fields": {
      "staffs": [
        [
          2, 
          85022, 
          10508
        ], 
        [
          3, 
          85522, 
          31008
        ], 
        [
          7, 
          85022, 
          11008
        ], 
        [
          8, 
          85522, 
          20508
        ], 
        [
          9, 
          86022, 
          30508
        ], 
        [
          10, 
          85022, 
          11008
        ]
      ]
    }
  }, 
  {
    "pk": 33, 
    "model": "npc.npcformation", 
    "fields": {
      "staffs": [
        [
          2, 
          86031, 
          20011
        ], 
        [
          3, 
          85531, 
          20011
        ], 
        [
          7, 
          85031, 
          20511
        ], 
        [
          8, 
          85531, 
          20511
        ], 
        [
          9, 
          86031, 
          20511
        ], 
        [
          10, 
          85031, 
          20511
        ]
      ]
    }
  }, 
  {
    "pk": 34, 
    "model": "npc.npcformation", 
    "fields": {
      "staffs": [
        [
          2, 
          85042, 
          10515
        ], 
        [
          3, 
          85542, 
          10515
        ], 
        [
          7, 
          85042, 
          10015
        ], 
        [
          8, 
          85542, 
          10015
        ], 
        [
          9, 
          86042, 
          11515
        ], 
        [
          10, 
          85042, 
          10015
        ]
      ]
    }
  }, 
  {
    "pk": 35, 
    "model": "npc.npcformation", 
    "fields": {
      "staffs": [
        [
          2, 
          85555, 
          20020
        ], 
        [
          3, 
          85555, 
          10520
        ], 
        [
          7, 
          85055, 
          11020
        ], 
        [
          8, 
          81555, 
          31520
        ], 
        [
          9, 
          86055, 
          11520
        ], 
        [
          10, 
          85055, 
          11020
        ]
      ]
    }
  }, 
  {
    "pk": 36, 
    "model": "npc.npcformation", 
    "fields": {
      "staffs": [
        [
          0, 
          85569, 
          30526
        ], 
        [
          1, 
          82569, 
          30526
        ], 
        [
          2, 
          85069, 
          30526
        ], 
        [
          3, 
          85569, 
          30526
        ], 
        [
          4, 
          86069, 
          30526
        ], 
        [
          5, 
          85069, 
          30526
        ]
      ]
    }
  }, 
  {
    "pk": 37, 
    "model": "npc.npcformation", 
    "fields": {
      "staffs": [
        [
          2, 
          82587, 
          31034
        ], 
        [
          3, 
          80087, 
          31034
        ], 
        [
          7, 
          85087, 
          31534
        ], 
        [
          8, 
          85587, 
          21534
        ], 
        [
          9, 
          86087, 
          21534
        ], 
        [
          10, 
          85087, 
          31534
        ]
      ]
    }
  }, 
  {
    "pk": 38, 
    "model": "npc.npcformation", 
    "fields": {
      "staffs": [
        [
          2, 
          79106, 
          20043
        ], 
        [
          3, 
          76106, 
          20043
        ], 
        [
          7, 
          75106, 
          21543
        ], 
        [
          8, 
          85606, 
          11043
        ], 
        [
          9, 
          86106, 
          11043
        ], 
        [
          10, 
          85106, 
          21543
        ]
      ]
    }
  }, 
  {
    "pk": 39, 
    "model": "npc.npcformation", 
    "fields": {
      "staffs": [
        [
          2, 
          81628, 
          31054
        ], 
        [
          3, 
          84128, 
          31054
        ], 
        [
          7, 
          81128, 
          31554
        ], 
        [
          8, 
          76628, 
          22054
        ], 
        [
          9, 
          75628, 
          21554
        ], 
        [
          10, 
          85128, 
          31554
        ]
      ]
    }
  }, 
  {
    "pk": 40, 
    "model": "npc.npcformation", 
    "fields": {
      "staffs": [
        [
          0, 
          72653, 
          11066
        ], 
        [
          5, 
          73653, 
          11066
        ], 
        [
          7, 
          71153, 
          10066
        ], 
        [
          10, 
          70153, 
          10066
        ], 
        [
          14, 
          72653, 
          12066
        ], 
        [
          15, 
          85153, 
          11566
        ]
      ]
    }
  }, 
  {
    "pk": 41, 
    "model": "npc.npcformation", 
    "fields": {
      "staffs": [
        [
          2, 
          85509, 
          10504
        ], 
        [
          3, 
          85509, 
          10504
        ], 
        [
          7, 
          85009, 
          11004
        ], 
        [
          8, 
          85509, 
          10004
        ], 
        [
          9, 
          86009, 
          10004
        ], 
        [
          10, 
          85009, 
          11004
        ]
      ]
    }
  }, 
  {
    "pk": 42, 
    "model": "npc.npcformation", 
    "fields": {
      "staffs": [
        [
          0, 
          85026, 
          11008
        ], 
        [
          1, 
          85526, 
          11008
        ], 
        [
          2, 
          85026, 
          11008
        ], 
        [
          3, 
          85526, 
          11008
        ], 
        [
          4, 
          86026, 
          20508
        ], 
        [
          5, 
          85026, 
          20508
        ]
      ]
    }
  }, 
  {
    "pk": 43, 
    "model": "npc.npcformation", 
    "fields": {
      "staffs": [
        [
          2, 
          86035, 
          20011
        ], 
        [
          3, 
          85535, 
          20011
        ], 
        [
          7, 
          85035, 
          30511
        ], 
        [
          8, 
          85535, 
          20511
        ], 
        [
          15, 
          86035, 
          11011
        ], 
        [
          27, 
          85035, 
          11011
        ]
      ]
    }
  }, 
  {
    "pk": 44, 
    "model": "npc.npcformation", 
    "fields": {
      "staffs": [
        [
          0, 
          85046, 
          12015
        ], 
        [
          1, 
          85546, 
          12015
        ], 
        [
          2, 
          85046, 
          12015
        ], 
        [
          3, 
          85546, 
          12015
        ], 
        [
          4, 
          86046, 
          12015
        ], 
        [
          5, 
          85046, 
          12015
        ]
      ]
    }
  }, 
  {
    "pk": 45, 
    "model": "npc.npcformation", 
    "fields": {
      "staffs": [
        [
          2, 
          72559, 
          11020
        ], 
        [
          3, 
          85559, 
          11020
        ], 
        [
          4, 
          85059, 
          11020
        ], 
        [
          8, 
          85559, 
          10020
        ], 
        [
          9, 
          86059, 
          10020
        ], 
        [
          10, 
          85059, 
          10020
        ]
      ]
    }
  }, 
  {
    "pk": 46, 
    "model": "npc.npcformation", 
    "fields": {
      "staffs": [
        [
          1, 
          85574, 
          30527
        ], 
        [
          2, 
          85574, 
          20027
        ], 
        [
          3, 
          85074, 
          20027
        ], 
        [
          4, 
          85574, 
          21027
        ], 
        [
          8, 
          86074, 
          10027
        ], 
        [
          11, 
          71074, 
          10027
        ]
      ]
    }
  }, 
  {
    "pk": 47, 
    "model": "npc.npcformation", 
    "fields": {
      "staffs": [
        [
          2, 
          83092, 
          31035
        ], 
        [
          3, 
          82592, 
          31035
        ], 
        [
          7, 
          85092, 
          30535
        ], 
        [
          8, 
          85592, 
          30535
        ], 
        [
          9, 
          86092, 
          30535
        ], 
        [
          10, 
          85092, 
          30535
        ]
      ]
    }
  }, 
  {
    "pk": 48, 
    "model": "npc.npcformation", 
    "fields": {
      "staffs": [
        [
          0, 
          71111, 
          11044
        ], 
        [
          1, 
          85611, 
          10044
        ], 
        [
          2, 
          74111, 
          10544
        ], 
        [
          3, 
          85611, 
          10544
        ], 
        [
          4, 
          86111, 
          10044
        ], 
        [
          5, 
          85111, 
          11044
        ]
      ]
    }
  }, 
  {
    "pk": 49, 
    "model": "npc.npcformation", 
    "fields": {
      "staffs": [
        [
          2, 
          74134, 
          10555
        ], 
        [
          3, 
          72634, 
          10555
        ], 
        [
          7, 
          74634, 
          12055
        ], 
        [
          8, 
          70634, 
          11555
        ], 
        [
          9, 
          73134, 
          11555
        ], 
        [
          10, 
          85134, 
          12055
        ]
      ]
    }
  }, 
  {
    "pk": 50, 
    "model": "npc.npcformation", 
    "fields": {
      "staffs": [
        [
          2, 
          83658, 
          31068
        ], 
        [
          3, 
          81658, 
          31068
        ], 
        [
          7, 
          84658, 
          31568
        ], 
        [
          8, 
          79158, 
          22068
        ], 
        [
          9, 
          78158, 
          21568
        ], 
        [
          10, 
          85158, 
          31568
        ]
      ]
    }
  }, 
  {
    "pk": 1001, 
    "model": "npc.npcformation", 
    "fields": {
      "staffs": [
        [
          2, 
          80002, 
          31001
        ], 
        [
          3, 
          81002, 
          31001
        ], 
        [
          7, 
          82502, 
          31501
        ], 
        [
          8, 
          76002, 
          20501
        ], 
        [
          9, 
          75002, 
          20501
        ]
      ]
    }
  }, 
  {
    "pk": 1002, 
    "model": "npc.npcformation", 
    "fields": {
      "staffs": [
        [
          2, 
          74503, 
          10501
        ], 
        [
          3, 
          84003, 
          31001
        ], 
        [
          7, 
          73003, 
          11001
        ], 
        [
          8, 
          77003, 
          20501
        ], 
        [
          9, 
          79503, 
          20501
        ]
      ]
    }
  }, 
  {
    "pk": 1003, 
    "model": "npc.npcformation", 
    "fields": {
      "staffs": [
        [
          2, 
          76504, 
          20002
        ], 
        [
          3, 
          77504, 
          20002
        ], 
        [
          7, 
          77004, 
          20502
        ], 
        [
          8, 
          79004, 
          21002
        ], 
        [
          9, 
          78004, 
          21002
        ]
      ]
    }
  }, 
  {
    "pk": 1004, 
    "model": "npc.npcformation", 
    "fields": {
      "staffs": [
        [
          2, 
          74005, 
          10502
        ], 
        [
          3, 
          71005, 
          10502
        ], 
        [
          7, 
          70005, 
          10002
        ], 
        [
          8, 
          71505, 
          10002
        ], 
        [
          9, 
          72505, 
          11002
        ]
      ]
    }
  }, 
  {
    "pk": 1005, 
    "model": "npc.npcformation", 
    "fields": {
      "staffs": [
        [
          2, 
          81006, 
          31002
        ], 
        [
          3, 
          80506, 
          31002
        ], 
        [
          7, 
          82506, 
          30502
        ], 
        [
          8, 
          83506, 
          30502
        ], 
        [
          9, 
          80006, 
          30502
        ]
      ]
    }
  }, 
  {
    "pk": 1006, 
    "model": "npc.npcformation", 
    "fields": {
      "staffs": [
        [
          0, 
          84507, 
          30503
        ], 
        [
          1, 
          81007, 
          30503
        ], 
        [
          2, 
          80507, 
          30503
        ], 
        [
          3, 
          82507, 
          30503
        ], 
        [
          4, 
          80007, 
          30503
        ]
      ]
    }
  }, 
  {
    "pk": 1007, 
    "model": "npc.npcformation", 
    "fields": {
      "staffs": [
        [
          2, 
          83508, 
          31003
        ], 
        [
          3, 
          84008, 
          31003
        ], 
        [
          7, 
          82508, 
          32003
        ], 
        [
          8, 
          76508, 
          20503
        ], 
        [
          9, 
          75508, 
          20503
        ]
      ]
    }
  }, 
  {
    "pk": 1008, 
    "model": "npc.npcformation", 
    "fields": {
      "staffs": [
        [
          2, 
          77509, 
          20003
        ], 
        [
          3, 
          73009, 
          10503
        ], 
        [
          7, 
          76509, 
          20503
        ], 
        [
          8, 
          74009, 
          11003
        ], 
        [
          9, 
          70009, 
          11003
        ]
      ]
    }
  }, 
  {
    "pk": 1009, 
    "model": "npc.npcformation", 
    "fields": {
      "staffs": [
        [
          2, 
          81510, 
          31004
        ], 
        [
          3, 
          84510, 
          31004
        ], 
        [
          7, 
          82510, 
          32004
        ], 
        [
          8, 
          78510, 
          20504
        ], 
        [
          9, 
          76010, 
          20504
        ]
      ]
    }
  }, 
  {
    "pk": 1010, 
    "model": "npc.npcformation", 
    "fields": {
      "staffs": [
        [
          2, 
          70011, 
          10504
        ], 
        [
          3, 
          70511, 
          10504
        ], 
        [
          7, 
          71011, 
          10004
        ], 
        [
          8, 
          71511, 
          10004
        ], 
        [
          9, 
          72011, 
          10004
        ], 
        [
          10, 
          72511, 
          10004
        ]
      ]
    }
  }, 
  {
    "pk": 1011, 
    "model": "npc.npcformation", 
    "fields": {
      "staffs": [
        [
          2, 
          75012, 
          20004
        ], 
        [
          3, 
          75512, 
          20004
        ], 
        [
          7, 
          76012, 
          20504
        ], 
        [
          8, 
          76512, 
          20504
        ], 
        [
          9, 
          77012, 
          20504
        ], 
        [
          10, 
          77512, 
          20504
        ]
      ]
    }
  }, 
  {
    "pk": 1012, 
    "model": "npc.npcformation", 
    "fields": {
      "staffs": [
        [
          2, 
          80013, 
          30005
        ], 
        [
          3, 
          80513, 
          30005
        ], 
        [
          7, 
          81013, 
          31505
        ], 
        [
          8, 
          81513, 
          31505
        ], 
        [
          9, 
          82013, 
          32005
        ], 
        [
          10, 
          82513, 
          30505
        ]
      ]
    }
  }, 
  {
    "pk": 1013, 
    "model": "npc.npcformation", 
    "fields": {
      "staffs": [
        [
          0, 
          71014, 
          11005
        ], 
        [
          1, 
          71514, 
          11005
        ], 
        [
          2, 
          72014, 
          10005
        ], 
        [
          3, 
          72514, 
          10005
        ], 
        [
          4, 
          73014, 
          11005
        ], 
        [
          5, 
          73514, 
          11005
        ]
      ]
    }
  }, 
  {
    "pk": 1014, 
    "model": "npc.npcformation", 
    "fields": {
      "staffs": [
        [
          0, 
          76515, 
          20505
        ], 
        [
          1, 
          77015, 
          21005
        ], 
        [
          2, 
          77515, 
          20005
        ], 
        [
          3, 
          78015, 
          20005
        ], 
        [
          4, 
          78515, 
          21005
        ], 
        [
          5, 
          79015, 
          21505
        ]
      ]
    }
  }, 
  {
    "pk": 1015, 
    "model": "npc.npcformation", 
    "fields": {
      "staffs": [
        [
          2, 
          81016, 
          31006
        ], 
        [
          3, 
          81516, 
          31006
        ], 
        [
          7, 
          82016, 
          31006
        ], 
        [
          8, 
          82516, 
          30506
        ], 
        [
          9, 
          83016, 
          30506
        ], 
        [
          10, 
          83516, 
          30506
        ]
      ]
    }
  }, 
  {
    "pk": 1016, 
    "model": "npc.npcformation", 
    "fields": {
      "staffs": [
        [
          1, 
          71517, 
          10006
        ], 
        [
          2, 
          72017, 
          10006
        ], 
        [
          3, 
          72517, 
          10006
        ], 
        [
          4, 
          73017, 
          10006
        ], 
        [
          8, 
          73517, 
          11006
        ], 
        [
          9, 
          74017, 
          11006
        ]
      ]
    }
  }, 
  {
    "pk": 1017, 
    "model": "npc.npcformation", 
    "fields": {
      "staffs": [
        [
          2, 
          77018, 
          20006
        ], 
        [
          3, 
          77518, 
          20006
        ], 
        [
          7, 
          78018, 
          20506
        ], 
        [
          8, 
          78518, 
          20506
        ], 
        [
          9, 
          79018, 
          21506
        ], 
        [
          10, 
          79518, 
          22006
        ]
      ]
    }
  }, 
  {
    "pk": 1018, 
    "model": "npc.npcformation", 
    "fields": {
      "staffs": [
        [
          2, 
          81519, 
          30007
        ], 
        [
          3, 
          82019, 
          30007
        ], 
        [
          7, 
          82519, 
          31507
        ], 
        [
          8, 
          83019, 
          31507
        ], 
        [
          9, 
          83519, 
          32007
        ], 
        [
          10, 
          84019, 
          30507
        ]
      ]
    }
  }, 
  {
    "pk": 1019, 
    "model": "npc.npcformation", 
    "fields": {
      "staffs": [
        [
          1, 
          72020, 
          11007
        ], 
        [
          2, 
          72520, 
          10007
        ], 
        [
          3, 
          73020, 
          10007
        ], 
        [
          4, 
          74020, 
          11007
        ], 
        [
          8, 
          73520, 
          11507
        ], 
        [
          9, 
          74520, 
          11507
        ]
      ]
    }
  }, 
  {
    "pk": 1020, 
    "model": "npc.npcformation", 
    "fields": {
      "staffs": [
        [
          0, 
          77521, 
          20508
        ], 
        [
          1, 
          78021, 
          20508
        ], 
        [
          2, 
          78521, 
          20008
        ], 
        [
          3, 
          79021, 
          20008
        ], 
        [
          4, 
          79521, 
          20508
        ], 
        [
          5, 
          75021, 
          20508
        ]
      ]
    }
  }, 
  {
    "pk": 1021, 
    "model": "npc.npcformation", 
    "fields": {
      "staffs": [
        [
          2, 
          82022, 
          30508
        ], 
        [
          3, 
          82522, 
          30508
        ], 
        [
          4, 
          83022, 
          30508
        ], 
        [
          8, 
          83522, 
          31508
        ], 
        [
          9, 
          84522, 
          32008
        ], 
        [
          10, 
          84022, 
          31508
        ]
      ]
    }
  }, 
  {
    "pk": 1022, 
    "model": "npc.npcformation", 
    "fields": {
      "staffs": [
        [
          0, 
          70023, 
          11008
        ], 
        [
          1, 
          70523, 
          10008
        ], 
        [
          2, 
          71023, 
          10508
        ], 
        [
          3, 
          72523, 
          10508
        ], 
        [
          4, 
          73523, 
          10008
        ], 
        [
          5, 
          74023, 
          11008
        ]
      ]
    }
  }, 
  {
    "pk": 1023, 
    "model": "npc.npcformation", 
    "fields": {
      "staffs": [
        [
          0, 
          75024, 
          20509
        ], 
        [
          5, 
          76024, 
          20509
        ], 
        [
          7, 
          76524, 
          20009
        ], 
        [
          10, 
          77524, 
          20009
        ], 
        [
          14, 
          78024, 
          21009
        ], 
        [
          15, 
          79024, 
          21009
        ]
      ]
    }
  }, 
  {
    "pk": 1024, 
    "model": "npc.npcformation", 
    "fields": {
      "staffs": [
        [
          2, 
          80025, 
          31009
        ], 
        [
          3, 
          82025, 
          31009
        ], 
        [
          7, 
          82525, 
          30509
        ], 
        [
          8, 
          83025, 
          30509
        ], 
        [
          9, 
          83525, 
          30509
        ], 
        [
          10, 
          84525, 
          30509
        ]
      ]
    }
  }, 
  {
    "pk": 1025, 
    "model": "npc.npcformation", 
    "fields": {
      "staffs": [
        [
          1, 
          70526, 
          11009
        ], 
        [
          2, 
          71026, 
          11009
        ], 
        [
          3, 
          72026, 
          10009
        ], 
        [
          4, 
          74526, 
          10009
        ], 
        [
          8, 
          74026, 
          12009
        ], 
        [
          11, 
          73526, 
          11509
        ]
      ]
    }
  }, 
  {
    "pk": 1026, 
    "model": "npc.npcformation", 
    "fields": {
      "staffs": [
        [
          2, 
          75527, 
          20010
        ], 
        [
          3, 
          76027, 
          20010
        ], 
        [
          7, 
          76527, 
          20510
        ], 
        [
          8, 
          77027, 
          20510
        ], 
        [
          9, 
          77527, 
          21510
        ], 
        [
          10, 
          78027, 
          22010
        ]
      ]
    }
  }, 
  {
    "pk": 1027, 
    "model": "npc.npcformation", 
    "fields": {
      "staffs": [
        [
          0, 
          80528, 
          30510
        ], 
        [
          1, 
          84528, 
          30010
        ], 
        [
          2, 
          81528, 
          31010
        ], 
        [
          3, 
          84028, 
          31010
        ], 
        [
          4, 
          83528, 
          30010
        ], 
        [
          5, 
          83028, 
          30510
        ]
      ]
    }
  }, 
  {
    "pk": 1028, 
    "model": "npc.npcformation", 
    "fields": {
      "staffs": [
        [
          0, 
          71029, 
          11010
        ], 
        [
          5, 
          73029, 
          11010
        ], 
        [
          7, 
          73529, 
          10510
        ], 
        [
          10, 
          74029, 
          10510
        ], 
        [
          14, 
          74529, 
          10010
        ], 
        [
          15, 
          70029, 
          10010
        ]
      ]
    }
  }, 
  {
    "pk": 1029, 
    "model": "npc.npcformation", 
    "fields": {
      "staffs": [
        [
          2, 
          76030, 
          20011
        ], 
        [
          3, 
          78030, 
          20011
        ], 
        [
          7, 
          78530, 
          20511
        ], 
        [
          8, 
          79030, 
          20511
        ], 
        [
          9, 
          79530, 
          20511
        ], 
        [
          10, 
          76030, 
          22011
        ]
      ]
    }
  }, 
  {
    "pk": 1030, 
    "model": "npc.npcformation", 
    "fields": {
      "staffs": [
        [
          2, 
          81031, 
          31011
        ], 
        [
          3, 
          83031, 
          31011
        ], 
        [
          7, 
          83531, 
          31511
        ], 
        [
          8, 
          84031, 
          31511
        ], 
        [
          9, 
          80531, 
          31511
        ], 
        [
          10, 
          82031, 
          31511
        ]
      ]
    }
  }, 
  {
    "pk": 1031, 
    "model": "npc.npcformation", 
    "fields": {
      "staffs": [
        [
          0, 
          71532, 
          11011
        ], 
        [
          1, 
          73532, 
          10011
        ], 
        [
          2, 
          74032, 
          10511
        ], 
        [
          3, 
          74532, 
          10511
        ], 
        [
          4, 
          70532, 
          10011
        ], 
        [
          5, 
          71032, 
          11011
        ]
      ]
    }
  }, 
  {
    "pk": 1032, 
    "model": "npc.npcformation", 
    "fields": {
      "staffs": [
        [
          0, 
          76533, 
          20512
        ], 
        [
          5, 
          78533, 
          20512
        ], 
        [
          7, 
          79033, 
          21012
        ], 
        [
          10, 
          79533, 
          21012
        ], 
        [
          14, 
          76533, 
          22012
        ], 
        [
          15, 
          77033, 
          22012
        ]
      ]
    }
  }, 
  {
    "pk": 1033, 
    "model": "npc.npcformation", 
    "fields": {
      "staffs": [
        [
          2, 
          81534, 
          31512
        ], 
        [
          3, 
          83534, 
          31512
        ], 
        [
          7, 
          84034, 
          32012
        ], 
        [
          8, 
          81034, 
          32012
        ], 
        [
          9, 
          84534, 
          31512
        ], 
        [
          10, 
          82034, 
          31512
        ]
      ]
    }
  }, 
  {
    "pk": 1034, 
    "model": "npc.npcformation", 
    "fields": {
      "staffs": [
        [
          2, 
          72035, 
          10512
        ], 
        [
          3, 
          74035, 
          10512
        ], 
        [
          7, 
          70035, 
          12012
        ], 
        [
          8, 
          71035, 
          11012
        ], 
        [
          9, 
          73035, 
          11012
        ], 
        [
          10, 
          74035, 
          12012
        ]
      ]
    }
  }, 
  {
    "pk": 1035, 
    "model": "npc.npcformation", 
    "fields": {
      "staffs": [
        [
          0, 
          77036, 
          21513
        ], 
        [
          1, 
          79036, 
          20513
        ], 
        [
          2, 
          75036, 
          21013
        ], 
        [
          3, 
          76036, 
          21013
        ], 
        [
          4, 
          78036, 
          22013
        ], 
        [
          5, 
          79536, 
          22013
        ]
      ]
    }
  }, 
  {
    "pk": 1036, 
    "model": "npc.npcformation", 
    "fields": {
      "staffs": [
        [
          0, 
          82037, 
          30513
        ], 
        [
          5, 
          84037, 
          30513
        ], 
        [
          7, 
          80037, 
          30513
        ], 
        [
          10, 
          81037, 
          30513
        ], 
        [
          14, 
          83037, 
          30513
        ], 
        [
          15, 
          83537, 
          30513
        ]
      ]
    }
  }, 
  {
    "pk": 2000, 
    "model": "npc.npcformation", 
    "fields": {
      "staffs": [
        [
          2, 
          80009, 
          31006
        ], 
        [
          7, 
          82509, 
          31506
        ]
      ]
    }
  }, 
  {
    "pk": 2001, 
    "model": "npc.npcformation", 
    "fields": {
      "staffs": [
        [
          2, 
          74510, 
          10507
        ], 
        [
          7, 
          73010, 
          11007
        ]
      ]
    }
  }, 
  {
    "pk": 2002, 
    "model": "npc.npcformation", 
    "fields": {
      "staffs": [
        [
          2, 
          76510, 
          20007
        ], 
        [
          7, 
          77010, 
          20507
        ]
      ]
    }
  }, 
  {
    "pk": 2003, 
    "model": "npc.npcformation", 
    "fields": {
      "staffs": [
        [
          2, 
          74010, 
          10508
        ], 
        [
          7, 
          70010, 
          10008
        ]
      ]
    }
  }, 
  {
    "pk": 2004, 
    "model": "npc.npcformation", 
    "fields": {
      "staffs": [
        [
          2, 
          81010, 
          31008
        ], 
        [
          7, 
          82510, 
          30508
        ]
      ]
    }
  }, 
  {
    "pk": 2005, 
    "model": "npc.npcformation", 
    "fields": {
      "staffs": [
        [
          0, 
          84511, 
          30509
        ], 
        [
          2, 
          80511, 
          30509
        ]
      ]
    }
  }, 
  {
    "pk": 2006, 
    "model": "npc.npcformation", 
    "fields": {
      "staffs": [
        [
          2, 
          83512, 
          31009
        ], 
        [
          7, 
          82512, 
          32009
        ]
      ]
    }
  }, 
  {
    "pk": 2007, 
    "model": "npc.npcformation", 
    "fields": {
      "staffs": [
        [
          2, 
          77513, 
          20010
        ], 
        [
          7, 
          76513, 
          20510
        ]
      ]
    }
  }, 
  {
    "pk": 2008, 
    "model": "npc.npcformation", 
    "fields": {
      "staffs": [
        [
          2, 
          81514, 
          31011
        ], 
        [
          7, 
          82514, 
          32011
        ]
      ]
    }
  }, 
  {
    "pk": 2009, 
    "model": "npc.npcformation", 
    "fields": {
      "staffs": [
        [
          2, 
          70015, 
          10511
        ], 
        [
          7, 
          71015, 
          10011
        ], 
        [
          9, 
          75015, 
          20511
        ]
      ]
    }
  }, 
  {
    "pk": 2010, 
    "model": "npc.npcformation", 
    "fields": {
      "staffs": [
        [
          2, 
          75017, 
          20012
        ], 
        [
          7, 
          76017, 
          20512
        ], 
        [
          9, 
          79517, 
          20512
        ]
      ]
    }
  }, 
  {
    "pk": 2100, 
    "model": "npc.npcformation", 
    "fields": {
      "staffs": [
        [
          2, 
          80019, 
          30012
        ], 
        [
          7, 
          81019, 
          31512
        ], 
        [
          9, 
          78019, 
          21012
        ]
      ]
    }
  }, 
  {
    "pk": 2101, 
    "model": "npc.npcformation", 
    "fields": {
      "staffs": [
        [
          0, 
          71021, 
          11013
        ], 
        [
          2, 
          72021, 
          10013
        ], 
        [
          9, 
          72521, 
          11013
        ]
      ]
    }
  }, 
  {
    "pk": 2102, 
    "model": "npc.npcformation", 
    "fields": {
      "staffs": [
        [
          0, 
          76523, 
          20514
        ], 
        [
          2, 
          77523, 
          20014
        ], 
        [
          9, 
          80023, 
          30514
        ]
      ]
    }
  }, 
  {
    "pk": 2103, 
    "model": "npc.npcformation", 
    "fields": {
      "staffs": [
        [
          2, 
          81025, 
          31014
        ], 
        [
          7, 
          82025, 
          31014
        ], 
        [
          4, 
          80025, 
          30514
        ]
      ]
    }
  }, 
  {
    "pk": 2104, 
    "model": "npc.npcformation", 
    "fields": {
      "staffs": [
        [
          1, 
          71527, 
          10015
        ], 
        [
          3, 
          72527, 
          10015
        ], 
        [
          9, 
          75527, 
          20515
        ]
      ]
    }
  }, 
  {
    "pk": 2105, 
    "model": "npc.npcformation", 
    "fields": {
      "staffs": [
        [
          2, 
          77029, 
          20015
        ], 
        [
          7, 
          78029, 
          20515
        ], 
        [
          9, 
          70029, 
          11015
        ]
      ]
    }
  }, 
  {
    "pk": 2106, 
    "model": "npc.npcformation", 
    "fields": {
      "staffs": [
        [
          2, 
          81531, 
          30016
        ], 
        [
          7, 
          82531, 
          31516
        ], 
        [
          9, 
          76031, 
          20516
        ]
      ]
    }
  }, 
  {
    "pk": 2107, 
    "model": "npc.npcformation", 
    "fields": {
      "staffs": [
        [
          3, 
          81033, 
          31017
        ], 
        [
          8, 
          76033, 
          20517
        ], 
        [
          9, 
          72033, 
          10017
        ]
      ]
    }
  }, 
  {
    "pk": 2108, 
    "model": "npc.npcformation", 
    "fields": {
      "staffs": [
        [
          3, 
          84035, 
          31017
        ], 
        [
          8, 
          77035, 
          20517
        ], 
        [
          9, 
          77035, 
          20517
        ]
      ]
    }
  }, 
  {
    "pk": 2109, 
    "model": "npc.npcformation", 
    "fields": {
      "staffs": [
        [
          3, 
          77537, 
          20018
        ], 
        [
          8, 
          79037, 
          21018
        ], 
        [
          9, 
          82037, 
          32018
        ]
      ]
    }
  }, 
  {
    "pk": 2110, 
    "model": "npc.npcformation", 
    "fields": {
      "staffs": [
        [
          3, 
          71039, 
          10519
        ], 
        [
          8, 
          71539, 
          10019
        ], 
        [
          4, 
          73039, 
          11019
        ]
      ]
    }
  }, 
  {
    "pk": 2200, 
    "model": "npc.npcformation", 
    "fields": {
      "staffs": [
        [
          3, 
          80541, 
          31019
        ], 
        [
          8, 
          83541, 
          30519
        ], 
        [
          4, 
          78541, 
          21019
        ]
      ]
    }
  }, 
  {
    "pk": 2201, 
    "model": "npc.npcformation", 
    "fields": {
      "staffs": [
        [
          1, 
          81043, 
          30520
        ], 
        [
          3, 
          82543, 
          30520
        ], 
        [
          9, 
          83043, 
          30520
        ]
      ]
    }
  }, 
  {
    "pk": 2202, 
    "model": "npc.npcformation", 
    "fields": {
      "staffs": [
        [
          3, 
          84045, 
          31021
        ], 
        [
          8, 
          76545, 
          20521
        ], 
        [
          8, 
          73545, 
          11021
        ]
      ]
    }
  }, 
  {
    "pk": 2203, 
    "model": "npc.npcformation", 
    "fields": {
      "staffs": [
        [
          3, 
          73047, 
          10521
        ], 
        [
          8, 
          74047, 
          11021
        ], 
        [
          9, 
          79047, 
          21521
        ]
      ]
    }
  }, 
  {
    "pk": 2204, 
    "model": "npc.npcformation", 
    "fields": {
      "staffs": [
        [
          3, 
          84549, 
          31022
        ], 
        [
          8, 
          78549, 
          20522
        ], 
        [
          9, 
          83549, 
          32022
        ]
      ]
    }
  }, 
  {
    "pk": 2205, 
    "model": "npc.npcformation", 
    "fields": {
      "staffs": [
        [
          3, 
          70551, 
          10523
        ], 
        [
          8, 
          71551, 
          10023
        ], 
        [
          10, 
          72551, 
          10023
        ]
      ]
    }
  }, 
  {
    "pk": 2206, 
    "model": "npc.npcformation", 
    "fields": {
      "staffs": [
        [
          3, 
          75553, 
          20023
        ], 
        [
          8, 
          76553, 
          20523
        ], 
        [
          10, 
          77553, 
          20523
        ]
      ]
    }
  }, 
  {
    "pk": 2207, 
    "model": "npc.npcformation", 
    "fields": {
      "staffs": [
        [
          3, 
          80555, 
          30024
        ], 
        [
          8, 
          81555, 
          31524
        ], 
        [
          10, 
          82555, 
          30524
        ]
      ]
    }
  }, 
  {
    "pk": 2208, 
    "model": "npc.npcformation", 
    "fields": {
      "staffs": [
        [
          1, 
          71557, 
          11025
        ], 
        [
          3, 
          72557, 
          10025
        ], 
        [
          5, 
          73557, 
          11025
        ]
      ]
    }
  }, 
  {
    "pk": 2209, 
    "model": "npc.npcformation", 
    "fields": {
      "staffs": [
        [
          1, 
          77059, 
          21025
        ], 
        [
          3, 
          78059, 
          20025
        ], 
        [
          5, 
          79059, 
          21525
        ]
      ]
    }
  }, 
  {
    "pk": 2210, 
    "model": "npc.npcformation", 
    "fields": {
      "staffs": [
        [
          3, 
          81561, 
          31026
        ], 
        [
          8, 
          82561, 
          30526
        ], 
        [
          10, 
          83561, 
          30526
        ]
      ]
    }
  }, 
  {
    "pk": 2300, 
    "model": "npc.npcformation", 
    "fields": {
      "staffs": [
        [
          2, 
          72063, 
          10027
        ], 
        [
          4, 
          73063, 
          10027
        ], 
        [
          9, 
          74063, 
          11027
        ]
      ]
    }
  }, 
  {
    "pk": 2301, 
    "model": "npc.npcformation", 
    "fields": {
      "staffs": [
        [
          3, 
          77565, 
          20027
        ], 
        [
          8, 
          78565, 
          20527
        ], 
        [
          10, 
          79565, 
          22027
        ]
      ]
    }
  }, 
  {
    "pk": 2302, 
    "model": "npc.npcformation", 
    "fields": {
      "staffs": [
        [
          3, 
          82067, 
          30028
        ], 
        [
          8, 
          83067, 
          31528
        ], 
        [
          10, 
          84067, 
          30528
        ]
      ]
    }
  }, 
  {
    "pk": 2303, 
    "model": "npc.npcformation", 
    "fields": {
      "staffs": [
        [
          1, 
          72069, 
          11029
        ], 
        [
          3, 
          73069, 
          10029
        ], 
        [
          8, 
          73569, 
          11529
        ]
      ]
    }
  }, 
  {
    "pk": 2304, 
    "model": "npc.npcformation", 
    "fields": {
      "staffs": [
        [
          0, 
          77571, 
          20529
        ], 
        [
          2, 
          78571, 
          20029
        ], 
        [
          4, 
          79571, 
          20529
        ]
      ]
    }
  }, 
  {
    "pk": 2305, 
    "model": "npc.npcformation", 
    "fields": {
      "staffs": [
        [
          2, 
          82073, 
          30530
        ], 
        [
          4, 
          83073, 
          30530
        ], 
        [
          9, 
          84573, 
          32030
        ]
      ]
    }
  }, 
  {
    "pk": 2306, 
    "model": "npc.npcformation", 
    "fields": {
      "staffs": [
        [
          0, 
          70075, 
          11031
        ], 
        [
          2, 
          71075, 
          10531
        ], 
        [
          4, 
          73575, 
          10031
        ]
      ]
    }
  }, 
  {
    "pk": 2307, 
    "model": "npc.npcformation", 
    "fields": {
      "staffs": [
        [
          0, 
          75077, 
          20532
        ], 
        [
          7, 
          76577, 
          20032
        ], 
        [
          14, 
          78077, 
          21032
        ]
      ]
    }
  }, 
  {
    "pk": 2308, 
    "model": "npc.npcformation", 
    "fields": {
      "staffs": [
        [
          2, 
          80079, 
          31032
        ], 
        [
          7, 
          82579, 
          30532
        ], 
        [
          9, 
          83579, 
          30532
        ]
      ]
    }
  }, 
  {
    "pk": 2309, 
    "model": "npc.npcformation", 
    "fields": {
      "staffs": [
        [
          1, 
          70581, 
          11033
        ], 
        [
          3, 
          72081, 
          10033
        ], 
        [
          8, 
          74081, 
          12033
        ]
      ]
    }
  }, 
  {
    "pk": 2310, 
    "model": "npc.npcformation", 
    "fields": {
      "staffs": [
        [
          2, 
          75583, 
          20034
        ], 
        [
          7, 
          76583, 
          20534
        ], 
        [
          9, 
          77583, 
          21534
        ]
      ]
    }
  }, 
  {
    "pk": 2400, 
    "model": "npc.npcformation", 
    "fields": {
      "staffs": [
        [
          0, 
          80585, 
          30535
        ], 
        [
          2, 
          81585, 
          31035
        ], 
        [
          4, 
          83585, 
          30035
        ]
      ]
    }
  }, 
  {
    "pk": 2401, 
    "model": "npc.npcformation", 
    "fields": {
      "staffs": [
        [
          0, 
          71087, 
          11035
        ], 
        [
          4, 
          74087, 
          11035
        ], 
        [
          9, 
          74587, 
          11535
        ]
      ]
    }
  }, 
  {
    "pk": 2402, 
    "model": "npc.npcformation", 
    "fields": {
      "staffs": [
        [
          2, 
          76089, 
          20036
        ], 
        [
          3, 
          79089, 
          20036
        ], 
        [
          5, 
          75089, 
          20536
        ]
      ]
    }
  }, 
  {
    "pk": 2403, 
    "model": "npc.npcformation", 
    "fields": {
      "staffs": [
        [
          2, 
          81091, 
          31037
        ], 
        [
          8, 
          83591, 
          31537
        ], 
        [
          10, 
          84091, 
          31537
        ]
      ]
    }
  }, 
  {
    "pk": 2404, 
    "model": "npc.npcformation", 
    "fields": {
      "staffs": [
        [
          0, 
          71593, 
          11037
        ], 
        [
          3, 
          72593, 
          10537
        ], 
        [
          5, 
          74093, 
          11037
        ]
      ]
    }
  }, 
  {
    "pk": 2405, 
    "model": "npc.npcformation", 
    "fields": {
      "staffs": [
        [
          0, 
          76595, 
          20538
        ], 
        [
          10, 
          77595, 
          20038
        ], 
        [
          15, 
          79095, 
          21038
        ]
      ]
    }
  }, 
  {
    "pk": 2406, 
    "model": "npc.npcformation", 
    "fields": {
      "staffs": [
        [
          2, 
          81597, 
          31539
        ], 
        [
          8, 
          83097, 
          30539
        ], 
        [
          10, 
          84597, 
          30539
        ]
      ]
    }
  }, 
  {
    "pk": 2407, 
    "model": "npc.npcformation", 
    "fields": {
      "staffs": [
        [
          2, 
          72099, 
          10540
        ], 
        [
          4, 
          74599, 
          10040
        ], 
        [
          11, 
          73599, 
          11540
        ]
      ]
    }
  }, 
  {
    "pk": 2408, 
    "model": "npc.npcformation", 
    "fields": {
      "staffs": [
        [
          0, 
          77101, 
          21540
        ], 
        [
          8, 
          77101, 
          20540
        ], 
        [
          10, 
          78101, 
          22040
        ]
      ]
    }
  }, 
  {
    "pk": 2409, 
    "model": "npc.npcformation", 
    "fields": {
      "staffs": [
        [
          0, 
          82103, 
          30541
        ], 
        [
          3, 
          84103, 
          31041
        ], 
        [
          5, 
          83103, 
          30541
        ]
      ]
    }
  }, 
  {
    "pk": 2410, 
    "model": "npc.npcformation", 
    "fields": {
      "staffs": [
        [
          2, 
          72605, 
          10042
        ], 
        [
          7, 
          73605, 
          10542
        ], 
        [
          14, 
          74605, 
          10042
        ]
      ]
    }
  }, 
  {
    "pk": 2500, 
    "model": "npc.npcformation", 
    "fields": {
      "staffs": [
        [
          1, 
          78107, 
          20543
        ], 
        [
          7, 
          78607, 
          20543
        ], 
        [
          9, 
          79607, 
          20543
        ]
      ]
    }
  }, 
  {
    "pk": 2501, 
    "model": "npc.npcformation", 
    "fields": {
      "staffs": [
        [
          3, 
          82609, 
          30544
        ], 
        [
          7, 
          83609, 
          31544
        ], 
        [
          9, 
          80609, 
          31544
        ]
      ]
    }
  }, 
  {
    "pk": 2502, 
    "model": "npc.npcformation", 
    "fields": {
      "staffs": [
        [
          1, 
          70611, 
          10044
        ], 
        [
          2, 
          74111, 
          10544
        ], 
        [
          4, 
          70611, 
          10044
        ]
      ]
    }
  }, 
  {
    "pk": 2503, 
    "model": "npc.npcformation", 
    "fields": {
      "staffs": [
        [
          5, 
          76113, 
          20545
        ], 
        [
          7, 
          79113, 
          21045
        ], 
        [
          14, 
          76613, 
          22045
        ]
      ]
    }
  }, 
  {
    "pk": 2504, 
    "model": "npc.npcformation", 
    "fields": {
      "staffs": [
        [
          3, 
          82115, 
          31046
        ], 
        [
          7, 
          84115, 
          32046
        ], 
        [
          9, 
          84615, 
          31546
        ]
      ]
    }
  }, 
  {
    "pk": 2505, 
    "model": "npc.npcformation", 
    "fields": {
      "staffs": [
        [
          2, 
          71117, 
          11047
        ], 
        [
          7, 
          70117, 
          12047
        ], 
        [
          9, 
          73117, 
          11047
        ]
      ]
    }
  }, 
  {
    "pk": 2506, 
    "model": "npc.npcformation", 
    "fields": {
      "staffs": [
        [
          3, 
          76119, 
          20047
        ], 
        [
          2, 
          75119, 
          21047
        ], 
        [
          4, 
          78119, 
          22047
        ]
      ]
    }
  }, 
  {
    "pk": 2507, 
    "model": "npc.npcformation", 
    "fields": {
      "staffs": [
        [
          1, 
          84621, 
          30048
        ], 
        [
          7, 
          80121, 
          30548
        ], 
        [
          14, 
          83121, 
          30548
        ]
      ]
    }
  }, 
  {
    "pk": 2508, 
    "model": "npc.npcformation", 
    "fields": {
      "staffs": [
        [
          5, 
          73123, 
          11049
        ], 
        [
          10, 
          74123, 
          10549
        ], 
        [
          15, 
          70123, 
          10049
        ]
      ]
    }
  }, 
  {
    "pk": 2509, 
    "model": "npc.npcformation", 
    "fields": {
      "staffs": [
        [
          3, 
          78125, 
          20050
        ], 
        [
          8, 
          79125, 
          20550
        ], 
        [
          10, 
          76125, 
          22050
        ]
      ]
    }
  }, 
  {
    "pk": 2510, 
    "model": "npc.npcformation", 
    "fields": {
      "staffs": [
        [
          3, 
          83127, 
          31051
        ], 
        [
          8, 
          84127, 
          31551
        ], 
        [
          10, 
          82127, 
          31551
        ]
      ]
    }
  }, 
  {
    "pk": 2600, 
    "model": "npc.npcformation", 
    "fields": {
      "staffs": [
        [
          1, 
          73629, 
          10051
        ], 
        [
          3, 
          74629, 
          10551
        ], 
        [
          5, 
          71129, 
          11051
        ]
      ]
    }
  }, 
  {
    "pk": 2601, 
    "model": "npc.npcformation", 
    "fields": {
      "staffs": [
        [
          5, 
          78631, 
          20552
        ], 
        [
          10, 
          79631, 
          21052
        ], 
        [
          15, 
          77131, 
          22052
        ]
      ]
    }
  }, 
  {
    "pk": 2602, 
    "model": "npc.npcformation", 
    "fields": {
      "staffs": [
        [
          3, 
          83633, 
          31553
        ], 
        [
          8, 
          81133, 
          32053
        ], 
        [
          10, 
          82133, 
          31553
        ]
      ]
    }
  }, 
  {
    "pk": 2603, 
    "model": "npc.npcformation", 
    "fields": {
      "staffs": [
        [
          3, 
          74135, 
          10554
        ], 
        [
          8, 
          71135, 
          11054
        ], 
        [
          10, 
          74135, 
          12054
        ]
      ]
    }
  }, 
  {
    "pk": 2604, 
    "model": "npc.npcformation", 
    "fields": {
      "staffs": [
        [
          1, 
          84621, 
          30048
        ], 
        [
          7, 
          80121, 
          30548
        ], 
        [
          14, 
          83121, 
          30548
        ]
      ]
    }
  }, 
  {
    "pk": 2605, 
    "model": "npc.npcformation", 
    "fields": {
      "staffs": [
        [
          5, 
          73123, 
          11049
        ], 
        [
          10, 
          74123, 
          10549
        ], 
        [
          15, 
          70123, 
          10049
        ]
      ]
    }
  }, 
  {
    "pk": 2606, 
    "model": "npc.npcformation", 
    "fields": {
      "staffs": [
        [
          3, 
          78125, 
          20050
        ], 
        [
          8, 
          79125, 
          20550
        ], 
        [
          10, 
          76125, 
          22050
        ]
      ]
    }
  }, 
  {
    "pk": 2607, 
    "model": "npc.npcformation", 
    "fields": {
      "staffs": [
        [
          3, 
          83127, 
          31051
        ], 
        [
          8, 
          84127, 
          31551
        ], 
        [
          10, 
          82127, 
          31551
        ]
      ]
    }
  }, 
  {
    "pk": 2608, 
    "model": "npc.npcformation", 
    "fields": {
      "staffs": [
        [
          1, 
          73629, 
          10051
        ], 
        [
          3, 
          74629, 
          10551
        ], 
        [
          5, 
          71129, 
          11051
        ]
      ]
    }
  }, 
  {
    "pk": 2609, 
    "model": "npc.npcformation", 
    "fields": {
      "staffs": [
        [
          5, 
          78631, 
          20552
        ], 
        [
          10, 
          79631, 
          21052
        ], 
        [
          15, 
          77131, 
          22052
        ]
      ]
    }
  }, 
  {
    "pk": 2610, 
    "model": "npc.npcformation", 
    "fields": {
      "staffs": [
        [
          3, 
          83633, 
          31553
        ], 
        [
          8, 
          81133, 
          32053
        ], 
        [
          10, 
          82133, 
          31553
        ]
      ]
    }
  }
]