[
{
    "model": "npc.npcclub",
    "pk": 1,
    "fields": {
        "league": 1,
        "jingong_low": 625,
        "jingong_high": 630,
        "qianzhi_low": 620,
        "qianzhi_high": 628,
        "xintai_low": 624,
        "xintai_high": 630,
        "baobing_low": 625,
        "baobing_high": 630,
        "fangshou_low": 621,
        "fangshou_high": 626,
        "yunying_low": 624,
        "yunying_high": 630,
        "yishi_low": 622,
        "yishi_high": 627,
        "caozuo_low": 622,
        "caozuo_high": 628,
        "skill_low": 1,
        "skill_high": 1
    }
},
{
    "model": "npc.npcclub",
    "pk": 2,
    "fields": {
        "league": 2,
        "jingong_low": 746,
        "jingong_high": 757,
        "qianzhi_low": 751,
        "qianzhi_high": 757,
        "xintai_low": 752,
        "xintai_high": 752,
        "baobing_low": 746,
        "baobing_high": 755,
        "fangshou_low": 749,
        "fangshou_high": 754,
        "yunying_low": 749,
        "yunying_high": 753,
        "yishi_low": 749,
        "yishi_high": 756,
        "caozuo_low": 747,
        "caozuo_high": 756,
        "skill_low": 2,
        "skill_high": 2
    }
},
{
    "model": "npc.npcclub",
    "pk": 3,
    "fields": {
        "league": 3,
        "jingong_low": 955,
        "jingong_high": 960,
        "qianzhi_low": 950,
        "qianzhi_high": 958,
        "xintai_low": 954,
        "xintai_high": 956,
        "baobing_low": 952,
        "baobing_high": 957,
        "fangshou_low": 949,
        "fangshou_high": 955,
        "yunying_low": 953,
        "yunying_high": 958,
        "yishi_low": 951,
        "yishi_high": 959,
        "caozuo_low": 950,
        "caozuo_high": 956,
        "skill_low": 3,
        "skill_high": 3
    }
},
{
    "model": "npc.npcclub",
    "pk": 4,
    "fields": {
        "league": 4,
        "jingong_low": 1133,
        "jingong_high": 1141,
        "qianzhi_low": 1137,
        "qianzhi_high": 1145,
        "xintai_low": 1134,
        "xintai_high": 1145,
        "baobing_low": 1136,
        "baobing_high": 1144,
        "fangshou_low": 1134,
        "fangshou_high": 1142,
        "yunying_low": 1136,
        "yunying_high": 1143,
        "yishi_low": 1135,
        "yishi_high": 1145,
        "caozuo_low": 1134,
        "caozuo_high": 1143,
        "skill_low": 4,
        "skill_high": 4
    }
},
{
    "model": "npc.npcclub",
    "pk": 5,
    "fields": {
        "league": 5,
        "jingong_low": 1248,
        "jingong_high": 1257,
        "qianzhi_low": 1248,
        "qianzhi_high": 1253,
        "xintai_low": 1244,
        "xintai_high": 1253,
        "baobing_low": 1245,
        "baobing_high": 1253,
        "fangshou_low": 1248,
        "fangshou_high": 1256,
        "yunying_low": 1245,
        "yunying_high": 1253,
        "yishi_low": 1249,
        "yishi_high": 1257,
        "caozuo_low": 1244,
        "caozuo_high": 1251,
        "skill_low": 5,
        "skill_high": 5
    }
},
{
    "model": "npc.npcclub",
    "pk": 6,
    "fields": {
        "league": 6,
        "jingong_low": 1387,
        "jingong_high": 1396,
        "qianzhi_low": 1388,
        "qianzhi_high": 1390,
        "xintai_low": 1382,
        "xintai_high": 1395,
        "baobing_low": 1388,
        "baobing_high": 1395,
        "fangshou_low": 1389,
        "fangshou_high": 1394,
        "yunying_low": 1384,
        "yunying_high": 1395,
        "yishi_low": 1386,
        "yishi_high": 1393,
        "caozuo_low": 1387,
        "caozuo_high": 1391,
        "skill_low": 6,
        "skill_high": 6
    }
},
{
    "model": "npc.npcclub",
    "pk": 7,
    "fields": {
        "league": 7,
        "jingong_low": 1553,
        "jingong_high": 1561,
        "qianzhi_low": 1556,
        "qianzhi_high": 1562,
        "xintai_low": 1556,
        "xintai_high": 1566,
        "baobing_low": 1555,
        "baobing_high": 1568,
        "fangshou_low": 1556,
        "fangshou_high": 1562,
        "yunying_low": 1559,
        "yunying_high": 1566,
        "yishi_low": 1553,
        "yishi_high": 1564,
        "caozuo_low": 1554,
        "caozuo_high": 1561,
        "skill_low": 7,
        "skill_high": 7
    }
},
{
    "model": "npc.npcclub",
    "pk": 8,
    "fields": {
        "league": 8,
        "jingong_low": 1667,
        "jingong_high": 1684,
        "qianzhi_low": 1674,
        "qianzhi_high": 1677,
        "xintai_low": 1669,
        "xintai_high": 1682,
        "baobing_low": 1675,
        "baobing_high": 1684,
        "fangshou_low": 1676,
        "fangshou_high": 1678,
        "yunying_low": 1672,
        "yunying_high": 1681,
        "yishi_low": 1670,
        "yishi_high": 1683,
        "caozuo_low": 1672,
        "caozuo_high": 1681,
        "skill_low": 8,
        "skill_high": 8
    }
},
{
    "model": "npc.npcclub",
    "pk": 9,
    "fields": {
        "league": 9,
        "jingong_low": 1786,
        "jingong_high": 1793,
        "qianzhi_low": 1785,
        "qianzhi_high": 1799,
        "xintai_low": 1790,
        "xintai_high": 1793,
        "baobing_low": 1783,
        "baobing_high": 1794,
        "fangshou_low": 1787,
        "fangshou_high": 1800,
        "yunying_low": 1786,
        "yunying_high": 1796,
        "yishi_low": 1791,
        "yishi_high": 1798,
        "caozuo_low": 1783,
        "caozuo_high": 1800,
        "skill_low": 9,
        "skill_high": 9
    }
}
]
