[
  {
    "pk": 1, 
    "model": "npc.npcformation", 
    "fields": {
      "staffs": [
        [
          0, 
          85002, 
          30501
        ], 
        [
          1, 
          85502, 
          30001
        ], 
        [
          2, 
          85002, 
          31001
        ], 
        [
          3, 
          85502, 
          31001
        ], 
        [
          4, 
          86002, 
          30501
        ], 
        [
          5, 
          85002, 
          30001
        ]
      ]
    }
  }, 
  {
    "pk": 2, 
    "model": "npc.npcformation", 
    "fields": {
      "staffs": [
        [
          2, 
          85006, 
          31002
        ], 
        [
          3, 
          85506, 
          31002
        ], 
        [
          7, 
          85006, 
          31002
        ], 
        [
          8, 
          85506, 
          30502
        ], 
        [
          9, 
          86006, 
          30502
        ], 
        [
          10, 
          85006, 
          30502
        ]
      ]
    }
  }, 
  {
    "pk": 3, 
    "model": "npc.npcformation", 
    "fields": {
      "staffs": [
        [
          2, 
          85012, 
          30005
        ], 
        [
          3, 
          85512, 
          30005
        ], 
        [
          7, 
          85012, 
          30505
        ], 
        [
          8, 
          85512, 
          30505
        ], 
        [
          9, 
          86012, 
          32005
        ], 
        [
          10, 
          85012, 
          30505
        ]
      ]
    }
  }, 
  {
    "pk": 4, 
    "model": "npc.npcformation", 
    "fields": {
      "staffs": [
        [
          2, 
          85020, 
          30508
        ], 
        [
          3, 
          85520, 
          30508
        ], 
        [
          4, 
          85020, 
          30508
        ], 
        [
          8, 
          85520, 
          31508
        ], 
        [
          9, 
          86020, 
          32008
        ], 
        [
          10, 
          85020, 
          31508
        ]
      ]
    }
  }, 
  {
    "pk": 5, 
    "model": "npc.npcformation", 
    "fields": {
      "staffs": [
        [
          2, 
          80030, 
          31011
        ], 
        [
          3, 
          85530, 
          31011
        ], 
        [
          7, 
          85030, 
          30511
        ], 
        [
          8, 
          85530, 
          30511
        ], 
        [
          9, 
          86030, 
          30511
        ], 
        [
          10, 
          85030, 
          30511
        ]
      ]
    }
  }, 
  {
    "pk": 6, 
    "model": "npc.npcformation", 
    "fields": {
      "staffs": [
        [
          0, 
          80542, 
          30516
        ], 
        [
          1, 
          85542, 
          30016
        ], 
        [
          2, 
          85042, 
          31016
        ], 
        [
          3, 
          85542, 
          31016
        ], 
        [
          4, 
          86042, 
          30016
        ], 
        [
          5, 
          85042, 
          30516
        ]
      ]
    }
  }, 
  {
    "pk": 7, 
    "model": "npc.npcformation", 
    "fields": {
      "staffs": [
        [
          2, 
          81057, 
          31022
        ], 
        [
          3, 
          83057, 
          31022
        ], 
        [
          7, 
          85057, 
          31522
        ], 
        [
          8, 
          85557, 
          31522
        ], 
        [
          9, 
          86057, 
          31522
        ], 
        [
          10, 
          85057, 
          31522
        ]
      ]
    }
  }, 
  {
    "pk": 8, 
    "model": "npc.npcformation", 
    "fields": {
      "staffs": [
        [
          2, 
          81575, 
          31529
        ], 
        [
          3, 
          83575, 
          31529
        ], 
        [
          7, 
          85075, 
          32029
        ], 
        [
          8, 
          85575, 
          32029
        ], 
        [
          9, 
          86075, 
          31529
        ], 
        [
          10, 
          85075, 
          31529
        ]
      ]
    }
  }, 
  {
    "pk": 9, 
    "model": "npc.npcformation", 
    "fields": {
      "staffs": [
        [
          0, 
          82096, 
          30538
        ], 
        [
          5, 
          84096, 
          30538
        ], 
        [
          7, 
          80096, 
          30538
        ], 
        [
          10, 
          81096, 
          30538
        ], 
        [
          14, 
          83096, 
          30538
        ], 
        [
          15, 
          85096, 
          30538
        ]
      ]
    }
  }, 
  {
    "pk": 10, 
    "model": "npc.npcformation", 
    "fields": {
      "staffs": [
        [
          0, 
          82619, 
          31547
        ], 
        [
          5, 
          84619, 
          31547
        ], 
        [
          7, 
          80619, 
          31547
        ], 
        [
          10, 
          81619, 
          31547
        ], 
        [
          14, 
          83619, 
          31547
        ], 
        [
          15, 
          85119, 
          31547
        ]
      ]
    }
  }, 
  {
    "pk": 11, 
    "model": "npc.npcformation", 
    "fields": {
      "staffs": [
        [
          2, 
          85503, 
          10501
        ], 
        [
          3, 
          85503, 
          10501
        ], 
        [
          7, 
          85003, 
          10001
        ], 
        [
          8, 
          85503, 
          10001
        ], 
        [
          9, 
          86003, 
          10001
        ], 
        [
          10, 
          85003, 
          10001
        ]
      ]
    }
  }, 
  {
    "pk": 12, 
    "model": "npc.npcformation", 
    "fields": {
      "staffs": [
        [
          0, 
          85008, 
          11003
        ], 
        [
          1, 
          85508, 
          11003
        ], 
        [
          2, 
          85008, 
          10003
        ], 
        [
          3, 
          85508, 
          10003
        ], 
        [
          4, 
          86008, 
          11003
        ], 
        [
          5, 
          85008, 
          11003
        ]
      ]
    }
  }, 
  {
    "pk": 13, 
    "model": "npc.npcformation", 
    "fields": {
      "staffs": [
        [
          1, 
          86013, 
          10005
        ], 
        [
          2, 
          85513, 
          10005
        ], 
        [
          3, 
          85013, 
          10005
        ], 
        [
          4, 
          85513, 
          10005
        ], 
        [
          8, 
          86013, 
          11005
        ], 
        [
          9, 
          85013, 
          11005
        ]
      ]
    }
  }, 
  {
    "pk": 14, 
    "model": "npc.npcformation", 
    "fields": {
      "staffs": [
        [
          1, 
          85021, 
          11008
        ], 
        [
          2, 
          85521, 
          10008
        ], 
        [
          3, 
          85021, 
          10008
        ], 
        [
          4, 
          85521, 
          11008
        ], 
        [
          8, 
          86021, 
          11508
        ], 
        [
          9, 
          85021, 
          11508
        ]
      ]
    }
  }, 
  {
    "pk": 15, 
    "model": "npc.npcformation", 
    "fields": {
      "staffs": [
        [
          0, 
          70032, 
          11012
        ], 
        [
          1, 
          85532, 
          10012
        ], 
        [
          2, 
          85032, 
          10512
        ], 
        [
          3, 
          85532, 
          10512
        ], 
        [
          4, 
          86032, 
          10012
        ], 
        [
          5, 
          85032, 
          11012
        ]
      ]
    }
  }, 
  {
    "pk": 16, 
    "model": "npc.npcformation", 
    "fields": {
      "staffs": [
        [
          1, 
          70544, 
          11017
        ], 
        [
          2, 
          85544, 
          11017
        ], 
        [
          3, 
          85044, 
          10017
        ], 
        [
          4, 
          85544, 
          10017
        ], 
        [
          8, 
          86044, 
          12017
        ], 
        [
          11, 
          85044, 
          11517
        ]
      ]
    }
  }, 
  {
    "pk": 17, 
    "model": "npc.npcformation", 
    "fields": {
      "staffs": [
        [
          0, 
          71060, 
          11023
        ], 
        [
          5, 
          73060, 
          11023
        ], 
        [
          7, 
          85060, 
          10523
        ], 
        [
          10, 
          85560, 
          10523
        ], 
        [
          14, 
          86060, 
          10023
        ], 
        [
          15, 
          85060, 
          10023
        ]
      ]
    }
  }, 
  {
    "pk": 18, 
    "model": "npc.npcformation", 
    "fields": {
      "staffs": [
        [
          0, 
          71578, 
          11030
        ], 
        [
          1, 
          73578, 
          10030
        ], 
        [
          2, 
          85078, 
          10530
        ], 
        [
          3, 
          85578, 
          10530
        ], 
        [
          4, 
          86078, 
          10030
        ], 
        [
          5, 
          85078, 
          11030
        ]
      ]
    }
  }, 
  {
    "pk": 19, 
    "model": "npc.npcformation", 
    "fields": {
      "staffs": [
        [
          2, 
          72098, 
          10538
        ], 
        [
          3, 
          74098, 
          10538
        ], 
        [
          7, 
          70098, 
          12038
        ], 
        [
          8, 
          71098, 
          11038
        ], 
        [
          9, 
          73098, 
          11038
        ], 
        [
          10, 
          85098, 
          12038
        ]
      ]
    }
  }, 
  {
    "pk": 20, 
    "model": "npc.npcformation", 
    "fields": {
      "staffs": [
        [
          0, 
          72622, 
          11048
        ], 
        [
          5, 
          74622, 
          11048
        ], 
        [
          7, 
          70622, 
          10548
        ], 
        [
          10, 
          71622, 
          10548
        ], 
        [
          14, 
          73622, 
          12048
        ], 
        [
          15, 
          85122, 
          12048
        ]
      ]
    }
  }, 
  {
    "pk": 21, 
    "model": "npc.npcformation", 
    "fields": {
      "staffs": [
        [
          2, 
          85503, 
          20001
        ], 
        [
          3, 
          85503, 
          20001
        ], 
        [
          7, 
          85003, 
          20501
        ], 
        [
          8, 
          85503, 
          20501
        ], 
        [
          9, 
          86003, 
          20501
        ], 
        [
          10, 
          85003, 
          20501
        ]
      ]
    }
  }, 
  {
    "pk": 22, 
    "model": "npc.npcformation", 
    "fields": {
      "staffs": [
        [
          0, 
          85008, 
          20503
        ], 
        [
          1, 
          85508, 
          21003
        ], 
        [
          2, 
          85008, 
          20003
        ], 
        [
          3, 
          85508, 
          20003
        ], 
        [
          4, 
          86008, 
          21003
        ], 
        [
          5, 
          85008, 
          20503
        ]
      ]
    }
  }, 
  {
    "pk": 23, 
    "model": "npc.npcformation", 
    "fields": {
      "staffs": [
        [
          2, 
          86014, 
          20005
        ], 
        [
          3, 
          85514, 
          20005
        ], 
        [
          7, 
          85014, 
          20505
        ], 
        [
          8, 
          85514, 
          20505
        ], 
        [
          9, 
          86014, 
          20505
        ], 
        [
          10, 
          85014, 
          20505
        ]
      ]
    }
  }, 
  {
    "pk": 24, 
    "model": "npc.npcformation", 
    "fields": {
      "staffs": [
        [
          0, 
          85022, 
          20508
        ], 
        [
          1, 
          85522, 
          20508
        ], 
        [
          2, 
          85022, 
          20008
        ], 
        [
          3, 
          85522, 
          20008
        ], 
        [
          4, 
          86022, 
          20508
        ], 
        [
          5, 
          85022, 
          20508
        ]
      ]
    }
  }, 
  {
    "pk": 25, 
    "model": "npc.npcformation", 
    "fields": {
      "staffs": [
        [
          0, 
          75032, 
          20512
        ], 
        [
          5, 
          85532, 
          20512
        ], 
        [
          7, 
          85032, 
          20012
        ], 
        [
          10, 
          85532, 
          20012
        ], 
        [
          14, 
          86032, 
          21012
        ], 
        [
          15, 
          85032, 
          21012
        ]
      ]
    }
  }, 
  {
    "pk": 26, 
    "model": "npc.npcformation", 
    "fields": {
      "staffs": [
        [
          2, 
          75545, 
          20017
        ], 
        [
          3, 
          85545, 
          20017
        ], 
        [
          7, 
          85045, 
          20517
        ], 
        [
          8, 
          85545, 
          20517
        ], 
        [
          9, 
          86045, 
          21517
        ], 
        [
          10, 
          85045, 
          22017
        ]
      ]
    }
  }, 
  {
    "pk": 27, 
    "model": "npc.npcformation", 
    "fields": {
      "staffs": [
        [
          2, 
          76061, 
          20023
        ], 
        [
          3, 
          78061, 
          20023
        ], 
        [
          7, 
          85061, 
          20523
        ], 
        [
          8, 
          85561, 
          20523
        ], 
        [
          9, 
          86061, 
          20523
        ], 
        [
          10, 
          85061, 
          22023
        ]
      ]
    }
  }, 
  {
    "pk": 28, 
    "model": "npc.npcformation", 
    "fields": {
      "staffs": [
        [
          0, 
          76579, 
          20531
        ], 
        [
          5, 
          78579, 
          20531
        ], 
        [
          7, 
          85079, 
          21031
        ], 
        [
          10, 
          85579, 
          21031
        ], 
        [
          14, 
          86079, 
          22031
        ], 
        [
          15, 
          85079, 
          22031
        ]
      ]
    }
  }, 
  {
    "pk": 29, 
    "model": "npc.npcformation", 
    "fields": {
      "staffs": [
        [
          0, 
          77100, 
          21539
        ], 
        [
          1, 
          79100, 
          20539
        ], 
        [
          2, 
          75100, 
          21039
        ], 
        [
          3, 
          76100, 
          21039
        ], 
        [
          4, 
          78100, 
          22039
        ], 
        [
          5, 
          85100, 
          22039
        ]
      ]
    }
  }, 
  {
    "pk": 30, 
    "model": "npc.npcformation", 
    "fields": {
      "staffs": [
        [
          2, 
          77624, 
          20049
        ], 
        [
          3, 
          79624, 
          20049
        ], 
        [
          7, 
          75624, 
          22049
        ], 
        [
          8, 
          76624, 
          21549
        ], 
        [
          9, 
          78624, 
          21549
        ], 
        [
          10, 
          85124, 
          22049
        ]
      ]
    }
  }, 
  {
    "pk": 31, 
    "model": "npc.npcformation", 
    "fields": {
      "staffs": [
        [
          0, 
          85503, 
          20501
        ], 
        [
          1, 
          85503, 
          20501
        ], 
        [
          2, 
          85003, 
          20501
        ], 
        [
          3, 
          85503, 
          20501
        ], 
        [
          4, 
          86003, 
          20501
        ], 
        [
          5, 
          85003, 
          20501
        ]
      ]
    }
  }, 
  {
    "pk": 32, 
    "model": "npc.npcformation", 
    "fields": {
      "staffs": [
        [
          2, 
          85008, 
          10503
        ], 
        [
          3, 
          85508, 
          31003
        ], 
        [
          7, 
          85008, 
          11003
        ], 
        [
          8, 
          85508, 
          20503
        ], 
        [
          9, 
          86008, 
          30503
        ], 
        [
          10, 
          85008, 
          11003
        ]
      ]
    }
  }, 
  {
    "pk": 33, 
    "model": "npc.npcformation", 
    "fields": {
      "staffs": [
        [
          2, 
          86015, 
          20005
        ], 
        [
          3, 
          85515, 
          20005
        ], 
        [
          7, 
          85015, 
          20505
        ], 
        [
          8, 
          85515, 
          20505
        ], 
        [
          9, 
          86015, 
          20505
        ], 
        [
          10, 
          85015, 
          20505
        ]
      ]
    }
  }, 
  {
    "pk": 34, 
    "model": "npc.npcformation", 
    "fields": {
      "staffs": [
        [
          2, 
          85023, 
          10509
        ], 
        [
          3, 
          85523, 
          10509
        ], 
        [
          7, 
          85023, 
          10009
        ], 
        [
          8, 
          85523, 
          10009
        ], 
        [
          9, 
          86023, 
          11509
        ], 
        [
          10, 
          85023, 
          10009
        ]
      ]
    }
  }, 
  {
    "pk": 35, 
    "model": "npc.npcformation", 
    "fields": {
      "staffs": [
        [
          2, 
          85534, 
          20013
        ], 
        [
          3, 
          85534, 
          10513
        ], 
        [
          7, 
          85034, 
          11013
        ], 
        [
          8, 
          81534, 
          31513
        ], 
        [
          9, 
          86034, 
          11513
        ], 
        [
          10, 
          85034, 
          11013
        ]
      ]
    }
  }, 
  {
    "pk": 36, 
    "model": "npc.npcformation", 
    "fields": {
      "staffs": [
        [
          0, 
          85548, 
          30518
        ], 
        [
          1, 
          82548, 
          30518
        ], 
        [
          2, 
          85048, 
          30518
        ], 
        [
          3, 
          85548, 
          30518
        ], 
        [
          4, 
          86048, 
          30518
        ], 
        [
          5, 
          85048, 
          30518
        ]
      ]
    }
  }, 
  {
    "pk": 37, 
    "model": "npc.npcformation", 
    "fields": {
      "staffs": [
        [
          2, 
          82564, 
          31025
        ], 
        [
          3, 
          80064, 
          31025
        ], 
        [
          7, 
          85064, 
          31525
        ], 
        [
          8, 
          85564, 
          21525
        ], 
        [
          9, 
          86064, 
          21525
        ], 
        [
          10, 
          85064, 
          31525
        ]
      ]
    }
  }, 
  {
    "pk": 38, 
    "model": "npc.npcformation", 
    "fields": {
      "staffs": [
        [
          2, 
          79083, 
          20032
        ], 
        [
          3, 
          76083, 
          20032
        ], 
        [
          7, 
          75083, 
          21532
        ], 
        [
          8, 
          85583, 
          11032
        ], 
        [
          9, 
          86083, 
          11032
        ], 
        [
          10, 
          85083, 
          21532
        ]
      ]
    }
  }, 
  {
    "pk": 39, 
    "model": "npc.npcformation", 
    "fields": {
      "staffs": [
        [
          2, 
          81604, 
          31041
        ], 
        [
          3, 
          84104, 
          31041
        ], 
        [
          7, 
          81104, 
          31541
        ], 
        [
          8, 
          76604, 
          21541
        ], 
        [
          9, 
          75604, 
          21541
        ], 
        [
          10, 
          85104, 
          31541
        ]
      ]
    }
  }, 
  {
    "pk": 40, 
    "model": "npc.npcformation", 
    "fields": {
      "staffs": [
        [
          0, 
          72628, 
          11051
        ], 
        [
          5, 
          73628, 
          11051
        ], 
        [
          7, 
          71128, 
          10051
        ], 
        [
          10, 
          70128, 
          10051
        ], 
        [
          14, 
          72628, 
          12051
        ], 
        [
          15, 
          85128, 
          11551
        ]
      ]
    }
  }, 
  {
    "pk": 41, 
    "model": "npc.npcformation", 
    "fields": {
      "staffs": [
        [
          2, 
          85504, 
          10501
        ], 
        [
          3, 
          85504, 
          10501
        ], 
        [
          7, 
          85004, 
          11001
        ], 
        [
          8, 
          85504, 
          10001
        ], 
        [
          9, 
          86004, 
          10001
        ], 
        [
          10, 
          85004, 
          11001
        ]
      ]
    }
  }, 
  {
    "pk": 42, 
    "model": "npc.npcformation", 
    "fields": {
      "staffs": [
        [
          0, 
          85010, 
          11003
        ], 
        [
          1, 
          85510, 
          11003
        ], 
        [
          2, 
          85010, 
          11003
        ], 
        [
          3, 
          85510, 
          11003
        ], 
        [
          4, 
          86010, 
          20503
        ], 
        [
          5, 
          85010, 
          20503
        ]
      ]
    }
  }, 
  {
    "pk": 43, 
    "model": "npc.npcformation", 
    "fields": {
      "staffs": [
        [
          2, 
          86016, 
          20006
        ], 
        [
          3, 
          85516, 
          20006
        ], 
        [
          7, 
          85016, 
          30506
        ], 
        [
          8, 
          85516, 
          20506
        ], 
        [
          15, 
          86016, 
          11006
        ], 
        [
          27, 
          85016, 
          11006
        ]
      ]
    }
  }, 
  {
    "pk": 44, 
    "model": "npc.npcformation", 
    "fields": {
      "staffs": [
        [
          0, 
          85025, 
          12009
        ], 
        [
          1, 
          85525, 
          12009
        ], 
        [
          2, 
          85025, 
          12009
        ], 
        [
          3, 
          85525, 
          12009
        ], 
        [
          4, 
          86025, 
          12009
        ], 
        [
          5, 
          85025, 
          12009
        ]
      ]
    }
  }, 
  {
    "pk": 45, 
    "model": "npc.npcformation", 
    "fields": {
      "staffs": [
        [
          2, 
          72536, 
          11013
        ], 
        [
          3, 
          85536, 
          11013
        ], 
        [
          4, 
          85036, 
          11013
        ], 
        [
          8, 
          85536, 
          10013
        ], 
        [
          9, 
          86036, 
          10013
        ], 
        [
          10, 
          85036, 
          10013
        ]
      ]
    }
  }, 
  {
    "pk": 46, 
    "model": "npc.npcformation", 
    "fields": {
      "staffs": [
        [
          1, 
          85550, 
          30519
        ], 
        [
          2, 
          85550, 
          20019
        ], 
        [
          3, 
          85050, 
          20019
        ], 
        [
          4, 
          85550, 
          21019
        ], 
        [
          8, 
          86050, 
          10019
        ], 
        [
          11, 
          71050, 
          10019
        ]
      ]
    }
  }, 
  {
    "pk": 47, 
    "model": "npc.npcformation", 
    "fields": {
      "staffs": [
        [
          2, 
          83066, 
          31025
        ], 
        [
          3, 
          82566, 
          31025
        ], 
        [
          7, 
          85066, 
          30525
        ], 
        [
          8, 
          85566, 
          30525
        ], 
        [
          9, 
          86066, 
          30525
        ], 
        [
          10, 
          85066, 
          30525
        ]
      ]
    }
  }, 
  {
    "pk": 48, 
    "model": "npc.npcformation", 
    "fields": {
      "staffs": [
        [
          0, 
          71085, 
          11033
        ], 
        [
          1, 
          85585, 
          10033
        ], 
        [
          2, 
          74085, 
          10533
        ], 
        [
          3, 
          85585, 
          10533
        ], 
        [
          4, 
          86085, 
          10033
        ], 
        [
          5, 
          85085, 
          11033
        ]
      ]
    }
  }, 
  {
    "pk": 49, 
    "model": "npc.npcformation", 
    "fields": {
      "staffs": [
        [
          2, 
          74107, 
          10541
        ], 
        [
          3, 
          72607, 
          10541
        ], 
        [
          7, 
          74607, 
          12041
        ], 
        [
          8, 
          70607, 
          11541
        ], 
        [
          9, 
          73107, 
          11541
        ], 
        [
          10, 
          85107, 
          12041
        ]
      ]
    }
  }, 
  {
    "pk": 50, 
    "model": "npc.npcformation", 
    "fields": {
      "staffs": [
        [
          2, 
          83632, 
          31051
        ], 
        [
          3, 
          81632, 
          31051
        ], 
        [
          7, 
          84632, 
          31551
        ], 
        [
          8, 
          79132, 
          21551
        ], 
        [
          9, 
          78132, 
          21551
        ], 
        [
          10, 
          85132, 
          31551
        ]
      ]
    }
  }, 
  {
    "pk": 1001, 
    "model": "npc.npcformation", 
    "fields": {
      "staffs": [
        [
          2, 
          80003, 
          31000
        ], 
        [
          3, 
          81003, 
          31000
        ], 
        [
          7, 
          82503, 
          31500
        ], 
        [
          8, 
          76003, 
          20500
        ], 
        [
          9, 
          75003, 
          20500
        ]
      ]
    }
  }, 
  {
    "pk": 1002, 
    "model": "npc.npcformation", 
    "fields": {
      "staffs": [
        [
          2, 
          74504, 
          10500
        ], 
        [
          3, 
          84004, 
          31000
        ], 
        [
          7, 
          73004, 
          11000
        ], 
        [
          8, 
          77004, 
          20500
        ], 
        [
          9, 
          79504, 
          20500
        ]
      ]
    }
  }, 
  {
    "pk": 1003, 
    "model": "npc.npcformation", 
    "fields": {
      "staffs": [
        [
          2, 
          76505, 
          20001
        ], 
        [
          3, 
          77505, 
          20001
        ], 
        [
          7, 
          77005, 
          20501
        ], 
        [
          8, 
          79005, 
          21001
        ], 
        [
          9, 
          78005, 
          21001
        ]
      ]
    }
  }, 
  {
    "pk": 1004, 
    "model": "npc.npcformation", 
    "fields": {
      "staffs": [
        [
          2, 
          74006, 
          10501
        ], 
        [
          3, 
          71006, 
          10501
        ], 
        [
          7, 
          70006, 
          10001
        ], 
        [
          8, 
          71506, 
          10001
        ], 
        [
          9, 
          72506, 
          11001
        ]
      ]
    }
  }, 
  {
    "pk": 1005, 
    "model": "npc.npcformation", 
    "fields": {
      "staffs": [
        [
          2, 
          81007, 
          31001
        ], 
        [
          3, 
          80507, 
          31001
        ], 
        [
          7, 
          82507, 
          30501
        ], 
        [
          8, 
          83507, 
          30501
        ], 
        [
          9, 
          80007, 
          30501
        ]
      ]
    }
  }, 
  {
    "pk": 1006, 
    "model": "npc.npcformation", 
    "fields": {
      "staffs": [
        [
          0, 
          84508, 
          30502
        ], 
        [
          1, 
          81008, 
          30502
        ], 
        [
          2, 
          80508, 
          30502
        ], 
        [
          3, 
          82508, 
          30502
        ], 
        [
          4, 
          80008, 
          30502
        ]
      ]
    }
  }, 
  {
    "pk": 1007, 
    "model": "npc.npcformation", 
    "fields": {
      "staffs": [
        [
          2, 
          83509, 
          31002
        ], 
        [
          3, 
          84009, 
          31002
        ], 
        [
          7, 
          82509, 
          32002
        ], 
        [
          8, 
          76509, 
          20502
        ], 
        [
          9, 
          75509, 
          20502
        ]
      ]
    }
  }, 
  {
    "pk": 1008, 
    "model": "npc.npcformation", 
    "fields": {
      "staffs": [
        [
          2, 
          77510, 
          20002
        ], 
        [
          3, 
          73010, 
          10502
        ], 
        [
          7, 
          76510, 
          20502
        ], 
        [
          8, 
          74010, 
          11002
        ], 
        [
          9, 
          70010, 
          11002
        ]
      ]
    }
  }, 
  {
    "pk": 1009, 
    "model": "npc.npcformation", 
    "fields": {
      "staffs": [
        [
          2, 
          81511, 
          31003
        ], 
        [
          3, 
          84511, 
          31003
        ], 
        [
          7, 
          82511, 
          32003
        ], 
        [
          8, 
          78511, 
          20503
        ], 
        [
          9, 
          76011, 
          20503
        ]
      ]
    }
  }, 
  {
    "pk": 1010, 
    "model": "npc.npcformation", 
    "fields": {
      "staffs": [
        [
          2, 
          70012, 
          10503
        ], 
        [
          3, 
          70512, 
          10503
        ], 
        [
          7, 
          71012, 
          10003
        ], 
        [
          8, 
          71512, 
          10003
        ], 
        [
          9, 
          72012, 
          10003
        ], 
        [
          10, 
          72512, 
          10003
        ]
      ]
    }
  }, 
  {
    "pk": 1011, 
    "model": "npc.npcformation", 
    "fields": {
      "staffs": [
        [
          2, 
          75013, 
          20003
        ], 
        [
          3, 
          75513, 
          20003
        ], 
        [
          7, 
          76013, 
          20503
        ], 
        [
          8, 
          76513, 
          20503
        ], 
        [
          9, 
          77013, 
          20503
        ], 
        [
          10, 
          77513, 
          20503
        ]
      ]
    }
  }, 
  {
    "pk": 1012, 
    "model": "npc.npcformation", 
    "fields": {
      "staffs": [
        [
          2, 
          80014, 
          30004
        ], 
        [
          3, 
          80514, 
          30004
        ], 
        [
          7, 
          81014, 
          31504
        ], 
        [
          8, 
          81514, 
          31504
        ], 
        [
          9, 
          82014, 
          32004
        ], 
        [
          10, 
          82514, 
          30504
        ]
      ]
    }
  }, 
  {
    "pk": 1013, 
    "model": "npc.npcformation", 
    "fields": {
      "staffs": [
        [
          0, 
          71015, 
          11004
        ], 
        [
          1, 
          71515, 
          11004
        ], 
        [
          2, 
          72015, 
          10004
        ], 
        [
          3, 
          72515, 
          10004
        ], 
        [
          4, 
          73015, 
          11004
        ], 
        [
          5, 
          73515, 
          11004
        ]
      ]
    }
  }, 
  {
    "pk": 1014, 
    "model": "npc.npcformation", 
    "fields": {
      "staffs": [
        [
          0, 
          76516, 
          20504
        ], 
        [
          1, 
          77016, 
          21004
        ], 
        [
          2, 
          77516, 
          20004
        ], 
        [
          3, 
          78016, 
          20004
        ], 
        [
          4, 
          78516, 
          21004
        ], 
        [
          5, 
          79016, 
          21504
        ]
      ]
    }
  }, 
  {
    "pk": 1015, 
    "model": "npc.npcformation", 
    "fields": {
      "staffs": [
        [
          2, 
          81017, 
          31005
        ], 
        [
          3, 
          81517, 
          31005
        ], 
        [
          7, 
          82017, 
          31005
        ], 
        [
          8, 
          82517, 
          30505
        ], 
        [
          9, 
          83017, 
          30505
        ], 
        [
          10, 
          83517, 
          30505
        ]
      ]
    }
  }, 
  {
    "pk": 1016, 
    "model": "npc.npcformation", 
    "fields": {
      "staffs": [
        [
          1, 
          71518, 
          10005
        ], 
        [
          2, 
          72018, 
          10005
        ], 
        [
          3, 
          72518, 
          10005
        ], 
        [
          4, 
          73018, 
          10005
        ], 
        [
          8, 
          73518, 
          11005
        ], 
        [
          9, 
          74018, 
          11005
        ]
      ]
    }
  }, 
  {
    "pk": 1017, 
    "model": "npc.npcformation", 
    "fields": {
      "staffs": [
        [
          2, 
          77019, 
          20005
        ], 
        [
          3, 
          77519, 
          20005
        ], 
        [
          7, 
          78019, 
          20505
        ], 
        [
          8, 
          78519, 
          20505
        ], 
        [
          9, 
          79019, 
          21505
        ], 
        [
          10, 
          79519, 
          22005
        ]
      ]
    }
  }, 
  {
    "pk": 1018, 
    "model": "npc.npcformation", 
    "fields": {
      "staffs": [
        [
          2, 
          81520, 
          30006
        ], 
        [
          3, 
          82020, 
          30006
        ], 
        [
          7, 
          82520, 
          31506
        ], 
        [
          8, 
          83020, 
          31506
        ], 
        [
          9, 
          83520, 
          32006
        ], 
        [
          10, 
          84020, 
          30506
        ]
      ]
    }
  }, 
  {
    "pk": 1019, 
    "model": "npc.npcformation", 
    "fields": {
      "staffs": [
        [
          1, 
          72021, 
          11006
        ], 
        [
          2, 
          72521, 
          10006
        ], 
        [
          3, 
          73021, 
          10006
        ], 
        [
          4, 
          74021, 
          11006
        ], 
        [
          8, 
          73521, 
          11506
        ], 
        [
          9, 
          74521, 
          11506
        ]
      ]
    }
  }, 
  {
    "pk": 1020, 
    "model": "npc.npcformation", 
    "fields": {
      "staffs": [
        [
          0, 
          77522, 
          20507
        ], 
        [
          1, 
          78022, 
          20507
        ], 
        [
          2, 
          78522, 
          20007
        ], 
        [
          3, 
          79022, 
          20007
        ], 
        [
          4, 
          79522, 
          20507
        ], 
        [
          5, 
          75022, 
          20507
        ]
      ]
    }
  }, 
  {
    "pk": 1021, 
    "model": "npc.npcformation", 
    "fields": {
      "staffs": [
        [
          2, 
          82023, 
          30507
        ], 
        [
          3, 
          82523, 
          30507
        ], 
        [
          4, 
          83023, 
          30507
        ], 
        [
          8, 
          83523, 
          31507
        ], 
        [
          9, 
          84523, 
          32007
        ], 
        [
          10, 
          84023, 
          31507
        ]
      ]
    }
  }, 
  {
    "pk": 1022, 
    "model": "npc.npcformation", 
    "fields": {
      "staffs": [
        [
          0, 
          70024, 
          11007
        ], 
        [
          1, 
          70524, 
          10007
        ], 
        [
          2, 
          71024, 
          10507
        ], 
        [
          3, 
          72524, 
          10507
        ], 
        [
          4, 
          73524, 
          10007
        ], 
        [
          5, 
          74024, 
          11007
        ]
      ]
    }
  }, 
  {
    "pk": 1023, 
    "model": "npc.npcformation", 
    "fields": {
      "staffs": [
        [
          0, 
          75025, 
          20508
        ], 
        [
          5, 
          76025, 
          20508
        ], 
        [
          7, 
          76525, 
          20008
        ], 
        [
          10, 
          77525, 
          20008
        ], 
        [
          14, 
          78025, 
          21008
        ], 
        [
          15, 
          79025, 
          21008
        ]
      ]
    }
  }, 
  {
    "pk": 1024, 
    "model": "npc.npcformation", 
    "fields": {
      "staffs": [
        [
          2, 
          80026, 
          31008
        ], 
        [
          3, 
          82026, 
          31008
        ], 
        [
          7, 
          82526, 
          30508
        ], 
        [
          8, 
          83026, 
          30508
        ], 
        [
          9, 
          83526, 
          30508
        ], 
        [
          10, 
          84526, 
          30508
        ]
      ]
    }
  }, 
  {
    "pk": 1025, 
    "model": "npc.npcformation", 
    "fields": {
      "staffs": [
        [
          1, 
          70527, 
          11008
        ], 
        [
          2, 
          71027, 
          11008
        ], 
        [
          3, 
          72027, 
          10008
        ], 
        [
          4, 
          74527, 
          10008
        ], 
        [
          8, 
          74027, 
          12008
        ], 
        [
          11, 
          73527, 
          11508
        ]
      ]
    }
  }, 
  {
    "pk": 1026, 
    "model": "npc.npcformation", 
    "fields": {
      "staffs": [
        [
          2, 
          75528, 
          20009
        ], 
        [
          3, 
          76028, 
          20009
        ], 
        [
          7, 
          76528, 
          20509
        ], 
        [
          8, 
          77028, 
          20509
        ], 
        [
          9, 
          77528, 
          21509
        ], 
        [
          10, 
          78028, 
          22009
        ]
      ]
    }
  }, 
  {
    "pk": 1027, 
    "model": "npc.npcformation", 
    "fields": {
      "staffs": [
        [
          0, 
          80529, 
          30509
        ], 
        [
          1, 
          84529, 
          30009
        ], 
        [
          2, 
          81529, 
          31009
        ], 
        [
          3, 
          84029, 
          31009
        ], 
        [
          4, 
          83529, 
          30009
        ], 
        [
          5, 
          83029, 
          30509
        ]
      ]
    }
  }, 
  {
    "pk": 1028, 
    "model": "npc.npcformation", 
    "fields": {
      "staffs": [
        [
          0, 
          71030, 
          11009
        ], 
        [
          5, 
          73030, 
          11009
        ], 
        [
          7, 
          73530, 
          10509
        ], 
        [
          10, 
          74030, 
          10509
        ], 
        [
          14, 
          74530, 
          10009
        ], 
        [
          15, 
          70030, 
          10009
        ]
      ]
    }
  }, 
  {
    "pk": 1029, 
    "model": "npc.npcformation", 
    "fields": {
      "staffs": [
        [
          2, 
          76031, 
          20010
        ], 
        [
          3, 
          78031, 
          20010
        ], 
        [
          7, 
          78531, 
          20510
        ], 
        [
          8, 
          79031, 
          20510
        ], 
        [
          9, 
          79531, 
          20510
        ], 
        [
          10, 
          76031, 
          22010
        ]
      ]
    }
  }, 
  {
    "pk": 1030, 
    "model": "npc.npcformation", 
    "fields": {
      "staffs": [
        [
          2, 
          81032, 
          31010
        ], 
        [
          3, 
          83032, 
          31010
        ], 
        [
          7, 
          83532, 
          31510
        ], 
        [
          8, 
          84032, 
          31510
        ], 
        [
          9, 
          80532, 
          31510
        ], 
        [
          10, 
          82032, 
          31510
        ]
      ]
    }
  }, 
  {
    "pk": 1031, 
    "model": "npc.npcformation", 
    "fields": {
      "staffs": [
        [
          0, 
          71533, 
          11010
        ], 
        [
          1, 
          73533, 
          10010
        ], 
        [
          2, 
          74033, 
          10510
        ], 
        [
          3, 
          74533, 
          10510
        ], 
        [
          4, 
          70533, 
          10010
        ], 
        [
          5, 
          71033, 
          11010
        ]
      ]
    }
  }, 
  {
    "pk": 1032, 
    "model": "npc.npcformation", 
    "fields": {
      "staffs": [
        [
          0, 
          76534, 
          20511
        ], 
        [
          5, 
          78534, 
          20511
        ], 
        [
          7, 
          79034, 
          21011
        ], 
        [
          10, 
          79534, 
          21011
        ], 
        [
          14, 
          76534, 
          22011
        ], 
        [
          15, 
          77034, 
          22011
        ]
      ]
    }
  }, 
  {
    "pk": 1033, 
    "model": "npc.npcformation", 
    "fields": {
      "staffs": [
        [
          2, 
          81535, 
          31511
        ], 
        [
          3, 
          83535, 
          31511
        ], 
        [
          7, 
          84035, 
          32011
        ], 
        [
          8, 
          81035, 
          32011
        ], 
        [
          9, 
          84535, 
          31511
        ], 
        [
          10, 
          82035, 
          31511
        ]
      ]
    }
  }, 
  {
    "pk": 1034, 
    "model": "npc.npcformation", 
    "fields": {
      "staffs": [
        [
          2, 
          72036, 
          10511
        ], 
        [
          3, 
          74036, 
          10511
        ], 
        [
          7, 
          70036, 
          12011
        ], 
        [
          8, 
          71036, 
          11011
        ], 
        [
          9, 
          73036, 
          11011
        ], 
        [
          10, 
          74036, 
          12011
        ]
      ]
    }
  }, 
  {
    "pk": 1035, 
    "model": "npc.npcformation", 
    "fields": {
      "staffs": [
        [
          0, 
          77037, 
          21512
        ], 
        [
          1, 
          79037, 
          20512
        ], 
        [
          2, 
          75037, 
          21012
        ], 
        [
          3, 
          76037, 
          21012
        ], 
        [
          4, 
          78037, 
          22012
        ], 
        [
          5, 
          79537, 
          22012
        ]
      ]
    }
  }, 
  {
    "pk": 1036, 
    "model": "npc.npcformation", 
    "fields": {
      "staffs": [
        [
          0, 
          82038, 
          30512
        ], 
        [
          5, 
          84038, 
          30512
        ], 
        [
          7, 
          80038, 
          30512
        ], 
        [
          10, 
          81038, 
          30512
        ], 
        [
          14, 
          83038, 
          30512
        ], 
        [
          15, 
          83538, 
          30512
        ]
      ]
    }
  }
]