[
{
    "fields": {
        "name": "\u5b87\u5468\u4ff1\u4e50\u90e8"
    },
    "model": "npc.npcclubname",
    "pk": 1
},
{
    "fields": {
        "name": "\u5723\u864e\u4ff1\u4e50\u90e8"
    },
    "model": "npc.npcclubname",
    "pk": 2
},
{
    "fields": {
        "name": "\u53e4\u535a\u4ff1\u4e50\u90e8"
    },
    "model": "npc.npcclubname",
    "pk": 3
},
{
    "fields": {
        "name": "\u5343\u9b4f\u4ff1\u4e50\u90e8"
    },
    "model": "npc.npcclubname",
    "pk": 4
},
{
    "fields": {
        "name": "\u706b\u79e6\u4ff1\u4e50\u90e8"
    },
    "model": "npc.npcclubname",
    "pk": 5
},
{
    "fields": {
        "name": "\u7d2b\u4e2d\u4ff1\u4e50\u90e8"
    },
    "model": "npc.npcclubname",
    "pk": 6
},
{
    "fields": {
        "name": "\u84dd\u6b66\u4ff1\u4e50\u90e8"
    },
    "model": "npc.npcclubname",
    "pk": 7
},
{
    "fields": {
        "name": "\u6d2a\u90a6\u4ff1\u4e50\u90e8"
    },
    "model": "npc.npcclubname",
    "pk": 8
},
{
    "fields": {
        "name": "\u4e1e\u9b4f\u4ff1\u4e50\u90e8"
    },
    "model": "npc.npcclubname",
    "pk": 9
},
{
    "fields": {
        "name": "\u6697\u9f99\u4ff1\u4e50\u90e8"
    },
    "model": "npc.npcclubname",
    "pk": 10
},
{
    "fields": {
        "name": "\u706b\u90a6\u4ff1\u4e50\u90e8"
    },
    "model": "npc.npcclubname",
    "pk": 11
},
{
    "fields": {
        "name": "\u96f7\u664b\u4ff1\u4e50\u90e8"
    },
    "model": "npc.npcclubname",
    "pk": 12
},
{
    "fields": {
        "name": "\u7384\u6d69\u4ff1\u4e50\u90e8"
    },
    "model": "npc.npcclubname",
    "pk": 13
},
{
    "fields": {
        "name": "\u6676\u9b4f\u4ff1\u4e50\u90e8"
    },
    "model": "npc.npcclubname",
    "pk": 14
},
{
    "fields": {
        "name": "\u566c\u5fb7\u4ff1\u4e50\u90e8"
    },
    "model": "npc.npcclubname",
    "pk": 15
},
{
    "fields": {
        "name": "\u5b97\u8700\u4ff1\u4e50\u90e8"
    },
    "model": "npc.npcclubname",
    "pk": 16
},
{
    "fields": {
        "name": "\u51b0\u8700\u4ff1\u4e50\u90e8"
    },
    "model": "npc.npcclubname",
    "pk": 17
},
{
    "fields": {
        "name": "\u6218\u9f99\u4ff1\u4e50\u90e8"
    },
    "model": "npc.npcclubname",
    "pk": 18
},
{
    "fields": {
        "name": "\u4ec1\u5468\u4ff1\u4e50\u90e8"
    },
    "model": "npc.npcclubname",
    "pk": 19
},
{
    "fields": {
        "name": "\u5b99\u72fc\u4ff1\u4e50\u90e8"
    },
    "model": "npc.npcclubname",
    "pk": 20
},
{
    "fields": {
        "name": "\u5317\u6881\u4ff1\u4e50\u90e8"
    },
    "model": "npc.npcclubname",
    "pk": 21
},
{
    "fields": {
        "name": "\u821c\u79e6\u4ff1\u4e50\u90e8"
    },
    "model": "npc.npcclubname",
    "pk": 22
},
{
    "fields": {
        "name": "\u8352\u5c9a\u4ff1\u4e50\u90e8"
    },
    "model": "npc.npcclubname",
    "pk": 23
},
{
    "fields": {
        "name": "\u91d1\u6cf0\u4ff1\u4e50\u90e8"
    },
    "model": "npc.npcclubname",
    "pk": 24
},
{
    "fields": {
        "name": "\u5357\u5fb7\u4ff1\u4e50\u90e8"
    },
    "model": "npc.npcclubname",
    "pk": 25
},
{
    "fields": {
        "name": "\u4f1f\u708e\u4ff1\u4e50\u90e8"
    },
    "model": "npc.npcclubname",
    "pk": 26
},
{
    "fields": {
        "name": "\u83bd\u8c79\u4ff1\u4e50\u90e8"
    },
    "model": "npc.npcclubname",
    "pk": 27
},
{
    "fields": {
        "name": "\u5343\u968b\u4ff1\u4e50\u90e8"
    },
    "model": "npc.npcclubname",
    "pk": 28
},
{
    "fields": {
        "name": "\u82cd\u6e05\u4ff1\u4e50\u90e8"
    },
    "model": "npc.npcclubname",
    "pk": 29
},
{
    "fields": {
        "name": "\u708e\u5cf0\u4ff1\u4e50\u90e8"
    },
    "model": "npc.npcclubname",
    "pk": 30
},
{
    "fields": {
        "name": "\u4ed9\u6881\u4ff1\u4e50\u90e8"
    },
    "model": "npc.npcclubname",
    "pk": 31
},
{
    "fields": {
        "name": "\u5b99\u5468\u4ff1\u4e50\u90e8"
    },
    "model": "npc.npcclubname",
    "pk": 32
},
{
    "fields": {
        "name": "\u8679\u5510\u4ff1\u4e50\u90e8"
    },
    "model": "npc.npcclubname",
    "pk": 33
},
{
    "fields": {
        "name": "\u8d64\u7ff0\u4ff1\u4e50\u90e8"
    },
    "model": "npc.npcclubname",
    "pk": 34
},
{
    "fields": {
        "name": "\u4ed9\u590f\u4ff1\u4e50\u90e8"
    },
    "model": "npc.npcclubname",
    "pk": 35
},
{
    "fields": {
        "name": "\u53e4\u65ed\u4ff1\u4e50\u90e8"
    },
    "model": "npc.npcclubname",
    "pk": 36
},
{
    "fields": {
        "name": "\u566c\u6d9b\u4ff1\u4e50\u90e8"
    },
    "model": "npc.npcclubname",
    "pk": 37
},
{
    "fields": {
        "name": "\u5b99\u5fb7\u4ff1\u4e50\u90e8"
    },
    "model": "npc.npcclubname",
    "pk": 38
},
{
    "fields": {
        "name": "\u5b97\u97e9\u4ff1\u4e50\u90e8"
    },
    "model": "npc.npcclubname",
    "pk": 39
},
{
    "fields": {
        "name": "\u5317\u65ed\u4ff1\u4e50\u90e8"
    },
    "model": "npc.npcclubname",
    "pk": 40
},
{
    "fields": {
        "name": "\u7075\u5143\u4ff1\u4e50\u90e8"
    },
    "model": "npc.npcclubname",
    "pk": 41
},
{
    "fields": {
        "name": "\u84dd\u5b89\u4ff1\u4e50\u90e8"
    },
    "model": "npc.npcclubname",
    "pk": 42
},
{
    "fields": {
        "name": "\u5b99\u695a\u4ff1\u4e50\u90e8"
    },
    "model": "npc.npcclubname",
    "pk": 43
},
{
    "fields": {
        "name": "\u91d1\u8d75\u4ff1\u4e50\u90e8"
    },
    "model": "npc.npcclubname",
    "pk": 44
},
{
    "fields": {
        "name": "\u6731\u5947\u4ff1\u4e50\u90e8"
    },
    "model": "npc.npcclubname",
    "pk": 45
},
{
    "fields": {
        "name": "\u795e\u864e\u4ff1\u4e50\u90e8"
    },
    "model": "npc.npcclubname",
    "pk": 46
},
{
    "fields": {
        "name": "\u8d64\u660e\u4ff1\u4e50\u90e8"
    },
    "model": "npc.npcclubname",
    "pk": 47
},
{
    "fields": {
        "name": "\u5730\u9f99\u4ff1\u4e50\u90e8"
    },
    "model": "npc.npcclubname",
    "pk": 48
},
{
    "fields": {
        "name": "\u5b87\u90a6\u4ff1\u4e50\u90e8"
    },
    "model": "npc.npcclubname",
    "pk": 49
},
{
    "fields": {
        "name": "\u4e16\u65ed\u4ff1\u4e50\u90e8"
    },
    "model": "npc.npcclubname",
    "pk": 50
},
{
    "fields": {
        "name": "\u70c8\u817e\u4ff1\u4e50\u90e8"
    },
    "model": "npc.npcclubname",
    "pk": 51
},
{
    "fields": {
        "name": "\u5723\u7965\u4ff1\u4e50\u90e8"
    },
    "model": "npc.npcclubname",
    "pk": 52
},
{
    "fields": {
        "name": "\u4f1f\u71d5\u4ff1\u4e50\u90e8"
    },
    "model": "npc.npcclubname",
    "pk": 53
},
{
    "fields": {
        "name": "\u8352\u695a\u4ff1\u4e50\u90e8"
    },
    "model": "npc.npcclubname",
    "pk": 54
},
{
    "fields": {
        "name": "\u4e1e\u5468\u4ff1\u4e50\u90e8"
    },
    "model": "npc.npcclubname",
    "pk": 55
},
{
    "fields": {
        "name": "\u4e1e\u90a6\u4ff1\u4e50\u90e8"
    },
    "model": "npc.npcclubname",
    "pk": 56
},
{
    "fields": {
        "name": "\u84dd\u864e\u4ff1\u4e50\u90e8"
    },
    "model": "npc.npcclubname",
    "pk": 57
},
{
    "fields": {
        "name": "\u4ec1\u6e05\u4ff1\u4e50\u90e8"
    },
    "model": "npc.npcclubname",
    "pk": 58
},
{
    "fields": {
        "name": "\u78a7\u660e\u4ff1\u4e50\u90e8"
    },
    "model": "npc.npcclubname",
    "pk": 59
},
{
    "fields": {
        "name": "\u9ec4\u517d\u4ff1\u4e50\u90e8"
    },
    "model": "npc.npcclubname",
    "pk": 60
}
]
