[
  {
    "pk": 1, 
    "model": "npc.npcformation", 
    "fields": {
      "staffs": [
        [
          0, 
          85004, 
          30501
        ], 
        [
          1, 
          85504, 
          30001
        ], 
        [
          2, 
          85004, 
          31001
        ], 
        [
          3, 
          85504, 
          31001
        ], 
        [
          4, 
          86004, 
          30501
        ], 
        [
          5, 
          85004, 
          30001
        ]
      ]
    }
  }, 
  {
    "pk": 2, 
    "model": "npc.npcformation", 
    "fields": {
      "staffs": [
        [
          2, 
          85013, 
          31004
        ], 
        [
          3, 
          85513, 
          31004
        ], 
        [
          7, 
          85013, 
          31004
        ], 
        [
          8, 
          85513, 
          30504
        ], 
        [
          9, 
          86013, 
          30504
        ], 
        [
          10, 
          85013, 
          30504
        ]
      ]
    }
  }, 
  {
    "pk": 3, 
    "model": "npc.npcformation", 
    "fields": {
      "staffs": [
        [
          2, 
          85020, 
          30006
        ], 
        [
          3, 
          85520, 
          30006
        ], 
        [
          7, 
          85020, 
          31506
        ], 
        [
          8, 
          85520, 
          31506
        ], 
        [
          9, 
          86020, 
          32006
        ], 
        [
          10, 
          85020, 
          30506
        ]
      ]
    }
  }, 
  {
    "pk": 4, 
    "model": "npc.npcformation", 
    "fields": {
      "staffs": [
        [
          2, 
          85028, 
          30510
        ], 
        [
          3, 
          85528, 
          30510
        ], 
        [
          4, 
          85028, 
          30510
        ], 
        [
          8, 
          85528, 
          31510
        ], 
        [
          9, 
          86028, 
          32010
        ], 
        [
          10, 
          85028, 
          31510
        ]
      ]
    }
  }, 
  {
    "pk": 5, 
    "model": "npc.npcformation", 
    "fields": {
      "staffs": [
        [
          2, 
          80039, 
          31014
        ], 
        [
          3, 
          85539, 
          31014
        ], 
        [
          7, 
          85039, 
          30514
        ], 
        [
          8, 
          85539, 
          30514
        ], 
        [
          9, 
          86039, 
          30514
        ], 
        [
          10, 
          85039, 
          30514
        ]
      ]
    }
  }, 
  {
    "pk": 6, 
    "model": "npc.npcformation", 
    "fields": {
      "staffs": [
        [
          0, 
          80551, 
          30520
        ], 
        [
          1, 
          85551, 
          30020
        ], 
        [
          2, 
          85051, 
          31020
        ], 
        [
          3, 
          85551, 
          31020
        ], 
        [
          4, 
          86051, 
          30020
        ], 
        [
          5, 
          85051, 
          30520
        ]
      ]
    }
  }, 
  {
    "pk": 7, 
    "model": "npc.npcformation", 
    "fields": {
      "staffs": [
        [
          2, 
          81066, 
          31026
        ], 
        [
          3, 
          83066, 
          31026
        ], 
        [
          7, 
          85066, 
          31526
        ], 
        [
          8, 
          85566, 
          31526
        ], 
        [
          9, 
          86066, 
          31526
        ], 
        [
          10, 
          85066, 
          31526
        ]
      ]
    }
  }, 
  {
    "pk": 8, 
    "model": "npc.npcformation", 
    "fields": {
      "staffs": [
        [
          2, 
          81584, 
          31534
        ], 
        [
          3, 
          83584, 
          31534
        ], 
        [
          7, 
          85084, 
          32034
        ], 
        [
          8, 
          85584, 
          32034
        ], 
        [
          9, 
          86084, 
          31534
        ], 
        [
          10, 
          85084, 
          31534
        ]
      ]
    }
  }, 
  {
    "pk": 9, 
    "model": "npc.npcformation", 
    "fields": {
      "staffs": [
        [
          0, 
          82103, 
          30543
        ], 
        [
          5, 
          84103, 
          30543
        ], 
        [
          7, 
          80103, 
          30543
        ], 
        [
          10, 
          81103, 
          30543
        ], 
        [
          14, 
          83103, 
          30543
        ], 
        [
          15, 
          85103, 
          30543
        ]
      ]
    }
  }, 
  {
    "pk": 10, 
    "model": "npc.npcformation", 
    "fields": {
      "staffs": [
        [
          0, 
          82625, 
          31553
        ], 
        [
          5, 
          84625, 
          31553
        ], 
        [
          7, 
          80625, 
          31553
        ], 
        [
          10, 
          81625, 
          31553
        ], 
        [
          14, 
          83625, 
          31553
        ], 
        [
          15, 
          85125, 
          31553
        ]
      ]
    }
  }, 
  {
    "pk": 11, 
    "model": "npc.npcformation", 
    "fields": {
      "staffs": [
        [
          2, 
          85505, 
          10501
        ], 
        [
          3, 
          85505, 
          10501
        ], 
        [
          7, 
          85005, 
          10001
        ], 
        [
          8, 
          85505, 
          10001
        ], 
        [
          9, 
          86005, 
          10001
        ], 
        [
          10, 
          85005, 
          10001
        ]
      ]
    }
  }, 
  {
    "pk": 12, 
    "model": "npc.npcformation", 
    "fields": {
      "staffs": [
        [
          0, 
          85015, 
          11004
        ], 
        [
          1, 
          85515, 
          11004
        ], 
        [
          2, 
          85015, 
          10004
        ], 
        [
          3, 
          85515, 
          10004
        ], 
        [
          4, 
          86015, 
          11004
        ], 
        [
          5, 
          85015, 
          11004
        ]
      ]
    }
  }, 
  {
    "pk": 13, 
    "model": "npc.npcformation", 
    "fields": {
      "staffs": [
        [
          1, 
          86021, 
          10007
        ], 
        [
          2, 
          85521, 
          10007
        ], 
        [
          3, 
          85021, 
          10007
        ], 
        [
          4, 
          85521, 
          10007
        ], 
        [
          8, 
          86021, 
          11007
        ], 
        [
          9, 
          85021, 
          11007
        ]
      ]
    }
  }, 
  {
    "pk": 14, 
    "model": "npc.npcformation", 
    "fields": {
      "staffs": [
        [
          1, 
          85030, 
          11010
        ], 
        [
          2, 
          85530, 
          10010
        ], 
        [
          3, 
          85030, 
          10010
        ], 
        [
          4, 
          85530, 
          11010
        ], 
        [
          8, 
          86030, 
          11510
        ], 
        [
          9, 
          85030, 
          11510
        ]
      ]
    }
  }, 
  {
    "pk": 15, 
    "model": "npc.npcformation", 
    "fields": {
      "staffs": [
        [
          0, 
          70041, 
          11015
        ], 
        [
          1, 
          85541, 
          10015
        ], 
        [
          2, 
          85041, 
          10515
        ], 
        [
          3, 
          85541, 
          10515
        ], 
        [
          4, 
          86041, 
          10015
        ], 
        [
          5, 
          85041, 
          11015
        ]
      ]
    }
  }, 
  {
    "pk": 16, 
    "model": "npc.npcformation", 
    "fields": {
      "staffs": [
        [
          1, 
          70554, 
          11020
        ], 
        [
          2, 
          85554, 
          11020
        ], 
        [
          3, 
          85054, 
          10020
        ], 
        [
          4, 
          85554, 
          10020
        ], 
        [
          8, 
          86054, 
          12020
        ], 
        [
          11, 
          85054, 
          11520
        ]
      ]
    }
  }, 
  {
    "pk": 17, 
    "model": "npc.npcformation", 
    "fields": {
      "staffs": [
        [
          0, 
          71069, 
          11027
        ], 
        [
          5, 
          73069, 
          11027
        ], 
        [
          7, 
          85069, 
          10527
        ], 
        [
          10, 
          85569, 
          10527
        ], 
        [
          14, 
          86069, 
          10027
        ], 
        [
          15, 
          85069, 
          10027
        ]
      ]
    }
  }, 
  {
    "pk": 18, 
    "model": "npc.npcformation", 
    "fields": {
      "staffs": [
        [
          0, 
          71586, 
          11035
        ], 
        [
          1, 
          73586, 
          10035
        ], 
        [
          2, 
          85086, 
          10535
        ], 
        [
          3, 
          85586, 
          10535
        ], 
        [
          4, 
          86086, 
          10035
        ], 
        [
          5, 
          85086, 
          11035
        ]
      ]
    }
  }, 
  {
    "pk": 19, 
    "model": "npc.npcformation", 
    "fields": {
      "staffs": [
        [
          2, 
          72106, 
          10544
        ], 
        [
          3, 
          74106, 
          10544
        ], 
        [
          7, 
          70106, 
          12044
        ], 
        [
          8, 
          71106, 
          11044
        ], 
        [
          9, 
          73106, 
          11044
        ], 
        [
          10, 
          85106, 
          12044
        ]
      ]
    }
  }, 
  {
    "pk": 20, 
    "model": "npc.npcformation", 
    "fields": {
      "staffs": [
        [
          0, 
          72628, 
          11054
        ], 
        [
          5, 
          74628, 
          11054
        ], 
        [
          7, 
          70628, 
          10554
        ], 
        [
          10, 
          71628, 
          10554
        ], 
        [
          14, 
          73628, 
          12054
        ], 
        [
          15, 
          85128, 
          12054
        ]
      ]
    }
  }, 
  {
    "pk": 21, 
    "model": "npc.npcformation", 
    "fields": {
      "staffs": [
        [
          2, 
          85506, 
          20001
        ], 
        [
          3, 
          85506, 
          20001
        ], 
        [
          7, 
          85006, 
          20501
        ], 
        [
          8, 
          85506, 
          20501
        ], 
        [
          9, 
          86006, 
          20501
        ], 
        [
          10, 
          85006, 
          20501
        ]
      ]
    }
  }, 
  {
    "pk": 22, 
    "model": "npc.npcformation", 
    "fields": {
      "staffs": [
        [
          0, 
          85016, 
          20504
        ], 
        [
          1, 
          85516, 
          21004
        ], 
        [
          2, 
          85016, 
          20004
        ], 
        [
          3, 
          85516, 
          20004
        ], 
        [
          4, 
          86016, 
          21004
        ], 
        [
          5, 
          85016, 
          21504
        ]
      ]
    }
  }, 
  {
    "pk": 23, 
    "model": "npc.npcformation", 
    "fields": {
      "staffs": [
        [
          2, 
          86023, 
          20007
        ], 
        [
          3, 
          85523, 
          20007
        ], 
        [
          7, 
          85023, 
          20507
        ], 
        [
          8, 
          85523, 
          20507
        ], 
        [
          9, 
          86023, 
          21507
        ], 
        [
          10, 
          85023, 
          22007
        ]
      ]
    }
  }, 
  {
    "pk": 24, 
    "model": "npc.npcformation", 
    "fields": {
      "staffs": [
        [
          0, 
          85032, 
          20511
        ], 
        [
          1, 
          85532, 
          20511
        ], 
        [
          2, 
          85032, 
          20011
        ], 
        [
          3, 
          85532, 
          20011
        ], 
        [
          4, 
          86032, 
          20511
        ], 
        [
          5, 
          85032, 
          20511
        ]
      ]
    }
  }, 
  {
    "pk": 25, 
    "model": "npc.npcformation", 
    "fields": {
      "staffs": [
        [
          0, 
          75043, 
          20515
        ], 
        [
          5, 
          85543, 
          20515
        ], 
        [
          7, 
          85043, 
          20015
        ], 
        [
          10, 
          85543, 
          20015
        ], 
        [
          14, 
          86043, 
          21015
        ], 
        [
          15, 
          85043, 
          21015
        ]
      ]
    }
  }, 
  {
    "pk": 26, 
    "model": "npc.npcformation", 
    "fields": {
      "staffs": [
        [
          2, 
          75556, 
          20021
        ], 
        [
          3, 
          85556, 
          20021
        ], 
        [
          7, 
          85056, 
          20521
        ], 
        [
          8, 
          85556, 
          20521
        ], 
        [
          9, 
          86056, 
          21521
        ], 
        [
          10, 
          85056, 
          22021
        ]
      ]
    }
  }, 
  {
    "pk": 27, 
    "model": "npc.npcformation", 
    "fields": {
      "staffs": [
        [
          2, 
          76071, 
          20028
        ], 
        [
          3, 
          78071, 
          20028
        ], 
        [
          7, 
          85071, 
          20528
        ], 
        [
          8, 
          85571, 
          20528
        ], 
        [
          9, 
          86071, 
          20528
        ], 
        [
          10, 
          85071, 
          22028
        ]
      ]
    }
  }, 
  {
    "pk": 28, 
    "model": "npc.npcformation", 
    "fields": {
      "staffs": [
        [
          0, 
          76589, 
          20536
        ], 
        [
          5, 
          78589, 
          20536
        ], 
        [
          7, 
          85089, 
          21036
        ], 
        [
          10, 
          85589, 
          21036
        ], 
        [
          14, 
          86089, 
          22036
        ], 
        [
          15, 
          85089, 
          22036
        ]
      ]
    }
  }, 
  {
    "pk": 29, 
    "model": "npc.npcformation", 
    "fields": {
      "staffs": [
        [
          0, 
          77109, 
          21545
        ], 
        [
          1, 
          79109, 
          20545
        ], 
        [
          2, 
          75109, 
          21045
        ], 
        [
          3, 
          76109, 
          21045
        ], 
        [
          4, 
          78109, 
          22045
        ], 
        [
          5, 
          85109, 
          22045
        ]
      ]
    }
  }, 
  {
    "pk": 30, 
    "model": "npc.npcformation", 
    "fields": {
      "staffs": [
        [
          2, 
          77631, 
          20055
        ], 
        [
          3, 
          79631, 
          20055
        ], 
        [
          7, 
          75631, 
          22055
        ], 
        [
          8, 
          76631, 
          21555
        ], 
        [
          9, 
          78631, 
          21555
        ], 
        [
          10, 
          85131, 
          22055
        ]
      ]
    }
  }, 
  {
    "pk": 31, 
    "model": "npc.npcformation", 
    "fields": {
      "staffs": [
        [
          0, 
          85507, 
          22001
        ], 
        [
          1, 
          85507, 
          20501
        ], 
        [
          2, 
          85007, 
          20501
        ], 
        [
          3, 
          85507, 
          20501
        ], 
        [
          4, 
          86007, 
          20501
        ], 
        [
          5, 
          85007, 
          20501
        ]
      ]
    }
  }, 
  {
    "pk": 32, 
    "model": "npc.npcformation", 
    "fields": {
      "staffs": [
        [
          2, 
          85018, 
          10505
        ], 
        [
          3, 
          85518, 
          31005
        ], 
        [
          7, 
          85018, 
          11005
        ], 
        [
          8, 
          85518, 
          21505
        ], 
        [
          9, 
          86018, 
          21505
        ], 
        [
          10, 
          85018, 
          11005
        ]
      ]
    }
  }, 
  {
    "pk": 33, 
    "model": "npc.npcformation", 
    "fields": {
      "staffs": [
        [
          2, 
          86026, 
          20007
        ], 
        [
          3, 
          85526, 
          20007
        ], 
        [
          7, 
          85026, 
          20507
        ], 
        [
          8, 
          85526, 
          22007
        ], 
        [
          9, 
          86026, 
          22007
        ], 
        [
          10, 
          85026, 
          20507
        ]
      ]
    }
  }, 
  {
    "pk": 34, 
    "model": "npc.npcformation", 
    "fields": {
      "staffs": [
        [
          2, 
          85035, 
          10511
        ], 
        [
          3, 
          85535, 
          10511
        ], 
        [
          7, 
          85035, 
          10011
        ], 
        [
          8, 
          85535, 
          10011
        ], 
        [
          9, 
          86035, 
          11511
        ], 
        [
          10, 
          85035, 
          10011
        ]
      ]
    }
  }, 
  {
    "pk": 35, 
    "model": "npc.npcformation", 
    "fields": {
      "staffs": [
        [
          2, 
          85546, 
          20016
        ], 
        [
          3, 
          85546, 
          10516
        ], 
        [
          7, 
          85046, 
          11016
        ], 
        [
          8, 
          81546, 
          31516
        ], 
        [
          9, 
          86046, 
          11516
        ], 
        [
          10, 
          85046, 
          11016
        ]
      ]
    }
  }, 
  {
    "pk": 36, 
    "model": "npc.npcformation", 
    "fields": {
      "staffs": [
        [
          0, 
          85560, 
          30522
        ], 
        [
          1, 
          82560, 
          30522
        ], 
        [
          2, 
          85060, 
          30522
        ], 
        [
          3, 
          85560, 
          30522
        ], 
        [
          4, 
          86060, 
          30522
        ], 
        [
          5, 
          85060, 
          30522
        ]
      ]
    }
  }, 
  {
    "pk": 37, 
    "model": "npc.npcformation", 
    "fields": {
      "staffs": [
        [
          2, 
          82575, 
          31029
        ], 
        [
          3, 
          80075, 
          31029
        ], 
        [
          7, 
          85075, 
          31529
        ], 
        [
          8, 
          85575, 
          21529
        ], 
        [
          9, 
          86075, 
          21529
        ], 
        [
          10, 
          85075, 
          31529
        ]
      ]
    }
  }, 
  {
    "pk": 38, 
    "model": "npc.npcformation", 
    "fields": {
      "staffs": [
        [
          2, 
          79093, 
          20037
        ], 
        [
          3, 
          76093, 
          20037
        ], 
        [
          7, 
          75093, 
          21537
        ], 
        [
          8, 
          85593, 
          11037
        ], 
        [
          9, 
          86093, 
          11037
        ], 
        [
          10, 
          85093, 
          21537
        ]
      ]
    }
  }, 
  {
    "pk": 39, 
    "model": "npc.npcformation", 
    "fields": {
      "staffs": [
        [
          2, 
          81614, 
          31047
        ], 
        [
          3, 
          84114, 
          31047
        ], 
        [
          7, 
          81114, 
          31547
        ], 
        [
          8, 
          76614, 
          21547
        ], 
        [
          9, 
          75614, 
          21547
        ], 
        [
          10, 
          85114, 
          31547
        ]
      ]
    }
  }, 
  {
    "pk": 40, 
    "model": "npc.npcformation", 
    "fields": {
      "staffs": [
        [
          0, 
          72637, 
          11057
        ], 
        [
          5, 
          73637, 
          11057
        ], 
        [
          7, 
          71137, 
          10057
        ], 
        [
          10, 
          70137, 
          10057
        ], 
        [
          14, 
          72637, 
          12057
        ], 
        [
          15, 
          85137, 
          11557
        ]
      ]
    }
  }, 
  {
    "pk": 41, 
    "model": "npc.npcformation", 
    "fields": {
      "staffs": [
        [
          2, 
          85508, 
          10501
        ], 
        [
          3, 
          85508, 
          10501
        ], 
        [
          7, 
          85008, 
          11001
        ], 
        [
          8, 
          85508, 
          12001
        ], 
        [
          9, 
          86008, 
          12001
        ], 
        [
          10, 
          85008, 
          11001
        ]
      ]
    }
  }, 
  {
    "pk": 42, 
    "model": "npc.npcformation", 
    "fields": {
      "staffs": [
        [
          0, 
          85020, 
          11005
        ], 
        [
          1, 
          85520, 
          11005
        ], 
        [
          2, 
          85020, 
          11005
        ], 
        [
          3, 
          85520, 
          11005
        ], 
        [
          4, 
          86020, 
          21505
        ], 
        [
          5, 
          85020, 
          21505
        ]
      ]
    }
  }, 
  {
    "pk": 43, 
    "model": "npc.npcformation", 
    "fields": {
      "staffs": [
        [
          2, 
          86027, 
          20008
        ], 
        [
          3, 
          85527, 
          20008
        ], 
        [
          7, 
          85027, 
          31508
        ], 
        [
          8, 
          85527, 
          21508
        ], 
        [
          15, 
          86027, 
          11008
        ], 
        [
          27, 
          85027, 
          11008
        ]
      ]
    }
  }, 
  {
    "pk": 44, 
    "model": "npc.npcformation", 
    "fields": {
      "staffs": [
        [
          0, 
          85037, 
          12012
        ], 
        [
          1, 
          85537, 
          12012
        ], 
        [
          2, 
          85037, 
          12012
        ], 
        [
          3, 
          85537, 
          12012
        ], 
        [
          4, 
          86037, 
          12012
        ], 
        [
          5, 
          85037, 
          12012
        ]
      ]
    }
  }, 
  {
    "pk": 45, 
    "model": "npc.npcformation", 
    "fields": {
      "staffs": [
        [
          2, 
          72548, 
          11017
        ], 
        [
          3, 
          85548, 
          11017
        ], 
        [
          4, 
          85048, 
          11017
        ], 
        [
          8, 
          85548, 
          10017
        ], 
        [
          9, 
          86048, 
          10017
        ], 
        [
          10, 
          85048, 
          10017
        ]
      ]
    }
  }, 
  {
    "pk": 46, 
    "model": "npc.npcformation", 
    "fields": {
      "staffs": [
        [
          1, 
          85562, 
          30523
        ], 
        [
          2, 
          85562, 
          20023
        ], 
        [
          3, 
          85062, 
          20023
        ], 
        [
          4, 
          85562, 
          21023
        ], 
        [
          8, 
          86062, 
          10023
        ], 
        [
          11, 
          71062, 
          10023
        ]
      ]
    }
  }, 
  {
    "pk": 47, 
    "model": "npc.npcformation", 
    "fields": {
      "staffs": [
        [
          2, 
          83078, 
          31030
        ], 
        [
          3, 
          82578, 
          31030
        ], 
        [
          7, 
          85078, 
          30530
        ], 
        [
          8, 
          85578, 
          30530
        ], 
        [
          9, 
          86078, 
          30530
        ], 
        [
          10, 
          85078, 
          30530
        ]
      ]
    }
  }, 
  {
    "pk": 48, 
    "model": "npc.npcformation", 
    "fields": {
      "staffs": [
        [
          0, 
          71096, 
          11038
        ], 
        [
          1, 
          85596, 
          10038
        ], 
        [
          2, 
          74096, 
          10538
        ], 
        [
          3, 
          85596, 
          10538
        ], 
        [
          4, 
          86096, 
          10038
        ], 
        [
          5, 
          85096, 
          11038
        ]
      ]
    }
  }, 
  {
    "pk": 49, 
    "model": "npc.npcformation", 
    "fields": {
      "staffs": [
        [
          2, 
          74117, 
          10548
        ], 
        [
          3, 
          72617, 
          10548
        ], 
        [
          7, 
          74617, 
          12048
        ], 
        [
          8, 
          70617, 
          11548
        ], 
        [
          9, 
          73117, 
          11548
        ], 
        [
          10, 
          85117, 
          12048
        ]
      ]
    }
  }, 
  {
    "pk": 50, 
    "model": "npc.npcformation", 
    "fields": {
      "staffs": [
        [
          2, 
          83640, 
          31058
        ], 
        [
          3, 
          81640, 
          31058
        ], 
        [
          7, 
          84640, 
          31558
        ], 
        [
          8, 
          79140, 
          21558
        ], 
        [
          9, 
          78140, 
          21558
        ], 
        [
          10, 
          85140, 
          31558
        ]
      ]
    }
  }, 
  {
    "pk": 1001, 
    "model": "npc.npcformation", 
    "fields": {
      "staffs": [
        [
          2, 
          80004, 
          31000
        ], 
        [
          3, 
          81004, 
          31000
        ], 
        [
          7, 
          82504, 
          31500
        ], 
        [
          8, 
          76004, 
          20500
        ], 
        [
          9, 
          75004, 
          20500
        ]
      ]
    }
  }, 
  {
    "pk": 1002, 
    "model": "npc.npcformation", 
    "fields": {
      "staffs": [
        [
          2, 
          74504, 
          10500
        ], 
        [
          3, 
          84004, 
          31000
        ], 
        [
          7, 
          73004, 
          11000
        ], 
        [
          8, 
          77004, 
          20500
        ], 
        [
          9, 
          79504, 
          20500
        ]
      ]
    }
  }, 
  {
    "pk": 1003, 
    "model": "npc.npcformation", 
    "fields": {
      "staffs": [
        [
          2, 
          76504, 
          20000
        ], 
        [
          3, 
          77504, 
          20000
        ], 
        [
          7, 
          77004, 
          20500
        ], 
        [
          8, 
          79004, 
          22000
        ], 
        [
          9, 
          78004, 
          22000
        ]
      ]
    }
  }, 
  {
    "pk": 1004, 
    "model": "npc.npcformation", 
    "fields": {
      "staffs": [
        [
          2, 
          74005, 
          10500
        ], 
        [
          3, 
          71005, 
          10500
        ], 
        [
          7, 
          70005, 
          10000
        ], 
        [
          8, 
          71505, 
          10000
        ], 
        [
          9, 
          72505, 
          11500
        ]
      ]
    }
  }, 
  {
    "pk": 1005, 
    "model": "npc.npcformation", 
    "fields": {
      "staffs": [
        [
          2, 
          81005, 
          31500
        ], 
        [
          3, 
          80505, 
          31500
        ], 
        [
          7, 
          82505, 
          31500
        ], 
        [
          8, 
          83505, 
          31500
        ], 
        [
          9, 
          80005, 
          31500
        ]
      ]
    }
  }, 
  {
    "pk": 1006, 
    "model": "npc.npcformation", 
    "fields": {
      "staffs": [
        [
          0, 
          84506, 
          30500
        ], 
        [
          1, 
          81006, 
          30500
        ], 
        [
          2, 
          80506, 
          30500
        ], 
        [
          3, 
          82506, 
          30500
        ], 
        [
          4, 
          80006, 
          30500
        ]
      ]
    }
  }, 
  {
    "pk": 1007, 
    "model": "npc.npcformation", 
    "fields": {
      "staffs": [
        [
          2, 
          83506, 
          31000
        ], 
        [
          3, 
          84006, 
          31000
        ], 
        [
          7, 
          82506, 
          31500
        ], 
        [
          8, 
          76506, 
          20500
        ], 
        [
          9, 
          75506, 
          20500
        ]
      ]
    }
  }, 
  {
    "pk": 1008, 
    "model": "npc.npcformation", 
    "fields": {
      "staffs": [
        [
          2, 
          77507, 
          20000
        ], 
        [
          3, 
          73007, 
          10500
        ], 
        [
          7, 
          76507, 
          20500
        ], 
        [
          8, 
          74007, 
          11000
        ], 
        [
          9, 
          70007, 
          11000
        ]
      ]
    }
  }, 
  {
    "pk": 1009, 
    "model": "npc.npcformation", 
    "fields": {
      "staffs": [
        [
          2, 
          81508, 
          31001
        ], 
        [
          3, 
          84508, 
          31001
        ], 
        [
          7, 
          82508, 
          31501
        ], 
        [
          8, 
          78508, 
          20501
        ], 
        [
          9, 
          76008, 
          20501
        ]
      ]
    }
  }, 
  {
    "pk": 1010, 
    "model": "npc.npcformation", 
    "fields": {
      "staffs": [
        [
          2, 
          70009, 
          10501
        ], 
        [
          3, 
          70509, 
          10501
        ], 
        [
          7, 
          71009, 
          10001
        ], 
        [
          8, 
          71509, 
          10001
        ], 
        [
          9, 
          72009, 
          10001
        ], 
        [
          10, 
          72509, 
          10001
        ]
      ]
    }
  }, 
  {
    "pk": 1011, 
    "model": "npc.npcformation", 
    "fields": {
      "staffs": [
        [
          2, 
          75010, 
          20001
        ], 
        [
          3, 
          75510, 
          20001
        ], 
        [
          7, 
          76010, 
          20501
        ], 
        [
          8, 
          76510, 
          20501
        ], 
        [
          9, 
          77010, 
          20501
        ], 
        [
          10, 
          77510, 
          20501
        ]
      ]
    }
  }, 
  {
    "pk": 1012, 
    "model": "npc.npcformation", 
    "fields": {
      "staffs": [
        [
          2, 
          80011, 
          30002
        ], 
        [
          3, 
          80511, 
          30002
        ], 
        [
          7, 
          81011, 
          31502
        ], 
        [
          8, 
          81511, 
          31502
        ], 
        [
          9, 
          82011, 
          32002
        ], 
        [
          10, 
          82511, 
          30502
        ]
      ]
    }
  }, 
  {
    "pk": 1013, 
    "model": "npc.npcformation", 
    "fields": {
      "staffs": [
        [
          0, 
          71012, 
          11002
        ], 
        [
          1, 
          71512, 
          11002
        ], 
        [
          2, 
          72012, 
          10002
        ], 
        [
          3, 
          72512, 
          10002
        ], 
        [
          4, 
          73012, 
          11002
        ], 
        [
          5, 
          73512, 
          11002
        ]
      ]
    }
  }, 
  {
    "pk": 1014, 
    "model": "npc.npcformation", 
    "fields": {
      "staffs": [
        [
          0, 
          76514, 
          20502
        ], 
        [
          1, 
          77014, 
          21002
        ], 
        [
          2, 
          77514, 
          20002
        ], 
        [
          3, 
          78014, 
          20002
        ], 
        [
          4, 
          78514, 
          21002
        ], 
        [
          5, 
          79014, 
          21502
        ]
      ]
    }
  }, 
  {
    "pk": 1015, 
    "model": "npc.npcformation", 
    "fields": {
      "staffs": [
        [
          2, 
          81015, 
          31003
        ], 
        [
          3, 
          81515, 
          31003
        ], 
        [
          7, 
          82015, 
          31003
        ], 
        [
          8, 
          82515, 
          30503
        ], 
        [
          9, 
          83015, 
          30503
        ], 
        [
          10, 
          83515, 
          30503
        ]
      ]
    }
  }, 
  {
    "pk": 1016, 
    "model": "npc.npcformation", 
    "fields": {
      "staffs": [
        [
          1, 
          71516, 
          10003
        ], 
        [
          2, 
          72016, 
          10003
        ], 
        [
          3, 
          72516, 
          10003
        ], 
        [
          4, 
          73016, 
          10003
        ], 
        [
          8, 
          73516, 
          11003
        ], 
        [
          9, 
          74016, 
          11003
        ]
      ]
    }
  }, 
  {
    "pk": 1017, 
    "model": "npc.npcformation", 
    "fields": {
      "staffs": [
        [
          2, 
          77018, 
          20004
        ], 
        [
          3, 
          77518, 
          20004
        ], 
        [
          7, 
          78018, 
          20504
        ], 
        [
          8, 
          78518, 
          20504
        ], 
        [
          9, 
          79018, 
          21504
        ], 
        [
          10, 
          79518, 
          22004
        ]
      ]
    }
  }, 
  {
    "pk": 1018, 
    "model": "npc.npcformation", 
    "fields": {
      "staffs": [
        [
          2, 
          81520, 
          30004
        ], 
        [
          3, 
          82020, 
          30004
        ], 
        [
          7, 
          82520, 
          31504
        ], 
        [
          8, 
          83020, 
          31504
        ], 
        [
          9, 
          83520, 
          32004
        ], 
        [
          10, 
          84020, 
          30504
        ]
      ]
    }
  }, 
  {
    "pk": 1019, 
    "model": "npc.npcformation", 
    "fields": {
      "staffs": [
        [
          1, 
          72021, 
          11005
        ], 
        [
          2, 
          72521, 
          10005
        ], 
        [
          3, 
          73021, 
          10005
        ], 
        [
          4, 
          74021, 
          11005
        ], 
        [
          8, 
          73521, 
          11505
        ], 
        [
          9, 
          74521, 
          11505
        ]
      ]
    }
  }, 
  {
    "pk": 1020, 
    "model": "npc.npcformation", 
    "fields": {
      "staffs": [
        [
          0, 
          77523, 
          20505
        ], 
        [
          1, 
          78023, 
          20505
        ], 
        [
          2, 
          78523, 
          20005
        ], 
        [
          3, 
          79023, 
          20005
        ], 
        [
          4, 
          79523, 
          20505
        ], 
        [
          5, 
          75023, 
          20505
        ]
      ]
    }
  }, 
  {
    "pk": 1021, 
    "model": "npc.npcformation", 
    "fields": {
      "staffs": [
        [
          2, 
          82025, 
          30506
        ], 
        [
          3, 
          82525, 
          30506
        ], 
        [
          4, 
          83025, 
          30506
        ], 
        [
          8, 
          83525, 
          31506
        ], 
        [
          9, 
          84525, 
          32006
        ], 
        [
          10, 
          84025, 
          31506
        ]
      ]
    }
  }, 
  {
    "pk": 1022, 
    "model": "npc.npcformation", 
    "fields": {
      "staffs": [
        [
          0, 
          70027, 
          11006
        ], 
        [
          1, 
          70527, 
          10006
        ], 
        [
          2, 
          71027, 
          10506
        ], 
        [
          3, 
          72527, 
          10506
        ], 
        [
          4, 
          73527, 
          10006
        ], 
        [
          5, 
          74027, 
          11006
        ]
      ]
    }
  }, 
  {
    "pk": 1023, 
    "model": "npc.npcformation", 
    "fields": {
      "staffs": [
        [
          0, 
          75029, 
          20507
        ], 
        [
          5, 
          76029, 
          20507
        ], 
        [
          7, 
          76529, 
          20007
        ], 
        [
          10, 
          77529, 
          20007
        ], 
        [
          14, 
          78029, 
          21007
        ], 
        [
          15, 
          79029, 
          21007
        ]
      ]
    }
  }, 
  {
    "pk": 1024, 
    "model": "npc.npcformation", 
    "fields": {
      "staffs": [
        [
          2, 
          80032, 
          31008
        ], 
        [
          3, 
          82032, 
          31008
        ], 
        [
          7, 
          82532, 
          30508
        ], 
        [
          8, 
          83032, 
          30508
        ], 
        [
          9, 
          83532, 
          30508
        ], 
        [
          10, 
          84532, 
          30508
        ]
      ]
    }
  }, 
  {
    "pk": 1025, 
    "model": "npc.npcformation", 
    "fields": {
      "staffs": [
        [
          1, 
          70534, 
          11008
        ], 
        [
          2, 
          71034, 
          11008
        ], 
        [
          3, 
          72034, 
          10008
        ], 
        [
          4, 
          74534, 
          10008
        ], 
        [
          8, 
          74034, 
          12008
        ], 
        [
          11, 
          73534, 
          11508
        ]
      ]
    }
  }, 
  {
    "pk": 1026, 
    "model": "npc.npcformation", 
    "fields": {
      "staffs": [
        [
          2, 
          75537, 
          20009
        ], 
        [
          3, 
          76037, 
          20009
        ], 
        [
          7, 
          76537, 
          20509
        ], 
        [
          8, 
          77037, 
          20509
        ], 
        [
          9, 
          77537, 
          21509
        ], 
        [
          10, 
          78037, 
          22009
        ]
      ]
    }
  }, 
  {
    "pk": 1027, 
    "model": "npc.npcformation", 
    "fields": {
      "staffs": [
        [
          0, 
          80539, 
          30510
        ], 
        [
          1, 
          84539, 
          30010
        ], 
        [
          2, 
          81539, 
          31010
        ], 
        [
          3, 
          84039, 
          31010
        ], 
        [
          4, 
          83539, 
          30010
        ], 
        [
          5, 
          83039, 
          30510
        ]
      ]
    }
  }, 
  {
    "pk": 1028, 
    "model": "npc.npcformation", 
    "fields": {
      "staffs": [
        [
          0, 
          71042, 
          11011
        ], 
        [
          5, 
          73042, 
          11011
        ], 
        [
          7, 
          73542, 
          10511
        ], 
        [
          10, 
          74042, 
          10511
        ], 
        [
          14, 
          74542, 
          10011
        ], 
        [
          15, 
          70042, 
          10011
        ]
      ]
    }
  }, 
  {
    "pk": 1029, 
    "model": "npc.npcformation", 
    "fields": {
      "staffs": [
        [
          2, 
          76045, 
          20012
        ], 
        [
          3, 
          78045, 
          20012
        ], 
        [
          7, 
          78545, 
          20512
        ], 
        [
          8, 
          79045, 
          20512
        ], 
        [
          9, 
          79545, 
          20512
        ], 
        [
          10, 
          76045, 
          22012
        ]
      ]
    }
  }, 
  {
    "pk": 1030, 
    "model": "npc.npcformation", 
    "fields": {
      "staffs": [
        [
          2, 
          81048, 
          31013
        ], 
        [
          3, 
          83048, 
          31013
        ], 
        [
          7, 
          83548, 
          31513
        ], 
        [
          8, 
          84048, 
          31513
        ], 
        [
          9, 
          80548, 
          31513
        ], 
        [
          10, 
          82048, 
          31513
        ]
      ]
    }
  }, 
  {
    "pk": 1031, 
    "model": "npc.npcformation", 
    "fields": {
      "staffs": [
        [
          0, 
          71551, 
          11013
        ], 
        [
          1, 
          73551, 
          10013
        ], 
        [
          2, 
          74051, 
          10513
        ], 
        [
          3, 
          74551, 
          10513
        ], 
        [
          4, 
          70551, 
          10013
        ], 
        [
          5, 
          71051, 
          11013
        ]
      ]
    }
  }, 
  {
    "pk": 1032, 
    "model": "npc.npcformation", 
    "fields": {
      "staffs": [
        [
          0, 
          76554, 
          20514
        ], 
        [
          5, 
          78554, 
          20514
        ], 
        [
          7, 
          79054, 
          21014
        ], 
        [
          10, 
          79554, 
          21014
        ], 
        [
          14, 
          76554, 
          22014
        ], 
        [
          15, 
          77054, 
          22014
        ]
      ]
    }
  }, 
  {
    "pk": 1033, 
    "model": "npc.npcformation", 
    "fields": {
      "staffs": [
        [
          2, 
          81557, 
          31515
        ], 
        [
          3, 
          83557, 
          31515
        ], 
        [
          7, 
          84057, 
          32015
        ], 
        [
          8, 
          81057, 
          32015
        ], 
        [
          9, 
          84557, 
          31515
        ], 
        [
          10, 
          82057, 
          31515
        ]
      ]
    }
  }, 
  {
    "pk": 1034, 
    "model": "npc.npcformation", 
    "fields": {
      "staffs": [
        [
          2, 
          72060, 
          10516
        ], 
        [
          3, 
          74060, 
          10516
        ], 
        [
          7, 
          70060, 
          12016
        ], 
        [
          8, 
          71060, 
          11016
        ], 
        [
          9, 
          73060, 
          11016
        ], 
        [
          10, 
          74060, 
          12016
        ]
      ]
    }
  }, 
  {
    "pk": 1035, 
    "model": "npc.npcformation", 
    "fields": {
      "staffs": [
        [
          0, 
          77064, 
          21517
        ], 
        [
          1, 
          79064, 
          20517
        ], 
        [
          2, 
          75064, 
          21017
        ], 
        [
          3, 
          76064, 
          21017
        ], 
        [
          4, 
          78064, 
          22017
        ], 
        [
          5, 
          79564, 
          22017
        ]
      ]
    }
  }, 
  {
    "pk": 1036, 
    "model": "npc.npcformation", 
    "fields": {
      "staffs": [
        [
          0, 
          82067, 
          30519
        ], 
        [
          5, 
          84067, 
          30519
        ], 
        [
          7, 
          80067, 
          30519
        ], 
        [
          10, 
          81067, 
          30519
        ], 
        [
          14, 
          83067, 
          30519
        ], 
        [
          15, 
          83567, 
          30519
        ]
      ]
    }
  }
]