[
  {
    "pk": 1, 
    "model": "plunder.plundernpc", 
    "fields": {
      "level_low": 15, 
      "way_two": [
        2010, 
        2009, 
        2008, 
        2007, 
        2006, 
        2005, 
        2004, 
        2003, 
        2002, 
        2001, 
        2000
      ], 
      "way_one": [
        2010, 
        2009, 
        2008, 
        2007, 
        2006, 
        2005, 
        2004, 
        2003, 
        2002, 
        2001, 
        2000
      ], 
      "way_three": [
        2010, 
        2009, 
        2008, 
        2007, 
        2006, 
        2005, 
        2004, 
        2003, 
        2002, 
        2001, 
        2000
      ], 
      "level_high": 24
    }
  }, 
  {
    "pk": 2, 
    "model": "plunder.plundernpc", 
    "fields": {
      "level_low": 25, 
      "way_two": [
        2110, 
        2109, 
        2108, 
        2107, 
        2106, 
        2105, 
        2104, 
        2103, 
        2102, 
        2101, 
        2100
      ], 
      "way_one": [
        2110, 
        2109, 
        2108, 
        2107, 
        2106, 
        2105, 
        2104, 
        2103, 
        2102, 
        2101, 
        2100
      ], 
      "way_three": [
        2110, 
        2109, 
        2108, 
        2107, 
        2106, 
        2105, 
        2104, 
        2103, 
        2102, 
        2101, 
        2100
      ], 
      "level_high": 34
    }
  }, 
  {
    "pk": 3, 
    "model": "plunder.plundernpc", 
    "fields": {
      "level_low": 35, 
      "way_two": [
        2210, 
        2209, 
        2208, 
        2207, 
        2206, 
        2205, 
        2204, 
        2203, 
        2202, 
        2201, 
        2200
      ], 
      "way_one": [
        2210, 
        2209, 
        2208, 
        2207, 
        2206, 
        2205, 
        2204, 
        2203, 
        2202, 
        2201, 
        2200
      ], 
      "way_three": [
        2210, 
        2209, 
        2208, 
        2207, 
        2206, 
        2205, 
        2204, 
        2203, 
        2202, 
        2201, 
        2200
      ], 
      "level_high": 44
    }
  }, 
  {
    "pk": 4, 
    "model": "plunder.plundernpc", 
    "fields": {
      "level_low": 45, 
      "way_two": [
        2310, 
        2309, 
        2308, 
        2307, 
        2306, 
        2305, 
        2304, 
        2303, 
        2302, 
        2301, 
        2300
      ], 
      "way_one": [
        2310, 
        2309, 
        2308, 
        2307, 
        2306, 
        2305, 
        2304, 
        2303, 
        2302, 
        2301, 
        2300
      ], 
      "way_three": [
        2310, 
        2309, 
        2308, 
        2307, 
        2306, 
        2305, 
        2304, 
        2303, 
        2302, 
        2301, 
        2300
      ], 
      "level_high": 54
    }
  }, 
  {
    "pk": 5, 
    "model": "plunder.plundernpc", 
    "fields": {
      "level_low": 55, 
      "way_two": [
        2410, 
        2409, 
        2408, 
        2407, 
        2406, 
        2405, 
        2404, 
        2403, 
        2402, 
        2401, 
        2400
      ], 
      "way_one": [
        2410, 
        2409, 
        2408, 
        2407, 
        2406, 
        2405, 
        2404, 
        2403, 
        2402, 
        2401, 
        2400
      ], 
      "way_three": [
        2410, 
        2409, 
        2408, 
        2407, 
        2406, 
        2405, 
        2404, 
        2403, 
        2402, 
        2401, 
        2400
      ], 
      "level_high": 64
    }
  }, 
  {
    "pk": 6, 
    "model": "plunder.plundernpc", 
    "fields": {
      "level_low": 65, 
      "way_two": [
        2510, 
        2509, 
        2508, 
        2507, 
        2506, 
        2505, 
        2504, 
        2503, 
        2502, 
        2501, 
        2500
      ], 
      "way_one": [
        2510, 
        2509, 
        2508, 
        2507, 
        2506, 
        2505, 
        2504, 
        2503, 
        2502, 
        2501, 
        2500
      ], 
      "way_three": [
        2510, 
        2509, 
        2508, 
        2507, 
        2506, 
        2505, 
        2504, 
        2503, 
        2502, 
        2501, 
        2500
      ], 
      "level_high": 74
    }
  }, 
  {
    "pk": 7, 
    "model": "plunder.plundernpc", 
    "fields": {
      "level_low": 75, 
      "way_two": [
        2610, 
        2609, 
        2608, 
        2607, 
        2606, 
        2605, 
        2604, 
        2603, 
        2602, 
        2601, 
        2600
      ], 
      "way_one": [
        2610, 
        2609, 
        2608, 
        2607, 
        2606, 
        2605, 
        2604, 
        2603, 
        2602, 
        2601, 
        2600
      ], 
      "way_three": [
        2610, 
        2609, 
        2608, 
        2607, 
        2606, 
        2605, 
        2604, 
        2603, 
        2602, 
        2601, 
        2600
      ], 
      "level_high": 75
    }
  }
]