[
  {
    "pk": 6, 
    "model": "plunder.plunderdayreward", 
    "fields": {
      "reward": [
        [
          30001, 
          30000
        ], 
        [
          30000, 
          5
        ]
      ]
    }
  }, 
  {
    "pk": 9, 
    "model": "plunder.plunderdayreward", 
    "fields": {
      "reward": [
        [
          30001, 
          35000
        ], 
        [
          30000, 
          5
        ]
      ]
    }
  }, 
  {
    "pk": 12, 
    "model": "plunder.plunderdayreward", 
    "fields": {
      "reward": [
        [
          30001, 
          40000
        ], 
        [
          30000, 
          5
        ], 
        [
          30023, 
          40
        ]
      ]
    }
  }, 
  {
    "pk": 15, 
    "model": "plunder.plunderdayreward", 
    "fields": {
      "reward": [
        [
          30001, 
          45000
        ], 
        [
          30000, 
          5
        ], 
        [
          30023, 
          50
        ]
      ]
    }
  }, 
  {
    "pk": 18, 
    "model": "plunder.plunderdayreward", 
    "fields": {
      "reward": [
        [
          30001, 
          50000
        ], 
        [
          30000, 
          10
        ], 
        [
          30023, 
          60
        ]
      ]
    }
  }, 
  {
    "pk": 21, 
    "model": "plunder.plunderdayreward", 
    "fields": {
      "reward": [
        [
          30001, 
          60000
        ], 
        [
          30023, 
          80
        ], 
        [
          30019, 
          50
        ]
      ]
    }
  }
]