[
{
    "fields": {
        "advantage_add_round": 1,
        "des": "\u5feb\u653b\u6218\u672f\uff0c\u7528\u6700\u5feb\u7684\u901f\u5ea6\u51fb\u6e83\u5bf9\u624b",
        "name": "\u5feb\u653b\u6218\u672f",
        "advantage_add_value": 5,
        "icon": "IC_kuaishu_2"
    },
    "model": "unit.policy",
    "pk": 1
},
{
    "fields": {
        "advantage_add_round": 2,
        "des": "\u79d1\u6280\u6218\u672f\uff0c\u62e5\u6709\u6700\u5f3a\u7684\u5175\u79cd\u4f5c\u6218\u80fd\u529b",
        "name": "\u79d1\u6280\u6218\u672f",
        "advantage_add_value": 5,
        "icon": "IC_keji_2"
    },
    "model": "unit.policy",
    "pk": 2
},
{
    "fields": {
        "advantage_add_round": 3,
        "des": "\u6269\u5f20\u6218\u672f\uff0c\u62e5\u6709\u6570\u91cf\u6700\u591a\u7684\u5175\u79cd",
        "name": "\u6269\u5f20\u6218\u672f",
        "advantage_add_value": 5,
        "icon": "IC_kuozhang_2"
    },
    "model": "unit.policy",
    "pk": 3
}
]
