[
{
    "model": "purchase.purchasegoods",
    "pk": 1,
    "fields": {
        "name": "60",
        "des": "\u989d\u5916\u83b7\u5f9710\u94bb",
        "rmb": 6,
        "vip_exp": 60,
        "diamond": 60,
        "diamond_extra": 10,
        "ios_product_id": "com.mztimes.starcraft.xingjibaye.6yuan"
    }
},
{
    "model": "purchase.purchasegoods",
    "pk": 2,
    "fields": {
        "name": "300",
        "des": "\u989d\u5916\u83b7\u5f9740\u94bb",
        "rmb": 30,
        "vip_exp": 300,
        "diamond": 300,
        "diamond_extra": 40,
        "ios_product_id": "com.mztimes.starcraft.xingjibaye.30yuan"
    }
},
{
    "model": "purchase.purchasegoods",
    "pk": 3,
    "fields": {
        "name": "680",
        "des": "\u989d\u5916\u83b7\u5f9780\u94bb",
        "rmb": 68,
        "vip_exp": 680,
        "diamond": 680,
        "diamond_extra": 80,
        "ios_product_id": "com.mztimes.starcraft.xingjibaye.68yuan"
    }
},
{
    "model": "purchase.purchasegoods",
    "pk": 4,
    "fields": {
        "name": "1280",
        "des": "\u989d\u5916\u83b7\u5f97150\u94bb",
        "rmb": 128,
        "vip_exp": 1280,
        "diamond": 1280,
        "diamond_extra": 150,
        "ios_product_id": "com.mztimes.starcraft.xingjibaye.128yuan"
    }
},
{
    "model": "purchase.purchasegoods",
    "pk": 5,
    "fields": {
        "name": "3280",
        "des": "\u989d\u5916\u83b7\u5f97400\u94bb",
        "rmb": 328,
        "vip_exp": 3280,
        "diamond": 3280,
        "diamond_extra": 400,
        "ios_product_id": "com.mztimes.starcraft.xingjibaye.328yuan"
    }
},
{
    "model": "purchase.purchasegoods",
    "pk": 6,
    "fields": {
        "name": "6480",
        "des": "\u989d\u5916\u83b7\u5f97800\u94bb",
        "rmb": 648,
        "vip_exp": 6480,
        "diamond": 6480,
        "diamond_extra": 800,
        "ios_product_id": "com.mztimes.starcraft.xingjibaye.648yuan"
    }
}
]
