[
  {
    "pk": 60200, 
    "fields": {
      "qianban": {
        "21": {
          "name": "\u64c5\u957f\u5175\u79cd", 
          "talent_effect_id": 60010, 
          "des": "\u643a\u5e26\u8df3\u866b,\u5bc4\u751f\u738b\u866b\u65f6\u8be5\u5175\u79cd\u653b\u51fb\u529b+10%", 
          "condition_tp": 1, 
          "condition_value": [
            201, 
            205
          ], 
          "story_des": "21"
        }
      }
    }
  }, 
  {
    "pk": 60201, 
    "fields": {
      "qianban": {
        "22": {
          "name": "\u64c5\u957f\u5175\u79cd", 
          "talent_effect_id": 60011, 
          "des": "\u643a\u5e26\u87d1\u8782\u65f6\u8be5\u5175\u79cd\u62a4\u7532+8%\uff0c\u751f\u547d8%", 
          "condition_tp": 1, 
          "condition_value": [
            203
          ], 
          "story_des": "22"
        }
      }
    }
  }, 
  {
    "pk": 60202, 
    "fields": {
      "qianban": {
        "23": {
          "name": "\u64c5\u957f\u5175\u79cd", 
          "talent_effect_id": 60012, 
          "des": "\u643a\u5e26\u98de\u9f99\uff0c\u523a\u86c7\u65f6\u8be5\u5175\u79cd\u653b\u51fb\u529b+5%\uff0c\u62a4\u75325%\uff0c\u751f\u547d5%", 
          "condition_tp": 1, 
          "condition_value": [
            202, 
            204
          ], 
          "story_des": "23"
        }
      }
    }
  }, 
  {
    "pk": 60203, 
    "fields": {
      "qianban": {
        "24": {
          "name": "\u64c5\u957f\u5175\u79cd", 
          "talent_effect_id": 60010, 
          "des": "\u643a\u5e26\u8df3\u866b,\u5bc4\u751f\u738b\u866b\u65f6\u8be5\u5175\u79cd\u653b\u51fb\u529b+10%", 
          "condition_tp": 1, 
          "condition_value": [
            201, 
            205
          ], 
          "story_des": "24"
        }
      }
    }
  }, 
  {
    "pk": 60204, 
    "fields": {
      "qianban": {
        "25": {
          "name": "\u64c5\u957f\u5175\u79cd", 
          "talent_effect_id": 60012, 
          "des": "\u643a\u5e26\u98de\u9f99\uff0c\u523a\u86c7\u65f6\u8be5\u5175\u79cd\u653b\u51fb\u529b+5%\uff0c\u62a4\u75325%\uff0c\u751f\u547d5%", 
          "condition_tp": 1, 
          "condition_value": [
            202, 
            204
          ], 
          "story_des": "25"
        }
      }
    }
  }, 
  {
    "pk": 60205, 
    "fields": {
      "qianban": {
        "26": {
          "name": "\u64c5\u957f\u5175\u79cd", 
          "talent_effect_id": 60010, 
          "des": "\u643a\u5e26\u8df3\u866b,\u5bc4\u751f\u738b\u866b\u65f6\u8be5\u5175\u79cd\u653b\u51fb\u529b+10%", 
          "condition_tp": 1, 
          "condition_value": [
            201, 
            205
          ], 
          "story_des": "26"
        }
      }
    }
  }, 
  {
    "pk": 60206, 
    "fields": {
      "qianban": {
        "27": {
          "name": "\u64c5\u957f\u5175\u79cd", 
          "talent_effect_id": 60011, 
          "des": "\u643a\u5e26\u87d1\u8782\u65f6\u8be5\u5175\u79cd\u62a4\u7532+8%\uff0c\u751f\u547d8%", 
          "condition_tp": 1, 
          "condition_value": [
            203
          ], 
          "story_des": "27"
        }
      }
    }
  }, 
  {
    "pk": 60207, 
    "fields": {
      "qianban": {
        "28": {
          "name": "\u64c5\u957f\u5175\u79cd", 
          "talent_effect_id": 60011, 
          "des": "\u643a\u5e26\u87d1\u8782\u65f6\u8be5\u5175\u79cd\u62a4\u7532+8%\uff0c\u751f\u547d8%", 
          "condition_tp": 1, 
          "condition_value": [
            203
          ], 
          "story_des": "28"
        }
      }
    }
  }, 
  {
    "pk": 60208, 
    "fields": {
      "qianban": {
        "29": {
          "name": "\u64c5\u957f\u5175\u79cd", 
          "talent_effect_id": 60010, 
          "des": "\u643a\u5e26\u8df3\u866b,\u5bc4\u751f\u738b\u866b\u65f6\u8be5\u5175\u79cd\u653b\u51fb\u529b+10%", 
          "condition_tp": 1, 
          "condition_value": [
            201, 
            205
          ], 
          "story_des": "29"
        }
      }
    }
  }, 
  {
    "pk": 60209, 
    "fields": {
      "qianban": {
        "30": {
          "name": "\u64c5\u957f\u5175\u79cd", 
          "talent_effect_id": 60012, 
          "des": "\u643a\u5e26\u98de\u9f99\uff0c\u523a\u86c7\u65f6\u8be5\u5175\u79cd\u653b\u51fb\u529b+5%\uff0c\u62a4\u75325%\uff0c\u751f\u547d5%", 
          "condition_tp": 1, 
          "condition_value": [
            202, 
            204
          ], 
          "story_des": "30"
        }
      }
    }
  }, 
  {
    "pk": 60100, 
    "fields": {
      "qianban": {
        "11": {
          "name": "\u64c5\u957f\u5175\u79cd", 
          "talent_effect_id": 60010, 
          "des": "\u643a\u5e26\u51e4\u51f0\u6218\u673a\uff0c\u9ed1\u6697\u5723\u5802\u65f6\u8be5\u5175\u79cd\u653b\u51fb\u529b+10%", 
          "condition_tp": 1, 
          "condition_value": [
            104, 
            103
          ], 
          "story_des": "11"
        }
      }
    }
  }, 
  {
    "pk": 60101, 
    "fields": {
      "qianban": {
        "12": {
          "name": "\u64c5\u957f\u5175\u79cd", 
          "talent_effect_id": 60010, 
          "des": "\u643a\u5e26\u51e4\u51f0\u6218\u673a\uff0c\u9ed1\u6697\u5723\u5802\u65f6\u8be5\u5175\u79cd\u653b\u51fb\u529b+10%", 
          "condition_tp": 1, 
          "condition_value": [
            104, 
            103
          ], 
          "story_des": "12"
        }
      }
    }
  }, 
  {
    "pk": 60102, 
    "fields": {
      "qianban": {
        "13": {
          "name": "\u64c5\u957f\u5175\u79cd", 
          "talent_effect_id": 60010, 
          "des": "\u643a\u5e26\u51e4\u51f0\u6218\u673a\uff0c\u9ed1\u6697\u5723\u5802\u65f6\u8be5\u5175\u79cd\u653b\u51fb\u529b+10%", 
          "condition_tp": 1, 
          "condition_value": [
            104, 
            103
          ], 
          "story_des": "13"
        }
      }
    }
  }, 
  {
    "pk": 60103, 
    "fields": {
      "qianban": {
        "14": {
          "name": "\u64c5\u957f\u5175\u79cd", 
          "talent_effect_id": 60012, 
          "des": "\u643a\u5e26\u8ffd\u730e\u8005\uff0c\u865a\u7a7a\u6218\u8230\u65f6\u8be5\u5175\u79cd\u653b\u51fb\u529b+5%\uff0c\u62a4\u75325%\uff0c\u751f\u547d5%", 
          "condition_tp": 1, 
          "condition_value": [
            102, 
            105
          ], 
          "story_des": "14"
        }
      }
    }
  }, 
  {
    "pk": 60104, 
    "fields": {
      "qianban": {
        "15": {
          "name": "\u64c5\u957f\u5175\u79cd", 
          "talent_effect_id": 60012, 
          "des": "\u643a\u5e26\u8ffd\u730e\u8005\uff0c\u865a\u7a7a\u6218\u8230\u65f6\u8be5\u5175\u79cd\u653b\u51fb\u529b+5%\uff0c\u62a4\u75325%\uff0c\u751f\u547d5%", 
          "condition_tp": 1, 
          "condition_value": [
            102, 
            105
          ], 
          "story_des": "15"
        }
      }
    }
  }, 
  {
    "pk": 60105, 
    "fields": {
      "qianban": {
        "16": {
          "name": "\u64c5\u957f\u5175\u79cd", 
          "talent_effect_id": 60011, 
          "des": "\u643a\u5e26\u72c2\u70ed\u8005\u65f6\u8be5\u5175\u79cd\u62a4\u7532+8%\uff0c\u751f\u547d8%", 
          "condition_tp": 1, 
          "condition_value": [
            101
          ], 
          "story_des": "16"
        }
      }
    }
  }, 
  {
    "pk": 60106, 
    "fields": {
      "qianban": {
        "17": {
          "name": "\u64c5\u957f\u5175\u79cd", 
          "talent_effect_id": 60011, 
          "des": "\u643a\u5e26\u72c2\u70ed\u8005\u65f6\u8be5\u5175\u79cd\u62a4\u7532+8%\uff0c\u751f\u547d8%", 
          "condition_tp": 1, 
          "condition_value": [
            101
          ], 
          "story_des": "17"
        }
      }
    }
  }, 
  {
    "pk": 60107, 
    "fields": {
      "qianban": {
        "18": {
          "name": "\u64c5\u957f\u5175\u79cd", 
          "talent_effect_id": 60012, 
          "des": "\u643a\u5e26\u8ffd\u730e\u8005\uff0c\u865a\u7a7a\u6218\u8230\u65f6\u8be5\u5175\u79cd\u653b\u51fb\u529b+5%\uff0c\u62a4\u75325%\uff0c\u751f\u547d5%", 
          "condition_tp": 1, 
          "condition_value": [
            102, 
            105
          ], 
          "story_des": "18"
        }
      }
    }
  }, 
  {
    "pk": 60108, 
    "fields": {
      "qianban": {
        "19": {
          "name": "\u64c5\u957f\u5175\u79cd", 
          "talent_effect_id": 60010, 
          "des": "\u643a\u5e26\u51e4\u51f0\u6218\u673a\uff0c\u9ed1\u6697\u5723\u5802\u65f6\u8be5\u5175\u79cd\u653b\u51fb\u529b+10%", 
          "condition_tp": 1, 
          "condition_value": [
            104, 
            103
          ], 
          "story_des": "19"
        }
      }
    }
  }, 
  {
    "pk": 60109, 
    "fields": {
      "qianban": {
        "20": {
          "name": "\u64c5\u957f\u5175\u79cd", 
          "talent_effect_id": 60010, 
          "des": "\u643a\u5e26\u51e4\u51f0\u6218\u673a\uff0c\u9ed1\u6697\u5723\u5802\u65f6\u8be5\u5175\u79cd\u653b\u51fb\u529b+10%", 
          "condition_tp": 1, 
          "condition_value": [
            104, 
            103
          ], 
          "story_des": "20"
        }
      }
    }
  }, 
  {
    "pk": 60000, 
    "fields": {
      "qianban": {
        "1": {
          "name": "\u64c5\u957f\u5175\u79cd", 
          "talent_effect_id": 60011, 
          "des": "\u643a\u5e26\u63a0\u593a\u8005\uff0c\u533b\u7597\u98de\u8239\u65f6\u8be5\u5175\u79cd\u62a4\u7532+8%\uff0c\u751f\u547d8%", 
          "condition_tp": 1, 
          "condition_value": [
            2, 
            4
          ], 
          "story_des": "1"
        }
      }
    }
  }, 
  {
    "pk": 60001, 
    "fields": {
      "qianban": {
        "2": {
          "name": "\u64c5\u957f\u5175\u79cd", 
          "talent_effect_id": 60011, 
          "des": "\u643a\u5e26\u63a0\u593a\u8005\uff0c\u533b\u7597\u98de\u8239\u65f6\u8be5\u5175\u79cd\u62a4\u7532+8%\uff0c\u751f\u547d8%", 
          "condition_tp": 1, 
          "condition_value": [
            2, 
            4
          ], 
          "story_des": "2"
        }
      }
    }
  }, 
  {
    "pk": 60002, 
    "fields": {
      "qianban": {
        "3": {
          "name": "\u64c5\u957f\u5175\u79cd", 
          "talent_effect_id": 60012, 
          "des": "\u643a\u5e26\u673a\u67aa\u5175\uff0c\u7ef4\u4eac\u6218\u673a\u65f6\u8be5\u5175\u79cd\u653b\u51fb\u529b+5%\uff0c\u62a4\u75325%\uff0c\u751f\u547d5%", 
          "condition_tp": 1, 
          "condition_value": [
            1, 
            5
          ], 
          "story_des": "3"
        }
      }
    }
  }, 
  {
    "pk": 60003, 
    "fields": {
      "qianban": {
        "4": {
          "name": "\u64c5\u957f\u5175\u79cd", 
          "talent_effect_id": 60010, 
          "des": "\u643a\u5e26\u5766\u514b\u65f6\u8be5\u5175\u79cd\u653b\u51fb\u529b+10%", 
          "condition_tp": 1, 
          "condition_value": [
            3
          ], 
          "story_des": "4"
        }
      }
    }
  }, 
  {
    "pk": 60004, 
    "fields": {
      "qianban": {
        "5": {
          "name": "\u64c5\u957f\u5175\u79cd", 
          "talent_effect_id": 60011, 
          "des": "\u643a\u5e26\u63a0\u593a\u8005\uff0c\u533b\u7597\u98de\u8239\u65f6\u8be5\u5175\u79cd\u62a4\u7532+8%\uff0c\u751f\u547d8%", 
          "condition_tp": 1, 
          "condition_value": [
            2, 
            4
          ], 
          "story_des": "5"
        }
      }
    }
  }, 
  {
    "pk": 60005, 
    "fields": {
      "qianban": {
        "6": {
          "name": "\u64c5\u957f\u5175\u79cd", 
          "talent_effect_id": 60012, 
          "des": "\u643a\u5e26\u673a\u67aa\u5175\uff0c\u7ef4\u4eac\u6218\u673a\u65f6\u8be5\u5175\u79cd\u653b\u51fb\u529b+5%\uff0c\u62a4\u75325%\uff0c\u751f\u547d5%", 
          "condition_tp": 1, 
          "condition_value": [
            1, 
            5
          ], 
          "story_des": "6"
        }
      }
    }
  }, 
  {
    "pk": 60006, 
    "fields": {
      "qianban": {
        "7": {
          "name": "\u64c5\u957f\u5175\u79cd", 
          "talent_effect_id": 60012, 
          "des": "\u643a\u5e26\u673a\u67aa\u5175\uff0c\u7ef4\u4eac\u6218\u673a\u65f6\u8be5\u5175\u79cd\u653b\u51fb\u529b+5%\uff0c\u62a4\u75325%\uff0c\u751f\u547d5%", 
          "condition_tp": 1, 
          "condition_value": [
            1, 
            5
          ], 
          "story_des": "7"
        }
      }
    }
  }, 
  {
    "pk": 60007, 
    "fields": {
      "qianban": {
        "8": {
          "name": "\u64c5\u957f\u5175\u79cd", 
          "talent_effect_id": 60012, 
          "des": "\u643a\u5e26\u673a\u67aa\u5175\uff0c\u7ef4\u4eac\u6218\u673a\u65f6\u8be5\u5175\u79cd\u653b\u51fb\u529b+5%\uff0c\u62a4\u75325%\uff0c\u751f\u547d5%", 
          "condition_tp": 1, 
          "condition_value": [
            1, 
            5
          ], 
          "story_des": "8"
        }
      }
    }
  }, 
  {
    "pk": 60008, 
    "fields": {
      "qianban": {
        "9": {
          "name": "\u64c5\u957f\u5175\u79cd", 
          "talent_effect_id": 60010, 
          "des": "\u643a\u5e26\u5766\u514b\u65f6\u8be5\u5175\u79cd\u653b\u51fb\u529b+10%", 
          "condition_tp": 1, 
          "condition_value": [
            3
          ], 
          "story_des": "9"
        }
      }
    }
  }, 
  {
    "pk": 60009, 
    "fields": {
      "qianban": {
        "10": {
          "name": "\u64c5\u957f\u5175\u79cd", 
          "talent_effect_id": 60010, 
          "des": "\u643a\u5e26\u5766\u514b\u65f6\u8be5\u5175\u79cd\u653b\u51fb\u529b+10%", 
          "condition_tp": 1, 
          "condition_value": [
            3
          ], 
          "story_des": "10"
        }
      }
    }
  }
]