[
  {
    "fields": {
      "addition_tp": "fangshou", 
      "addition_property": 20, 
      "name": "\u6002\u795e\u964d\u4e34", 
      "des": "\u88c5\u5907\u865a\u7a7a\u6280\u80fd\uff0c\u9632\u5b88\u52a020%", 
      "condition_tp": 2, 
      "addition_skill": {}, 
      "condition_value": [
        21
      ]
    }, 
    "model": "qianban.qianban", 
    "pk": 1
  }, 
  {
    "fields": {
      "addition_tp": "yunying", 
      "addition_property": 22, 
      "name": "\u4ea6\u5e08\u4ea6\u53cb", 
      "des": "MacSed\u548cCloudy\u540c\u65f6\u4e0a\u9635\u65f6\uff0c\u8fd0\u8425\u52a022%", 
      "condition_tp": 1, 
      "addition_skill": {}, 
      "condition_value": [
        4
      ]
    }, 
    "model": "qianban.qianban", 
    "pk": 2
  }, 
  {
    "fields": {
      "addition_tp": "skill", 
      "addition_property": 0, 
      "name": "\u95ea\u70c1\u8ffd\u730e", 
      "des": "Macsed\u548cJim\u540c\u65f6\u4e0a\u9635\uff0c\u8ffd\u730e\u6280\u80fd\u63d0\u534720%", 
      "condition_tp": 1, 
      "addition_skill": {
        "13": 20
      }, 
      "condition_value": [
        7
      ]
    }, 
    "model": "qianban.qianban", 
    "pk": 3
  }, 
  {
    "fields": {
      "addition_tp": "jingong", 
      "addition_property": 25, 
      "name": "IG\u56db\u5929\u738b", 
      "des": "Macsed\u3001XY\u3001Xigua\u3001Jim\u540c\u65f6\u4e0a\u9635\uff0c\u8fdb\u653b\u52a025%", 
      "condition_tp": 1, 
      "addition_skill": {}, 
      "condition_value": [
        3, 
        8, 
        10, 
        7
      ]
    }, 
    "model": "qianban.qianban", 
    "pk": 4
  }, 
  {
    "fields": {
      "addition_tp": "skill", 
      "addition_property": 0, 
      "name": "\u8302\u795e", 
      "des": "\u88c5\u5907\u4e3b\u64ad\u6280\u80fd\uff0c\u4e3b\u64ad\u6536\u5165\u589e\u52a01000", 
      "condition_tp": 2, 
      "addition_skill": {
        "38": 1000
      }, 
      "condition_value": [
        38
      ]
    }, 
    "model": "qianban.qianban", 
    "pk": 5
  }, 
  {
    "fields": {
      "addition_tp": "yunying", 
      "addition_property": 20, 
      "name": "\u5927\u54e5\u5c0f\u5f1f", 
      "des": "Edison\u548cCloudy\u540c\u65f6\u4e0a\u9635\uff0c\u8fd0\u8425\u589e\u52a020%", 
      "condition_tp": 1, 
      "addition_skill": {}, 
      "condition_value": [
        4, 
        86
      ]
    }, 
    "model": "qianban.qianban", 
    "pk": 6
  }, 
  {
    "fields": {
      "addition_tp": "yishi", 
      "addition_property": 20, 
      "name": "IG\u5c0f\u5c06", 
      "des": "Cloudy\u548cIA\u540c\u65f6\u4e0a\u9635\uff0c\u610f\u8bc6\u63d0\u9ad820%", 
      "condition_tp": 1, 
      "addition_skill": {}, 
      "condition_value": [
        4, 
        85
      ]
    }, 
    "model": "qianban.qianban", 
    "pk": 7
  }, 
  {
    "fields": {
      "addition_tp": "caozuo", 
      "addition_property": 20, 
      "name": "\u5149\u5934\u54e5", 
      "des": "\u88c5\u5907\u63a0\u593a\u8005\u6280\u80fd\uff0c\u64cd\u4f5c\u52a020%", 
      "condition_tp": 2, 
      "addition_skill": {}, 
      "condition_value": [
        26
      ]
    }, 
    "model": "qianban.qianban", 
    "pk": 8
  }, 
  {
    "fields": {
      "addition_tp": "jingong", 
      "addition_property": 20, 
      "name": "\u624e\u672c", 
      "des": "\u88c5\u5907\u673a\u67aa\u5175\u6280\u80fd\uff0c\u8fdb\u653b\u52a020%", 
      "condition_tp": 2, 
      "addition_skill": {}, 
      "condition_value": [
        25
      ]
    }, 
    "model": "qianban.qianban", 
    "pk": 9
  }, 
  {
    "fields": {
      "addition_tp": "jingong", 
      "addition_property": 20, 
      "name": "\u4e2d\u56fd\u4eba\u65cf", 
      "des": "EIN\u548cXY\u540c\u65f6\u4e0a\u9635\uff0c\u8fdb\u653b\u52a020%", 
      "condition_tp": 1, 
      "addition_skill": {}, 
      "condition_value": [
        5, 
        8
      ]
    }, 
    "model": "qianban.qianban", 
    "pk": 10
  }, 
  {
    "fields": {
      "addition_tp": "xintai", 
      "addition_property": 20, 
      "name": "\u4e1a\u4f59\u5927\u795e", 
      "des": "Ein\u548cNuclear\u540c\u65f6\u4e0a\u9635\uff0c\u5fc3\u6001\u63d0\u534720%", 
      "condition_tp": 1, 
      "addition_skill": {}, 
      "condition_value": [
        5, 
        16
      ]
    }, 
    "model": "qianban.qianban", 
    "pk": 11
  }, 
  {
    "fields": {
      "addition_tp": "baobing", 
      "addition_property": 30, 
      "name": "\u8840\u6027", 
      "des": "\u88c5\u5907\u72c2\u70ed\u8005\u6280\u80fd\uff0c\u66b4\u5175\u52a030%", 
      "condition_tp": 2, 
      "addition_skill": {}, 
      "condition_value": [
        12
      ]
    }, 
    "model": "qianban.qianban", 
    "pk": 12
  }, 
  {
    "fields": {
      "addition_tp": "jingong", 
      "addition_property": 40, 
      "name": "\u4e00\u6ce2\u6d41", 
      "des": "\u88c5\u5907\u4e0d\u673d\u8005\u6280\u80fd\uff0c\u8fdb\u653b\u52a040%", 
      "condition_tp": 2, 
      "addition_skill": {}, 
      "condition_value": [
        18
      ]
    }, 
    "model": "qianban.qianban", 
    "pk": 13
  }, 
  {
    "fields": {
      "addition_tp": "caozuo", 
      "addition_property": 20, 
      "name": "\u5e76\u80a9\u4f5c\u6218", 
      "des": "TOP\u548cMayuki\u540c\u65f6\u4e0a\u9635\uff0c\u64cd\u4f5c\u52a020%", 
      "condition_tp": 1, 
      "addition_skill": {}, 
      "condition_value": [
        15, 
        6
      ]
    }, 
    "model": "qianban.qianban", 
    "pk": 14
  }, 
  {
    "fields": {
      "addition_tp": "jingong", 
      "addition_property": 20, 
      "name": "\u83bd\u592b", 
      "des": "TOP\u548cNostalie\u540c\u65f6\u4e0a\u9635\uff0c\u8fdb\u653b\u52a020%", 
      "condition_tp": 2, 
      "addition_skill": {}, 
      "condition_value": [
        6, 
        14
      ]
    }, 
    "model": "qianban.qianban", 
    "pk": 15
  }, 
  {
    "fields": {
      "addition_tp": "caozuo", 
      "addition_property": 20, 
      "name": "\u8ffd\u730e\u4e00\u6ce2\u6d41", 
      "des": "\u88c5\u5907\u8ffd\u730e\u8005\u6280\u80fd\uff0c\u64cd\u4f5c\u52a020%", 
      "condition_tp": 2, 
      "addition_skill": {}, 
      "condition_value": [
        13
      ]
    }, 
    "model": "qianban.qianban", 
    "pk": 16
  }, 
  {
    "fields": {
      "addition_tp": "xintai", 
      "addition_property": 20, 
      "name": "\u5475\u5475\u4fee\u5854", 
      "des": "Jim\u548cToodming\u540c\u65f6\u4e0a\u9635\uff0c\u5fc3\u6001\u52a020%", 
      "condition_tp": 1, 
      "addition_skill": {}, 
      "condition_value": [
        7, 
        9
      ]
    }, 
    "model": "qianban.qianban", 
    "pk": 17
  }, 
  {
    "fields": {
      "addition_tp": "yunying", 
      "addition_property": 20, 
      "name": "\u534a\u4e2a\u83dc\u9e1f", 
      "des": "\u88c5\u5907\u5766\u514b\u6280\u80fd\uff0c\u8fd0\u8425\u52a020", 
      "condition_tp": 2, 
      "addition_skill": {}, 
      "condition_value": [
        31
      ]
    }, 
    "model": "qianban.qianban", 
    "pk": 18
  }, 
  {
    "fields": {
      "addition_tp": "fangshou", 
      "addition_property": 20, 
      "name": "\u4ee5\u5b88\u4ee3\u653b", 
      "des": "XY\u548cInfi\u540c\u65f6\u4e0a\u9635\uff0c\u9632\u5b88\u52a020%", 
      "condition_tp": 1, 
      "addition_skill": {}, 
      "condition_value": [
        87, 
        8
      ]
    }, 
    "model": "qianban.qianban", 
    "pk": 19
  }, 
  {
    "fields": {
      "addition_tp": "baobing", 
      "addition_property": 20, 
      "name": "\u866b\u65cf\u660e\u7687", 
      "des": "\u88c5\u5907\u8df3\u866b\u6280\u80fd\uff0c\u66b4\u5175\u52a020%", 
      "condition_tp": 2, 
      "addition_skill": {}, 
      "condition_value": [
        1
      ]
    }, 
    "model": "qianban.qianban", 
    "pk": 20
  }, 
  {
    "fields": {
      "addition_tp": "jingong", 
      "addition_property": 20, 
      "name": "\u5bbf\u654c", 
      "des": "Toodming\u548cComm\u540c\u65f6\u4e0a\u9635\uff0c\u8fdb\u653b\u52a020%", 
      "condition_tp": 1, 
      "addition_skill": {}, 
      "condition_value": [
        9, 
        13
      ]
    }, 
    "model": "qianban.qianban", 
    "pk": 21
  }, 
  {
    "fields": {
      "addition_tp": "xintai", 
      "addition_property": 20, 
      "name": "\u60c5\u6df1\u610f\u91cd", 
      "des": "Jim\u548cToodming\u540c\u65f6\u4e0a\u9635\uff0c\u5fc3\u6001\u52a020%", 
      "condition_tp": 1, 
      "addition_skill": {}, 
      "condition_value": [
        7, 
        9
      ]
    }, 
    "model": "qianban.qianban", 
    "pk": 22
  }, 
  {
    "fields": {
      "addition_tp": "yunying", 
      "addition_property": 20, 
      "name": "\u6597\u795e", 
      "des": "Toodming\u548cJuly\u540c\u65f6\u4e0a\u9635\uff0c\u8fd0\u8425\u52a020%", 
      "condition_tp": 1, 
      "addition_skill": {}, 
      "condition_value": [
        9
      ]
    }, 
    "model": "qianban.qianban", 
    "pk": 23
  }, 
  {
    "fields": {
      "addition_tp": "baobing", 
      "addition_property": 20, 
      "name": "\u74dc\u672c", 
      "des": "\u88c5\u5907\u87d1\u8782\u6280\u80fd\uff0c\u66b4\u5175\u52a020%", 
      "condition_tp": 2, 
      "addition_skill": {}, 
      "condition_value": [
        2
      ]
    }, 
    "model": "qianban.qianban", 
    "pk": 24
  }, 
  {
    "fields": {
      "addition_tp": "yishi", 
      "addition_property": 20, 
      "name": "IG\u8c10\u661f", 
      "des": "Xigua\u548cComm\u540c\u65f6\u4e0a\u9635\uff0c\u610f\u8bc6\u52a020%", 
      "condition_tp": 1, 
      "addition_skill": {}, 
      "condition_value": [
        10, 
        13
      ]
    }, 
    "model": "qianban.qianban", 
    "pk": 25
  }, 
  {
    "fields": {
      "addition_tp": "fangshou", 
      "addition_property": 20, 
      "name": "\u65b0\u8001\u4ea4\u66ff", 
      "des": "Xigua\u548cIA\u540c\u65f6\u4e0a\u9635\uff0c\u9632\u5b88\u52a020%", 
      "condition_tp": 1, 
      "addition_skill": {}, 
      "condition_value": [
        10, 
        85
      ]
    }, 
    "model": "qianban.qianban", 
    "pk": 26
  }, 
  {
    "fields": {
      "addition_tp": "skill", 
      "addition_property": 0, 
      "name": "\u6bd2\u5976", 
      "des": "\u88c5\u5907\u4e3b\u64ad\u6280\u80fd\uff0c\u5bf9\u65b9\u72b6\u6001\u4e0b\u964d10%", 
      "condition_tp": 2, 
      "addition_skill": {
        "38": 1000
      }, 
      "condition_value": [
        38
      ]
    }, 
    "model": "qianban.qianban", 
    "pk": 27
  }, 
  {
    "fields": {
      "addition_tp": "qianzhi", 
      "addition_property": 20, 
      "name": "\u8001\u7537\u5b69", 
      "des": "\u88c5\u5907\u611f\u67d3\u866b\u6280\u80fd\uff0c\u7275\u5236\u52a020%", 
      "condition_tp": 2, 
      "addition_skill": {}, 
      "condition_value": [
        4
      ]
    }, 
    "model": "qianban.qianban", 
    "pk": 28
  }, 
  {
    "fields": {
      "addition_tp": "jingong", 
      "addition_property": 20, 
      "name": "\u8c10\u661f\u4f1a", 
      "des": "\u5c0f\u8272\u548cF91\u540c\u65f6\u4e0a\u9635\uff0c\u8fdb\u653b\u52a020%", 
      "condition_tp": 1, 
      "addition_skill": {}, 
      "condition_value": [
        12, 
        11
      ]
    }, 
    "model": "qianban.qianban", 
    "pk": 29
  }, 
  {
    "fields": {
      "addition_tp": "skill", 
      "addition_property": 0, 
      "name": "\u661f\u9645\u4e3b\u64ad", 
      "des": "\u5c0f\u8272\u548cMayuki\u3001bengo\u3001alone\u540c\u65f6\u4e0a\u9635\uff0c\u4e3b\u64ad\u6536\u5165\u52a05000", 
      "condition_tp": 1, 
      "addition_skill": {
        "38": 5000
      }, 
      "condition_value": [
        11, 
        15, 
        88, 
        89
      ]
    }, 
    "model": "qianban.qianban", 
    "pk": 30
  }, 
  {
    "fields": {
      "addition_tp": "skill", 
      "addition_property": 0, 
      "name": "\u8c10\u661f\u4f1a\u957f", 
      "des": "\u88c5\u5907\u4ee3\u8a00\u6280\u80fd\uff0c\u5fc3\u6001\u52a030%", 
      "condition_tp": 2, 
      "addition_skill": {
        "39": 5000
      }, 
      "condition_value": [
        39
      ]
    }, 
    "model": "qianban.qianban", 
    "pk": 31
  }, 
  {
    "fields": {
      "addition_tp": "jingong", 
      "addition_property": 30, 
      "name": "\u5927\u660e\u6e56\u7554", 
      "des": "Tossgilr\u548cF91\u540c\u65f6\u4e0a\u9635\uff0c\u8fdb\u653b\u52a030%", 
      "condition_tp": 1, 
      "addition_skill": {}, 
      "condition_value": [
        12, 
        70
      ]
    }, 
    "model": "qianban.qianban", 
    "pk": 32
  }, 
  {
    "fields": {
      "addition_tp": "jingong", 
      "addition_property": 20, 
      "name": "\u6b66\u6c49\u5df4\u795e", 
      "des": "\u88c5\u5907\u523a\u86c7\u6280\u80fd\uff0c\u8fdb\u653b\u52a020%", 
      "condition_tp": 2, 
      "addition_skill": {}, 
      "condition_value": [
        9
      ]
    }, 
    "model": "qianban.qianban", 
    "pk": 33
  }, 
  {
    "fields": {
      "addition_tp": "xintai", 
      "addition_property": 20, 
      "name": "\u9886\u5148\u4e16\u754c", 
      "des": "\u88c5\u5907\u4ee3\u8a00\u6280\u80fd\uff0c\u5fc3\u6001\u52a020%", 
      "condition_tp": 2, 
      "addition_skill": {}, 
      "condition_value": [
        39
      ]
    }, 
    "model": "qianban.qianban", 
    "pk": 34
  }, 
  {
    "fields": {
      "addition_tp": "skill", 
      "addition_property": 0, 
      "name": "\u667a\u8005\u87d1\u8782", 
      "des": "\u88c5\u5907\u87d1\u8782\u6280\u80fd\uff0c\u6280\u80fd\u5f3a\u5ea6\u63d0\u534720%", 
      "condition_tp": 2, 
      "addition_skill": {
        "2": 20
      }, 
      "condition_value": [
        2
      ]
    }, 
    "model": "qianban.qianban", 
    "pk": 35
  }, 
  {
    "fields": {
      "addition_tp": "baobing", 
      "addition_property": 20, 
      "name": "\u87d1\u8782\u738b", 
      "des": "\u88c5\u5907\u87d1\u8782\u6280\u80fd\uff0c\u66b4\u5175\u52a020%", 
      "condition_tp": 2, 
      "addition_skill": {}, 
      "condition_value": [
        2
      ]
    }, 
    "model": "qianban.qianban", 
    "pk": 36
  }, 
  {
    "fields": {
      "addition_tp": "skill", 
      "addition_property": 0, 
      "name": "\u8c10\u4f1a\u4e3b\u64ad", 
      "des": "Nostalie\u548cMayuki\u540c\u65f6\u4e0a\u9635\uff0c\u4e3b\u64ad\u6536\u5165\u52a05000", 
      "condition_tp": 1, 
      "addition_skill": {
        "38": 5000
      }, 
      "condition_value": [
        14, 
        15
      ]
    }, 
    "model": "qianban.qianban", 
    "pk": 37
  }, 
  {
    "fields": {
      "addition_tp": "skill", 
      "addition_property": 0, 
      "name": "\u5dfe\u5e3c\u82f1\u96c4", 
      "des": "\u88c5\u5907\u4ee3\u8a00\u6280\u80fd\uff0c\u4ee3\u8a00\u6536\u5165\u52a05000", 
      "condition_tp": 2, 
      "addition_skill": {
        "39": 5000
      }, 
      "condition_value": [
        39
      ]
    }, 
    "model": "qianban.qianban", 
    "pk": 38
  }, 
  {
    "fields": {
      "addition_tp": "jingong", 
      "addition_property": 20, 
      "name": "\u94c3\u513f\u54cd\u53ee\u5f53", 
      "des": "\u88c5\u5907\u5973\u5996\u6280\u80fd\uff0c\u8fdb\u653b\u52a020%", 
      "condition_tp": 2, 
      "addition_skill": {}, 
      "condition_value": [
        33
      ]
    }, 
    "model": "qianban.qianban", 
    "pk": 39
  }, 
  {
    "fields": {
      "addition_tp": "fangshou", 
      "addition_property": 20, 
      "name": "\u4ee5\u9038\u5f85\u52b3", 
      "des": "\u88c5\u5907\u5766\u514b\u6280\u80fd\uff0c\u9632\u5b88\u52a020%", 
      "condition_tp": 2, 
      "addition_skill": {}, 
      "condition_value": [
        31
      ]
    }, 
    "model": "qianban.qianban", 
    "pk": 40
  }, 
  {
    "fields": {
      "addition_tp": "qianzhi", 
      "addition_property": 20, 
      "name": "\u9006\u98ce\u5927\u5496", 
      "des": "\u88c5\u5907\u5e7d\u7075\u5175\u6280\u80fd\uff0c\u7275\u5236\u52a020%", 
      "condition_tp": 2, 
      "addition_skill": {}, 
      "condition_value": [
        28
      ]
    }, 
    "model": "qianban.qianban", 
    "pk": 41
  }, 
  {
    "fields": {
      "addition_tp": "yunying", 
      "addition_property": 20, 
      "name": "\u521d\u751f\u725b\u728a", 
      "des": "\u88c5\u5907\u96f7\u517d\u6280\u80fd\uff0c\u8fd0\u8425\u52a020%", 
      "condition_tp": 2, 
      "addition_skill": {}, 
      "condition_value": [
        7
      ]
    }, 
    "model": "qianban.qianban", 
    "pk": 42
  }, 
  {
    "fields": {
      "addition_tp": "baobing", 
      "addition_property": 20, 
      "name": "\u866b\u65cf\u5c0f\u5c06", 
      "des": "\u88c5\u5907\u8df3\u866b\u6280\u80fd\uff0c\u66b4\u5175\u52a020%", 
      "condition_tp": 2, 
      "addition_skill": {}, 
      "condition_value": [
        1
      ]
    }, 
    "model": "qianban.qianban", 
    "pk": 43
  }, 
  {
    "fields": {
      "addition_tp": "jingong", 
      "addition_property": 20, 
      "name": "\u4e24\u5cb8\u65b0\u4eba", 
      "des": "IA\u548cHAS\u540c\u65f6\u4e0a\u9635\uff0c\u8fdb\u653b\u52a020%", 
      "condition_tp": 1, 
      "addition_skill": {}, 
      "condition_value": [
        85, 
        62
      ]
    }, 
    "model": "qianban.qianban", 
    "pk": 44
  }, 
  {
    "fields": {
      "addition_tp": "caozuo", 
      "addition_property": 20, 
      "name": "\u661f\u9645\u5927\u767d", 
      "des": "\u88c5\u5907\u611f\u67d3\u6280\u80fd\uff0c\u64cd\u4f5c\u52a020%", 
      "condition_tp": 2, 
      "addition_skill": {}, 
      "condition_value": [
        4
      ]
    }, 
    "model": "qianban.qianban", 
    "pk": 45
  }, 
  {
    "fields": {
      "addition_tp": "yunying", 
      "addition_property": 20, 
      "name": "\u5fc3\u5bbd\u4f53\u80d6", 
      "des": "\u88c5\u5907\u96f7\u517d\u6280\u80fd\uff0c\u8fd0\u8425\u52a020%", 
      "condition_tp": 2, 
      "addition_skill": {}, 
      "condition_value": [
        7
      ]
    }, 
    "model": "qianban.qianban", 
    "pk": 46
  }, 
  {
    "fields": {
      "addition_tp": "xintai", 
      "addition_property": 20, 
      "name": "IG\u5927\u54e5", 
      "des": "\u961f\u4f0d\u4e2d\u7684Xigua\u3001XY\u3001Jim\u3001Sed\u5fc3\u6001\u52a020%", 
      "condition_tp": 1, 
      "addition_skill": {}, 
      "condition_value": [
        7, 
        10, 
        8
      ]
    }, 
    "model": "qianban.qianban", 
    "pk": 47
  }, 
  {
    "fields": {
      "addition_tp": "skill", 
      "addition_property": 0, 
      "name": "\u4e16\u754c\u51a0\u519b", 
      "des": "\u88c5\u5907\u4ee3\u8a00\u6280\u80fd\uff0c\u4ee3\u8a00\u6536\u5165\u52a05000", 
      "condition_tp": 2, 
      "addition_skill": {
        "39": 5000
      }, 
      "condition_value": [
        39
      ]
    }, 
    "model": "qianban.qianban", 
    "pk": 48
  }, 
  {
    "fields": {
      "addition_tp": "yunying", 
      "addition_property": 40, 
      "name": "\u5e78\u5b58\u4eba\u65cf", 
      "des": "\u88c5\u5907\u5927\u548c\u6218\u8230\u6280\u80fd\uff0c\u8fd0\u8425\u52a040%", 
      "condition_tp": 2, 
      "addition_skill": {}, 
      "condition_value": [
        35
      ]
    }, 
    "model": "qianban.qianban", 
    "pk": 49
  }, 
  {
    "fields": {
      "addition_tp": "skill", 
      "addition_property": 0, 
      "name": "\u77e5\u540d\u4eba\u58eb", 
      "des": "\u88c5\u5907\u6dd8\u5b9d\u6280\u80fd\uff0c\u6dd8\u5b9d\u6536\u5165\u52a05000", 
      "condition_tp": 2, 
      "addition_skill": {
        "40": 5000
      }, 
      "condition_value": [
        40
      ]
    }, 
    "model": "qianban.qianban", 
    "pk": 50
  }, 
  {
    "fields": {
      "addition_tp": "qianzhi", 
      "addition_property": 20, 
      "name": "\u70ed\u8840\u9752\u5e74", 
      "des": "\u88c5\u5907\u8df3\u866b\u6280\u80fd\uff0c\u7275\u5236\u52a020%", 
      "condition_tp": 2, 
      "addition_skill": {}, 
      "condition_value": [
        1
      ]
    }, 
    "model": "qianban.qianban", 
    "pk": 51
  }, 
  {
    "fields": {
      "addition_tp": "caozuo", 
      "addition_property": 20, 
      "name": "\u575a\u6301\u4e0d\u61c8", 
      "des": "\u88c5\u5907\u98de\u86c7\u6280\u80fd\uff0c\u64cd\u4f5c\u52a020%", 
      "condition_tp": 2, 
      "addition_skill": {}, 
      "condition_value": [
        11
      ]
    }, 
    "model": "qianban.qianban", 
    "pk": 52
  }, 
  {
    "fields": {
      "addition_tp": "skill", 
      "addition_property": 0, 
      "name": "\u661f\u9645\u7b28\u54e5", 
      "des": "\u88c5\u5907\u4e3b\u64ad\u6280\u80fd\uff0c\u4e3b\u64ad\u6536\u5165\u52a05000", 
      "condition_tp": 2, 
      "addition_skill": {
        "38": 5000
      }, 
      "condition_value": [
        38
      ]
    }, 
    "model": "qianban.qianban", 
    "pk": 53
  }, 
  {
    "fields": {
      "addition_tp": "jingong", 
      "addition_property": 20, 
      "name": "\u661f\u96452\u9f99", 
      "des": "\u88c5\u5907\u87d1\u8782\u6280\u80fd\uff0c\u8fdb\u653b\u52a020%", 
      "condition_tp": 2, 
      "addition_skill": {}, 
      "condition_value": [
        2
      ]
    }, 
    "model": "qianban.qianban", 
    "pk": 54
  }, 
  {
    "fields": {
      "addition_tp": "jingong", 
      "addition_property": 30, 
      "name": "Chinatopzerg", 
      "des": "\u53ea\u8981\u81ea\u5df1\u51fa\u6218\uff0c\u8fdb\u653b\u7acb\u523b\u63d0\u534730%", 
      "condition_tp": 1, 
      "addition_skill": {}, 
      "condition_value": [
        89
      ]
    }, 
    "model": "qianban.qianban", 
    "pk": 55
  }, 
  {
    "fields": {
      "addition_tp": "skill", 
      "addition_property": 0, 
      "name": "\u5143\u8001\u9f99\u54e5", 
      "des": "\u88c5\u5907\u4ee3\u8a00\u6280\u80fd\uff0c\u4ee3\u8a00\u6536\u5165\u589e\u52a010000", 
      "condition_tp": 2, 
      "addition_skill": {
        "39": 10000
      }, 
      "condition_value": [
        39
      ]
    }, 
    "model": "qianban.qianban", 
    "pk": 56
  }, 
  {
    "fields": {
      "addition_tp": "qianzhi", 
      "addition_property": 20, 
      "name": "\u65b0\u661f\u738b\u8005", 
      "des": "\u88c5\u5907\u98de\u9f99\u6280\u80fd\uff0c\u7275\u5236\u52a020%", 
      "condition_tp": 2, 
      "addition_skill": {}, 
      "condition_value": [
        6
      ]
    }, 
    "model": "qianban.qianban", 
    "pk": 57
  }, 
  {
    "fields": {
      "addition_tp": "jingong", 
      "addition_property": 50, 
      "name": "\u51a0\u519b\u866b\u65cf", 
      "des": "\u88c5\u5907\u8df3\u866b\u6280\u80fd\uff0c\u8fdb\u653b\u52a050%", 
      "condition_tp": 2, 
      "addition_skill": {}, 
      "condition_value": [
        1
      ]
    }, 
    "model": "qianban.qianban", 
    "pk": 58
  }, 
  {
    "fields": {
      "addition_tp": "caozuo", 
      "addition_property": 50, 
      "name": "\u5bbf\u547d\u5bf9\u624b", 
      "des": "life\u548cmaru\u540c\u65f6\u4e0a\u9635\uff0c\u64cd\u4f5c\u52a050%", 
      "condition_tp": 1, 
      "addition_skill": {}, 
      "condition_value": [
        18, 
        20
      ]
    }, 
    "model": "qianban.qianban", 
    "pk": 59
  }, 
  {
    "fields": {
      "addition_tp": "yishi", 
      "addition_property": 40, 
      "name": "\u65b0\u8001\u866b\u738b", 
      "des": "NesTea\u3001DongRaegu\u3001life\u3001Jeadong\u540c\u65f6\u4e0a\u9635\uff0c\u610f\u8bc6\u52a040%", 
      "condition_tp": 1, 
      "addition_skill": {}, 
      "condition_value": [
        18, 
        22, 
        39, 
        44
      ]
    }, 
    "model": "qianban.qianban", 
    "pk": 60
  }, 
  {
    "fields": {
      "addition_tp": "skill", 
      "addition_property": 0, 
      "name": "\u80dc\u5229\u526a\u5200\u624b", 
      "des": "\u88c5\u5907\u4ee3\u8a00\u6280\u80fd\uff0c\u4ee3\u8a00\u6536\u5165\u52a05000", 
      "condition_tp": 2, 
      "addition_skill": {
        "39": 5000
      }, 
      "condition_value": [
        39
      ]
    }, 
    "model": "qianban.qianban", 
    "pk": 61
  }, 
  {
    "fields": {
      "addition_tp": "yunying", 
      "addition_property": 30, 
      "name": "\u96f7\u9e23\u98ce\u66b4", 
      "des": "\u88c5\u5907\u5149\u660e\u5723\u5802\u6b66\u58eb\uff0c\u8fd0\u8425\u52a030%", 
      "condition_tp": 2, 
      "addition_skill": {}, 
      "condition_value": [
        16
      ]
    }, 
    "model": "qianban.qianban", 
    "pk": 62
  }, 
  {
    "fields": {
      "addition_tp": "jingong", 
      "addition_property": 20, 
      "name": "\u4e07\u53c9\u5954\u817e", 
      "des": "\u88c5\u5907\u72c2\u70ed\u8005\uff0c\u8fdb\u653b\u52a020%", 
      "condition_tp": 2, 
      "addition_skill": {}, 
      "condition_value": [
        12
      ]
    }, 
    "model": "qianban.qianban", 
    "pk": 63
  }, 
  {
    "fields": {
      "addition_tp": "fangshou", 
      "addition_property": 40, 
      "name": "\u795e\u65cf\u9886\u8896", 
      "des": "hero\u3001Rain\u3001parting\u540c\u65f6\u4e0a\u9635\uff0c\u9632\u5b88\u52a040%", 
      "condition_tp": 1, 
      "addition_skill": {}, 
      "condition_value": [
        19, 
        17, 
        28
      ]
    }, 
    "model": "qianban.qianban", 
    "pk": 64
  }, 
  {
    "fields": {
      "addition_tp": "caozuo", 
      "addition_property": 50, 
      "name": "\u5fae\u64cd\u738b\u8005", 
      "des": "\u88c5\u5907\u673a\u67aa\u5175\u6280\u80fd\uff0c\u64cd\u4f5c\u52a050%", 
      "condition_tp": 2, 
      "addition_skill": {}, 
      "condition_value": [
        25
      ]
    }, 
    "model": "qianban.qianban", 
    "pk": 65
  }, 
  {
    "fields": {
      "addition_tp": "qianzhi", 
      "addition_property": 20, 
      "name": "\u5e0c\u671b\u4e4b\u661f", 
      "des": "\u88c5\u5907\u706b\u8f66\u6280\u80fd\uff0c\u7275\u5236\u52a020%", 
      "condition_tp": 2, 
      "addition_skill": {}, 
      "condition_value": [
        29
      ]
    }, 
    "model": "qianban.qianban", 
    "pk": 66
  }, 
  {
    "fields": {
      "addition_tp": "jingong", 
      "addition_property": 50, 
      "name": "\u4eba\u65cf\u9886\u8896", 
      "des": "Maru\u3001Flash\u3001Innovation\u3001Mvp\u540c\u65f6\u4e0a\u9635\uff0c\u8fdb\u653b\u52a050%", 
      "condition_tp": 1, 
      "addition_skill": {}, 
      "condition_value": [
        20, 
        23, 
        26, 
        68
      ]
    }, 
    "model": "qianban.qianban", 
    "pk": 67
  }, 
  {
    "fields": {
      "addition_tp": "jingong", 
      "addition_property": 20, 
      "name": "\u6d77\u738b\u5f52\u6765", 
      "des": "\u88c5\u5907\u523a\u86c7\u6280\u80fd\uff0c\u8fdb\u653b\u52a020%", 
      "condition_tp": 2, 
      "addition_skill": {}, 
      "condition_value": [
        9
      ]
    }, 
    "model": "qianban.qianban", 
    "pk": 68
  }, 
  {
    "fields": {
      "addition_tp": "qianzhi", 
      "addition_property": 20, 
      "name": "\u6e38\u5203\u6709\u4f59", 
      "des": "\u88c5\u5907\u98de\u9f99\u6280\u80fd\uff0c\u7275\u5236\u52a020%", 
      "condition_tp": 2, 
      "addition_skill": {}, 
      "condition_value": [
        6
      ]
    }, 
    "model": "qianban.qianban", 
    "pk": 69
  }, 
  {
    "fields": {
      "addition_tp": "baobing", 
      "addition_property": 20, 
      "name": "\u60fa\u60fa\u76f8\u60dc", 
      "des": "Hydra\u3001dark\u540c\u65f6\u4e0a\u9635\uff0c\u66b4\u5175\u52a020%", 
      "condition_tp": 1, 
      "addition_skill": {}, 
      "condition_value": [
        27, 
        21
      ]
    }, 
    "model": "qianban.qianban", 
    "pk": 70
  }, 
  {
    "fields": {
      "addition_tp": "yishi", 
      "addition_property": 30, 
      "name": "\u6311\u8845\u5632\u8bbd", 
      "des": "Hydra\u3001Polt\u540c\u65f6\u4e0a\u9635\uff0c\u610f\u8bc6\u52a030%", 
      "condition_tp": 1, 
      "addition_skill": {}, 
      "condition_value": [
        21, 
        32
      ]
    }, 
    "model": "qianban.qianban", 
    "pk": 71
  }, 
  {
    "fields": {
      "addition_tp": "qianzhi", 
      "addition_property": 50, 
      "name": "\u9b54\u738b\u964d\u4e34", 
      "des": "\u88c5\u590710\u7ea7\u98de\u9f99\u6280\u80fd\uff0c\u7275\u5236\u52a050%", 
      "condition_tp": 2, 
      "addition_skill": {}, 
      "condition_value": [
        11
      ]
    }, 
    "model": "qianban.qianban", 
    "pk": 72
  }, 
  {
    "fields": {
      "addition_tp": "caozuo", 
      "addition_property": 20, 
      "name": "\u4e0d\u8001\u866b\u738b", 
      "des": "\u88c5\u5907\u98de\u86c7\u6280\u80fd\uff0c\u64cd\u4f5c\u52a020%", 
      "condition_tp": 2, 
      "addition_skill": {}, 
      "condition_value": [
        11
      ]
    }, 
    "model": "qianban.qianban", 
    "pk": 73
  }, 
  {
    "fields": {
      "addition_tp": "jingong", 
      "addition_property": 20, 
      "name": "\u674e\u53cc\u672c\u5ea7", 
      "des": "Jeadong\u3001Flash\u540c\u65f6\u4e0a\u9635\uff0c\u8fdb\u653b\u52a020%", 
      "condition_tp": 1, 
      "addition_skill": {}, 
      "condition_value": [
        23, 
        22
      ]
    }, 
    "model": "qianban.qianban", 
    "pk": 74
  }, 
  {
    "fields": {
      "addition_tp": "fangshou", 
      "addition_property": 50, 
      "name": "\u56db\u5927\u5929\u738b", 
      "des": "Jeadong\u3001Flash\u3001Bisu\u3001Stork\u540c\u65f6\u4e0a\u9635\uff0c\u9632\u5b88\u52a050%", 
      "condition_tp": 1, 
      "addition_skill": {}, 
      "condition_value": [
        22, 
        23, 
        24, 
        25
      ]
    }, 
    "model": "qianban.qianban", 
    "pk": 75
  }, 
  {
    "fields": {
      "addition_tp": "jingong", 
      "addition_property": 50, 
      "name": "\u6bc1\u706d\u6559\u4e3b", 
      "des": "\u88c5\u5907\u63a0\u593a\u8005\u6280\u80fd\uff0c\u8fdb\u653b\u52a050%", 
      "condition_tp": 2, 
      "addition_skill": {}, 
      "condition_value": [
        26
      ]
    }, 
    "model": "qianban.qianban", 
    "pk": 76
  }, 
  {
    "fields": {
      "addition_tp": "yunying", 
      "addition_property": 20, 
      "name": "\u65e0\u53ef\u5339\u654c", 
      "des": "\u88c5\u5907\u6e21\u9e26\u6280\u80fd\uff0c\u8fd0\u8425\u52a020%", 
      "condition_tp": 2, 
      "addition_skill": {}, 
      "condition_value": [
        37
      ]
    }, 
    "model": "qianban.qianban", 
    "pk": 77
  }, 
  {
    "fields": {
      "addition_tp": "caozuo", 
      "addition_property": 50, 
      "name": "\u6298\u7ffc\u5929\u738b", 
      "des": "\u88c5\u5907\u5148\u77e5\u6280\u80fd\uff0c\u64cd\u4f5c\u52a050%", 
      "condition_tp": 2, 
      "addition_skill": {}, 
      "condition_value": [
        23
      ]
    }, 
    "model": "qianban.qianban", 
    "pk": 78
  }, 
  {
    "fields": {
      "addition_tp": "qianzhi", 
      "addition_property": 20, 
      "name": "\u51e4\u7ffc\u5929\u7fd4", 
      "des": "\u88c5\u5907\u51e4\u51f0\u6280\u80fd\uff0c\u7275\u5236\u52a020%", 
      "condition_tp": 2, 
      "addition_skill": {}, 
      "condition_value": [
        15
      ]
    }, 
    "model": "qianban.qianban", 
    "pk": 79
  }, 
  {
    "fields": {
      "addition_tp": "jingong", 
      "addition_property": 20, 
      "name": "\u6cfd\u70b3\u672c\u5ea7", 
      "des": "Bisu\u3001Stork\u540c\u65f6\u4e0a\u9635\uff0c\u8fdb\u653b\u52a020%", 
      "condition_tp": 1, 
      "addition_skill": {}, 
      "condition_value": [
        24, 
        25
      ]
    }, 
    "model": "qianban.qianban", 
    "pk": 80
  }, 
  {
    "fields": {
      "addition_tp": "fangshou", 
      "addition_property": 50, 
      "name": "\u5b8c\u7f8e\u53f8\u4ee4", 
      "des": "\u88c5\u5907\u54e8\u5175\u6280\u80fd\uff0c\u9632\u5b88\u52a050%", 
      "condition_tp": 2, 
      "addition_skill": {}, 
      "condition_value": [
        14
      ]
    }, 
    "model": "qianban.qianban", 
    "pk": 81
  }, 
  {
    "fields": {
      "addition_tp": "yunying", 
      "addition_property": 20, 
      "name": "\u9ec4\u91d1\u8230\u961f", 
      "des": "\u88c5\u5907\u822a\u6bcd\u6280\u80fd\uff0c\u8fd0\u8425\u52a020%", 
      "condition_tp": 2, 
      "addition_skill": {}, 
      "condition_value": [
        22
      ]
    }, 
    "model": "qianban.qianban", 
    "pk": 82
  }, 
  {
    "fields": {
      "addition_tp": "caozuo", 
      "addition_property": 20, 
      "name": "\u5b8c\u7f8e\u4eba\u65cf", 
      "des": "\u88c5\u5907\u5e7d\u7075\u5175\u6280\u80fd\uff0c\u64cd\u4f5c\u52a020%", 
      "condition_tp": 2, 
      "addition_skill": {}, 
      "condition_value": [
        28
      ]
    }, 
    "model": "qianban.qianban", 
    "pk": 83
  }, 
  {
    "fields": {
      "addition_tp": "yunying", 
      "addition_property": 20, 
      "name": "\u6b65\u6b65\u4e3a\u8425", 
      "des": "\u88c5\u5907\u96f7\u795e\u6280\u80fd\uff0c\u8fd0\u8425\u52a020%", 
      "condition_tp": 2, 
      "addition_skill": {}, 
      "condition_value": [
        32
      ]
    }, 
    "model": "qianban.qianban", 
    "pk": 84
  }, 
  {
    "fields": {
      "addition_tp": "caozuo", 
      "addition_property": 20, 
      "name": "\u738b\u8005\u4eba\u65cf", 
      "des": "Innovation\u3001MVP\u540c\u65f6\u4e0a\u9635\uff0c\u64cd\u4f5c\u52a020%", 
      "condition_tp": 1, 
      "addition_skill": {}, 
      "condition_value": [
        68, 
        26
      ]
    }, 
    "model": "qianban.qianban", 
    "pk": 85
  }, 
  {
    "fields": {
      "addition_tp": "yunying", 
      "addition_property": 20, 
      "name": "\u6c61\u67d3\u8005", 
      "des": "\u88c5\u5907\u8150\u5316\u8005\u6280\u80fd\uff0c\u8fd0\u8425\u52a020%", 
      "condition_tp": 2, 
      "addition_skill": {}, 
      "condition_value": [
        5
      ]
    }, 
    "model": "qianban.qianban", 
    "pk": 86
  }, 
  {
    "fields": {
      "addition_tp": "baobing", 
      "addition_property": 20, 
      "name": "\u4e00\u4ee3\u83bd\u9738", 
      "des": "\u88c5\u5907\u87d1\u8782\u6280\u80fd\uff0c\u66b4\u5175\u52a020%", 
      "condition_tp": 2, 
      "addition_skill": {}, 
      "condition_value": [
        2
      ]
    }, 
    "model": "qianban.qianban", 
    "pk": 87
  }, 
  {
    "fields": {
      "addition_tp": "baobing", 
      "addition_property": 20, 
      "name": "\u866b\u65cf\u9886\u8896", 
      "des": "Dark\u3001Curious\u3001Snute\u540c\u65f6\u4e0a\u9635\uff0c\u66b4\u5175\u52a020%", 
      "condition_tp": 1, 
      "addition_skill": {}, 
      "condition_value": [
        27, 
        47, 
        57
      ]
    }, 
    "model": "qianban.qianban", 
    "pk": 88
  }, 
  {
    "fields": {
      "addition_tp": "jingong", 
      "addition_property": 20, 
      "name": "\u96e8\u795e\u798f\u6cfd", 
      "des": "\u88c5\u5907\u865a\u7a7a\u6280\u80fd\uff0c\u8fdb\u653b\u52a020%", 
      "condition_tp": 2, 
      "addition_skill": {}, 
      "condition_value": [
        21
      ]
    }, 
    "model": "qianban.qianban", 
    "pk": 89
  }, 
  {
    "fields": {
      "addition_tp": "caozuo", 
      "addition_property": 20, 
      "name": "\u95ea\u7535\u98ce\u66b4", 
      "des": "\u88c5\u5907\u5149\u660e\u5723\u5802\u6280\u80fd\uff0c\u64cd\u4f5c\u52a020%", 
      "condition_tp": 2, 
      "addition_skill": {}, 
      "condition_value": [
        16
      ]
    }, 
    "model": "qianban.qianban", 
    "pk": 90
  }, 
  {
    "fields": {
      "addition_tp": "yishi", 
      "addition_property": 20, 
      "name": "\u5927\u7edf\u9886", 
      "des": " Rain\u3001Mc\u540c\u65f6\u4e0a\u9635\uff0c\u610f\u8bc6\u52a020%", 
      "condition_tp": 1, 
      "addition_skill": {}, 
      "condition_value": [
        71, 
        28
      ]
    }, 
    "model": "qianban.qianban", 
    "pk": 91
  }, 
  {
    "fields": {
      "addition_tp": "caozuo", 
      "addition_property": 20, 
      "name": "\u8001\u5f53\u76ca\u58ee", 
      "des": "\u88c5\u5907\u673a\u67aa\u5175\u6280\u80fd\uff0c\u64cd\u4f5c\u52a020%", 
      "condition_tp": 2, 
      "addition_skill": {}, 
      "condition_value": [
        25
      ]
    }, 
    "model": "qianban.qianban", 
    "pk": 92
  }, 
  {
    "fields": {
      "addition_tp": "fangshou", 
      "addition_property": 20, 
      "name": "\u94a2\u94c1\u6d2a\u6d41", 
      "des": "\u88c5\u5907\u5766\u514b\u6280\u80fd\uff0c\u9632\u5b88\u52a020%", 
      "condition_tp": 2, 
      "addition_skill": {}, 
      "condition_value": [
        31
      ]
    }, 
    "model": "qianban.qianban", 
    "pk": 93
  }, 
  {
    "fields": {
      "addition_tp": "yunying", 
      "addition_property": 20, 
      "name": "\u661f\u6cb3\u6218\u961f", 
      "des": "FORGG\u3001Stephano\u540c\u65f6\u4e0a\u9635\uff0c\u8fd0\u8425\u52a020%", 
      "condition_tp": 1, 
      "addition_skill": {}, 
      "condition_value": [
        29
      ]
    }, 
    "model": "qianban.qianban", 
    "pk": 94
  }, 
  {
    "fields": {
      "addition_tp": "jingong", 
      "addition_property": 20, 
      "name": "\u541b\u5b50\u4eba\u65cf", 
      "des": "Forgg\u3001FanTasy\u3001Polt\u3001Bbyong\u540c\u65f6\u4e0a\u9635\uff0c\u8fdb\u653b\u52a020%", 
      "condition_tp": 1, 
      "addition_skill": {}, 
      "condition_value": [
        29, 
        31, 
        30, 
        32
      ]
    }, 
    "model": "qianban.qianban", 
    "pk": 95
  }, 
  {
    "fields": {
      "addition_tp": "jingong", 
      "addition_property": 20, 
      "name": "\u6d17\u811a\u795e\u65cf", 
      "des": "\u88c5\u5907\u4e0d\u673d\u8005\u6280\u80fd\uff0c\u8fdb\u653b\u52a020%", 
      "condition_tp": 2, 
      "addition_skill": {}, 
      "condition_value": [
        18
      ]
    }, 
    "model": "qianban.qianban", 
    "pk": 96
  }, 
  {
    "fields": {
      "addition_tp": "caozuo", 
      "addition_property": 20, 
      "name": "\u95ea\u7535\u4fa0", 
      "des": "\u88c5\u5907\u5149\u660e\u5723\u5802\u6b66\u58eb\uff0c\u64cd\u4f5c\u52a020%", 
      "condition_tp": 2, 
      "addition_skill": {}, 
      "condition_value": [
        16
      ]
    }, 
    "model": "qianban.qianban", 
    "pk": 97
  }, 
  {
    "fields": {
      "addition_tp": "xintai", 
      "addition_property": 20, 
      "name": "\u8df3\u8df3\u4e4b\u738b", 
      "des": "Parting\u3001Mc\u540c\u65f6\u4e0a\u9635\uff0c\u5fc3\u6001\u52a020%", 
      "condition_tp": 1, 
      "addition_skill": {}, 
      "condition_value": [
        71, 
        17
      ]
    }, 
    "model": "qianban.qianban", 
    "pk": 98
  }, 
  {
    "fields": {
      "addition_tp": "caozuo", 
      "addition_property": 20, 
      "name": "\u592a\u5b50\u4eba\u65cf", 
      "des": "\u88c5\u5907\u706b\u8f66\u6280\u80fd\uff0c\u64cd\u4f5c\u52a020%", 
      "condition_tp": 2, 
      "addition_skill": {}, 
      "condition_value": [
        29
      ]
    }, 
    "model": "qianban.qianban", 
    "pk": 99
  }, 
  {
    "fields": {
      "addition_tp": "qianzhi", 
      "addition_property": 20, 
      "name": "\u6740\u866b\u5242", 
      "des": "\u88c5\u5907\u706b\u8f66\u4eba\u6280\u80fd\uff0c\u7275\u5236\u52a020%", 
      "condition_tp": 2, 
      "addition_skill": {}, 
      "condition_value": [
        30
      ]
    }, 
    "model": "qianban.qianban", 
    "pk": 100
  }, 
  {
    "fields": {
      "addition_tp": "baobing", 
      "addition_property": 20, 
      "name": "\u5171\u540c\u8fdb\u6b65", 
      "des": "FanTasy\u3001YODA\u540c\u65f6\u4e0a\u9635\uff0c\u66b4\u5175\u52a020%", 
      "condition_tp": 1, 
      "addition_skill": {}, 
      "condition_value": [
        53, 
        30
      ]
    }, 
    "model": "qianban.qianban", 
    "pk": 101
  }, 
  {
    "fields": {
      "addition_tp": "yunying", 
      "addition_property": 20, 
      "name": "\u94a2\u94c1\u4fa0", 
      "des": "\u88c5\u5907\u96f7\u795e\u6280\u80fd\uff0c\u8fd0\u8425\u52a020%", 
      "condition_tp": 2, 
      "addition_skill": {}, 
      "condition_value": [
        32
      ]
    }, 
    "model": "qianban.qianban", 
    "pk": 102
  }, 
  {
    "fields": {
      "addition_tp": "fangshou", 
      "addition_property": 20, 
      "name": "\u57ce\u5e02\u5316", 
      "des": "\u88c5\u5907\u5766\u514b\u6280\u80fd\uff0c\u9632\u5b88\u52a020%", 
      "condition_tp": 2, 
      "addition_skill": {}, 
      "condition_value": [
        31
      ]
    }, 
    "model": "qianban.qianban", 
    "pk": 103
  }, 
  {
    "fields": {
      "addition_tp": "yishi", 
      "addition_property": 20, 
      "name": "\u4e07\u592b\u83ab\u5f00", 
      "des": "Bbyong\u3001Forgg\u540c\u65f6\u4e0a\u9635\uff0c\u610f\u8bc6\u52a020%", 
      "condition_tp": 1, 
      "addition_skill": {}, 
      "condition_value": [
        31, 
        29
      ]
    }, 
    "model": "qianban.qianban", 
    "pk": 104
  }, 
  {
    "fields": {
      "addition_tp": "jingong", 
      "addition_property": 20, 
      "name": "\u653b\u9632\u4e00\u4f53", 
      "des": "Bbyong\u3001Teaja\u3001MMA\u540c\u65f6\u4e0a\u9635\uff0c\u8fdb\u653b\u52a020%", 
      "condition_tp": 1, 
      "addition_skill": {}, 
      "condition_value": [
        31, 
        37, 
        36
      ]
    }, 
    "model": "qianban.qianban", 
    "pk": 105
  }, 
  {
    "fields": {
      "addition_tp": "caozuo", 
      "addition_property": 20, 
      "name": "\u7f8e\u56fd\u961f\u957f", 
      "des": "\u88c5\u5907\u6b7b\u795e\u6280\u80fd\uff0c\u64cd\u4f5c\u52a020", 
      "condition_tp": 2, 
      "addition_skill": {}, 
      "condition_value": [
        27
      ]
    }, 
    "model": "qianban.qianban", 
    "pk": 106
  }, 
  {
    "fields": {
      "addition_tp": "qianzhi", 
      "addition_property": 20, 
      "name": "\u795e\u51fa\u9b3c\u6ca1", 
      "des": "\u88c5\u5907\u5730\u96f7\u6280\u80fd\uff0c\u7275\u5236\u52a020", 
      "condition_tp": 2, 
      "addition_skill": {}, 
      "condition_value": [
        34
      ]
    }, 
    "model": "qianban.qianban", 
    "pk": 107
  }, 
  {
    "fields": {
      "addition_tp": "jingong", 
      "addition_property": 20, 
      "name": "\u6df1\u4ec7\u5927\u6068", 
      "des": "Polt,Naniwa\u540c\u65f6\u4e0a\u9635\uff0c\u8fdb\u653b\u52a020", 
      "condition_tp": 1, 
      "addition_skill": {}, 
      "condition_value": [
        32, 
        72
      ]
    }, 
    "model": "qianban.qianban", 
    "pk": 108
  }, 
  {
    "fields": {
      "addition_tp": "jingong", 
      "addition_property": 20, 
      "name": "\u72d7\u54e5", 
      "des": "\u88c5\u59078\u7ea7\u72c2\u70ed\u8005\u6280\u80fd\uff0c\u8fdb\u653b\u52a020", 
      "condition_tp": 2, 
      "addition_skill": {}, 
      "condition_value": [
        12
      ]
    }, 
    "model": "qianban.qianban", 
    "pk": 109
  }, 
  {
    "fields": {
      "addition_tp": "qianzhi", 
      "addition_property": 20, 
      "name": "\u516d\u8109\u795e\u5251", 
      "des": "\u88c5\u5907\u5148\u77e5\u6280\u80fd\uff0c\u7275\u5236\u52a020", 
      "condition_tp": 2, 
      "addition_skill": {}, 
      "condition_value": [
        23
      ]
    }, 
    "model": "qianban.qianban", 
    "pk": 110
  }, 
  {
    "fields": {
      "addition_tp": "yishi", 
      "addition_property": 20, 
      "name": "\u72d7\u54e5\u72d7\u5f1f", 
      "des": "sOs,Has\u540c\u65f6\u4e0a\u9635\uff0c\u610f\u8bc6\u52a020", 
      "condition_tp": 1, 
      "addition_skill": {}, 
      "condition_value": [
        62, 
        33
      ]
    }, 
    "model": "qianban.qianban", 
    "pk": 111
  }, 
  {
    "fields": {
      "addition_tp": "fangshou", 
      "addition_property": 20, 
      "name": "\u70b9\u5316", 
      "des": "sOs,Jeadong,hero\u540c\u65f6\u4e0a\u9635\uff0c\u9632\u5b88\u52a020", 
      "condition_tp": 1, 
      "addition_skill": {}, 
      "condition_value": [
        33, 
        22, 
        19
      ]
    }, 
    "model": "qianban.qianban", 
    "pk": 112
  }, 
  {
    "fields": {
      "addition_tp": "fangshou", 
      "addition_property": 20, 
      "name": "\u7a33\u5982\u6cf0\u5c71", 
      "des": "\u88c5\u5907\u87d1\u8782\u6280\u80fd\uff0c\u9632\u5b88\u52a020", 
      "condition_tp": 2, 
      "addition_skill": {}, 
      "condition_value": [
        2
      ]
    }, 
    "model": "qianban.qianban", 
    "pk": 113
  }, 
  {
    "fields": {
      "addition_tp": "caozuo", 
      "addition_property": 20, 
      "name": "\u523a\u86c7\u4e4b\u821e", 
      "des": "\u88c5\u5907\u523a\u86c7\u6280\u80fd\uff0c\u64cd\u4f5c\u52a020", 
      "condition_tp": 2, 
      "addition_skill": {}, 
      "condition_value": [
        9
      ]
    }, 
    "model": "qianban.qianban", 
    "pk": 114
  }, 
  {
    "fields": {
      "addition_tp": "jingong", 
      "addition_property": 20, 
      "name": "\u866b\u65cf\u738b\u8005", 
      "des": "Soulkey, DongRaegu\u540c\u65f6\u4e0a\u9635\uff0c\u8fdb\u653b\u52a020", 
      "condition_tp": 1, 
      "addition_skill": {}, 
      "condition_value": [
        39, 
        34
      ]
    }, 
    "model": "qianban.qianban", 
    "pk": 115
  }, 
  {
    "fields": {
      "addition_tp": "yishi", 
      "addition_property": 20, 
      "name": "\u7c89\u7ea2\u95fa\u871c", 
      "des": "Soulkey\uff0cRain, parting\u540c\u65f6\u4e0a\u9635\uff0c\u610f\u8bc6\u52a020", 
      "condition_tp": 1, 
      "addition_skill": {}, 
      "condition_value": [
        34, 
        17, 
        28
      ]
    }, 
    "model": "qianban.qianban", 
    "pk": 116
  }, 
  {
    "fields": {
      "addition_tp": "qianzhi", 
      "addition_property": 20, 
      "name": "\u706b\u8f66\u4fa0", 
      "des": "\u88c5\u5907\u706b\u8f66\u6280\u80fd\uff0c\u7275\u5236\u52a020", 
      "condition_tp": 2, 
      "addition_skill": {}, 
      "condition_value": [
        29
      ]
    }, 
    "model": "qianban.qianban", 
    "pk": 117
  }, 
  {
    "fields": {
      "addition_tp": "yunying", 
      "addition_property": 20, 
      "name": "\u673a\u68b0\u4eba\u65cf", 
      "des": "\u88c5\u5907\u6e21\u9e26\u6280\u80fd\uff0c\u8fd0\u8425\u52a020", 
      "condition_tp": 2, 
      "addition_skill": {}, 
      "condition_value": [
        37
      ]
    }, 
    "model": "qianban.qianban", 
    "pk": 118
  }, 
  {
    "fields": {
      "addition_tp": "jingong", 
      "addition_property": 20, 
      "name": "\u4e92\u8865\u4eba\u65cf", 
      "des": "GuMiho,MarineKing\u540c\u65f6\u4e0a\u9635\uff0c\u8fdb\u653b\u52a020", 
      "condition_tp": 1, 
      "addition_skill": {}, 
      "condition_value": [
        35, 
        54
      ]
    }, 
    "model": "qianban.qianban", 
    "pk": 119
  }, 
  {
    "fields": {
      "addition_tp": "xintai", 
      "addition_property": 20, 
      "name": "MVP\u961f\u53cb", 
      "des": "GuMiho,Symbol,Hero\u540c\u65f6\u4e0a\u9635\uff0c\u5fc3\u6001\u52a020", 
      "condition_tp": 1, 
      "addition_skill": {}, 
      "condition_value": [
        35, 
        126, 
        19
      ]
    }, 
    "model": "qianban.qianban", 
    "pk": 120
  }, 
  {
    "fields": {
      "addition_tp": "yunying", 
      "addition_property": 20, 
      "name": "\u94c1\u7532\u52c7\u58eb", 
      "des": "\u88c5\u5907\u7ef4\u4eac\u6280\u80fd\uff0c\u8fd0\u8425\u52a020", 
      "condition_tp": 2, 
      "addition_skill": {}, 
      "condition_value": [
        36
      ]
    }, 
    "model": "qianban.qianban", 
    "pk": 121
  }, 
  {
    "fields": {
      "addition_tp": "baobing", 
      "addition_property": 20, 
      "name": "\u603b\u7edf\u7ec8\u7ed3\u8005", 
      "des": "Teaja,MC\u540c\u65f6\u4e0a\u9635\uff0c\u66b4\u5175\u52a020", 
      "condition_tp": 1, 
      "addition_skill": {}, 
      "condition_value": [
        36, 
        71
      ]
    }, 
    "model": "qianban.qianban", 
    "pk": 122
  }, 
  {
    "fields": {
      "addition_tp": "caozuo", 
      "addition_property": 20, 
      "name": "\u591a\u7ebf\u738b\u5b50", 
      "des": "\u88c5\u5907\u673a\u67aa\u5175\u6280\u80fd\uff0c\u64cd\u4f5c\u52a020", 
      "condition_tp": 2, 
      "addition_skill": {}, 
      "condition_value": [
        25
      ]
    }, 
    "model": "qianban.qianban", 
    "pk": 123
  }, 
  {
    "fields": {
      "addition_tp": "qianzhi", 
      "addition_property": 20, 
      "name": "\u4e0a\u8e7f\u4e0b\u8df3", 
      "des": "\u88c5\u5907\u6b7b\u795e\u6280\u80fd\uff0c\u7275\u5236\u52a020", 
      "condition_tp": 2, 
      "addition_skill": {}, 
      "condition_value": [
        27
      ]
    }, 
    "model": "qianban.qianban", 
    "pk": 124
  }, 
  {
    "fields": {
      "addition_tp": "jingong", 
      "addition_property": 20, 
      "name": "\u51a0\u519b\u7ec8\u7ed3\u8005", 
      "des": "MMA\uff0cMVP\uff0cDongRaeGU\u540c\u65f6\u4e0a\u9635\uff0c\u8fdb\u653b\u52a020", 
      "condition_tp": 1, 
      "addition_skill": {}, 
      "condition_value": [
        37, 
        68, 
        39
      ]
    }, 
    "model": "qianban.qianban", 
    "pk": 125
  }, 
  {
    "fields": {
      "addition_tp": "jingong", 
      "addition_property": 20, 
      "name": "\u7ea2\u5c18\u6eda\u6eda", 
      "des": "\u88c5\u5907\u6bd2\u66b4\u6280\u80fd,\u8fdb\u653b\u52a020", 
      "condition_tp": 2, 
      "addition_skill": {}, 
      "condition_value": [
        3
      ]
    }, 
    "model": "qianban.qianban", 
    "pk": 126
  }, 
  {
    "fields": {
      "addition_tp": "yishi", 
      "addition_property": 20, 
      "name": "\u83bd\u5144\u72d7\u5f1f", 
      "des": "TRUE, sOs\u540c\u65f6\u4e0a\u9635\uff0c\u610f\u8bc6\u52a020", 
      "condition_tp": 1, 
      "addition_skill": {}, 
      "condition_value": [
        38, 
        33
      ]
    }, 
    "model": "qianban.qianban", 
    "pk": 127
  }, 
  {
    "fields": {
      "addition_tp": "jingong", 
      "addition_property": 20, 
      "name": "\u83bd\u592b\u4e00\u5bb6", 
      "des": "TRUE, Nostalie,Dark\u540c\u65f6\u4e0a\u9635\uff0c\u8fdb\u653b\u52a020", 
      "condition_tp": 1, 
      "addition_skill": {}, 
      "condition_value": [
        38, 
        14, 
        27
      ]
    }, 
    "model": "qianban.qianban", 
    "pk": 128
  }, 
  {
    "fields": {
      "addition_tp": "fangshou", 
      "addition_property": 20, 
      "name": "\u866b\u738b\u51ac\u83c7", 
      "des": "\u88c5\u5907\u8df3\u866b\u6280\u80fd\uff0c\u9632\u5b88\u52a020", 
      "condition_tp": 2, 
      "addition_skill": {}, 
      "condition_value": [
        1
      ]
    }, 
    "model": "qianban.qianban", 
    "pk": 129
  }, 
  {
    "fields": {
      "addition_tp": "qianzhi", 
      "addition_property": 20, 
      "name": "\u795e\u9f99\u7529\u5c3e", 
      "des": "\u88c5\u5907\u98de\u9f99\u6280\u80fd\uff0c\u7275\u5236\u52a020", 
      "condition_tp": 2, 
      "addition_skill": {}, 
      "condition_value": [
        6
      ]
    }, 
    "model": "qianban.qianban", 
    "pk": 130
  }, 
  {
    "fields": {
      "addition_tp": "xintai", 
      "addition_property": 20, 
      "name": "\u4e92\u76f8\u6311\u8845", 
      "des": "DongRaeGU\uff0cMC\u540c\u65f6\u4e0a\u9635\uff0c\u5fc3\u6001\u52a020", 
      "condition_tp": 1, 
      "addition_skill": {}, 
      "condition_value": [
        39, 
        71
      ]
    }, 
    "model": "qianban.qianban", 
    "pk": 131
  }, 
  {
    "fields": {
      "addition_tp": "yishi", 
      "addition_property": 20, 
      "name": "\u98ce\u9a9a\u6bd2\u7206", 
      "des": "\u88c5\u5907\u6bd2\u7206\u6280\u80fd\uff0c\u610f\u8bc6\u52a020", 
      "condition_tp": 2, 
      "addition_skill": {}, 
      "condition_value": [
        3
      ]
    }, 
    "model": "qianban.qianban", 
    "pk": 132
  }, 
  {
    "fields": {
      "addition_tp": "yunying", 
      "addition_property": 20, 
      "name": "\u80d6\u866b\u5c0f\u674e", 
      "des": "\u88c5\u5907\u96f7\u517d\u6280\u80fd\uff0c\u8fd0\u8425\u52a020", 
      "condition_tp": 2, 
      "addition_skill": {}, 
      "condition_value": [
        7
      ]
    }, 
    "model": "qianban.qianban", 
    "pk": 133
  }, 
  {
    "fields": {
      "addition_tp": "baobing", 
      "addition_property": 20, 
      "name": "\u5b9e\u529b\u6218\u53cb", 
      "des": "Leenock, Curious\u540c\u65f6\u4e0a\u9635\uff0c\u66b4\u5175\u52a020", 
      "condition_tp": 1, 
      "addition_skill": {}, 
      "condition_value": [
        40, 
        47
      ]
    }, 
    "model": "qianban.qianban", 
    "pk": 134
  }, 
  {
    "fields": {
      "addition_tp": "xintai", 
      "addition_property": 20, 
      "name": "\u5c11\u5e74\u6210\u540d", 
      "des": "Leenock,Life\uff0cMarineKing\u540c\u65f6\u4e0a\u9635\uff0c\u5fc3\u6001\u52a020", 
      "condition_tp": 1, 
      "addition_skill": {}, 
      "condition_value": [
        40, 
        18, 
        54
      ]
    }, 
    "model": "qianban.qianban", 
    "pk": 135
  }, 
  {
    "fields": {
      "addition_tp": "fangshou", 
      "addition_property": 20, 
      "name": "\u53ec\u5524\u795e\u9f99", 
      "des": "\u88c5\u5907\u5730\u96f7\u6280\u80fd\uff0c\u9632\u5b88\u52a020", 
      "condition_tp": 2, 
      "addition_skill": {}, 
      "condition_value": [
        34
      ]
    }, 
    "model": "qianban.qianban", 
    "pk": 136
  }, 
  {
    "fields": {
      "addition_tp": "jingong", 
      "addition_property": 20, 
      "name": "\u667a\u6167\u706b\u8f66", 
      "des": "\u88c5\u5907\u706b\u8f66\u4eba\u6280\u80fd\uff0c\u8fdb\u653b\u52a020", 
      "condition_tp": 2, 
      "addition_skill": {}, 
      "condition_value": [
        30
      ]
    }, 
    "model": "qianban.qianban", 
    "pk": 137
  }, 
  {
    "fields": {
      "addition_tp": "yishi", 
      "addition_property": 20, 
      "name": "\u667a\u5546\u9009\u624b", 
      "des": "jjakji\uff0csOs\u540c\u65f6\u4e0a\u9635\uff0c\u610f\u8bc6\u52a020", 
      "condition_tp": 1, 
      "addition_skill": {}, 
      "condition_value": [
        41, 
        33
      ]
    }, 
    "model": "qianban.qianban", 
    "pk": 138
  }, 
  {
    "fields": {
      "addition_tp": "caozuo", 
      "addition_property": 20, 
      "name": "\u5171\u540c\u7ec3\u4e60", 
      "des": "jjakji, Hurrican,Hyun\u540c\u65f6\u4e0a\u9635\uff0c\u64cd\u4f5c\u52a020", 
      "condition_tp": 1, 
      "addition_skill": {}, 
      "condition_value": [
        41, 
        108, 
        95
      ]
    }, 
    "model": "qianban.qianban", 
    "pk": 140
  }, 
  {
    "fields": {
      "addition_tp": "yunying", 
      "addition_property": 20, 
      "name": "\u4e8c\u4ee3\u83bd\u9738", 
      "des": "\u88c5\u5907\u87d1\u8782\u6280\u80fd\uff0c\u8fd0\u8425\u52a020", 
      "condition_tp": 2, 
      "addition_skill": {}, 
      "condition_value": [
        2
      ]
    }, 
    "model": "qianban.qianban", 
    "pk": 142
  }, 
  {
    "fields": {
      "addition_tp": "caozuo", 
      "addition_property": 20, 
      "name": "\u795e\u6ca1\u9b3c\u51fa", 
      "des": "\u88c5\u5907\u5e7d\u7075\u5175\u6280\u80fd\uff0c\u64cd\u4f5c\u52a020", 
      "condition_tp": 2, 
      "addition_skill": {}, 
      "condition_value": [
        28
      ]
    }, 
    "model": "qianban.qianban", 
    "pk": 143
  }
]