[
  {
    "fields": {
      "name": "\u6361\u5230\u94b1\u5305", 
      "package": 1511, 
      "level_max": 10, 
      "dialog_after": [
        {
          "position": 2, 
          "dialog": "\u5440\uff1f\u4eca\u5929\u8fd0\u6c14\u771f\u597d\u2026\u2026\u6361\u5230\u4e00\u4e2a\u94b1\u5305\u3002", 
          "icon": "\u72d0\u72f8\u7cbe"
        }
      ], 
      "dialog_before": [], 
      "level_min": 1, 
      "trig_name": "dianjin/Ball/B_1", 
      "icon": "IC_30_01"
    }, 
    "model": "task.randomevent", 
    "pk": 1
  }, 
  {
    "fields": {
      "name": "\u571f\u8c6a\u7ed9\u7684\u8d4f\u8d50", 
      "package": 1512, 
      "level_max": 10, 
      "dialog_after": [
        {
          "position": 1, 
          "dialog": "\u82cd\u5929\u554a\uff01\u4e3a\u4ec0\u4e48\u6211\u4e00\u628a\u5e74\u7eaa\u4e86\uff0c\u8fd8\u662f\u6ca1\u6709\u8001\u5a46\uff1f", 
          "icon": "\u7325\u7410\u7537"
        }, 
        {
          "position": 2, 
          "dialog": "\u4f60\u6709\u94b1\u5417\uff1f", 
          "icon": "\u72d0\u72f8\u7cbe"
        }, 
        {
          "position": 1, 
          "dialog": "\u94f6\u884c\u5b58\u6b3e\u516b\u4f4d\u6570\uff0c\u4e94\u9053\u53e3\u6709\u4e03\u5957\u623f\uff0c\u7b97\u4e0d\u7b97\u6709\u94b1\uff1f", 
          "icon": "\u7325\u7410\u7537"
        }, 
        {
          "position": 2, 
          "dialog": "\u571f\u8c6a\uff0c\u6211\u4eec\u505a\u670b\u53cb\u5427\u3002", 
          "icon": "\u72d0\u72f8\u7cbe"
        }, 
        {
          "position": 1, 
          "dialog": "\u6ca1\u95ee\u9898\uff0c\u8fd9\u4e2a\u4e1c\u897f\u5c31\u8d4f\u8d50\u7ed9\u4f60\u4e86", 
          "icon": "\u7325\u7410\u7537"
        }
      ], 
      "dialog_before": [
        {
          "position": 1, 
          "dialog": "\u53d1\u53cd\u53cd\u590d\u590d", 
          "icon": "\u72d0\u72f8\u7cbe"
        }, 
        {
          "position": 1, 
          "dialog": "\u53d1\u53cd\u53cd\u590d\u590d", 
          "icon": "\u72d0\u72f8\u7cbe"
        }
      ], 
      "level_min": 1, 
      "trig_name": "dianjin/Ball/B_2", 
      "icon": "IC_30_01"
    }, 
    "model": "task.randomevent", 
    "pk": 2
  }, 
  {
    "fields": {
      "name": "\u9001\u5feb\u9012\u7684", 
      "package": 1513, 
      "level_max": 10, 
      "dialog_after": [
        {
          "position": 1, 
          "dialog": "\u8bf7\u95ee\u4f60\u5c31\u662f\u7535\u7ade\u4e4b\u90fd\u7684\u8001\u677f\u5417\uff1f", 
          "icon": "\u88c5\u903c\u7537"
        }, 
        {
          "position": 2, 
          "dialog": "\u662f\u7684\uff0c\u6211\u5c31\u662f\uff0c\u8bf7\u95ee\u4f60\u662f\uff1f", 
          "icon": "\u72d0\u72f8\u7cbe"
        }, 
        {
          "position": 1, 
          "dialog": "\u4f60\u522b\u770b\u6211\u8fd9\u4e48\u5e05\uff0c\u5176\u5b9e\u6211\u662f\u9001\u5feb\u9012\u7684\uff0c\u8fd9\u662f\u4f60\u7684\u5feb\u9012\uff0c\u5feb\u6765\u7b7e\u6536\u4e86\u5427\u3002", 
          "icon": "\u88c5\u903c\u7537"
        }
      ], 
      "dialog_before": [
        {
          "position": 1, 
          "dialog": "\u996d\u53cd\u53cd\u590d\u590d\u53d1\u53cd\u53cd\u590d\u590d\u51e4\u98de\u98de", 
          "icon": "\u72d0\u72f8\u7cbe"
        }, 
        {
          "position": 1, 
          "dialog": "\u7684\u9876\u9876\u9876\u9876\u9876\u7684\u9876\u9876\u9876\u9876\u9876\u5927", 
          "icon": "\u72d0\u72f8\u7cbe"
        }
      ], 
      "level_min": 1, 
      "trig_name": "dianjin/Ball/B_3", 
      "icon": "IC_30_01"
    }, 
    "model": "task.randomevent", 
    "pk": 3
  }, 
  {
    "fields": {
      "name": "\u5f69\u7968\u4e2d\u5956", 
      "package": 1514, 
      "level_max": 10, 
      "dialog_after": [
        {
          "position": 2, 
          "dialog": "\u54c8\u54c8\uff0c\u6211\u8fd0\u6c14\u771f\u597d\uff0c\u4eca\u5929\u4e70\u5f69\u7968\u5c45\u7136\u4e2d\u4e86\u5956\u3002", 
          "icon": "\u72d0\u72f8\u7cbe"
        }
      ], 
      "dialog_before": [
        {
          "position": 1, 
          "dialog": "\u5443\u5443\u5443\u5443\u5443\u5443\u5443\u5443\u5443\u5443\u5443\u5443\u5443\u5443\u5443", 
          "icon": "\u72d0\u72f8\u7cbe"
        }, 
        {
          "position": 1, 
          "dialog": "\u5207\u5207\u5207\u5207\u5207\u5207\u77a7\u77a7\u77a7\u77a7\u77a7\u77a7\u77a7\u77a7", 
          "icon": "\u72d0\u72f8\u7cbe"
        }
      ], 
      "level_min": 1, 
      "trig_name": "dianjin/Ball/B_4", 
      "icon": "IC_30_01"
    }, 
    "model": "task.randomevent", 
    "pk": 4
  }, 
  {
    "fields": {
      "name": "\u6361\u5230\u9057\u843d\u7269", 
      "package": 1515, 
      "level_max": 10, 
      "dialog_after": [
        {
          "position": 2, 
          "dialog": "\u54a6\uff1f\u8fd9\u4e2a\u4eae\u6676\u6676\u7684\u4e1c\u897f\u662f\u4ec0\u4e48\uff1f", 
          "icon": "\u72d0\u72f8\u7cbe"
        }, 
        {
          "position": 2, 
          "dialog": "\u5440\uff1f\u539f\u6765\u662f\u4e00\u74f682\u5e74\u7684\u9648\u5e74\u53ef\u4e50", 
          "icon": "\u72d0\u72f8\u7cbe"
        }
      ], 
      "dialog_before": [
        {
          "position": 2, 
          "dialog": "\u54a6\uff1f\u8fd9\u4e2a\u4eae\u6676\u6676\u7684\u4e1c\u897f\u662f\u4ec0\u4e48\uff1f", 
          "icon": "\u72d0\u72f8\u7cbe"
        }, 
        {
          "position": 2, 
          "dialog": "\u5440\uff1f\u539f\u6765\u662f\u4e00\u74f682\u5e74\u7684\u9648\u5e74\u53ef\u4e50", 
          "icon": "\u72d0\u72f8\u7cbe"
        }
      ], 
      "level_min": 1, 
      "trig_name": "dianjin/Ball/B_5", 
      "icon": "IC_30_01"
    }, 
    "model": "task.randomevent", 
    "pk": 5
  }, 
  {
    "fields": {
      "name": "\u9694\u58c1\u8001\u738b", 
      "package": 1516, 
      "level_max": 10, 
      "dialog_after": [
        {
          "position": 1, 
          "dialog": "\u968f\u98ce\u5954\u8dd1\u81ea\u7531\u662f\u65b9\u5411\uff0c\u8ffd\u9010\u96f7\u548c\u95ea\u7535\u7684\u529b\u91cf\u2026\u2026", 
          "icon": "\u88c5\u903c\u7537"
        }, 
        {
          "position": 2, 
          "dialog": "\u90a3\u8fb9\u90a3\u4e2a\u9b3c\u54ed\u72fc\u568e\u7684\u54e5\u4eec\u513f\uff0c\u80fd\u6d88\u505c\u6d88\u505c\u4e0d\uff1f", 
          "icon": "\u72d0\u72f8\u7cbe"
        }, 
        {
          "position": 1, 
          "dialog": "\u545c\u545c\u545c~~~\u6211\u5bb6\u9694\u58c1\u4f4f\u8fdb\u6765\u4e2a\u8001\u738b\uff0c\u6211\u513f\u5b50\u8fd8\u957f\u5f97\u5f88\u50cf\u4ed6\u3002", 
          "icon": "\u88c5\u903c\u7537"
        }, 
        {
          "position": 2, 
          "dialog": "\u5144\u5f1f\u2026\u2026\u8282\u54c0\u2026\u2026", 
          "icon": "\u72d0\u72f8\u7cbe"
        }
      ], 
      "dialog_before": [
        {
          "position": 1, 
          "dialog": "iiiiiiiiiiiiiiiiiiiiiiiiiiiiiiiiiiiiiiiiiiiii", 
          "icon": "\u72d0\u72f8\u7cbe"
        }, 
        {
          "position": 1, 
          "dialog": "uuuuuuuuuuuuuuuuuuuuu", 
          "icon": "\u72d0\u72f8\u7cbe"
        }
      ], 
      "level_min": 1, 
      "trig_name": "dianjin/Ball/B_6", 
      "icon": "IC_30_01"
    }, 
    "model": "task.randomevent", 
    "pk": 6
  }, 
  {
    "fields": {
      "name": "\u627e\u536b\u751f\u95f4", 
      "package": 1517, 
      "level_max": 10, 
      "dialog_after": [
        {
          "position": 1, 
          "dialog": "\u7f8e\u5973\uff0c\u8bf7\u95ee\u4e00\u4e0b\u6700\u8fd1\u7684\u6d17\u624b\u95f4\u5728\u54ea\u513f\uff1f", 
          "icon": "\u7325\u7410\u7537"
        }, 
        {
          "position": 2, 
          "dialog": "\u5f80\u524d\u9762\u5de6\u8f6c\uff0c\u8d70\u8fc7\u4e00\u4e2a\u8def\u53e3\u518d\u5de6\u8f6c\uff0c\u8fc7\u4e09\u4e2a\u7ea2\u7eff\u706f\u4ee5\u540e\u53f3\u8f6c\uff0c\u7a7f\u8fc7\u56db\u4e2a\u4e01\u5b57\u8def\u53e3\uff0c\u7136\u540e\u5f80\u5de6\u524d\u65b9\u8d70\u8fc7\u4e00\u4e2a\u7ea2\u7eff\u706f\uff0c\u518d\u5f80\u53f3\u8f6c\u8fdb\u4e00\u6761\u5c0f\u5df7\u5b50\uff0c\u7136\u540e\u7a7f\u8fc7\u4e09\u9053\u94c1\u95e8\u5c31\u53ef\u4ee5\u770b\u5230\u4e86\u3002", 
          "icon": "\u72d0\u72f8\u7cbe"
        }, 
        {
          "position": 1, 
          "dialog": "\u2026\u2026", 
          "icon": "\u7325\u7410\u7537"
        }, 
        {
          "position": 1, 
          "dialog": "\u8c22\u8c22\u2026\u2026", 
          "icon": "\u7325\u7410\u7537"
        }
      ], 
      "dialog_before": [], 
      "level_min": 1, 
      "trig_name": "dianjin/Ball/B_7", 
      "icon": "IC_30_01"
    }, 
    "model": "task.randomevent", 
    "pk": 7
  }
]