[
{
    "model": "resources.resource",
    "pk": "baobing",
    "fields": {
        "name": "\u66b4\u5175",
        "icon": ""
    }
},
{
    "model": "resources.resource",
    "pk": "biaoyan",
    "fields": {
        "name": "\u8868\u6f14",
        "icon": ""
    }
},
{
    "model": "resources.resource",
    "pk": "caozuo",
    "fields": {
        "name": "\u64cd\u4f5c",
        "icon": ""
    }
},
{
    "model": "resources.resource",
    "pk": "club_renown",
    "fields": {
        "name": "\u4ff1\u4e50\u90e8\u58f0\u671b",
        "icon": "IC_G"
    }
},
{
    "model": "resources.resource",
    "pk": "diamond",
    "fields": {
        "name": "\u94bb\u77f3",
        "icon": "IC_D"
    }
},
{
    "model": "resources.resource",
    "pk": "energy",
    "fields": {
        "name": "\u592a\u9633\u80fd\u7cbe\u529b",
        "icon": "\u592a\u9633\u80fd\u7cbe\u529b"
    }
},
{
    "model": "resources.resource",
    "pk": "gold",
    "fields": {
        "name": "\u8f6f\u59b9\u5e01",
        "icon": "IC_M"
    }
},
{
    "model": "resources.resource",
    "pk": "jingying",
    "fields": {
        "name": "\u7ecf\u8425",
        "icon": ""
    }
},
{
    "model": "resources.resource",
    "pk": "ladder_score",
    "fields": {
        "name": "\u6c34\u6676\u77ff",
        "icon": "\u6c34\u6676\u77ff"
    }
},
{
    "model": "resources.resource",
    "pk": "league_score",
    "fields": {
        "name": "\u8054\u8d5b\u79ef\u5206",
        "icon": ""
    }
},
{
    "model": "resources.resource",
    "pk": "lilun",
    "fields": {
        "name": "\u7406\u8bba",
        "icon": ""
    }
},
{
    "model": "resources.resource",
    "pk": "luoji",
    "fields": {
        "name": "\u903b\u8f91",
        "icon": ""
    }
},
{
    "model": "resources.resource",
    "pk": "meili",
    "fields": {
        "name": "\u9b45\u529b",
        "icon": ""
    }
},
{
    "model": "resources.resource",
    "pk": "minjie",
    "fields": {
        "name": "\u654f\u6377",
        "icon": ""
    }
},
{
    "model": "resources.resource",
    "pk": "nenglizhi",
    "fields": {
        "name": "\u80fd\u529b\u503c",
        "icon": ""
    }
},
{
    "model": "resources.resource",
    "pk": "shenjia",
    "fields": {
        "name": "\u8eab\u4ef7",
        "icon": ""
    }
},
{
    "model": "resources.resource",
    "pk": "shichang",
    "fields": {
        "name": "\u5e02\u573a",
        "icon": ""
    }
},
{
    "model": "resources.resource",
    "pk": "staff_exp",
    "fields": {
        "name": "\u5458\u5de5\u7ecf\u9a8c",
        "icon": ""
    }
},
{
    "model": "resources.resource",
    "pk": "training_score",
    "fields": {
        "name": "\u788e\u5b9d\u77f3",
        "icon": "\u788e\u5b9d\u77f3"
    }
},
{
    "model": "resources.resource",
    "pk": "wuxing",
    "fields": {
        "name": "\u609f\u6027",
        "icon": ""
    }
},
{
    "model": "resources.resource",
    "pk": "yingxiao",
    "fields": {
        "name": "\u8425\u9500",
        "icon": ""
    }
},
{
    "model": "resources.resource",
    "pk": "youmo",
    "fields": {
        "name": "\u5e7d\u9ed8",
        "icon": ""
    }
},
{
    "model": "resources.resource",
    "pk": "zhanshu",
    "fields": {
        "name": "\u6218\u672f",
        "icon": ""
    }
},
{
    "model": "resources.resource",
    "pk": "zhimingdu",
    "fields": {
        "name": "\u77e5\u540d\u5ea6",
        "icon": ""
    }
},
{
    "model": "resources.resource",
    "pk": "zhiwu",
    "fields": {
        "name": "\u804c\u52a1",
        "icon": ""
    }
}
]
