[
{
    "fields": {
        "name": "\u66b4\u5175",
        "icon": ""
    },
    "model": "resources.resource",
    "pk": "baobing"
},
{
    "fields": {
        "name": "\u64cd\u4f5c",
        "icon": ""
    },
    "model": "resources.resource",
    "pk": "caozuo"
},
{
    "fields": {
        "name": "\u4ff1\u4e50\u90e8\u58f0\u671b",
        "icon": "IC_G"
    },
    "model": "resources.resource",
    "pk": "club_renown"
},
{
    "fields": {
        "name": "\u94bb\u77f3",
        "icon": "IC_D"
    },
    "model": "resources.resource",
    "pk": "diamond"
},
{
    "fields": {
        "name": "\u9632\u5b88",
        "icon": ""
    },
    "model": "resources.resource",
    "pk": "fangshou"
},
{
    "fields": {
        "name": "\u8f6f\u59b9\u5e01",
        "icon": "IC_M"
    },
    "model": "resources.resource",
    "pk": "gold"
},
{
    "fields": {
        "name": "\u8fdb\u653b",
        "icon": ""
    },
    "model": "resources.resource",
    "pk": "jingong"
},
{
    "fields": {
        "name": "\u7275\u5236",
        "icon": ""
    },
    "model": "resources.resource",
    "pk": "qianzhi"
},
{
    "fields": {
        "name": "\u5458\u5de5\u7ecf\u9a8c",
        "icon": ""
    },
    "model": "resources.resource",
    "pk": "staff_exp"
},
{
    "fields": {
        "name": "\u5fc3\u6001",
        "icon": ""
    },
    "model": "resources.resource",
    "pk": "xintai"
},
{
    "fields": {
        "name": "\u610f\u8bc6",
        "icon": ""
    },
    "model": "resources.resource",
    "pk": "yishi"
},
{
    "fields": {
        "name": "\u8fd0\u8425",
        "icon": ""
    },
    "model": "resources.resource",
    "pk": "yunying"
}
]
