[
{
    "model": "skill.buff",
    "pk": 1,
    "fields": {
        "tp": 1,
        "level": 1,
        "effect": "4,0.16;10,0.13;3,8",
        "mode": 1,
        "icon": "BUFF_greed_1",
        "stack": 2
    }
},
{
    "model": "skill.buff",
    "pk": 11,
    "fields": {
        "tp": 11,
        "level": 1,
        "effect": "7,-0.25",
        "mode": 2,
        "icon": "BUFF_red_8",
        "stack": 2
    }
},
{
    "model": "skill.buff",
    "pk": 999,
    "fields": {
        "tp": 999,
        "level": 1,
        "effect": "6,0",
        "mode": 1,
        "icon": "",
        "stack": 1
    }
},
{
    "model": "skill.buff",
    "pk": 1001,
    "fields": {
        "tp": 1001,
        "level": 1,
        "effect": "6,0.68;5,30;26,0.2",
        "mode": 1,
        "icon": "BUFF_greed_1",
        "stack": 1
    }
},
{
    "model": "skill.buff",
    "pk": 1011,
    "fields": {
        "tp": 1011,
        "level": 1,
        "effect": "11,0.16",
        "mode": 1,
        "icon": "BUFF_greed_4",
        "stack": 2
    }
},
{
    "model": "skill.buff",
    "pk": 1021,
    "fields": {
        "tp": 1021,
        "level": 1,
        "effect": "11,0.3",
        "mode": 1,
        "icon": "BUFF_greed_4",
        "stack": 1
    }
},
{
    "model": "skill.buff",
    "pk": 1022,
    "fields": {
        "tp": 1022,
        "level": 1,
        "effect": "6,-0.18;5,-30",
        "mode": 2,
        "icon": "BUFF_red_2",
        "stack": 3
    }
},
{
    "model": "skill.buff",
    "pk": 1031,
    "fields": {
        "tp": 1031,
        "level": 1,
        "effect": "19,0.16",
        "mode": 2,
        "icon": "BUFF_red_11",
        "stack": 2
    }
},
{
    "model": "skill.buff",
    "pk": 2001,
    "fields": {
        "tp": 2001,
        "level": 1,
        "effect": "7,0.65;11,0.25",
        "mode": 1,
        "icon": "BUFF_greed_4",
        "stack": 1
    }
},
{
    "model": "skill.buff",
    "pk": 2011,
    "fields": {
        "tp": 2011,
        "level": 1,
        "effect": "6,-0.18;5,-20",
        "mode": 2,
        "icon": "BUFF_red_2",
        "stack": 3
    }
},
{
    "model": "skill.buff",
    "pk": 2031,
    "fields": {
        "tp": 2031,
        "level": 1,
        "effect": "10,-0.17",
        "mode": 2,
        "icon": "BUFF_red_3",
        "stack": 2
    }
},
{
    "model": "skill.buff",
    "pk": 10000,
    "fields": {
        "tp": 10000,
        "level": 1,
        "effect": "4,0.75",
        "mode": 1,
        "icon": "BUFF_greed_1",
        "stack": 1
    }
},
{
    "model": "skill.buff",
    "pk": 10001,
    "fields": {
        "tp": 10001,
        "level": 1,
        "effect": "10,0.3",
        "mode": 1,
        "icon": "BUFF_greed_3",
        "stack": 1
    }
},
{
    "model": "skill.buff",
    "pk": 10010,
    "fields": {
        "tp": 10010,
        "level": 1,
        "effect": "7,-0.25",
        "mode": 2,
        "icon": "BUFF_red_8",
        "stack": 1
    }
},
{
    "model": "skill.buff",
    "pk": 10050,
    "fields": {
        "tp": 10050,
        "level": 1,
        "effect": "26,0.6;25,50",
        "mode": 1,
        "icon": "BUFF_greed_2",
        "stack": 1
    }
},
{
    "model": "skill.buff",
    "pk": 10060,
    "fields": {
        "tp": 10060,
        "level": 1,
        "effect": "29,0",
        "mode": 1,
        "icon": "",
        "stack": 1
    }
},
{
    "model": "skill.buff",
    "pk": 10080,
    "fields": {
        "tp": 10080,
        "level": 1,
        "effect": "27,0;28,0",
        "mode": 2,
        "icon": "",
        "stack": 1
    }
},
{
    "model": "skill.buff",
    "pk": 11010,
    "fields": {
        "tp": 11010,
        "level": 1,
        "effect": "4,-0.18;3,-40",
        "mode": 2,
        "icon": "BUFF_red_1",
        "stack": 1
    }
},
{
    "model": "skill.buff",
    "pk": 11020,
    "fields": {
        "tp": 11020,
        "level": 1,
        "effect": "6,-0.26;5,-50",
        "mode": 2,
        "icon": "BUFF_red_2",
        "stack": 1
    }
},
{
    "model": "skill.buff",
    "pk": 11040,
    "fields": {
        "tp": 11040,
        "level": 1,
        "effect": "6,0.5;5,50",
        "mode": 1,
        "icon": "BUFF_greed_2",
        "stack": 1
    }
},
{
    "model": "skill.buff",
    "pk": 11041,
    "fields": {
        "tp": 11041,
        "level": 1,
        "effect": "11,0.2",
        "mode": 1,
        "icon": "BUFF_greed_4",
        "stack": 1
    }
},
{
    "model": "skill.buff",
    "pk": 11050,
    "fields": {
        "tp": 11050,
        "level": 1,
        "effect": "26,-0.5;25,-50",
        "mode": 2,
        "icon": "BUFF_red_2",
        "stack": 1
    }
},
{
    "model": "skill.buff",
    "pk": 11051,
    "fields": {
        "tp": 11051,
        "level": 1,
        "effect": "26,-0.25",
        "mode": 2,
        "icon": "BUFF_red_2",
        "stack": 1
    }
},
{
    "model": "skill.buff",
    "pk": 11060,
    "fields": {
        "tp": 11060,
        "level": 1,
        "effect": "27,0;28,0;29,0",
        "mode": 2,
        "icon": "",
        "stack": 1
    }
},
{
    "model": "skill.buff",
    "pk": 11070,
    "fields": {
        "tp": 11070,
        "level": 1,
        "effect": "10,0.3",
        "mode": 1,
        "icon": "BUFF_greed_3",
        "stack": 1
    }
},
{
    "model": "skill.buff",
    "pk": 11080,
    "fields": {
        "tp": 11080,
        "level": 1,
        "effect": "24,0.45;23,25",
        "mode": 1,
        "icon": "BUFF_greed_1",
        "stack": 1
    }
},
{
    "model": "skill.buff",
    "pk": 12000,
    "fields": {
        "tp": 12000,
        "level": 1,
        "effect": "20,0.26;26,-0.3",
        "mode": 2,
        "icon": "BUFF_red_10",
        "stack": 1
    }
},
{
    "model": "skill.buff",
    "pk": 12001,
    "fields": {
        "tp": 12001,
        "level": 1,
        "effect": "20,0.13;26,-0.15",
        "mode": 2,
        "icon": "",
        "stack": 1
    }
},
{
    "model": "skill.buff",
    "pk": 12010,
    "fields": {
        "tp": 12010,
        "level": 1,
        "effect": "4,0.3;3,40",
        "mode": 1,
        "icon": "BUFF_greed_1",
        "stack": 1
    }
},
{
    "model": "skill.buff",
    "pk": 12011,
    "fields": {
        "tp": 12011,
        "level": 1,
        "effect": "7,0.3",
        "mode": 1,
        "icon": "BUFF_greed_8",
        "stack": 1
    }
},
{
    "model": "skill.buff",
    "pk": 12020,
    "fields": {
        "tp": 12020,
        "level": 1,
        "effect": "10,-0.2",
        "mode": 2,
        "icon": "BUFF_red_3",
        "stack": 1
    }
},
{
    "model": "skill.buff",
    "pk": 12040,
    "fields": {
        "tp": 12040,
        "level": 1,
        "effect": "27,0;28,0",
        "mode": 2,
        "icon": "",
        "stack": 1
    }
},
{
    "model": "skill.buff",
    "pk": 12050,
    "fields": {
        "tp": 12050,
        "level": 1,
        "effect": "6,-0.22;26,-0.25",
        "mode": 2,
        "icon": "BUFF_red_2",
        "stack": 1
    }
},
{
    "model": "skill.buff",
    "pk": 12070,
    "fields": {
        "tp": 12070,
        "level": 1,
        "effect": "6,0.35",
        "mode": 1,
        "icon": "BUFF_greed_2",
        "stack": 1
    }
},
{
    "model": "skill.buff",
    "pk": 12071,
    "fields": {
        "tp": 12071,
        "level": 1,
        "effect": "4,-0.2;11,-0.2",
        "mode": 2,
        "icon": "BUFF_red_1",
        "stack": 1
    }
},
{
    "model": "skill.buff",
    "pk": 12090,
    "fields": {
        "tp": 12090,
        "level": 1,
        "effect": "6,-0.18",
        "mode": 2,
        "icon": "BUFF_red_2",
        "stack": 1
    }
},
{
    "model": "skill.buff",
    "pk": 20100,
    "fields": {
        "tp": 20100,
        "level": 1,
        "effect": "26,0.25;6,0.3",
        "mode": 1,
        "icon": "BUFF_greed_2",
        "stack": 1
    }
},
{
    "model": "skill.buff",
    "pk": 20110,
    "fields": {
        "tp": 20110,
        "level": 1,
        "effect": "11,0.35",
        "mode": 1,
        "icon": "BUFF_greed_4",
        "stack": 1
    }
},
{
    "model": "skill.buff",
    "pk": 20120,
    "fields": {
        "tp": 20120,
        "level": 1,
        "effect": "4,0.3;3,35",
        "mode": 1,
        "icon": "BUFF_greed_1",
        "stack": 1
    }
},
{
    "model": "skill.buff",
    "pk": 20130,
    "fields": {
        "tp": 20130,
        "level": 1,
        "effect": "4,-0.2;3,-30",
        "mode": 2,
        "icon": "BUFF_red_1",
        "stack": 1
    }
}
]
