[
  {
    "fields": {
      "name": "\u8df3\u866b", 
      "type_id": 2, 
      "max_level": 9, 
      "des": "\u866b\u65cf\u6700\u4f4e\u7ea7\u5175\u79cd\uff0c\u4f9d\u9760\u6570\u91cf\u548c\u901f\u5ea6\u4f18\u52bf\u65e2\u80fd\u56f4\u6740\u5bf9\u624b\u4e5f\u80fd\u5145\u5f53\u70ae\u7070\u3002", 
      "race": 3, 
      "value_base": 10, 
      "addition_ids": [
        [
          "jingong", 
          100
        ], 
        [
          "qianzhi", 
          80
        ]
      ], 
      "level_grow": 10, 
      "icon": "\u8df3\u866b"
    }, 
    "model": "skill.skill", 
    "pk": 1
  }, 
  {
    "fields": {
      "name": "\u87d1\u8782", 
      "type_id": 2, 
      "max_level": 9, 
      "des": "\u866b\u65cf\u65b0\u7269\u79cd\uff0c\u9020\u4ef7\u4f4e\u5ec9\u5e76\u4e14\u6709\u53ca\u5176\u8fc5\u901f\u7684\u751f\u547d\u6062\u590d\u901f\u5ea6\u3002", 
      "race": 3, 
      "value_base": 10, 
      "addition_ids": [
        [
          "baobing", 
          120
        ], 
        [
          "yunying", 
          80
        ]
      ], 
      "level_grow": 10, 
      "icon": "\u87d1\u8782"
    }, 
    "model": "skill.skill", 
    "pk": 2
  }, 
  {
    "fields": {
      "name": "\u6bd2\u7206", 
      "type_id": 2, 
      "max_level": 9, 
      "des": "\u8df3\u866b\u53d8\u5f02\u800c\u6765\u7684\u81ea\u6740\u6027\u5175\u79cd\uff0c\u62e5\u6709\u6050\u6016\u6740\u4f24\u529b\uff0c\u5e76\u4e14\u53ef\u4ee5\u5728\u57cb\u5730\u60c5\u51b5\u4e0b\u5f15\u7206\u3002", 
      "race": 3, 
      "value_base": 10, 
      "addition_ids": [
        [
          "caozuo", 
          200
        ]
      ], 
      "level_grow": 10, 
      "icon": "\u7206\u866b"
    }, 
    "model": "skill.skill", 
    "pk": 3
  }, 
  {
    "fields": {
      "name": "\u611f\u67d3\u8005", 
      "type_id": 2, 
      "max_level": 9, 
      "des": "\u866b\u65cf\u9b54\u6cd5\u5355\u4f4d\uff0c\u672c\u8eab\u6ca1\u6709\u4efb\u4f55\u4f24\u5bb3\uff0c\u5374\u62e5\u6709\u975e\u5e38\u5f3a\u5927\u4f7f\u7528\u7684\u80fd\u529b\u3002", 
      "race": 3, 
      "value_base": 10, 
      "addition_ids": [
        [
          "caozuo", 
          400
        ]
      ], 
      "level_grow": 10, 
      "icon": "\u611f\u67d3\u8005"
    }, 
    "model": "skill.skill", 
    "pk": 4
  }, 
  {
    "fields": {
      "name": "\u8150\u5316\u8005", 
      "type_id": 2, 
      "max_level": 9, 
      "des": "\u866b\u65cf\u5f3a\u5927\u7684\u5bf9\u7a7a\u653b\u51fb\u5355\u4f4d\uff0c\u5e76\u4e14\u62e5\u6709\u8150\u8680\u5bf9\u624b\u7684\u80fd\u529b\u3002", 
      "race": 3, 
      "value_base": 10, 
      "addition_ids": [
        [
          "fangshou", 
          180
        ], 
        [
          "yunying", 
          150
        ]
      ], 
      "level_grow": 10, 
      "icon": "\u8150\u8680\u8005"
    }, 
    "model": "skill.skill", 
    "pk": 5
  }, 
  {
    "fields": {
      "name": "\u98de\u9f99", 
      "type_id": 2, 
      "max_level": 9, 
      "des": "\u866b\u65cf\u6807\u5fd7\u6027\u5175\u79cd\uff0c\u4ea6\u662f\u6700\u4e3b\u8981\u7684\u7a7a\u4e2d\u529b\u91cf\u3002", 
      "race": 3, 
      "value_base": 10, 
      "addition_ids": [
        [
          "jingong", 
          200
        ], 
        [
          "qianzhi", 
          300
        ]
      ], 
      "level_grow": 10, 
      "icon": "\u98de\u9f99"
    }, 
    "model": "skill.skill", 
    "pk": 6
  }, 
  {
    "fields": {
      "name": "\u96f7\u517d", 
      "type_id": 2, 
      "max_level": 9, 
      "des": "\u4f53\u578b\u5de8\u5927\u7684\u96f7\u517d\u662f\u866b\u65cf\u5730\u9762\u90e8\u961f\u4e2d\u5f53\u4ec1\u4e0d\u8ba9\u7684\u653b\u575a\u5175\u79cd\uff0c\u4e14\u975e\u5e38\u9002\u5408\u7834\u574f\u5efa\u7b51\u7269\u3002", 
      "race": 3, 
      "value_base": 10, 
      "addition_ids": [
        [
          "jingong", 
          230
        ], 
        [
          "yunying", 
          100
        ]
      ], 
      "level_grow": 10, 
      "icon": "\u96f7\u517d"
    }, 
    "model": "skill.skill", 
    "pk": 7
  }, 
  {
    "fields": {
      "name": "\u5de2\u866b\u9886\u4e3b", 
      "type_id": 2, 
      "max_level": 9, 
      "des": "\u8150\u5316\u8005\u8fdb\u5316\u800c\u6765\u7684\u5f3a\u5927\u7a7a\u4e2d\u5355\u4f4d\uff0c\u62e5\u6709\u53ef\u6015\u7684\u5bf9\u5730\u653b\u51fb\u80fd\u529b\u3002", 
      "race": 3, 
      "value_base": 10, 
      "addition_ids": [
        [
          "yunying", 
          200
        ], 
        [
          "caozuo", 
          200
        ]
      ], 
      "level_grow": 10, 
      "icon": "\u5de2\u7a74\u9886\u4e3b"
    }, 
    "model": "skill.skill", 
    "pk": 8
  }, 
  {
    "fields": {
      "name": "\u523a\u86c7", 
      "type_id": 2, 
      "max_level": 9, 
      "des": "\u866b\u65cf\u5f3a\u5927\u7684\u8f93\u51fa\u578b\u5175\u79cd\uff0c\u62e5\u6709\u5bf9\u5730\u5bf9\u7a7a\u7684\u80fd\u529b\u3002", 
      "race": 3, 
      "value_base": 10, 
      "addition_ids": [
        [
          "jingong", 
          300
        ]
      ], 
      "level_grow": 10, 
      "icon": "\u523a\u86c7"
    }, 
    "model": "skill.skill", 
    "pk": 9
  }, 
  {
    "fields": {
      "name": "\u5bbf\u4e3b", 
      "type_id": 2, 
      "max_level": 9, 
      "des": "\u5bbf\u4e3b\u672c\u8eab\u4e0d\u5e26\u653b\u51fb\uff0c\u4f46\u662f\u80fd\u5b75\u5316\u51fa\u8757\u866b\u90e8\u961f\u653b\u51fb\u5bf9\u624b\u3002", 
      "race": 3, 
      "value_base": 10, 
      "addition_ids": [
        [
          "qianzhi", 
          300
        ]
      ], 
      "level_grow": 10, 
      "icon": "\u5bbf\u4e3b"
    }, 
    "model": "skill.skill", 
    "pk": 10
  }, 
  {
    "fields": {
      "name": "\u98de\u86c7", 
      "type_id": 2, 
      "max_level": 9, 
      "des": "\u866b\u65cf\u540e\u671f\u76f8\u5f53\u91cd\u8981\u7684\u8f85\u52a9\u5175\u79cd\uff0c\u96c6\u5408\u4e86\u6570\u79cd\u51f6\u6076\u7684\u751f\u5316\u6b66\u5668\u6765\u524a\u5f31\u654c\u65b9\u7684\u6218\u6597\u529b\u3002", 
      "race": 3, 
      "value_base": 10, 
      "addition_ids": [
        [
          "caozuo", 
          400
        ]
      ], 
      "level_grow": 10, 
      "icon": "\u98de\u86c7"
    }, 
    "model": "skill.skill", 
    "pk": 11
  }, 
  {
    "fields": {
      "name": "\u72c2\u70ed\u8005", 
      "type_id": 2, 
      "max_level": 9, 
      "des": "\u795e\u65cf\u6700\u4e3b\u8981\u7684\u5730\u9762\u7a81\u51fb\u5175\u79cd\uff0c\u540e\u671f\u72c2\u70ed\u8005\u62e5\u6709\u51b2\u950b\u80fd\u529b\u4e4b\u540e\u80fd\u66f4\u597d\u7684\u8ffd\u51fb\u654c\u4eba\u3002", 
      "race": 2, 
      "value_base": 10, 
      "addition_ids": [
        [
          "jingong", 
          80
        ], 
        [
          "qianzhi", 
          50
        ]
      ], 
      "level_grow": 10, 
      "icon": "\u72c2\u70ed\u8005"
    }, 
    "model": "skill.skill", 
    "pk": 12
  }, 
  {
    "fields": {
      "name": "\u8ffd\u730e\u8005", 
      "type_id": 2, 
      "max_level": 9, 
      "des": "\u795e\u65cf\u975e\u5e38\u5168\u80fd\u7684\u9ad8\u673a\u52a8\u6027\u5355\u4f4d\uff0c\u62c5\u8d1f\u4fa6\u67e5\u9632\u5b88\u8fdb\u653b\u7684\u91cd\u4efb\u3002", 
      "race": 2, 
      "value_base": 10, 
      "addition_ids": [
        [
          "baobing", 
          50
        ], 
        [
          "caozuo", 
          100
        ]
      ], 
      "level_grow": 10, 
      "icon": "\u8ffd\u730e\u8005"
    }, 
    "model": "skill.skill", 
    "pk": 13
  }, 
  {
    "fields": {
      "name": "\u54e8\u5175", 
      "type_id": 2, 
      "max_level": 9, 
      "des": "\u54e8\u5175\u4e00\u822c\u7684\u653b\u51fb\u80fd\u529b\uff0c\u5374\u62e5\u6709\u8d85\u5f3a\u7684\u8f85\u52a9\u80fd\u529b\uff0c\u662f\u795e\u65cf\u9632\u5b88\u548c\u4fa6\u67e5\u7684\u4e3b\u529b\u5175\u79cd\u3002", 
      "race": 2, 
      "value_base": 10, 
      "addition_ids": [
        [
          "caozuo", 
          200
        ]
      ], 
      "level_grow": 10, 
      "icon": "\u54e8\u5175"
    }, 
    "model": "skill.skill", 
    "pk": 14
  }, 
  {
    "fields": {
      "name": "\u51e4\u51f0", 
      "type_id": 2, 
      "max_level": 9, 
      "des": "\u51e4\u51f0\u662f\u795e\u65cf\u91cd\u8981\u7684\u5236\u7a7a\u5355\u4f4d\uff0c\u9664\u4e86\u4e0d\u4fd7\u7684\u5bf9\u7a7a\u80fd\u529b\u5916\u8fd8\u80fd\u9760\u53cd\u91cd\u529b\u62ac\u8d77\u5730\u9762\u7684\u975e\u5de8\u578b\u5355\u4f4d\u3002", 
      "race": 2, 
      "value_base": 10, 
      "addition_ids": [
        [
          "qianzhi", 
          150
        ], 
        [
          "caozuo", 
          80
        ]
      ], 
      "level_grow": 10, 
      "icon": "\u51e4\u51f0\u6218\u673a"
    }, 
    "model": "skill.skill", 
    "pk": 15
  }, 
  {
    "fields": {
      "name": "\u5149\u660e\u5723\u5802\u6b66\u58eb", 
      "type_id": 2, 
      "max_level": 9, 
      "des": "\u795e\u65cf\u9ad8\u8d35\u7684\u7eaf\u9b54\u6cd5\u5355\u4f4d\uff0c\u5176\u4ee3\u8868\u6280\u80fd\u7075\u80fd\u98ce\u66b4\u662f\u5bf9\u624b\u7684\u5669\u68a6\u3002", 
      "race": 2, 
      "value_base": 10, 
      "addition_ids": [
        [
          "caozuo", 
          220
        ]
      ], 
      "level_grow": 10, 
      "icon": "\u9ad8\u9636\u5723\u5802\u6b66\u58eb"
    }, 
    "model": "skill.skill", 
    "pk": 16
  }, 
  {
    "fields": {
      "name": "\u9ed1\u6697\u5723\u5802\u6b66\u58eb", 
      "type_id": 2, 
      "max_level": 9, 
      "des": "\u795e\u65cf\u6700\u795e\u79d8\u7684\u9690\u5f62\u5355\u4f4d\uff0c\u5176\u7834\u574f\u548c\u9a9a\u6270\u80fd\u529b\u4ee4\u5bf9\u624b\u80c6\u5bd2\u3002", 
      "race": 2, 
      "value_base": 10, 
      "addition_ids": [
        [
          "qianzhi", 
          220
        ]
      ], 
      "level_grow": 10, 
      "icon": "\u9ed1\u6697\u5723\u5802\u6b66\u58eb"
    }, 
    "model": "skill.skill", 
    "pk": 17
  }, 
  {
    "fields": {
      "name": "\u4e0d\u673d\u8005", 
      "type_id": 2, 
      "max_level": 9, 
      "des": "\u4e0d\u673d\u8005\u66ff\u4ee3\u4e86\u65e9\u671f\u795e\u65cf\u7684\u9f99\u9a91\u58eb\uff0c\u9664\u4e86\u62e5\u6709\u66f4\u9ad8\u7684\u653b\u51fb\uff0c\u8fd8\u6709\u5f3a\u5927\u7684\u62a4\u76fe\u4fdd\u62a4\u81ea\u5df1\u3002", 
      "race": 2, 
      "value_base": 10, 
      "addition_ids": [
        [
          "jingong", 
          200
        ], 
        [
          "qianzhi", 
          60
        ]
      ], 
      "level_grow": 10, 
      "icon": "\u4e0d\u673d\u8005"
    }, 
    "model": "skill.skill", 
    "pk": 18
  }, 
  {
    "fields": {
      "name": "\u5de8\u50cf", 
      "type_id": 2, 
      "max_level": 9, 
      "des": "\u795e\u65cf\u5f3a\u5927\u7684AOE\u5355\u4f4d\uff0c\u4f46\u662f\u957f\u5f97\u592a\u9ad8\u4f7f\u5b83\u5bb9\u6613\u6210\u4e3a\u654c\u4eba\u7a7a\u4e2d\u5355\u4f4d\u7684\u9776\u5b50\u3002", 
      "race": 2, 
      "value_base": 10, 
      "addition_ids": [
        [
          "jingong", 
          200
        ], 
        [
          "yunying", 
          60
        ]
      ], 
      "level_grow": 10, 
      "icon": "\u5de8\u50cf"
    }, 
    "model": "skill.skill", 
    "pk": 19
  }, 
  {
    "fields": {
      "name": "\u6267\u653f\u5b98", 
      "type_id": 2, 
      "max_level": 9, 
      "des": "\u5723\u5802\u6b66\u58eb\u5408\u4f53\u800c\u6210\uff0c\u7075\u80fd\u9707\u8361\u6ce2\u5bf9\u7a7a\u4e2d\u548c\u5730\u9762\u90fd\u6740\u4f24\u529b\u5de8\u5927\uff0c\u662f\u4efb\u4f55\u751f\u7269\u5175\u79cd\u7684\u5669\u68a6\u3002", 
      "race": 2, 
      "value_base": 10, 
      "addition_ids": [
        [
          "fangshou", 
          100
        ], 
        [
          "yunying", 
          180
        ]
      ], 
      "level_grow": 10, 
      "icon": "\u6267\u653f\u5b98"
    }, 
    "model": "skill.skill", 
    "pk": 20
  }, 
  {
    "fields": {
      "name": "\u865a\u7a7a", 
      "type_id": 2, 
      "max_level": 9, 
      "des": "\u795e\u65cf\u7684\u8f93\u51fa\u578b\u7a7a\u4e2d\u5355\u4f4d\uff0c\u643a\u5e26\u6050\u6016\u7684\u6b66\u5668\u68f1\u955c\u5149\u675f\u3002", 
      "race": 2, 
      "value_base": 10, 
      "addition_ids": [
        [
          "fangshou", 
          80
        ], 
        [
          "yunying", 
          110
        ]
      ], 
      "level_grow": 10, 
      "icon": "\u865a\u7a7a"
    }, 
    "model": "skill.skill", 
    "pk": 21
  }, 
  {
    "fields": {
      "name": "\u822a\u6bcd", 
      "type_id": 2, 
      "max_level": 9, 
      "des": "\u795e\u65cf\u7a7a\u519b\u4e3b\u529b\u8230\uff0c\u4f7f\u7528\u5927\u91cf\u642d\u8f7d\u7684\u62e6\u622a\u673a\u8fdb\u884c\u653b\u51fb\u3002", 
      "race": 2, 
      "value_base": 10, 
      "addition_ids": [
        [
          "fangshou", 
          150
        ], 
        [
          "yunying", 
          100
        ]
      ], 
      "level_grow": 10, 
      "icon": "\u8fd0\u8f7d\u8230"
    }, 
    "model": "skill.skill", 
    "pk": 22
  }, 
  {
    "fields": {
      "name": "\u5148\u77e5", 
      "type_id": 2, 
      "max_level": 9, 
      "des": "\u795e\u65cf\u65b0\u578b\u7a7a\u4e2d\u5355\u4f4d\uff0c\u62e5\u6709\u6781\u5f3a\u7684\u9a9a\u6270\u548c\u4fa6\u67e5\u80fd\u529b\u3002", 
      "race": 2, 
      "value_base": 10, 
      "addition_ids": [
        [
          "jingong", 
          100
        ], 
        [
          "qianzhi", 
          150
        ]
      ], 
      "level_grow": 10, 
      "icon": "\u5148\u77e5"
    }, 
    "model": "skill.skill", 
    "pk": 23
  }, 
  {
    "fields": {
      "name": "\u98ce\u66b4\u6218\u8230", 
      "type_id": 2, 
      "max_level": 9, 
      "des": "\u795e\u65cf\u65b0\u578b\u4e3b\u529b\u6218\u8230\uff0c\u62e5\u6709\u8d85\u8fdc\u7684\u5c04\u7a0b\u548c\u6050\u6016\u7684\u6740\u4f24\u529b\u3002", 
      "race": 2, 
      "value_base": 10, 
      "addition_ids": [
        [
          "fangshou", 
          220
        ]
      ], 
      "level_grow": 10, 
      "icon": "\u98ce\u66b4\u6218\u8230"
    }, 
    "model": "skill.skill", 
    "pk": 24
  }, 
  {
    "fields": {
      "name": "\u673a\u67aa\u5175", 
      "type_id": 2, 
      "max_level": 9, 
      "des": "\u4eba\u65cf\u9020\u4ef7\u4f4e\u5ec9\u7684\u4e3b\u529b\u5175\u79cd\uff0c\u81ea\u8eab\u76f8\u5f53\u8106\u5f31\u3002", 
      "race": 1, 
      "value_base": 10, 
      "addition_ids": [
        [
          "jingong", 
          80
        ], 
        [
          "qianzhi", 
          100
        ]
      ], 
      "level_grow": 10, 
      "icon": "\u673a\u67aa\u5175"
    }, 
    "model": "skill.skill", 
    "pk": 25
  }, 
  {
    "fields": {
      "name": "\u63a0\u593a\u8005", 
      "type_id": 2, 
      "max_level": 9, 
      "des": "\u4eba\u65cf\u5f3a\u5927\u7684\u88c5\u7532\u6b65\u5175\uff0c\u5176\u653b\u51fb\u4e0d\u4f46\u53ef\u4ee5\u8ba9\u654c\u4eba\u7684\u79fb\u52a8\u901f\u5ea6\u964d\u4f4e\uff0c\u5bf9\u4ed8\u91cd\u7532\u578b\u7684\u5355\u4f4d\u66f4\u662f\u6709\u5947\u6548\u3002", 
      "race": 1, 
      "value_base": 10, 
      "addition_ids": [
        [
          "baobing", 
          100
        ], 
        [
          "yunying", 
          80
        ]
      ], 
      "level_grow": 10, 
      "icon": "\u63a0\u593a\u8005"
    }, 
    "model": "skill.skill", 
    "pk": 26
  }, 
  {
    "fields": {
      "name": "\u6b7b\u795e", 
      "type_id": 2, 
      "max_level": 9, 
      "des": "\u4eba\u65cf\u5f3a\u5927\u7684\u521d\u671f\u4fa6\u67e5\u5355\u4f4d\uff0c\u6709\u6781\u5f3a\u7684\u673a\u52a8\u6027\u548c\u8de8\u8d8a\u9ad8\u5730\u5730\u5f62\u80fd\u529b\u3002", 
      "race": 1, 
      "value_base": 10, 
      "addition_ids": [
        [
          "caozuo", 
          200
        ]
      ], 
      "level_grow": 10, 
      "icon": "\u6b7b\u795e"
    }, 
    "model": "skill.skill", 
    "pk": 27
  }, 
  {
    "fields": {
      "name": "\u5e7d\u7075\u5175", 
      "type_id": 2, 
      "max_level": 9, 
      "des": "\u5e7d\u7075\u5175\u662f\u4eba\u65cf\u62e5\u6709\u9690\u5f62\u80fd\u529b\u7684\u7279\u79cd\u5175\uff0c\u6280\u80fdEMP\u66f4\u662f\u72d9\u51fb\u9b54\u6cd5\u5355\u4f4d\u548c\u795e\u65cf\u90e8\u961f\u7684\u751f\u529b\u519b\u3002", 
      "race": 1, 
      "value_base": 10, 
      "addition_ids": [
        [
          "caozuo", 
          350
        ]
      ], 
      "level_grow": 10, 
      "icon": "\u5e7d\u7075\u5175"
    }, 
    "model": "skill.skill", 
    "pk": 28
  }, 
  {
    "fields": {
      "name": "\u706b\u8f66", 
      "type_id": 2, 
      "max_level": 9, 
      "des": "\u4eba\u65cf\u8d85\u9ad8\u673a\u52a8\u6027\u7684\u673a\u68b0\u5355\u4f4d\uff0c\u62e5\u6709\u65e0\u53ef\u66ff\u4ee3\u7684\u9a9a\u6270\u80fd\u529b\u3002", 
      "race": 1, 
      "value_base": 10, 
      "addition_ids": [
        [
          "qianzhi", 
          100
        ], 
        [
          "caozuo", 
          150
        ]
      ], 
      "level_grow": 10, 
      "icon": "\u6076\u4eba\u6218\u8f66"
    }, 
    "model": "skill.skill", 
    "pk": 29
  }, 
  {
    "fields": {
      "name": "\u706b\u8f66\u4eba", 
      "type_id": 2, 
      "max_level": 9, 
      "des": "\u901a\u8fc7\u706b\u8f66\u53d8\u5f62\u8f6c\u6362\u5f62\u6001\uff0c\u727a\u7272\u673a\u52a8\u6027\u6362\u53d6\u66f4\u5f3a\u5927\u7684\u62a4\u7532\u548cAOE\u80fd\u529b\u3002", 
      "race": 1, 
      "value_base": 10, 
      "addition_ids": [
        [
          "qianzhi", 
          250
        ]
      ], 
      "level_grow": 10, 
      "icon": "\u706b\u8f66\u4eba"
    }, 
    "model": "skill.skill", 
    "pk": 30
  }, 
  {
    "fields": {
      "name": "\u5766\u514b", 
      "type_id": 2, 
      "max_level": 9, 
      "des": "\u4eba\u65cf\u62db\u724c\u653b\u575a\u9632\u5fa1\u5175\u79cd\uff0c\u662f\u5730\u9762\u6700\u8fdc\u5c04\u7a0b\u7684\u5175\u79cd\u3002", 
      "race": 1, 
      "value_base": 10, 
      "addition_ids": [
        [
          "fangshou", 
          250
        ]
      ], 
      "level_grow": 10, 
      "icon": "\u653b\u57ce\u5766\u514b"
    }, 
    "model": "skill.skill", 
    "pk": 31
  }, 
  {
    "fields": {
      "name": "\u96f7\u795e", 
      "type_id": 2, 
      "max_level": 9, 
      "des": "\u4eba\u7c7b\u79d1\u6280\u7684\u7ec8\u6781\u5f62\u6001\uff0c\u4e0d\u8bba\u662f\u62a4\u7532\uff0c\u8fd8\u662f\u5bf9\u7a7a\u5bf9\u5730\u7684\u653b\u51fb\u80fd\u529b\u90fd\u582a\u79f0\u5b8c\u7f8e\u3002", 
      "race": 1, 
      "value_base": 10, 
      "addition_ids": [
        [
          "yunying", 
          260
        ]
      ], 
      "level_grow": 10, 
      "icon": "\u96f7\u795e"
    }, 
    "model": "skill.skill", 
    "pk": 32
  }, 
  {
    "fields": {
      "name": "\u5973\u5996", 
      "type_id": 2, 
      "max_level": 9, 
      "des": "\u4eba\u65cf\u4e3b\u529b\u7a7a\u4e2d\u6253\u51fb\u5175\u79cd\uff0c\u62e5\u6709\u9690\u5f62\u80fd\u529b\u7684\u5973\u5996\u5177\u6709\u6781\u9ad8\u7684\u6218\u7565\u6253\u51fb\u610f\u4e49\u3002", 
      "race": 1, 
      "value_base": 10, 
      "addition_ids": [
        [
          "qianzhi", 
          100
        ], 
        [
          "caozuo", 
          200
        ]
      ], 
      "level_grow": 10, 
      "icon": "\u5973\u5996"
    }, 
    "model": "skill.skill", 
    "pk": 33
  }, 
  {
    "fields": {
      "name": "\u5730\u96f7", 
      "type_id": 2, 
      "max_level": 9, 
      "des": "\u4eba\u65cf\u57cb\u5730\u4e0b\u7684\u5b9a\u65f6\u70b8\u5f39\uff0c\u4f24\u5bb3\u592a\u53ef\u6015\u4e86\uff0cAOE\u751a\u81f3\u4f1a\u8bef\u4f24\u53cb\u519b\u3002", 
      "race": 1, 
      "value_base": 10, 
      "addition_ids": [
        [
          "jingong", 
          60
        ], 
        [
          "qianzhi", 
          160
        ]
      ], 
      "level_grow": 10, 
      "icon": "\u5730\u96f7"
    }, 
    "model": "skill.skill", 
    "pk": 34
  }, 
  {
    "fields": {
      "name": "\u5927\u548c\u6218\u8230", 
      "type_id": 2, 
      "max_level": 9, 
      "des": "\u4eba\u65cf\u5de8\u578b\u6218\u8230\uff0c\u88c5\u5907\u4e86\u539a\u91cd\u7684\u88c5\u7532\u548c\u5f3a\u5927\u7684\u6fc0\u5149\u70ae\u3002", 
      "race": 1, 
      "value_base": 10, 
      "addition_ids": [
        [
          "fangshou", 
          300
        ]
      ], 
      "level_grow": 10, 
      "icon": "\u6218\u5217\u5de1\u6d0b\u8230"
    }, 
    "model": "skill.skill", 
    "pk": 35
  }, 
  {
    "fields": {
      "name": "\u7ef4\u4eac\u6218\u673a", 
      "type_id": 2, 
      "max_level": 9, 
      "des": "\u4eba\u65cf\u5f3a\u5927\u7684\u7a7a\u5bf9\u7a7a\u6218\u673a\uff0c\u4e0d\u4f46\u53ef\u4ee5\u8fdc\u7a0b\u6253\u51fb\u7a7a\u4e2d\u5355\u4f4d\uff0c\u8fd8\u80fd\u53d8\u5f62\u540e\u964d\u843d\u5730\u9762\u62e5\u6709\u5bf9\u5730\u7a81\u51fb\u80fd\u529b\u3002", 
      "race": 1, 
      "value_base": 10, 
      "addition_ids": [
        [
          "yunying", 
          220
        ]
      ], 
      "level_grow": 10, 
      "icon": "\u7ef4\u4eac\u6218\u673a"
    }, 
    "model": "skill.skill", 
    "pk": 36
  }, 
  {
    "fields": {
      "name": "\u6e21\u9e26", 
      "type_id": 2, 
      "max_level": 9, 
      "des": "\u4eba\u65cf\u7684\u79d1\u6280\u98de\u884c\u5668\uff0c\u5177\u5907\u4fa6\u6d4b\u9690\u5f62\u7684\u80fd\u529b\uff0c\u662f\u4e00\u79cd\u6218\u573a\u8f85\u52a9\u578b\u5355\u4f4d\u3002", 
      "race": 1, 
      "value_base": 10, 
      "addition_ids": [
        [
          "qianzhi", 
          160
        ], 
        [
          "yunying", 
          60
        ]
      ], 
      "level_grow": 10, 
      "icon": "\u6e21\u9e26"
    }, 
    "model": "skill.skill", 
    "pk": 37
  }, 
  {
    "fields": {
      "name": "\u4e3b\u64ad", 
      "type_id": 1, 
      "max_level": 9, 
      "des": "\u957f\u671f\u7684\u4e3b\u64ad\u751f\u6daf\u8ba9\u961f\u5458\u80fd\u628a\u63e1\u4f4f\u89c2\u4f17\u7684\u6d17\u597d\uff0c\u63d0\u5347\u6bcf\u6b21\u4e3b\u64ad\u7684\u6536\u5165\u3002", 
      "race": 1, 
      "value_base": 10, 
      "addition_ids": [
        [
          "gold", 
          10
        ]
      ], 
      "level_grow": 10, 
      "icon": "IC_21_01"
    }, 
    "model": "skill.skill", 
    "pk": 38
  }, 
  {
    "fields": {
      "name": "\u4ee3\u8a00", 
      "type_id": 1, 
      "max_level": 9, 
      "des": "\u7206\u68da\u7684\u4eba\u6c14\u8ba9\u4f60\u4ee3\u8a00\u7684\u5546\u54c1\u80fd\u591f\u83b7\u5f97\u66f4\u591a\u7684\u5173\u6ce8\u3002", 
      "race": 1, 
      "value_base": 10, 
      "addition_ids": [
        [
          "gold", 
          10
        ]
      ], 
      "level_grow": 10, 
      "icon": "IC_22_01"
    }, 
    "model": "skill.skill", 
    "pk": 39
  }, 
  {
    "fields": {
      "name": "\u6dd8\u5b9d", 
      "type_id": 1, 
      "max_level": 9, 
      "des": "\u5de8\u5927\u7684\u540d\u6c14\u8ba9\u4f60\u7684\u6dd8\u5b9d\u5e97\u751f\u610f\u7206\u68da\u3002", 
      "race": 1, 
      "value_base": 10, 
      "addition_ids": [
        [
          "gold", 
          10
        ]
      ], 
      "level_grow": 10, 
      "icon": "IC_22_01"
    }, 
    "model": "skill.skill", 
    "pk": 40
  }
]