[
{
    "model": "skill.skillwashcost",
    "pk": 0,
    "fields": {
        "cost_type": 1,
        "cost_value": 1000
    }
},
{
    "model": "skill.skillwashcost",
    "pk": 1,
    "fields": {
        "cost_type": 2,
        "cost_value": 50
    }
},
{
    "model": "skill.skillwashcost",
    "pk": 2,
    "fields": {
        "cost_type": 2,
        "cost_value": 100
    }
},
{
    "model": "skill.skillwashcost",
    "pk": 3,
    "fields": {
        "cost_type": 2,
        "cost_value": 150
    }
}
]
