[
{
    "model": "skill.buff",
    "pk": 1,
    "fields": {
        "tp": 1,
        "level": 1,
        "effect": "4,0.15;10,0.15",
        "mode": 1,
        "icon": "\u6280\u80fd\u56fe\u6807_2_\u653b\u51fb"
    }
},
{
    "model": "skill.buff",
    "pk": 11,
    "fields": {
        "tp": 11,
        "level": 1,
        "effect": "7,-0.45",
        "mode": 2,
        "icon": "\u6280\u80fd\u56fe\u6807_2_\u653b\u51fb"
    }
},
{
    "model": "skill.buff",
    "pk": 999,
    "fields": {
        "tp": 999,
        "level": 1,
        "effect": "6,0",
        "mode": 1,
        "icon": "\u6280\u80fd\u56fe\u6807_2_\u653b\u51fb"
    }
},
{
    "model": "skill.buff",
    "pk": 1001,
    "fields": {
        "tp": 1001,
        "level": 1,
        "effect": "6,0.65",
        "mode": 1,
        "icon": "\u6280\u80fd\u56fe\u6807_6_\u9632\u5fa1"
    }
},
{
    "model": "skill.buff",
    "pk": 1011,
    "fields": {
        "tp": 1011,
        "level": 1,
        "effect": "11,0.25",
        "mode": 1,
        "icon": "\u6280\u80fd\u56fe\u6807_7_\u95ea\u907f"
    }
},
{
    "model": "skill.buff",
    "pk": 1021,
    "fields": {
        "tp": 1021,
        "level": 1,
        "effect": "11,0.3",
        "mode": 1,
        "icon": "\u6280\u80fd\u56fe\u6807_7_\u95ea\u907f"
    }
},
{
    "model": "skill.buff",
    "pk": 1022,
    "fields": {
        "tp": 1022,
        "level": 1,
        "effect": "6,-0.25",
        "mode": 2,
        "icon": "\u6280\u80fd\u56fe\u6807_6_\u9632\u5fa1"
    }
},
{
    "model": "skill.buff",
    "pk": 1031,
    "fields": {
        "tp": 1031,
        "level": 1,
        "effect": "19,0.25",
        "mode": 2,
        "icon": "\u6280\u80fd\u56fe\u6807_16_\u866b\u5bf9\u795e\u51cf\u4f24"
    }
},
{
    "model": "skill.buff",
    "pk": 2001,
    "fields": {
        "tp": 2001,
        "level": 1,
        "effect": "7,0.4;11,0.25",
        "mode": 1,
        "icon": "\u6280\u80fd\u56fe\u6807_7_\u95ea\u907f"
    }
},
{
    "model": "skill.buff",
    "pk": 2011,
    "fields": {
        "tp": 2011,
        "level": 1,
        "effect": "6,-0.3",
        "mode": 2,
        "icon": "\u6280\u80fd\u56fe\u6807_6_\u9632\u5fa1"
    }
},
{
    "model": "skill.buff",
    "pk": 2031,
    "fields": {
        "tp": 2031,
        "level": 1,
        "effect": "10,-0.3",
        "mode": 2,
        "icon": "\u6280\u80fd\u56fe\u6807_3_\u547d\u4e2d"
    }
},
{
    "model": "skill.buff",
    "pk": 10000,
    "fields": {
        "tp": 10000,
        "level": 1,
        "effect": "4,0.6",
        "mode": 1,
        "icon": "\u6280\u80fd\u56fe\u6807_2_\u653b\u51fb"
    }
},
{
    "model": "skill.buff",
    "pk": 10001,
    "fields": {
        "tp": 10001,
        "level": 1,
        "effect": "12,0.35",
        "mode": 1,
        "icon": "\u6280\u80fd\u56fe\u6807_4_\u66b4\u51fb"
    }
},
{
    "model": "skill.buff",
    "pk": 10010,
    "fields": {
        "tp": 10010,
        "level": 1,
        "effect": "7,-0.2",
        "mode": 2,
        "icon": ""
    }
},
{
    "model": "skill.buff",
    "pk": 10050,
    "fields": {
        "tp": 10050,
        "level": 1,
        "effect": "26,0.5",
        "mode": 1,
        "icon": "\u6280\u80fd\u56fe\u6807_10_\u9632\u5b88\u80fd\u529b"
    }
},
{
    "model": "skill.buff",
    "pk": 10060,
    "fields": {
        "tp": 10060,
        "level": 1,
        "effect": "29,0",
        "mode": 1,
        "icon": ""
    }
},
{
    "model": "skill.buff",
    "pk": 10080,
    "fields": {
        "tp": 10080,
        "level": 1,
        "effect": "27,0;28,0",
        "mode": 1,
        "icon": ""
    }
},
{
    "model": "skill.buff",
    "pk": 11010,
    "fields": {
        "tp": 11010,
        "level": 1,
        "effect": "4,-0.18",
        "mode": 2,
        "icon": "\u6280\u80fd\u56fe\u6807_2_\u653b\u51fb"
    }
},
{
    "model": "skill.buff",
    "pk": 11020,
    "fields": {
        "tp": 11020,
        "level": 1,
        "effect": "6,-0.26",
        "mode": 2,
        "icon": "\u6280\u80fd\u56fe\u6807_6_\u9632\u5fa1"
    }
},
{
    "model": "skill.buff",
    "pk": 11040,
    "fields": {
        "tp": 11040,
        "level": 1,
        "effect": "6,0.5",
        "mode": 1,
        "icon": "\u6280\u80fd\u56fe\u6807_6_\u9632\u5fa1"
    }
},
{
    "model": "skill.buff",
    "pk": 11041,
    "fields": {
        "tp": 11041,
        "level": 1,
        "effect": "11,0.2",
        "mode": 1,
        "icon": "\u6280\u80fd\u56fe\u6807_7_\u95ea\u907f"
    }
},
{
    "model": "skill.buff",
    "pk": 11050,
    "fields": {
        "tp": 11050,
        "level": 1,
        "effect": "26,-0.5",
        "mode": 2,
        "icon": "\u6280\u80fd\u56fe\u6807_10_\u9632\u5b88\u80fd\u529b"
    }
},
{
    "model": "skill.buff",
    "pk": 11051,
    "fields": {
        "tp": 11051,
        "level": 1,
        "effect": "26,-0.25",
        "mode": 2,
        "icon": "\u6280\u80fd\u56fe\u6807_10_\u9632\u5b88\u80fd\u529b"
    }
},
{
    "model": "skill.buff",
    "pk": 11060,
    "fields": {
        "tp": 11060,
        "level": 1,
        "effect": "27,0;28,0;29,0",
        "mode": 2,
        "icon": ""
    }
},
{
    "model": "skill.buff",
    "pk": 11080,
    "fields": {
        "tp": 11080,
        "level": 1,
        "effect": "24,0.5",
        "mode": 1,
        "icon": "\u6280\u80fd\u56fe\u6807_9_\u8fdb\u653b\u80fd\u529b"
    }
},
{
    "model": "skill.buff",
    "pk": 12000,
    "fields": {
        "tp": 12000,
        "level": 1,
        "effect": "20,0.18;26,-0.25",
        "mode": 2,
        "icon": "\u6280\u80fd\u56fe\u6807_12_\u4eba\u5bf9\u866b\u51cf\u4f24"
    }
},
{
    "model": "skill.buff",
    "pk": 12001,
    "fields": {
        "tp": 12001,
        "level": 1,
        "effect": "20,0.09;26,-0.12",
        "mode": 2,
        "icon": ""
    }
},
{
    "model": "skill.buff",
    "pk": 12010,
    "fields": {
        "tp": 12010,
        "level": 1,
        "effect": "4,0.3",
        "mode": 1,
        "icon": "\u6280\u80fd\u56fe\u6807_2_\u653b\u51fb"
    }
},
{
    "model": "skill.buff",
    "pk": 12011,
    "fields": {
        "tp": 12011,
        "level": 1,
        "effect": "7,0.3",
        "mode": 1,
        "icon": ""
    }
},
{
    "model": "skill.buff",
    "pk": 12020,
    "fields": {
        "tp": 12020,
        "level": 1,
        "effect": "10,-0.2",
        "mode": 2,
        "icon": "\u6280\u80fd\u56fe\u6807_3_\u547d\u4e2d"
    }
},
{
    "model": "skill.buff",
    "pk": 12040,
    "fields": {
        "tp": 12040,
        "level": 1,
        "effect": "27,0;28,0",
        "mode": 2,
        "icon": "0.0"
    }
},
{
    "model": "skill.buff",
    "pk": 12050,
    "fields": {
        "tp": 12050,
        "level": 1,
        "effect": "6,-0.2;26,-0.2",
        "mode": 2,
        "icon": "\u6280\u80fd\u56fe\u6807_6_\u9632\u5fa1"
    }
},
{
    "model": "skill.buff",
    "pk": 12070,
    "fields": {
        "tp": 12070,
        "level": 1,
        "effect": "6,0.3",
        "mode": 1,
        "icon": "\u6280\u80fd\u56fe\u6807_6_\u9632\u5fa1"
    }
},
{
    "model": "skill.buff",
    "pk": 12071,
    "fields": {
        "tp": 12071,
        "level": 1,
        "effect": "4,-0.2",
        "mode": 2,
        "icon": "\u6280\u80fd\u56fe\u6807_2_\u653b\u51fb"
    }
},
{
    "model": "skill.buff",
    "pk": 12090,
    "fields": {
        "tp": 12090,
        "level": 1,
        "effect": "6,-0.15",
        "mode": 2,
        "icon": "\u6280\u80fd\u56fe\u6807_6_\u9632\u5fa1"
    }
}
]
