[
{
    "fields": {
        "name": "Dasabi",
        "condition_des": "\u901a\u5173\u4e2d\u56fd\u533a\u7b2c\u4e00\u5173\u540e\u89e3\u9501",
        "mail_title": "Dasabi\u4ee3\u8a00\u6536\u5165",
        "total_days": 3,
        "mail_content": "\u60a8\u4ee3\u8a00Dasabi\u7684\u6536\u5165\u5df2\u7ecf\u5230\u8d26\uff0c\u8bf7\u6ce8\u610f\u67e5\u6536",
        "income_des": "900",
        "income": 300,
        "condition": 1,
        "icon": "IC_30_01"
    },
    "model": "building.sponsor",
    "pk": 1
},
{
    "fields": {
        "name": "\u5eb7\u5e05\u535a",
        "condition_des": "\u901a\u5173\u4e2d\u56fd\u533a\u7b2c\u4e8c\u5173\u540e\u89e3\u9501",
        "mail_title": "\u5eb7\u5e05\u535a\u4ee3\u8a00\u6536\u5165",
        "total_days": 3,
        "mail_content": "\u60a8\u4ee3\u8a00\u5eb7\u5e05\u535a\u7684\u6536\u5165\u5df2\u7ecf\u5230\u8d26\uff0c\u8bf7\u6ce8\u610f\u67e5\u6536",
        "income_des": "2700",
        "income": 900,
        "condition": 2,
        "icon": "IC_30_01"
    },
    "model": "building.sponsor",
    "pk": 2
},
{
    "fields": {
        "name": "\u96f7\u78a7",
        "condition_des": "\u901a\u5173\u4e2d\u56fd\u533a\u7b2c\u4e09\u5173\u540e\u89e3\u9501",
        "mail_title": "\u96f7\u78a7\u4ee3\u8a00\u6536\u5165",
        "total_days": 3,
        "mail_content": "\u60a8\u4ee3\u8a00\u96f7\u78a7\u7684\u6536\u5165\u5df2\u7ecf\u5230\u8d26\uff0c\u8bf7\u6ce8\u610f\u67e5\u6536",
        "income_des": "3000",
        "income": 1000,
        "condition": 3,
        "icon": "IC_30_01"
    },
    "model": "building.sponsor",
    "pk": 3
},
{
    "fields": {
        "name": "\u5468\u4f73\u724c\u6d17\u8863\u7c89",
        "condition_des": "\u901a\u5173\u4e2d\u56fd\u533a\u7b2c\u56db\u5173\u540e\u89e3\u9501",
        "mail_title": "\u5468\u4f73\u724c\u6d17\u8863\u7c89\u4ee3\u8a00\u6536\u5165",
        "total_days": 3,
        "mail_content": "\u60a8\u4ee3\u8a00\u5468\u4f73\u724c\u6d17\u8863\u7c89\u7684\u6536\u5165\u5df2\u7ecf\u5230\u8d26\uff0c\u8bf7\u6ce8\u610f\u67e5\u6536",
        "income_des": "3600",
        "income": 1200,
        "condition": 4,
        "icon": "IC_30_01"
    },
    "model": "building.sponsor",
    "pk": 4
},
{
    "fields": {
        "name": "\u7ca4\u529b\u7ca4",
        "condition_des": "\u901a\u5173\u4e2d\u56fd\u533a\u7b2c\u4e94\u5173\u540e\u89e3\u9501",
        "mail_title": "\u7ca4\u529b\u7ca4\u5bfc\u6f14\u6536\u5165",
        "total_days": 3,
        "mail_content": "\u60a8\u4ee3\u8a00\u7ca4\u529b\u7ca4\u7684\u6536\u5165\u5df2\u7ecf\u5230\u8d26\uff0c\u8bf7\u6ce8\u610f\u67e5\u6536",
        "income_des": "4500",
        "income": 1500,
        "condition": 5,
        "icon": "IC_30_01"
    },
    "model": "building.sponsor",
    "pk": 5
},
{
    "fields": {
        "name": "PIGG",
        "condition_des": "\u901a\u5173\u4e2d\u56fd\u533a\u7b2c\u516d\u5173\u540e\u89e3\u9501",
        "mail_title": "PIGG\u4ee3\u8a00\u6536\u5165",
        "total_days": 3,
        "mail_content": "\u60a8\u4ee3\u8a00PIGG\u7684\u6536\u5165\u5df2\u7ecf\u5230\u8d26\uff0c\u8bf7\u6ce8\u610f\u67e5\u6536",
        "income_des": "6000",
        "income": 2000,
        "condition": 6,
        "icon": "IC_30_01"
    },
    "model": "building.sponsor",
    "pk": 6
}
]
