[
  {
    "fields": {
      "staff_settings": [
        {
          "first_amount": 1, 
          "quality": "A", 
          "normal_amount": 0, 
          "lucky_amount": 1
        }, 
        {
          "first_amount": 2, 
          "quality": "B", 
          "normal_amount": 2, 
          "lucky_amount": 2
        }, 
        {
          "first_amount": 5, 
          "quality": "S", 
          "normal_amount": 6, 
          "lucky_amount": 5
        }
      ], 
      "name": "\u666e\u901a\u5408\u7ea6", 
      "des": "10\u6b21\u5fc5\u51faA", 
      "lucky_times": 10, 
      "cost_type": 1, 
      "cost_value": 1
    }, 
    "model": "staff.staffrecruit", 
    "pk": 1
  }, 
  {
    "fields": {
      "staff_settings": [
        {
          "first_amount": 1, 
          "quality": "A", 
          "normal_amount": 2, 
          "lucky_amount": 1
        }, 
        {
          "first_amount": 6, 
          "quality": "B", 
          "normal_amount": 6, 
          "lucky_amount": 6
        }, 
        {
          "first_amount": 1, 
          "quality": "S", 
          "normal_amount": 0, 
          "lucky_amount": 1
        }
      ], 
      "name": "\u767d\u91d1\u5408\u7ea6", 
      "des": "10\u6b21\u5fc5\u51faS", 
      "lucky_times": 10, 
      "cost_type": 2, 
      "cost_value": 1
    }, 
    "model": "staff.staffrecruit", 
    "pk": 2
  }, 
  {
    "fields": {
      "staff_settings": [
        {
          "first_amount": 6, 
          "quality": "A", 
          "normal_amount": 6, 
          "lucky_amount": 6
        }, 
        {
          "first_amount": 1, 
          "quality": "S", 
          "normal_amount": 2, 
          "lucky_amount": 1
        }, 
        {
          "first_amount": 1, 
          "quality": "SS", 
          "normal_amount": 0, 
          "lucky_amount": 1
        }
      ], 
      "name": "\u94bb\u77f3\u5408\u7ea6", 
      "des": "10\u6b21\u5fc5\u51faSS", 
      "lucky_times": 10, 
      "cost_type": 2, 
      "cost_value": 1
    }, 
    "model": "staff.staffrecruit", 
    "pk": 3
  }
]