[
{
    "model": "staff.staffrace",
    "pk": 1,
    "fields": {
        "icon": "\u79cd\u65cf-\u4eba",
        "name": "\u4eba\u65cf",
        "effect": "Renzu-Appear",
        "show_mode": 2,
        "show_delay": 2.0
    }
},
{
    "model": "staff.staffrace",
    "pk": 2,
    "fields": {
        "icon": "\u79cd\u65cf-\u795e",
        "name": "\u795e\u65cf",
        "effect": "Shenzu-Appear",
        "show_mode": 1,
        "show_delay": 0.3
    }
},
{
    "model": "staff.staffrace",
    "pk": 3,
    "fields": {
        "icon": "\u79cd\u65cf-\u866b",
        "name": "\u866b\u65cf",
        "effect": "Chongzu-Appear",
        "show_mode": 2,
        "show_delay": 2.0
    }
}
]
