[
  {
    "pk": 1, 
    "model": "staff.stafflevel", 
    "fields": {
      "exp": {
        "A": 103, 
        "SS": 103, 
        "C": 103, 
        "B": 103, 
        "S": 103
      }
    }
  }, 
  {
    "pk": 2, 
    "model": "staff.stafflevel", 
    "fields": {
      "exp": {
        "A": 228, 
        "SS": 228, 
        "C": 228, 
        "B": 228, 
        "S": 228
      }
    }
  }, 
  {
    "pk": 3, 
    "model": "staff.stafflevel", 
    "fields": {
      "exp": {
        "A": 401, 
        "SS": 401, 
        "C": 401, 
        "B": 401, 
        "S": 401
      }
    }
  }, 
  {
    "pk": 4, 
    "model": "staff.stafflevel", 
    "fields": {
      "exp": {
        "A": 654, 
        "SS": 654, 
        "C": 654, 
        "B": 654, 
        "S": 654
      }
    }
  }, 
  {
    "pk": 5, 
    "model": "staff.stafflevel", 
    "fields": {
      "exp": {
        "A": 1018, 
        "SS": 1018, 
        "C": 1018, 
        "B": 1018, 
        "S": 1018
      }
    }
  }, 
  {
    "pk": 6, 
    "model": "staff.stafflevel", 
    "fields": {
      "exp": {
        "A": 1528, 
        "SS": 1528, 
        "C": 1528, 
        "B": 1528, 
        "S": 1528
      }
    }
  }, 
  {
    "pk": 7, 
    "model": "staff.stafflevel", 
    "fields": {
      "exp": {
        "A": 2219, 
        "SS": 2219, 
        "C": 2219, 
        "B": 2219, 
        "S": 2219
      }
    }
  }, 
  {
    "pk": 8, 
    "model": "staff.stafflevel", 
    "fields": {
      "exp": {
        "A": 3129, 
        "SS": 3129, 
        "C": 3129, 
        "B": 3129, 
        "S": 3129
      }
    }
  }, 
  {
    "pk": 9, 
    "model": "staff.stafflevel", 
    "fields": {
      "exp": {
        "A": 4294, 
        "SS": 4294, 
        "C": 4294, 
        "B": 4294, 
        "S": 4294
      }
    }
  }, 
  {
    "pk": 10, 
    "model": "staff.stafflevel", 
    "fields": {
      "exp": {
        "A": 5755, 
        "SS": 5755, 
        "C": 5755, 
        "B": 5755, 
        "S": 5755
      }
    }
  }, 
  {
    "pk": 11, 
    "model": "staff.stafflevel", 
    "fields": {
      "exp": {
        "A": 7551, 
        "SS": 7551, 
        "C": 7551, 
        "B": 7551, 
        "S": 7551
      }
    }
  }, 
  {
    "pk": 12, 
    "model": "staff.stafflevel", 
    "fields": {
      "exp": {
        "A": 9722, 
        "SS": 9722, 
        "C": 9722, 
        "B": 9722, 
        "S": 9722
      }
    }
  }, 
  {
    "pk": 13, 
    "model": "staff.stafflevel", 
    "fields": {
      "exp": {
        "A": 12309, 
        "SS": 12309, 
        "C": 12309, 
        "B": 12309, 
        "S": 12309
      }
    }
  }, 
  {
    "pk": 14, 
    "model": "staff.stafflevel", 
    "fields": {
      "exp": {
        "A": 15356, 
        "SS": 15356, 
        "C": 15356, 
        "B": 15356, 
        "S": 15356
      }
    }
  }, 
  {
    "pk": 15, 
    "model": "staff.stafflevel", 
    "fields": {
      "exp": {
        "A": 18903, 
        "SS": 18903, 
        "C": 18903, 
        "B": 18903, 
        "S": 18903
      }
    }
  }, 
  {
    "pk": 16, 
    "model": "staff.stafflevel", 
    "fields": {
      "exp": {
        "A": 22995, 
        "SS": 22995, 
        "C": 22995, 
        "B": 22995, 
        "S": 22995
      }
    }
  }, 
  {
    "pk": 17, 
    "model": "staff.stafflevel", 
    "fields": {
      "exp": {
        "A": 27676, 
        "SS": 27676, 
        "C": 27676, 
        "B": 27676, 
        "S": 27676
      }
    }
  }, 
  {
    "pk": 18, 
    "model": "staff.stafflevel", 
    "fields": {
      "exp": {
        "A": 32989, 
        "SS": 32989, 
        "C": 32989, 
        "B": 32989, 
        "S": 32989
      }
    }
  }, 
  {
    "pk": 19, 
    "model": "staff.stafflevel", 
    "fields": {
      "exp": {
        "A": 38980, 
        "SS": 38980, 
        "C": 38980, 
        "B": 38980, 
        "S": 38980
      }
    }
  }, 
  {
    "pk": 20, 
    "model": "staff.stafflevel", 
    "fields": {
      "exp": {
        "A": 45694, 
        "SS": 45694, 
        "C": 45694, 
        "B": 45694, 
        "S": 45694
      }
    }
  }, 
  {
    "pk": 21, 
    "model": "staff.stafflevel", 
    "fields": {
      "exp": {
        "A": 53177, 
        "SS": 53177, 
        "C": 53177, 
        "B": 53177, 
        "S": 53177
      }
    }
  }, 
  {
    "pk": 22, 
    "model": "staff.stafflevel", 
    "fields": {
      "exp": {
        "A": 61476, 
        "SS": 61476, 
        "C": 61476, 
        "B": 61476, 
        "S": 61476
      }
    }
  }, 
  {
    "pk": 23, 
    "model": "staff.stafflevel", 
    "fields": {
      "exp": {
        "A": 70637, 
        "SS": 70637, 
        "C": 70637, 
        "B": 70637, 
        "S": 70637
      }
    }
  }, 
  {
    "pk": 24, 
    "model": "staff.stafflevel", 
    "fields": {
      "exp": {
        "A": 80707, 
        "SS": 80707, 
        "C": 80707, 
        "B": 80707, 
        "S": 80707
      }
    }
  }, 
  {
    "pk": 25, 
    "model": "staff.stafflevel", 
    "fields": {
      "exp": {
        "A": 91734, 
        "SS": 91734, 
        "C": 91734, 
        "B": 91734, 
        "S": 91734
      }
    }
  }, 
  {
    "pk": 26, 
    "model": "staff.stafflevel", 
    "fields": {
      "exp": {
        "A": 103767, 
        "SS": 103767, 
        "C": 103767, 
        "B": 103767, 
        "S": 103767
      }
    }
  }, 
  {
    "pk": 27, 
    "model": "staff.stafflevel", 
    "fields": {
      "exp": {
        "A": 116853, 
        "SS": 116853, 
        "C": 116853, 
        "B": 116853, 
        "S": 116853
      }
    }
  }, 
  {
    "pk": 28, 
    "model": "staff.stafflevel", 
    "fields": {
      "exp": {
        "A": 131042, 
        "SS": 131042, 
        "C": 131042, 
        "B": 131042, 
        "S": 131042
      }
    }
  }, 
  {
    "pk": 29, 
    "model": "staff.stafflevel", 
    "fields": {
      "exp": {
        "A": 146382, 
        "SS": 146382, 
        "C": 146382, 
        "B": 146382, 
        "S": 146382
      }
    }
  }, 
  {
    "pk": 30, 
    "model": "staff.stafflevel", 
    "fields": {
      "exp": {
        "A": 0, 
        "SS": 0, 
        "C": 0, 
        "B": 0, 
        "S": 0
      }
    }
  }
]