[
  {
    "pk": 1, 
    "fields": {
      "reward_score": 1, 
      "points": {
        "0": [
          [
            1, 
            2, 
            5220
          ], 
          [
            2, 
            2, 
            697
          ], 
          [
            3, 
            1, 
            348
          ], 
          [
            4, 
            2, 
            0
          ], 
          [
            5, 
            2, 
            0
          ], 
          [
            65000, 
            1, 
            35
          ], 
          [
            65001, 
            1, 
            35
          ], 
          [
            65002, 
            1, 
            35
          ], 
          [
            65003, 
            1, 
            35
          ], 
          [
            65004, 
            1, 
            35
          ], 
          [
            65005, 
            1, 
            35
          ], 
          [
            65006, 
            1, 
            35
          ], 
          [
            65007, 
            1, 
            35
          ], 
          [
            65008, 
            1, 
            35
          ], 
          [
            65009, 
            1, 
            35
          ], 
          [
            65100, 
            1, 
            35
          ], 
          [
            65101, 
            1, 
            35
          ], 
          [
            65102, 
            1, 
            35
          ], 
          [
            65103, 
            1, 
            35
          ], 
          [
            65104, 
            1, 
            35
          ], 
          [
            65105, 
            1, 
            35
          ], 
          [
            65106, 
            1, 
            35
          ], 
          [
            65107, 
            1, 
            35
          ], 
          [
            65108, 
            1, 
            35
          ], 
          [
            65109, 
            1, 
            35
          ], 
          [
            65200, 
            1, 
            35
          ], 
          [
            65201, 
            1, 
            35
          ], 
          [
            65202, 
            1, 
            35
          ], 
          [
            65203, 
            1, 
            35
          ], 
          [
            65204, 
            1, 
            35
          ], 
          [
            65205, 
            1, 
            35
          ], 
          [
            65206, 
            1, 
            35
          ], 
          [
            65207, 
            1, 
            35
          ], 
          [
            65208, 
            1, 
            35
          ], 
          [
            65209, 
            1, 
            35
          ], 
          [
            30001, 
            30000, 
            523
          ], 
          [
            30001, 
            35000, 
            174
          ], 
          [
            30001, 
            50000, 
            105
          ], 
          [
            30003, 
            2, 
            348
          ], 
          [
            30003, 
            3, 
            279
          ], 
          [
            30003, 
            4, 
            209
          ], 
          [
            30004, 
            3, 
            279
          ], 
          [
            30004, 
            4, 
            209
          ], 
          [
            30004, 
            5, 
            139
          ], 
          [
            30007, 
            1, 
            70
          ], 
          [
            30008, 
            1, 
            0
          ], 
          [
            30009, 
            1, 
            0
          ], 
          [
            50000, 
            1, 
            0
          ], 
          [
            50001, 
            1, 
            70
          ], 
          [
            50002, 
            1, 
            0
          ], 
          [
            50003, 
            1, 
            0
          ], 
          [
            50010, 
            1, 
            0
          ], 
          [
            50011, 
            1, 
            70
          ], 
          [
            50012, 
            1, 
            0
          ], 
          [
            50013, 
            1, 
            0
          ], 
          [
            50020, 
            1, 
            0
          ], 
          [
            50021, 
            1, 
            70
          ], 
          [
            50022, 
            1, 
            0
          ], 
          [
            50023, 
            1, 
            0
          ], 
          [
            50030, 
            1, 
            0
          ], 
          [
            50031, 
            1, 
            70
          ], 
          [
            50032, 
            1, 
            0
          ], 
          [
            50033, 
            1, 
            0
          ], 
          [
            50040, 
            1, 
            0
          ], 
          [
            50041, 
            1, 
            70
          ], 
          [
            50042, 
            1, 
            0
          ], 
          [
            50043, 
            1, 
            0
          ]
        ], 
        "6": [
          [
            1, 
            2, 
            2533
          ], 
          [
            2, 
            2, 
            510
          ], 
          [
            3, 
            1, 
            255
          ], 
          [
            4, 
            2, 
            0
          ], 
          [
            5, 
            2, 
            0
          ], 
          [
            65000, 
            1, 
            128
          ], 
          [
            65001, 
            1, 
            128
          ], 
          [
            65002, 
            1, 
            128
          ], 
          [
            65003, 
            1, 
            128
          ], 
          [
            65004, 
            1, 
            128
          ], 
          [
            65005, 
            1, 
            128
          ], 
          [
            65006, 
            1, 
            128
          ], 
          [
            65007, 
            1, 
            128
          ], 
          [
            65008, 
            1, 
            128
          ], 
          [
            65009, 
            1, 
            128
          ], 
          [
            65100, 
            1, 
            128
          ], 
          [
            65101, 
            1, 
            128
          ], 
          [
            65102, 
            1, 
            128
          ], 
          [
            65103, 
            1, 
            128
          ], 
          [
            65104, 
            1, 
            128
          ], 
          [
            65105, 
            1, 
            128
          ], 
          [
            65106, 
            1, 
            128
          ], 
          [
            65107, 
            1, 
            128
          ], 
          [
            65108, 
            1, 
            128
          ], 
          [
            65109, 
            1, 
            128
          ], 
          [
            65200, 
            1, 
            128
          ], 
          [
            65201, 
            1, 
            128
          ], 
          [
            65202, 
            1, 
            128
          ], 
          [
            65203, 
            1, 
            128
          ], 
          [
            65204, 
            1, 
            128
          ], 
          [
            65205, 
            1, 
            128
          ], 
          [
            65206, 
            1, 
            128
          ], 
          [
            65207, 
            1, 
            128
          ], 
          [
            65208, 
            1, 
            128
          ], 
          [
            65209, 
            1, 
            128
          ], 
          [
            30001, 
            30000, 
            510
          ], 
          [
            30001, 
            35000, 
            255
          ], 
          [
            30001, 
            50000, 
            128
          ], 
          [
            30003, 
            2, 
            255
          ], 
          [
            30003, 
            3, 
            204
          ], 
          [
            30003, 
            4, 
            153
          ], 
          [
            30004, 
            3, 
            204
          ], 
          [
            30004, 
            4, 
            153
          ], 
          [
            30004, 
            5, 
            102
          ], 
          [
            30007, 
            1, 
            128
          ], 
          [
            30008, 
            1, 
            0
          ], 
          [
            30009, 
            1, 
            0
          ], 
          [
            50000, 
            1, 
            0
          ], 
          [
            50001, 
            1, 
            128
          ], 
          [
            50002, 
            1, 
            26
          ], 
          [
            50003, 
            1, 
            0
          ], 
          [
            50010, 
            1, 
            0
          ], 
          [
            50011, 
            1, 
            128
          ], 
          [
            50012, 
            1, 
            26
          ], 
          [
            50013, 
            1, 
            0
          ], 
          [
            50020, 
            1, 
            0
          ], 
          [
            50021, 
            1, 
            128
          ], 
          [
            50022, 
            1, 
            26
          ], 
          [
            50023, 
            1, 
            0
          ], 
          [
            50030, 
            1, 
            0
          ], 
          [
            50031, 
            1, 
            128
          ], 
          [
            50032, 
            1, 
            26
          ], 
          [
            50033, 
            1, 
            0
          ], 
          [
            50040, 
            1, 
            0
          ], 
          [
            50041, 
            1, 
            128
          ], 
          [
            50042, 
            1, 
            26
          ], 
          [
            50043, 
            1, 
            0
          ]
        ]
      }, 
      "items_1": [
        [
          65000, 
          1, 
          10000
        ]
      ], 
      "items_10": [
        [
          1, 
          2, 
          10
        ], 
        [
          2, 
          2, 
          0
        ], 
        [
          3, 
          1, 
          0
        ], 
        [
          4, 
          2, 
          0
        ], 
        [
          5, 
          2, 
          0
        ], 
        [
          65000, 
          1, 
          333
        ], 
        [
          65001, 
          1, 
          333
        ], 
        [
          65002, 
          1, 
          333
        ], 
        [
          65003, 
          1, 
          333
        ], 
        [
          65004, 
          1, 
          333
        ], 
        [
          65005, 
          1, 
          333
        ], 
        [
          65006, 
          1, 
          333
        ], 
        [
          65007, 
          1, 
          333
        ], 
        [
          65008, 
          1, 
          333
        ], 
        [
          65009, 
          1, 
          333
        ], 
        [
          65100, 
          1, 
          333
        ], 
        [
          65101, 
          1, 
          333
        ], 
        [
          65102, 
          1, 
          333
        ], 
        [
          65103, 
          1, 
          333
        ], 
        [
          65104, 
          1, 
          333
        ], 
        [
          65105, 
          1, 
          333
        ], 
        [
          65106, 
          1, 
          333
        ], 
        [
          65107, 
          1, 
          333
        ], 
        [
          65108, 
          1, 
          333
        ], 
        [
          65109, 
          1, 
          333
        ], 
        [
          65200, 
          1, 
          333
        ], 
        [
          65201, 
          1, 
          333
        ], 
        [
          65202, 
          1, 
          333
        ], 
        [
          65203, 
          1, 
          333
        ], 
        [
          65204, 
          1, 
          333
        ], 
        [
          65205, 
          1, 
          333
        ], 
        [
          65206, 
          1, 
          333
        ], 
        [
          65207, 
          1, 
          333
        ], 
        [
          65208, 
          1, 
          333
        ], 
        [
          65209, 
          1, 
          333
        ], 
        [
          30001, 
          30000, 
          0
        ], 
        [
          30001, 
          35000, 
          0
        ], 
        [
          30001, 
          50000, 
          0
        ], 
        [
          30003, 
          2, 
          0
        ], 
        [
          30003, 
          3, 
          0
        ], 
        [
          30003, 
          4, 
          0
        ], 
        [
          30004, 
          3, 
          0
        ], 
        [
          30004, 
          4, 
          0
        ], 
        [
          30004, 
          5, 
          0
        ], 
        [
          30007, 
          1, 
          0
        ], 
        [
          30008, 
          1, 
          0
        ], 
        [
          30009, 
          1, 
          0
        ], 
        [
          50000, 
          1, 
          0
        ], 
        [
          50001, 
          1, 
          0
        ], 
        [
          50002, 
          1, 
          0
        ], 
        [
          50003, 
          1, 
          0
        ], 
        [
          50010, 
          1, 
          0
        ], 
        [
          50011, 
          1, 
          0
        ], 
        [
          50012, 
          1, 
          0
        ], 
        [
          50013, 
          1, 
          0
        ], 
        [
          50020, 
          1, 
          0
        ], 
        [
          50021, 
          1, 
          0
        ], 
        [
          50022, 
          1, 
          0
        ], 
        [
          50023, 
          1, 
          0
        ], 
        [
          50030, 
          1, 
          0
        ], 
        [
          50031, 
          1, 
          0
        ], 
        [
          50032, 
          1, 
          0
        ], 
        [
          50033, 
          1, 
          0
        ], 
        [
          50040, 
          1, 
          0
        ], 
        [
          50041, 
          1, 
          0
        ], 
        [
          50042, 
          1, 
          0
        ], 
        [
          50043, 
          1, 
          0
        ]
      ], 
      "reward_score_day_limit": 2, 
      "des": "\u6bcf10\u6b21\u83b7\u5f971\u70b9\u79ef\u5206\r,\u6bcf\u65e5\u6700\u591a\u83b7\u76842\u70b9", 
      "cost_type": 1, 
      "cost_value_1": 20000, 
      "cost_value_10": 180000, 
      "reward_score_times": 10
    }
  }, 
  {
    "pk": 2, 
    "fields": {
      "reward_score": 1, 
      "points": {
        "0": [
          [
            1, 
            5, 
            10
          ], 
          [
            2, 
            5, 
            0
          ], 
          [
            3, 
            5, 
            0
          ], 
          [
            4, 
            5, 
            0
          ], 
          [
            5, 
            5, 
            0
          ], 
          [
            65000, 
            5, 
            303
          ], 
          [
            65001, 
            5, 
            303
          ], 
          [
            65002, 
            5, 
            303
          ], 
          [
            65003, 
            5, 
            303
          ], 
          [
            65004, 
            5, 
            303
          ], 
          [
            65005, 
            5, 
            303
          ], 
          [
            65006, 
            5, 
            303
          ], 
          [
            65007, 
            5, 
            303
          ], 
          [
            65008, 
            5, 
            303
          ], 
          [
            65009, 
            5, 
            303
          ], 
          [
            65100, 
            5, 
            303
          ], 
          [
            65101, 
            5, 
            303
          ], 
          [
            65102, 
            5, 
            303
          ], 
          [
            65103, 
            5, 
            303
          ], 
          [
            65104, 
            5, 
            303
          ], 
          [
            65105, 
            5, 
            303
          ], 
          [
            65106, 
            5, 
            303
          ], 
          [
            65107, 
            5, 
            303
          ], 
          [
            65108, 
            5, 
            303
          ], 
          [
            65109, 
            5, 
            303
          ], 
          [
            65200, 
            5, 
            303
          ], 
          [
            65201, 
            5, 
            303
          ], 
          [
            65202, 
            5, 
            303
          ], 
          [
            65203, 
            5, 
            303
          ], 
          [
            65204, 
            5, 
            303
          ], 
          [
            65205, 
            5, 
            303
          ], 
          [
            65206, 
            5, 
            303
          ], 
          [
            65207, 
            5, 
            303
          ], 
          [
            65208, 
            5, 
            303
          ], 
          [
            65209, 
            5, 
            303
          ], 
          [
            30001, 
            20000, 
            0
          ], 
          [
            30001, 
            25000, 
            0
          ], 
          [
            30001, 
            30000, 
            0
          ], 
          [
            30003, 
            5, 
            0
          ], 
          [
            30003, 
            10, 
            0
          ], 
          [
            30003, 
            15, 
            0
          ], 
          [
            30004, 
            5, 
            0
          ], 
          [
            30004, 
            10, 
            0
          ], 
          [
            30004, 
            15, 
            0
          ], 
          [
            30007, 
            1, 
            0
          ], 
          [
            30008, 
            1, 
            0
          ], 
          [
            30009, 
            1, 
            0
          ], 
          [
            60000, 
            1, 
            30
          ], 
          [
            60001, 
            1, 
            30
          ], 
          [
            60002, 
            1, 
            30
          ], 
          [
            60003, 
            1, 
            30
          ], 
          [
            60004, 
            1, 
            30
          ], 
          [
            60005, 
            1, 
            30
          ], 
          [
            60006, 
            1, 
            30
          ], 
          [
            60007, 
            1, 
            30
          ], 
          [
            60008, 
            1, 
            30
          ], 
          [
            60009, 
            1, 
            30
          ], 
          [
            60100, 
            1, 
            30
          ], 
          [
            60101, 
            1, 
            30
          ], 
          [
            60102, 
            1, 
            30
          ], 
          [
            60103, 
            1, 
            30
          ], 
          [
            60104, 
            1, 
            30
          ], 
          [
            60105, 
            1, 
            30
          ], 
          [
            60106, 
            1, 
            30
          ], 
          [
            60107, 
            1, 
            30
          ], 
          [
            60108, 
            1, 
            30
          ], 
          [
            60109, 
            1, 
            30
          ], 
          [
            60200, 
            1, 
            30
          ], 
          [
            60201, 
            1, 
            30
          ], 
          [
            60202, 
            1, 
            30
          ], 
          [
            60203, 
            1, 
            30
          ], 
          [
            60204, 
            1, 
            30
          ], 
          [
            60205, 
            1, 
            30
          ], 
          [
            60206, 
            1, 
            30
          ], 
          [
            60207, 
            1, 
            30
          ], 
          [
            60208, 
            1, 
            30
          ], 
          [
            60209, 
            1, 
            30
          ]
        ], 
        "6": [
          [
            1, 
            5, 
            10
          ], 
          [
            2, 
            5, 
            0
          ], 
          [
            3, 
            5, 
            0
          ], 
          [
            4, 
            5, 
            0
          ], 
          [
            5, 
            5, 
            0
          ], 
          [
            65000, 
            5, 
            247
          ], 
          [
            65001, 
            5, 
            247
          ], 
          [
            65002, 
            5, 
            247
          ], 
          [
            65003, 
            5, 
            247
          ], 
          [
            65004, 
            5, 
            247
          ], 
          [
            65005, 
            5, 
            247
          ], 
          [
            65006, 
            5, 
            247
          ], 
          [
            65007, 
            5, 
            247
          ], 
          [
            65008, 
            5, 
            247
          ], 
          [
            65009, 
            5, 
            247
          ], 
          [
            65100, 
            5, 
            247
          ], 
          [
            65101, 
            5, 
            247
          ], 
          [
            65102, 
            5, 
            247
          ], 
          [
            65103, 
            5, 
            247
          ], 
          [
            65104, 
            5, 
            247
          ], 
          [
            65105, 
            5, 
            247
          ], 
          [
            65106, 
            5, 
            247
          ], 
          [
            65107, 
            5, 
            247
          ], 
          [
            65108, 
            5, 
            247
          ], 
          [
            65109, 
            5, 
            247
          ], 
          [
            65200, 
            5, 
            247
          ], 
          [
            65201, 
            5, 
            247
          ], 
          [
            65202, 
            5, 
            247
          ], 
          [
            65203, 
            5, 
            247
          ], 
          [
            65204, 
            5, 
            247
          ], 
          [
            65205, 
            5, 
            247
          ], 
          [
            65206, 
            5, 
            247
          ], 
          [
            65207, 
            5, 
            247
          ], 
          [
            65208, 
            5, 
            247
          ], 
          [
            65209, 
            5, 
            247
          ], 
          [
            30001, 
            20000, 
            0
          ], 
          [
            30001, 
            25000, 
            0
          ], 
          [
            30001, 
            30000, 
            0
          ], 
          [
            30003, 
            5, 
            0
          ], 
          [
            30003, 
            10, 
            0
          ], 
          [
            30003, 
            15, 
            0
          ], 
          [
            30004, 
            5, 
            0
          ], 
          [
            30004, 
            10, 
            0
          ], 
          [
            30004, 
            15, 
            0
          ], 
          [
            30007, 
            1, 
            0
          ], 
          [
            30008, 
            1, 
            0
          ], 
          [
            30009, 
            1, 
            0
          ], 
          [
            60000, 
            1, 
            86
          ], 
          [
            60001, 
            1, 
            86
          ], 
          [
            60002, 
            1, 
            86
          ], 
          [
            60003, 
            1, 
            86
          ], 
          [
            60004, 
            1, 
            86
          ], 
          [
            60005, 
            1, 
            86
          ], 
          [
            60006, 
            1, 
            86
          ], 
          [
            60007, 
            1, 
            86
          ], 
          [
            60008, 
            1, 
            86
          ], 
          [
            60009, 
            1, 
            86
          ], 
          [
            60100, 
            1, 
            86
          ], 
          [
            60101, 
            1, 
            86
          ], 
          [
            60102, 
            1, 
            86
          ], 
          [
            60103, 
            1, 
            86
          ], 
          [
            60104, 
            1, 
            86
          ], 
          [
            60105, 
            1, 
            86
          ], 
          [
            60106, 
            1, 
            86
          ], 
          [
            60107, 
            1, 
            86
          ], 
          [
            60108, 
            1, 
            86
          ], 
          [
            60109, 
            1, 
            86
          ], 
          [
            60200, 
            1, 
            86
          ], 
          [
            60201, 
            1, 
            86
          ], 
          [
            60202, 
            1, 
            86
          ], 
          [
            60203, 
            1, 
            86
          ], 
          [
            60204, 
            1, 
            86
          ], 
          [
            60205, 
            1, 
            86
          ], 
          [
            60206, 
            1, 
            86
          ], 
          [
            60207, 
            1, 
            86
          ], 
          [
            60208, 
            1, 
            86
          ], 
          [
            60209, 
            1, 
            86
          ]
        ]
      }, 
      "items_1": [
        [
          60007, 
          1, 
          10000
        ]
      ], 
      "items_10": [
        [
          1, 
          5, 
          0
        ], 
        [
          2, 
          5, 
          0
        ], 
        [
          3, 
          5, 
          0
        ], 
        [
          4, 
          5, 
          0
        ], 
        [
          5, 
          5, 
          0
        ], 
        [
          65000, 
          5, 
          0
        ], 
        [
          65001, 
          5, 
          0
        ], 
        [
          65002, 
          5, 
          0
        ], 
        [
          65003, 
          5, 
          0
        ], 
        [
          65004, 
          5, 
          0
        ], 
        [
          65005, 
          5, 
          0
        ], 
        [
          65006, 
          5, 
          0
        ], 
        [
          65007, 
          5, 
          0
        ], 
        [
          65008, 
          5, 
          0
        ], 
        [
          65009, 
          5, 
          0
        ], 
        [
          65100, 
          5, 
          0
        ], 
        [
          65101, 
          5, 
          0
        ], 
        [
          65102, 
          5, 
          0
        ], 
        [
          65103, 
          5, 
          0
        ], 
        [
          65104, 
          5, 
          0
        ], 
        [
          65105, 
          5, 
          0
        ], 
        [
          65106, 
          5, 
          0
        ], 
        [
          65107, 
          5, 
          0
        ], 
        [
          65108, 
          5, 
          0
        ], 
        [
          65109, 
          5, 
          0
        ], 
        [
          65200, 
          5, 
          0
        ], 
        [
          65201, 
          5, 
          0
        ], 
        [
          65202, 
          5, 
          0
        ], 
        [
          65203, 
          5, 
          0
        ], 
        [
          65204, 
          5, 
          0
        ], 
        [
          65205, 
          5, 
          0
        ], 
        [
          65206, 
          5, 
          0
        ], 
        [
          65207, 
          5, 
          0
        ], 
        [
          65208, 
          5, 
          0
        ], 
        [
          65209, 
          5, 
          0
        ], 
        [
          30001, 
          20000, 
          0
        ], 
        [
          30001, 
          25000, 
          0
        ], 
        [
          30001, 
          30000, 
          0
        ], 
        [
          30003, 
          5, 
          0
        ], 
        [
          30003, 
          10, 
          0
        ], 
        [
          30003, 
          15, 
          0
        ], 
        [
          30004, 
          5, 
          0
        ], 
        [
          30004, 
          10, 
          0
        ], 
        [
          30004, 
          15, 
          0
        ], 
        [
          30007, 
          1, 
          0
        ], 
        [
          30008, 
          1, 
          0
        ], 
        [
          30009, 
          1, 
          0
        ], 
        [
          60000, 
          1, 
          343
        ], 
        [
          60001, 
          1, 
          333
        ], 
        [
          60002, 
          1, 
          333
        ], 
        [
          60003, 
          1, 
          333
        ], 
        [
          60004, 
          1, 
          333
        ], 
        [
          60005, 
          1, 
          333
        ], 
        [
          60006, 
          1, 
          333
        ], 
        [
          60007, 
          1, 
          333
        ], 
        [
          60008, 
          1, 
          333
        ], 
        [
          60009, 
          1, 
          333
        ], 
        [
          60100, 
          1, 
          333
        ], 
        [
          60101, 
          1, 
          333
        ], 
        [
          60102, 
          1, 
          333
        ], 
        [
          60103, 
          1, 
          333
        ], 
        [
          60104, 
          1, 
          333
        ], 
        [
          60105, 
          1, 
          333
        ], 
        [
          60106, 
          1, 
          333
        ], 
        [
          60107, 
          1, 
          333
        ], 
        [
          60108, 
          1, 
          333
        ], 
        [
          60109, 
          1, 
          333
        ], 
        [
          60200, 
          1, 
          333
        ], 
        [
          60201, 
          1, 
          333
        ], 
        [
          60202, 
          1, 
          333
        ], 
        [
          60203, 
          1, 
          333
        ], 
        [
          60204, 
          1, 
          333
        ], 
        [
          60205, 
          1, 
          333
        ], 
        [
          60206, 
          1, 
          333
        ], 
        [
          60207, 
          1, 
          333
        ], 
        [
          60208, 
          1, 
          333
        ], 
        [
          60209, 
          1, 
          333
        ]
      ], 
      "reward_score_day_limit": 99999, 
      "des": "\u6bcf\u6b21\u83b7\u5f971\u70b9\u79ef\u5206\r", 
      "cost_type": 2, 
      "cost_value_1": 280, 
      "cost_value_10": 2380, 
      "reward_score_times": 1
    }
  }, 
  {
    "pk": 3, 
    "fields": {
      "reward_score": 1, 
      "points": {
        "0": [
          [
            1, 
            2, 
            2533
          ], 
          [
            2, 
            2, 
            510
          ], 
          [
            3, 
            1, 
            255
          ], 
          [
            4, 
            2, 
            0
          ], 
          [
            5, 
            2, 
            0
          ], 
          [
            65000, 
            1, 
            128
          ], 
          [
            65001, 
            1, 
            128
          ], 
          [
            65002, 
            1, 
            128
          ], 
          [
            65003, 
            1, 
            128
          ], 
          [
            65004, 
            1, 
            128
          ], 
          [
            65005, 
            1, 
            128
          ], 
          [
            65006, 
            1, 
            128
          ], 
          [
            65007, 
            1, 
            128
          ], 
          [
            65008, 
            1, 
            128
          ], 
          [
            65009, 
            1, 
            128
          ], 
          [
            65100, 
            1, 
            128
          ], 
          [
            65101, 
            1, 
            128
          ], 
          [
            65102, 
            1, 
            128
          ], 
          [
            65103, 
            1, 
            128
          ], 
          [
            65104, 
            1, 
            128
          ], 
          [
            65105, 
            1, 
            128
          ], 
          [
            65106, 
            1, 
            128
          ], 
          [
            65107, 
            1, 
            128
          ], 
          [
            65108, 
            1, 
            128
          ], 
          [
            65109, 
            1, 
            128
          ], 
          [
            65200, 
            1, 
            128
          ], 
          [
            65201, 
            1, 
            128
          ], 
          [
            65202, 
            1, 
            128
          ], 
          [
            65203, 
            1, 
            128
          ], 
          [
            65204, 
            1, 
            128
          ], 
          [
            65205, 
            1, 
            128
          ], 
          [
            65206, 
            1, 
            128
          ], 
          [
            65207, 
            1, 
            128
          ], 
          [
            65208, 
            1, 
            128
          ], 
          [
            65209, 
            1, 
            128
          ], 
          [
            30001, 
            30000, 
            510
          ], 
          [
            30001, 
            35000, 
            255
          ], 
          [
            30001, 
            50000, 
            128
          ], 
          [
            30003, 
            2, 
            255
          ], 
          [
            30003, 
            3, 
            204
          ], 
          [
            30003, 
            4, 
            153
          ], 
          [
            30004, 
            3, 
            204
          ], 
          [
            30004, 
            4, 
            153
          ], 
          [
            30004, 
            5, 
            102
          ], 
          [
            30007, 
            1, 
            128
          ], 
          [
            30008, 
            1, 
            0
          ], 
          [
            30009, 
            1, 
            0
          ], 
          [
            50000, 
            1, 
            0
          ], 
          [
            50001, 
            1, 
            128
          ], 
          [
            50002, 
            1, 
            26
          ], 
          [
            50003, 
            1, 
            0
          ], 
          [
            50010, 
            1, 
            0
          ], 
          [
            50011, 
            1, 
            128
          ], 
          [
            50012, 
            1, 
            26
          ], 
          [
            50013, 
            1, 
            0
          ], 
          [
            50020, 
            1, 
            0
          ], 
          [
            50021, 
            1, 
            128
          ], 
          [
            50022, 
            1, 
            26
          ], 
          [
            50023, 
            1, 
            0
          ], 
          [
            50030, 
            1, 
            0
          ], 
          [
            50031, 
            1, 
            128
          ], 
          [
            50032, 
            1, 
            26
          ], 
          [
            50033, 
            1, 
            0
          ], 
          [
            50040, 
            1, 
            0
          ], 
          [
            50041, 
            1, 
            128
          ], 
          [
            50042, 
            1, 
            26
          ], 
          [
            50043, 
            1, 
            0
          ]
        ], 
        "6": [
          [
            1, 
            5, 
            10
          ], 
          [
            2, 
            5, 
            0
          ], 
          [
            3, 
            5, 
            0
          ], 
          [
            4, 
            5, 
            0
          ], 
          [
            5, 
            5, 
            0
          ], 
          [
            65000, 
            5, 
            247
          ], 
          [
            65001, 
            5, 
            247
          ], 
          [
            65002, 
            5, 
            247
          ], 
          [
            65003, 
            5, 
            247
          ], 
          [
            65004, 
            5, 
            247
          ], 
          [
            65005, 
            5, 
            247
          ], 
          [
            65006, 
            5, 
            247
          ], 
          [
            65007, 
            5, 
            247
          ], 
          [
            65008, 
            5, 
            247
          ], 
          [
            65009, 
            5, 
            247
          ], 
          [
            65100, 
            5, 
            247
          ], 
          [
            65101, 
            5, 
            247
          ], 
          [
            65102, 
            5, 
            247
          ], 
          [
            65103, 
            5, 
            247
          ], 
          [
            65104, 
            5, 
            247
          ], 
          [
            65105, 
            5, 
            247
          ], 
          [
            65106, 
            5, 
            247
          ], 
          [
            65107, 
            5, 
            247
          ], 
          [
            65108, 
            5, 
            247
          ], 
          [
            65109, 
            5, 
            247
          ], 
          [
            65200, 
            5, 
            247
          ], 
          [
            65201, 
            5, 
            247
          ], 
          [
            65202, 
            5, 
            247
          ], 
          [
            65203, 
            5, 
            247
          ], 
          [
            65204, 
            5, 
            247
          ], 
          [
            65205, 
            5, 
            247
          ], 
          [
            65206, 
            5, 
            247
          ], 
          [
            65207, 
            5, 
            247
          ], 
          [
            65208, 
            5, 
            247
          ], 
          [
            65209, 
            5, 
            247
          ], 
          [
            30001, 
            20000, 
            0
          ], 
          [
            30001, 
            25000, 
            0
          ], 
          [
            30001, 
            30000, 
            0
          ], 
          [
            30003, 
            5, 
            0
          ], 
          [
            30003, 
            10, 
            0
          ], 
          [
            30003, 
            15, 
            0
          ], 
          [
            30004, 
            5, 
            0
          ], 
          [
            30004, 
            10, 
            0
          ], 
          [
            30004, 
            15, 
            0
          ], 
          [
            30007, 
            1, 
            0
          ], 
          [
            30008, 
            1, 
            0
          ], 
          [
            30009, 
            1, 
            0
          ], 
          [
            60000, 
            1, 
            86
          ], 
          [
            60001, 
            1, 
            86
          ], 
          [
            60002, 
            1, 
            86
          ], 
          [
            60003, 
            1, 
            86
          ], 
          [
            60004, 
            1, 
            86
          ], 
          [
            60005, 
            1, 
            86
          ], 
          [
            60006, 
            1, 
            86
          ], 
          [
            60007, 
            1, 
            86
          ], 
          [
            60008, 
            1, 
            86
          ], 
          [
            60009, 
            1, 
            86
          ], 
          [
            60100, 
            1, 
            86
          ], 
          [
            60101, 
            1, 
            86
          ], 
          [
            60102, 
            1, 
            86
          ], 
          [
            60103, 
            1, 
            86
          ], 
          [
            60104, 
            1, 
            86
          ], 
          [
            60105, 
            1, 
            86
          ], 
          [
            60106, 
            1, 
            86
          ], 
          [
            60107, 
            1, 
            86
          ], 
          [
            60108, 
            1, 
            86
          ], 
          [
            60109, 
            1, 
            86
          ], 
          [
            60200, 
            1, 
            86
          ], 
          [
            60201, 
            1, 
            86
          ], 
          [
            60202, 
            1, 
            86
          ], 
          [
            60203, 
            1, 
            86
          ], 
          [
            60204, 
            1, 
            86
          ], 
          [
            60205, 
            1, 
            86
          ], 
          [
            60206, 
            1, 
            86
          ], 
          [
            60207, 
            1, 
            86
          ], 
          [
            60208, 
            1, 
            86
          ], 
          [
            60209, 
            1, 
            86
          ]
        ]
      }, 
      "items_1": [
        [
          60007, 
          1, 
          10000
        ]
      ], 
      "items_10": [
        [
          1, 
          5, 
          0
        ], 
        [
          2, 
          5, 
          0
        ], 
        [
          3, 
          5, 
          0
        ], 
        [
          4, 
          5, 
          0
        ], 
        [
          5, 
          5, 
          0
        ], 
        [
          65000, 
          5, 
          0
        ], 
        [
          65001, 
          5, 
          0
        ], 
        [
          65002, 
          5, 
          0
        ], 
        [
          65003, 
          5, 
          0
        ], 
        [
          65004, 
          5, 
          0
        ], 
        [
          65005, 
          5, 
          0
        ], 
        [
          65006, 
          5, 
          0
        ], 
        [
          65007, 
          5, 
          0
        ], 
        [
          65008, 
          5, 
          0
        ], 
        [
          65009, 
          5, 
          0
        ], 
        [
          65100, 
          5, 
          0
        ], 
        [
          65101, 
          5, 
          0
        ], 
        [
          65102, 
          5, 
          0
        ], 
        [
          65103, 
          5, 
          0
        ], 
        [
          65104, 
          5, 
          0
        ], 
        [
          65105, 
          5, 
          0
        ], 
        [
          65106, 
          5, 
          0
        ], 
        [
          65107, 
          5, 
          0
        ], 
        [
          65108, 
          5, 
          0
        ], 
        [
          65109, 
          5, 
          0
        ], 
        [
          65200, 
          5, 
          0
        ], 
        [
          65201, 
          5, 
          0
        ], 
        [
          65202, 
          5, 
          0
        ], 
        [
          65203, 
          5, 
          0
        ], 
        [
          65204, 
          5, 
          0
        ], 
        [
          65205, 
          5, 
          0
        ], 
        [
          65206, 
          5, 
          0
        ], 
        [
          65207, 
          5, 
          0
        ], 
        [
          65208, 
          5, 
          0
        ], 
        [
          65209, 
          5, 
          0
        ], 
        [
          30001, 
          20000, 
          0
        ], 
        [
          30001, 
          25000, 
          0
        ], 
        [
          30001, 
          30000, 
          0
        ], 
        [
          30003, 
          5, 
          0
        ], 
        [
          30003, 
          10, 
          0
        ], 
        [
          30003, 
          15, 
          0
        ], 
        [
          30004, 
          5, 
          0
        ], 
        [
          30004, 
          10, 
          0
        ], 
        [
          30004, 
          15, 
          0
        ], 
        [
          30007, 
          1, 
          0
        ], 
        [
          30008, 
          1, 
          0
        ], 
        [
          30009, 
          1, 
          0
        ], 
        [
          60000, 
          1, 
          343
        ], 
        [
          60001, 
          1, 
          333
        ], 
        [
          60002, 
          1, 
          333
        ], 
        [
          60003, 
          1, 
          333
        ], 
        [
          60004, 
          1, 
          333
        ], 
        [
          60005, 
          1, 
          333
        ], 
        [
          60006, 
          1, 
          333
        ], 
        [
          60007, 
          1, 
          333
        ], 
        [
          60008, 
          1, 
          333
        ], 
        [
          60009, 
          1, 
          333
        ], 
        [
          60100, 
          1, 
          333
        ], 
        [
          60101, 
          1, 
          333
        ], 
        [
          60102, 
          1, 
          333
        ], 
        [
          60103, 
          1, 
          333
        ], 
        [
          60104, 
          1, 
          333
        ], 
        [
          60105, 
          1, 
          333
        ], 
        [
          60106, 
          1, 
          333
        ], 
        [
          60107, 
          1, 
          333
        ], 
        [
          60108, 
          1, 
          333
        ], 
        [
          60109, 
          1, 
          333
        ], 
        [
          60200, 
          1, 
          333
        ], 
        [
          60201, 
          1, 
          333
        ], 
        [
          60202, 
          1, 
          333
        ], 
        [
          60203, 
          1, 
          333
        ], 
        [
          60204, 
          1, 
          333
        ], 
        [
          60205, 
          1, 
          333
        ], 
        [
          60206, 
          1, 
          333
        ], 
        [
          60207, 
          1, 
          333
        ], 
        [
          60208, 
          1, 
          333
        ], 
        [
          60209, 
          1, 
          333
        ]
      ], 
      "reward_score_day_limit": 99999, 
      "des": "\u6bcf\u6b21\u83b7\u5f971\u70b9\u79ef\u5206\r", 
      "cost_type": 2, 
      "cost_value_1": 280, 
      "cost_value_10": 2380, 
      "reward_score_times": 1
    }
  }
]