[
  {
    "pk": 0, 
    "model": "staff.staffstar", 
    "fields": {
      "operation_percent": 0.0, 
      "need_item_amount": 4, 
      "need_item_id": 30007, 
      "manage": 0, 
      "manage_percent": 0.0, 
      "attack": 0, 
      "defense": 0, 
      "exp": 17, 
      "operation": 0, 
      "attack_percent": 0.0, 
      "defense_percent": 0.0
    }
  }, 
  {
    "pk": 1, 
    "model": "staff.staffstar", 
    "fields": {
      "operation_percent": 0.0, 
      "need_item_amount": 4, 
      "need_item_id": 30007, 
      "manage": 0, 
      "manage_percent": 0.011, 
      "attack": 0, 
      "defense": 0, 
      "exp": 23, 
      "operation": 0, 
      "attack_percent": 0.011, 
      "defense_percent": 0.011
    }
  }, 
  {
    "pk": 2, 
    "model": "staff.staffstar", 
    "fields": {
      "operation_percent": 0.0, 
      "need_item_amount": 4, 
      "need_item_id": 30007, 
      "manage": 0, 
      "manage_percent": 0.022, 
      "attack": 0, 
      "defense": 0, 
      "exp": 26, 
      "operation": 0, 
      "attack_percent": 0.022, 
      "defense_percent": 0.022
    }
  }, 
  {
    "pk": 3, 
    "model": "staff.staffstar", 
    "fields": {
      "operation_percent": 0.0, 
      "need_item_amount": 4, 
      "need_item_id": 30007, 
      "manage": 0, 
      "manage_percent": 0.033, 
      "attack": 0, 
      "defense": 0, 
      "exp": 31, 
      "operation": 0, 
      "attack_percent": 0.033, 
      "defense_percent": 0.033
    }
  }, 
  {
    "pk": 4, 
    "model": "staff.staffstar", 
    "fields": {
      "operation_percent": 0.0, 
      "need_item_amount": 4, 
      "need_item_id": 30007, 
      "manage": 0, 
      "manage_percent": 0.044, 
      "attack": 0, 
      "defense": 0, 
      "exp": 37, 
      "operation": 0, 
      "attack_percent": 0.044, 
      "defense_percent": 0.044
    }
  }, 
  {
    "pk": 5, 
    "model": "staff.staffstar", 
    "fields": {
      "operation_percent": 0.0, 
      "need_item_amount": 6, 
      "need_item_id": 30007, 
      "manage": 0, 
      "manage_percent": 0.055, 
      "attack": 0, 
      "defense": 0, 
      "exp": 28, 
      "operation": 4, 
      "attack_percent": 0.055, 
      "defense_percent": 0.055
    }
  }, 
  {
    "pk": 6, 
    "model": "staff.staffstar", 
    "fields": {
      "operation_percent": 0.0, 
      "need_item_amount": 6, 
      "need_item_id": 30007, 
      "manage": 0, 
      "manage_percent": 0.066, 
      "attack": 0, 
      "defense": 0, 
      "exp": 31, 
      "operation": 4, 
      "attack_percent": 0.066, 
      "defense_percent": 0.066
    }
  }, 
  {
    "pk": 7, 
    "model": "staff.staffstar", 
    "fields": {
      "operation_percent": 0.0, 
      "need_item_amount": 6, 
      "need_item_id": 30007, 
      "manage": 0, 
      "manage_percent": 0.077, 
      "attack": 0, 
      "defense": 0, 
      "exp": 34, 
      "operation": 4, 
      "attack_percent": 0.077, 
      "defense_percent": 0.077
    }
  }, 
  {
    "pk": 8, 
    "model": "staff.staffstar", 
    "fields": {
      "operation_percent": 0.0, 
      "need_item_amount": 6, 
      "need_item_id": 30007, 
      "manage": 0, 
      "manage_percent": 0.088, 
      "attack": 0, 
      "defense": 0, 
      "exp": 37, 
      "operation": 4, 
      "attack_percent": 0.088, 
      "defense_percent": 0.088
    }
  }, 
  {
    "pk": 9, 
    "model": "staff.staffstar", 
    "fields": {
      "operation_percent": 0.0, 
      "need_item_amount": 6, 
      "need_item_id": 30007, 
      "manage": 0, 
      "manage_percent": 0.099, 
      "attack": 0, 
      "defense": 0, 
      "exp": 40, 
      "operation": 4, 
      "attack_percent": 0.099, 
      "defense_percent": 0.099
    }
  }, 
  {
    "pk": 10, 
    "model": "staff.staffstar", 
    "fields": {
      "operation_percent": 0.0, 
      "need_item_amount": 8, 
      "need_item_id": 30007, 
      "manage": 0, 
      "manage_percent": 0.11, 
      "attack": 0, 
      "defense": 0, 
      "exp": 34, 
      "operation": 8, 
      "attack_percent": 0.11, 
      "defense_percent": 0.11
    }
  }, 
  {
    "pk": 11, 
    "model": "staff.staffstar", 
    "fields": {
      "operation_percent": 0.0, 
      "need_item_amount": 8, 
      "need_item_id": 30007, 
      "manage": 0, 
      "manage_percent": 0.123, 
      "attack": 0, 
      "defense": 0, 
      "exp": 37, 
      "operation": 8, 
      "attack_percent": 0.123, 
      "defense_percent": 0.123
    }
  }, 
  {
    "pk": 12, 
    "model": "staff.staffstar", 
    "fields": {
      "operation_percent": 0.0, 
      "need_item_amount": 8, 
      "need_item_id": 30007, 
      "manage": 0, 
      "manage_percent": 0.136, 
      "attack": 0, 
      "defense": 0, 
      "exp": 40, 
      "operation": 8, 
      "attack_percent": 0.136, 
      "defense_percent": 0.136
    }
  }, 
  {
    "pk": 13, 
    "model": "staff.staffstar", 
    "fields": {
      "operation_percent": 0.0, 
      "need_item_amount": 8, 
      "need_item_id": 30007, 
      "manage": 0, 
      "manage_percent": 0.149, 
      "attack": 0, 
      "defense": 0, 
      "exp": 40, 
      "operation": 8, 
      "attack_percent": 0.149, 
      "defense_percent": 0.149
    }
  }, 
  {
    "pk": 14, 
    "model": "staff.staffstar", 
    "fields": {
      "operation_percent": 0.0, 
      "need_item_amount": 8, 
      "need_item_id": 30007, 
      "manage": 0, 
      "manage_percent": 0.162, 
      "attack": 0, 
      "defense": 0, 
      "exp": 42, 
      "operation": 8, 
      "attack_percent": 0.162, 
      "defense_percent": 0.162
    }
  }, 
  {
    "pk": 15, 
    "model": "staff.staffstar", 
    "fields": {
      "operation_percent": 0.0, 
      "need_item_amount": 10, 
      "need_item_id": 30007, 
      "manage": 0, 
      "manage_percent": 0.175, 
      "attack": 0, 
      "defense": 0, 
      "exp": 37, 
      "operation": 12, 
      "attack_percent": 0.175, 
      "defense_percent": 0.175
    }
  }, 
  {
    "pk": 16, 
    "model": "staff.staffstar", 
    "fields": {
      "operation_percent": 0.0, 
      "need_item_amount": 10, 
      "need_item_id": 30007, 
      "manage": 0, 
      "manage_percent": 0.188, 
      "attack": 0, 
      "defense": 0, 
      "exp": 40, 
      "operation": 12, 
      "attack_percent": 0.188, 
      "defense_percent": 0.188
    }
  }, 
  {
    "pk": 17, 
    "model": "staff.staffstar", 
    "fields": {
      "operation_percent": 0.0, 
      "need_item_amount": 10, 
      "need_item_id": 30007, 
      "manage": 0, 
      "manage_percent": 0.201, 
      "attack": 0, 
      "defense": 0, 
      "exp": 40, 
      "operation": 12, 
      "attack_percent": 0.201, 
      "defense_percent": 0.201
    }
  }, 
  {
    "pk": 18, 
    "model": "staff.staffstar", 
    "fields": {
      "operation_percent": 0.0, 
      "need_item_amount": 10, 
      "need_item_id": 30007, 
      "manage": 0, 
      "manage_percent": 0.214, 
      "attack": 0, 
      "defense": 0, 
      "exp": 42, 
      "operation": 12, 
      "attack_percent": 0.214, 
      "defense_percent": 0.214
    }
  }, 
  {
    "pk": 19, 
    "model": "staff.staffstar", 
    "fields": {
      "operation_percent": 0.0, 
      "need_item_amount": 10, 
      "need_item_id": 30007, 
      "manage": 0, 
      "manage_percent": 0.227, 
      "attack": 0, 
      "defense": 0, 
      "exp": 45, 
      "operation": 12, 
      "attack_percent": 0.227, 
      "defense_percent": 0.227
    }
  }, 
  {
    "pk": 20, 
    "model": "staff.staffstar", 
    "fields": {
      "operation_percent": 0.0, 
      "need_item_amount": 2, 
      "need_item_id": 30008, 
      "manage": 0, 
      "manage_percent": 0.24, 
      "attack": 0, 
      "defense": 0, 
      "exp": 31, 
      "operation": 16, 
      "attack_percent": 0.24, 
      "defense_percent": 0.24
    }
  }, 
  {
    "pk": 21, 
    "model": "staff.staffstar", 
    "fields": {
      "operation_percent": 0.0, 
      "need_item_amount": 2, 
      "need_item_id": 30008, 
      "manage": 0, 
      "manage_percent": 0.255, 
      "attack": 0, 
      "defense": 0, 
      "exp": 34, 
      "operation": 16, 
      "attack_percent": 0.255, 
      "defense_percent": 0.255
    }
  }, 
  {
    "pk": 22, 
    "model": "staff.staffstar", 
    "fields": {
      "operation_percent": 0.0, 
      "need_item_amount": 2, 
      "need_item_id": 30008, 
      "manage": 0, 
      "manage_percent": 0.27, 
      "attack": 0, 
      "defense": 0, 
      "exp": 37, 
      "operation": 16, 
      "attack_percent": 0.27, 
      "defense_percent": 0.27
    }
  }, 
  {
    "pk": 23, 
    "model": "staff.staffstar", 
    "fields": {
      "operation_percent": 0.0, 
      "need_item_amount": 2, 
      "need_item_id": 30008, 
      "manage": 0, 
      "manage_percent": 0.285, 
      "attack": 0, 
      "defense": 0, 
      "exp": 37, 
      "operation": 16, 
      "attack_percent": 0.285, 
      "defense_percent": 0.285
    }
  }, 
  {
    "pk": 24, 
    "model": "staff.staffstar", 
    "fields": {
      "operation_percent": 0.0, 
      "need_item_amount": 2, 
      "need_item_id": 30008, 
      "manage": 0, 
      "manage_percent": 0.3, 
      "attack": 0, 
      "defense": 0, 
      "exp": 40, 
      "operation": 16, 
      "attack_percent": 0.3, 
      "defense_percent": 0.3
    }
  }, 
  {
    "pk": 25, 
    "model": "staff.staffstar", 
    "fields": {
      "operation_percent": 0.0, 
      "need_item_amount": 2, 
      "need_item_id": 30008, 
      "manage": 0, 
      "manage_percent": 0.315, 
      "attack": 0, 
      "defense": 0, 
      "exp": 42, 
      "operation": 20, 
      "attack_percent": 0.315, 
      "defense_percent": 0.315
    }
  }, 
  {
    "pk": 26, 
    "model": "staff.staffstar", 
    "fields": {
      "operation_percent": 0.0, 
      "need_item_amount": 2, 
      "need_item_id": 30008, 
      "manage": 0, 
      "manage_percent": 0.33, 
      "attack": 0, 
      "defense": 0, 
      "exp": 45, 
      "operation": 20, 
      "attack_percent": 0.33, 
      "defense_percent": 0.33
    }
  }, 
  {
    "pk": 27, 
    "model": "staff.staffstar", 
    "fields": {
      "operation_percent": 0.0, 
      "need_item_amount": 2, 
      "need_item_id": 30008, 
      "manage": 0, 
      "manage_percent": 0.345, 
      "attack": 0, 
      "defense": 0, 
      "exp": 45, 
      "operation": 20, 
      "attack_percent": 0.345, 
      "defense_percent": 0.345
    }
  }, 
  {
    "pk": 28, 
    "model": "staff.staffstar", 
    "fields": {
      "operation_percent": 0.0, 
      "need_item_amount": 2, 
      "need_item_id": 30008, 
      "manage": 0, 
      "manage_percent": 0.36, 
      "attack": 0, 
      "defense": 0, 
      "exp": 48, 
      "operation": 20, 
      "attack_percent": 0.36, 
      "defense_percent": 0.36
    }
  }, 
  {
    "pk": 29, 
    "model": "staff.staffstar", 
    "fields": {
      "operation_percent": 0.0, 
      "need_item_amount": 2, 
      "need_item_id": 30008, 
      "manage": 0, 
      "manage_percent": 0.375, 
      "attack": 0, 
      "defense": 0, 
      "exp": 51, 
      "operation": 20, 
      "attack_percent": 0.375, 
      "defense_percent": 0.375
    }
  }, 
  {
    "pk": 30, 
    "model": "staff.staffstar", 
    "fields": {
      "operation_percent": 0.0, 
      "need_item_amount": 3, 
      "need_item_id": 30008, 
      "manage": 0, 
      "manage_percent": 0.39, 
      "attack": 0, 
      "defense": 0, 
      "exp": 34, 
      "operation": 24, 
      "attack_percent": 0.39, 
      "defense_percent": 0.39
    }
  }, 
  {
    "pk": 31, 
    "model": "staff.staffstar", 
    "fields": {
      "operation_percent": 0.0, 
      "need_item_amount": 3, 
      "need_item_id": 30008, 
      "manage": 0, 
      "manage_percent": 0.407, 
      "attack": 0, 
      "defense": 0, 
      "exp": 37, 
      "operation": 24, 
      "attack_percent": 0.407, 
      "defense_percent": 0.407
    }
  }, 
  {
    "pk": 32, 
    "model": "staff.staffstar", 
    "fields": {
      "operation_percent": 0.0, 
      "need_item_amount": 3, 
      "need_item_id": 30008, 
      "manage": 0, 
      "manage_percent": 0.424, 
      "attack": 0, 
      "defense": 0, 
      "exp": 37, 
      "operation": 24, 
      "attack_percent": 0.424, 
      "defense_percent": 0.424
    }
  }, 
  {
    "pk": 33, 
    "model": "staff.staffstar", 
    "fields": {
      "operation_percent": 0.0, 
      "need_item_amount": 3, 
      "need_item_id": 30008, 
      "manage": 0, 
      "manage_percent": 0.441, 
      "attack": 0, 
      "defense": 0, 
      "exp": 40, 
      "operation": 24, 
      "attack_percent": 0.441, 
      "defense_percent": 0.441
    }
  }, 
  {
    "pk": 34, 
    "model": "staff.staffstar", 
    "fields": {
      "operation_percent": 0.0, 
      "need_item_amount": 3, 
      "need_item_id": 30008, 
      "manage": 0, 
      "manage_percent": 0.458, 
      "attack": 0, 
      "defense": 0, 
      "exp": 40, 
      "operation": 24, 
      "attack_percent": 0.458, 
      "defense_percent": 0.458
    }
  }, 
  {
    "pk": 35, 
    "model": "staff.staffstar", 
    "fields": {
      "operation_percent": 0.0, 
      "need_item_amount": 3, 
      "need_item_id": 30008, 
      "manage": 0, 
      "manage_percent": 0.475, 
      "attack": 0, 
      "defense": 0, 
      "exp": 42, 
      "operation": 28, 
      "attack_percent": 0.475, 
      "defense_percent": 0.475
    }
  }, 
  {
    "pk": 36, 
    "model": "staff.staffstar", 
    "fields": {
      "operation_percent": 0.0, 
      "need_item_amount": 3, 
      "need_item_id": 30008, 
      "manage": 0, 
      "manage_percent": 0.492, 
      "attack": 0, 
      "defense": 0, 
      "exp": 42, 
      "operation": 28, 
      "attack_percent": 0.492, 
      "defense_percent": 0.492
    }
  }, 
  {
    "pk": 37, 
    "model": "staff.staffstar", 
    "fields": {
      "operation_percent": 0.0, 
      "need_item_amount": 3, 
      "need_item_id": 30008, 
      "manage": 0, 
      "manage_percent": 0.509, 
      "attack": 0, 
      "defense": 0, 
      "exp": 45, 
      "operation": 28, 
      "attack_percent": 0.509, 
      "defense_percent": 0.509
    }
  }, 
  {
    "pk": 38, 
    "model": "staff.staffstar", 
    "fields": {
      "operation_percent": 0.0, 
      "need_item_amount": 3, 
      "need_item_id": 30008, 
      "manage": 0, 
      "manage_percent": 0.526, 
      "attack": 0, 
      "defense": 0, 
      "exp": 45, 
      "operation": 28, 
      "attack_percent": 0.526, 
      "defense_percent": 0.526
    }
  }, 
  {
    "pk": 39, 
    "model": "staff.staffstar", 
    "fields": {
      "operation_percent": 0.0, 
      "need_item_amount": 3, 
      "need_item_id": 30008, 
      "manage": 0, 
      "manage_percent": 0.543, 
      "attack": 0, 
      "defense": 0, 
      "exp": 48, 
      "operation": 28, 
      "attack_percent": 0.543, 
      "defense_percent": 0.543
    }
  }, 
  {
    "pk": 40, 
    "model": "staff.staffstar", 
    "fields": {
      "operation_percent": 0.0, 
      "need_item_amount": 0, 
      "need_item_id": 0, 
      "manage": 0, 
      "manage_percent": 0.56, 
      "attack": 0, 
      "defense": 0, 
      "exp": 0, 
      "operation": 32, 
      "attack_percent": 0.56, 
      "defense_percent": 0.56
    }
  }
]