[
{
    "model": "staff.staffquality",
    "pk": "A",
    "fields": {
        "color": "\u7d2b",
        "icon": "pj_a",
        "background": "kuang-lan",
        "background_half": "\u4eba\u7269\u80cc\u666f\u54c1\u8d28\u68463"
    }
},
{
    "model": "staff.staffquality",
    "pk": "B",
    "fields": {
        "color": "\u84dd",
        "icon": "pj_b",
        "background": "kuang-lv",
        "background_half": "\u4eba\u7269\u80cc\u666f\u54c1\u8d28\u68462"
    }
},
{
    "model": "staff.staffquality",
    "pk": "C",
    "fields": {
        "color": "\u7eff",
        "icon": "pj_c",
        "background": "kuang-hui",
        "background_half": "\u4eba\u7269\u80cc\u666f\u54c1\u8d28\u68461"
    }
},
{
    "model": "staff.staffquality",
    "pk": "D",
    "fields": {
        "color": "\u767d",
        "icon": "pj_d",
        "background": "kuang-hui",
        "background_half": "\u4eba\u7269\u80cc\u666f\u54c1\u8d28\u68461"
    }
},
{
    "model": "staff.staffquality",
    "pk": "S",
    "fields": {
        "color": "\u7d2b",
        "icon": "pj_s",
        "background": "kuang-zi",
        "background_half": "\u4eba\u7269\u80cc\u666f\u54c1\u8d28\u68464"
    }
},
{
    "model": "staff.staffquality",
    "pk": "SS",
    "fields": {
        "color": "\u91d1",
        "icon": "pj_ss",
        "background": "kuang-jin",
        "background_half": "\u4eba\u7269\u80cc\u666f\u54c1\u8d28\u68465"
    }
}
]
