[
  {
    "fields": {
      "exp": {
        "A": 103, 
        "C": 103, 
        "B": 103, 
        "D": 103, 
        "SS": 103, 
        "S": 103
      }
    }, 
    "model": "staff.stafflevel", 
    "pk": 1
  }, 
  {
    "fields": {
      "exp": {
        "A": 228, 
        "C": 228, 
        "B": 228, 
        "D": 228, 
        "SS": 228, 
        "S": 228
      }
    }, 
    "model": "staff.stafflevel", 
    "pk": 2
  }, 
  {
    "fields": {
      "exp": {
        "A": 401, 
        "C": 401, 
        "B": 401, 
        "D": 401, 
        "SS": 401, 
        "S": 401
      }
    }, 
    "model": "staff.stafflevel", 
    "pk": 3
  }, 
  {
    "fields": {
      "exp": {
        "A": 654, 
        "C": 654, 
        "B": 654, 
        "D": 654, 
        "SS": 654, 
        "S": 654
      }
    }, 
    "model": "staff.stafflevel", 
    "pk": 4
  }, 
  {
    "fields": {
      "exp": {
        "A": 1018, 
        "C": 1018, 
        "B": 1018, 
        "D": 1018, 
        "SS": 1018, 
        "S": 1018
      }
    }, 
    "model": "staff.stafflevel", 
    "pk": 5
  }, 
  {
    "fields": {
      "exp": {
        "A": 1528, 
        "C": 1528, 
        "B": 1528, 
        "D": 1528, 
        "SS": 1528, 
        "S": 1528
      }
    }, 
    "model": "staff.stafflevel", 
    "pk": 6
  }, 
  {
    "fields": {
      "exp": {
        "A": 2219, 
        "C": 2219, 
        "B": 2219, 
        "D": 2219, 
        "SS": 2219, 
        "S": 2219
      }
    }, 
    "model": "staff.stafflevel", 
    "pk": 7
  }, 
  {
    "fields": {
      "exp": {
        "A": 3129, 
        "C": 3129, 
        "B": 3129, 
        "D": 3129, 
        "SS": 3129, 
        "S": 3129
      }
    }, 
    "model": "staff.stafflevel", 
    "pk": 8
  }, 
  {
    "fields": {
      "exp": {
        "A": 4294, 
        "C": 4294, 
        "B": 4294, 
        "D": 4294, 
        "SS": 4294, 
        "S": 4294
      }
    }, 
    "model": "staff.stafflevel", 
    "pk": 9
  }, 
  {
    "fields": {
      "exp": {
        "A": 5755, 
        "C": 5755, 
        "B": 5755, 
        "D": 5755, 
        "SS": 5755, 
        "S": 5755
      }
    }, 
    "model": "staff.stafflevel", 
    "pk": 10
  }, 
  {
    "fields": {
      "exp": {
        "A": 7551, 
        "C": 7551, 
        "B": 7551, 
        "D": 7551, 
        "SS": 7551, 
        "S": 7551
      }
    }, 
    "model": "staff.stafflevel", 
    "pk": 11
  }, 
  {
    "fields": {
      "exp": {
        "A": 9722, 
        "C": 9722, 
        "B": 9722, 
        "D": 9722, 
        "SS": 9722, 
        "S": 9722
      }
    }, 
    "model": "staff.stafflevel", 
    "pk": 12
  }, 
  {
    "fields": {
      "exp": {
        "A": 12309, 
        "C": 12309, 
        "B": 12309, 
        "D": 12309, 
        "SS": 12309, 
        "S": 12309
      }
    }, 
    "model": "staff.stafflevel", 
    "pk": 13
  }, 
  {
    "fields": {
      "exp": {
        "A": 15356, 
        "C": 15356, 
        "B": 15356, 
        "D": 15356, 
        "SS": 15356, 
        "S": 15356
      }
    }, 
    "model": "staff.stafflevel", 
    "pk": 14
  }, 
  {
    "fields": {
      "exp": {
        "A": 18903, 
        "C": 18903, 
        "B": 18903, 
        "D": 18903, 
        "SS": 18903, 
        "S": 18903
      }
    }, 
    "model": "staff.stafflevel", 
    "pk": 15
  }, 
  {
    "fields": {
      "exp": {
        "A": 22995, 
        "C": 22995, 
        "B": 22995, 
        "D": 22995, 
        "SS": 22995, 
        "S": 22995
      }
    }, 
    "model": "staff.stafflevel", 
    "pk": 16
  }, 
  {
    "fields": {
      "exp": {
        "A": 27676, 
        "C": 27676, 
        "B": 27676, 
        "D": 27676, 
        "SS": 27676, 
        "S": 27676
      }
    }, 
    "model": "staff.stafflevel", 
    "pk": 17
  }, 
  {
    "fields": {
      "exp": {
        "A": 32989, 
        "C": 32989, 
        "B": 32989, 
        "D": 32989, 
        "SS": 32989, 
        "S": 32989
      }
    }, 
    "model": "staff.stafflevel", 
    "pk": 18
  }, 
  {
    "fields": {
      "exp": {
        "A": 38980, 
        "C": 38980, 
        "B": 38980, 
        "D": 38980, 
        "SS": 38980, 
        "S": 38980
      }
    }, 
    "model": "staff.stafflevel", 
    "pk": 19
  }, 
  {
    "fields": {
      "exp": {
        "A": 45694, 
        "C": 45694, 
        "B": 45694, 
        "D": 45694, 
        "SS": 45694, 
        "S": 45694
      }
    }, 
    "model": "staff.stafflevel", 
    "pk": 20
  }, 
  {
    "fields": {
      "exp": {
        "A": 53177, 
        "C": 53177, 
        "B": 53177, 
        "D": 53177, 
        "SS": 53177, 
        "S": 53177
      }
    }, 
    "model": "staff.stafflevel", 
    "pk": 21
  }, 
  {
    "fields": {
      "exp": {
        "A": 61476, 
        "C": 61476, 
        "B": 61476, 
        "D": 61476, 
        "SS": 61476, 
        "S": 61476
      }
    }, 
    "model": "staff.stafflevel", 
    "pk": 22
  }, 
  {
    "fields": {
      "exp": {
        "A": 70637, 
        "C": 70637, 
        "B": 70637, 
        "D": 70637, 
        "SS": 70637, 
        "S": 70637
      }
    }, 
    "model": "staff.stafflevel", 
    "pk": 23
  }, 
  {
    "fields": {
      "exp": {
        "A": 80707, 
        "C": 80707, 
        "B": 80707, 
        "D": 80707, 
        "SS": 80707, 
        "S": 80707
      }
    }, 
    "model": "staff.stafflevel", 
    "pk": 24
  }, 
  {
    "fields": {
      "exp": {
        "A": 91734, 
        "C": 91734, 
        "B": 91734, 
        "D": 91734, 
        "SS": 91734, 
        "S": 91734
      }
    }, 
    "model": "staff.stafflevel", 
    "pk": 25
  }, 
  {
    "fields": {
      "exp": {
        "A": 103767, 
        "C": 103767, 
        "B": 103767, 
        "D": 103767, 
        "SS": 103767, 
        "S": 103767
      }
    }, 
    "model": "staff.stafflevel", 
    "pk": 26
  }, 
  {
    "fields": {
      "exp": {
        "A": 116853, 
        "C": 116853, 
        "B": 116853, 
        "D": 116853, 
        "SS": 116853, 
        "S": 116853
      }
    }, 
    "model": "staff.stafflevel", 
    "pk": 27
  }, 
  {
    "fields": {
      "exp": {
        "A": 131042, 
        "C": 131042, 
        "B": 131042, 
        "D": 131042, 
        "SS": 131042, 
        "S": 131042
      }
    }, 
    "model": "staff.stafflevel", 
    "pk": 28
  }, 
  {
    "fields": {
      "exp": {
        "A": 146382, 
        "C": 146382, 
        "B": 146382, 
        "D": 146382, 
        "SS": 146382, 
        "S": 146382
      }
    }, 
    "model": "staff.stafflevel", 
    "pk": 29
  }, 
  {
    "fields": {
      "exp": {
        "A": 0, 
        "C": 0, 
        "B": 0, 
        "D": 0, 
        "SS": 0, 
        "S": 0
      }
    }, 
    "model": "staff.stafflevel", 
    "pk": 30
  }
]