[
  {
    "pk": 1, 
    "model": "staff.staffrecruit", 
    "fields": {
      "staff_settings": [
        {
          "first_amount": 1, 
          "quality": 0, 
          "normal_amount": 0, 
          "lucky_amount": 1
        }, 
        {
          "first_amount": 1, 
          "quality": 0, 
          "normal_amount": 1, 
          "lucky_amount": 1
        }, 
        {
          "first_amount": 1, 
          "quality": 0, 
          "normal_amount": 2, 
          "lucky_amount": 1
        }
      ], 
      "name": "\u666e\u901a\u5408\u7ea6", 
      "des": "\u62bdA\u6982\u7387:10%", 
      "lucky_times": 10, 
      "cost_type": 1, 
      "cost_value": 10000
    }
  }, 
  {
    "pk": 2, 
    "model": "staff.staffrecruit", 
    "fields": {
      "staff_settings": [
        {
          "first_amount": 1, 
          "quality": 0, 
          "normal_amount": 0, 
          "lucky_amount": 1
        }, 
        {
          "first_amount": 1, 
          "quality": 0, 
          "normal_amount": 2, 
          "lucky_amount": 1
        }, 
        {
          "first_amount": 1, 
          "quality": 0, 
          "normal_amount": 1, 
          "lucky_amount": 1
        }
      ], 
      "name": "\u767d\u91d1\u5408\u7ea6", 
      "des": "\u51faS\u6982\u7387:10%", 
      "lucky_times": 10, 
      "cost_type": 2, 
      "cost_value": 300
    }
  }, 
  {
    "pk": 3, 
    "model": "staff.staffrecruit", 
    "fields": {
      "staff_settings": [
        {
          "first_amount": 1, 
          "quality": 0, 
          "normal_amount": 0, 
          "lucky_amount": 1
        }, 
        {
          "first_amount": 1, 
          "quality": 0, 
          "normal_amount": 2, 
          "lucky_amount": 1
        }, 
        {
          "first_amount": 1, 
          "quality": 0, 
          "normal_amount": 1, 
          "lucky_amount": 1
        }
      ], 
      "name": "\u94bb\u77f3\u5408\u7ea6", 
      "des": "10%\u6982\u7387\u51faSS", 
      "lucky_times": 10, 
      "cost_type": 2, 
      "cost_value": 800
    }
  }
]