[
{
    "model": "store.storetype",
    "pk": 1,
    "fields": {
        "name": "\u6c34\u6676\u5546\u5e97",
        "money_id": 30003,
        "refresh_hour_interval": 2
    }
},
{
    "model": "store.storetype",
    "pk": 2,
    "fields": {
        "name": "\u79ef\u5206\u5546\u5e97",
        "money_id": 30005,
        "refresh_hour_interval": 24
    }
},
{
    "model": "store.storetype",
    "pk": 3,
    "fields": {
        "name": "\u7ade\u6280\u5546\u5e97",
        "money_id": 30016,
        "refresh_hour_interval": 12
    }
},
{
    "model": "store.storetype",
    "pk": 4,
    "fields": {
        "name": "\u5956\u676f\u5546\u5e97",
        "money_id": 30019,
        "refresh_hour_interval": 24
    }
},
{
    "model": "store.storetype",
    "pk": 5,
    "fields": {
        "name": "\u8363\u8a89\u5546\u5e97",
        "money_id": 30002,
        "refresh_hour_interval": 24
    }
},
{
    "model": "store.storetype",
    "pk": 6,
    "fields": {
        "name": "\u516c\u4f1a\u5546\u5e97",
        "money_id": 30020,
        "refresh_hour_interval": 24
    }
}
]
