[
  {
    "pk": 1, 
    "fields": {
      "cost": [
        [
          20, 
          50
        ], 
        [
          19, 
          50
        ], 
        [
          18, 
          45
        ], 
        [
          17, 
          45
        ], 
        [
          16, 
          45
        ], 
        [
          15, 
          40
        ], 
        [
          14, 
          40
        ], 
        [
          13, 
          40
        ], 
        [
          12, 
          35
        ], 
        [
          11, 
          35
        ], 
        [
          10, 
          35
        ], 
        [
          9, 
          30
        ], 
        [
          8, 
          30
        ], 
        [
          7, 
          30
        ], 
        [
          6, 
          25
        ], 
        [
          5, 
          25
        ], 
        [
          4, 
          25
        ], 
        [
          3, 
          20
        ], 
        [
          2, 
          20
        ], 
        [
          1, 
          20
        ]
      ]
    }
  }, 
  {
    "pk": 2, 
    "fields": {
      "cost": [
        [
          5, 
          80
        ], 
        [
          4, 
          70
        ], 
        [
          3, 
          60
        ], 
        [
          2, 
          50
        ], 
        [
          1, 
          40
        ]
      ]
    }
  }, 
  {
    "pk": 3, 
    "fields": {
      "cost": [
        [
          5, 
          90
        ], 
        [
          4, 
          80
        ], 
        [
          3, 
          70
        ], 
        [
          2, 
          60
        ], 
        [
          1, 
          50
        ]
      ]
    }
  }, 
  {
    "pk": 4, 
    "fields": {
      "cost": [
        [
          5, 
          180
        ], 
        [
          4, 
          160
        ], 
        [
          3, 
          140
        ], 
        [
          2, 
          120
        ], 
        [
          1, 
          100
        ]
      ]
    }
  }, 
  {
    "pk": 5, 
    "fields": {
      "cost": [
        [
          5, 
          60
        ], 
        [
          4, 
          50
        ], 
        [
          3, 
          40
        ], 
        [
          2, 
          30
        ], 
        [
          1, 
          20
        ]
      ]
    }
  }, 
  {
    "pk": 6, 
    "fields": {
      "cost": [
        [
          5, 
          600
        ], 
        [
          4, 
          500
        ], 
        [
          3, 
          400
        ], 
        [
          2, 
          300
        ], 
        [
          1, 
          200
        ]
      ]
    }
  }
]