[
  {
    "fields": {
      "reward": 1308, 
      "name": "\u62db\u52df\u961f\u5458", 
      "des": "\u4e00\u652f\u5f3a\u5927\u7684\u6218\u961f\uff0c\u9700\u8981\u6709\u4f17\u591a\u9ad8\u7d20\u8d28\u7684\u9009\u624b\u52a0\u76df\u3002\u53bb\u4eba\u624d\u5e02\u573a\u7b5b\u9009\u7b80\u5386\uff0c\u6311\u9009\u5408\u9002\u7684\u9009\u624b\u548c\u4ff1\u4e50\u90e8\u7b7e\u7ea6\u3002", 
      "client_task": false, 
      "tp": 1, 
      "trigger": 1, 
      "next_task": 2, 
      "success_rate": 100, 
      "task_begin": true, 
      "targets": [
        [
          1, 
          0, 
          1
        ]
      ], 
      "trigger_value": 0
    }, 
    "model": "task.task", 
    "pk": 1
  }, 
  {
    "fields": {
      "reward": 1309, 
      "name": "\u6211\u7684\u6218\u961f", 
      "des": "\u606d\u559c\u4f60\u62db\u52df\u5230\u4e00\u4e2a\u4f18\u79c0\u7684\u961f\u5458\uff0c\u6ca1\u9519\uff0c\u4ed6\u5c31\u662f\u5e26\u7ed9\u6211\u4eec\u65e0\u6570\u6362\u4e86\u7684\u9017\u6bd4\u5c0f\u8272\uff0c\u8ba9\u4ed6\u4e0a\u9635\u5427\uff0c\u4f1a\u7ed9\u4f60\u5e26\u6765\u60ca\u559c\u7684\u3002", 
      "client_task": false, 
      "tp": 1, 
      "trigger": null, 
      "next_task": 3, 
      "success_rate": 100, 
      "task_begin": false, 
      "targets": [
        [
          2, 
          0, 
          1
        ]
      ], 
      "trigger_value": 0
    }, 
    "model": "task.task", 
    "pk": 2
  }, 
  {
    "fields": {
      "reward": 1310, 
      "name": "\u6311\u6218\u8d5b", 
      "des": "\u6311\u6218\u8d5b\u662f\u8bc1\u660e\u6218\u961f\u6c34\u5e73\u7684\u6700\u4f73\u9014\u5f84\u3002\u53bb\u901a\u5173\u6821\u56ed\u6c34\u53cb\u8d5b\uff0c\u8bd5\u8bd5\u6218\u961f\u7684\u5b9e\u529b\u5427\uff01", 
      "client_task": false, 
      "tp": 1, 
      "trigger": null, 
      "next_task": 4, 
      "success_rate": 100, 
      "task_begin": false, 
      "targets": [
        [
          3, 
          0, 
          1
        ]
      ], 
      "trigger_value": 0
    }, 
    "model": "task.task", 
    "pk": 3
  }, 
  {
    "fields": {
      "reward": 1311, 
      "name": "\u5f3a\u5316\u57f9\u8bad", 
      "des": "\u611f\u89c9\u5230\u538b\u529b\u4e86\u5427\u3002\u8ba9\u4f60\u7684\u961f\u5458\u8fdb\u884c\u5f3a\u5316\u57f9\u8bad\uff0c\u63d0\u5347\u5c5e\u6027\uff0c\u53ef\u4ee5\u8ba9\u6211\u4eec\u7684\u6218\u961f\u66f4\u5f3a\u529b\u3002", 
      "client_task": false, 
      "tp": 1, 
      "trigger": null, 
      "next_task": 5, 
      "success_rate": 100, 
      "task_begin": false, 
      "targets": [
        [
          4, 
          0, 
          1
        ]
      ], 
      "trigger_value": 0
    }, 
    "model": "task.task", 
    "pk": 4
  }, 
  {
    "fields": {
      "reward": 1104, 
      "name": "\u65b0\u7684\u5f81\u7a0b", 
      "des": "\u901a\u5173\u6311\u6218\u8d5b\u6821\u56ed\u6c34\u53cb\u8d5b2", 
      "client_task": false, 
      "tp": 1, 
      "trigger": null, 
      "next_task": 6, 
      "success_rate": 100, 
      "task_begin": false, 
      "targets": [
        [
          3, 
          0, 
          2
        ]
      ], 
      "trigger_value": 0
    }, 
    "model": "task.task", 
    "pk": 5
  }, 
  {
    "fields": {
      "reward": 1104, 
      "name": "\u6211\u7684\u4ff1\u4e50\u90e8", 
      "des": "\u628a\u4ff1\u4e50\u90e8\u603b\u90e8\u5347\u52302\u7ea7", 
      "client_task": false, 
      "tp": 1, 
      "trigger": null, 
      "next_task": 7, 
      "success_rate": 100, 
      "task_begin": false, 
      "targets": [
        [
          5, 
          1, 
          2
        ]
      ], 
      "trigger_value": 0
    }, 
    "model": "task.task", 
    "pk": 6
  }, 
  {
    "fields": {
      "reward": 1106, 
      "name": "\u7a81\u98de\u731b\u8fdb", 
      "des": "\u901a\u5173\u6311\u6218\u8d5b\u7f51\u5427\u6311\u6218\u8d5b2", 
      "client_task": false, 
      "tp": 1, 
      "trigger": null, 
      "next_task": 8, 
      "success_rate": 100, 
      "task_begin": false, 
      "targets": [
        [
          3, 
          0, 
          5
        ]
      ], 
      "trigger_value": 0
    }, 
    "model": "task.task", 
    "pk": 7
  }, 
  {
    "fields": {
      "reward": 1105, 
      "name": "\u57f9\u8bad\u90e8", 
      "des": "\u628a\u57f9\u8bad\u90e8\u5347\u52302\u7ea7", 
      "client_task": false, 
      "tp": 1, 
      "trigger": null, 
      "next_task": 9, 
      "success_rate": 100, 
      "task_begin": false, 
      "targets": [
        [
          5, 
          2, 
          2
        ]
      ], 
      "trigger_value": 0
    }, 
    "model": "task.task", 
    "pk": 8
  }, 
  {
    "fields": {
      "reward": 1108, 
      "name": "\u7ecf\u9a8c\u57f9\u8bad", 
      "des": "\u8fdb\u884c\u4e00\u6b21\u7ecf\u9a8c\u57f9\u8bad\u3002", 
      "client_task": false, 
      "tp": 1, 
      "trigger": null, 
      "next_task": 10, 
      "success_rate": 100, 
      "task_begin": false, 
      "targets": [
        [
          6, 
          0, 
          1
        ]
      ], 
      "trigger_value": 0
    }, 
    "model": "task.task", 
    "pk": 9
  }, 
  {
    "fields": {
      "reward": 1106, 
      "name": "\u57f9\u8bad\u52a0\u901f", 
      "des": "\u52a0\u901f\u4e00\u6b21\u7ecf\u9a8c\u57f9\u8bad", 
      "client_task": false, 
      "tp": 1, 
      "trigger": null, 
      "next_task": 11, 
      "success_rate": 100, 
      "task_begin": false, 
      "targets": [
        [
          7, 
          0, 
          1
        ]
      ], 
      "trigger_value": 0
    }, 
    "model": "task.task", 
    "pk": 10
  }, 
  {
    "fields": {
      "reward": 1106, 
      "name": "\u4e9a\u592a\u7b2c\u4e03\u5173", 
      "des": "\u901a\u5173\u767e\u57ce\u4e89\u9738\u8d5b-\u4e4c\u9c81\u6728\u9f50", 
      "client_task": false, 
      "tp": 1, 
      "trigger": null, 
      "next_task": 12, 
      "success_rate": 100, 
      "task_begin": false, 
      "targets": [
        [
          3, 
          0, 
          7
        ]
      ], 
      "trigger_value": 0
    }, 
    "model": "task.task", 
    "pk": 11
  }, 
  {
    "fields": {
      "reward": 1122, 
      "name": "\u6ca1\u94b1\u4e86", 
      "des": "\u6d3e\u4eba\u8fdb\u884c\u4e00\u6b21\u76f4\u64ad", 
      "client_task": false, 
      "tp": 1, 
      "trigger": null, 
      "next_task": 13, 
      "success_rate": 100, 
      "task_begin": false, 
      "targets": [
        [
          8, 
          0, 
          1
        ]
      ], 
      "trigger_value": 0
    }, 
    "model": "task.task", 
    "pk": 12
  }, 
  {
    "fields": {
      "reward": 1113, 
      "name": "\u4e9a\u592a\u7b2c\u516b\u5173", 
      "des": "\u901a\u5173\u4e9a\u592a\u533a\u7b2c\u516b\u5173", 
      "client_task": false, 
      "tp": 1, 
      "trigger": null, 
      "next_task": 14, 
      "success_rate": 100, 
      "task_begin": false, 
      "targets": [
        [
          3, 
          0, 
          8
        ]
      ], 
      "trigger_value": 0
    }, 
    "model": "task.task", 
    "pk": 13
  }, 
  {
    "fields": {
      "reward": 1302, 
      "name": "\u7535\u7ade\u8d5b\u573a", 
      "des": "\u628a\u7535\u7ade\u8d5b\u573a\u5347\u7ea7\u52302\u7ea7", 
      "client_task": false, 
      "tp": 1, 
      "trigger": null, 
      "next_task": 15, 
      "success_rate": 100, 
      "task_begin": false, 
      "targets": [
        [
          5, 
          5, 
          2
        ]
      ], 
      "trigger_value": 0
    }, 
    "model": "task.task", 
    "pk": 14
  }, 
  {
    "fields": {
      "reward": 1301, 
      "name": "\u5929\u68af\u8d5b", 
      "des": "\u6253\u4e00\u573a\u6311\u6218\u8d5b", 
      "client_task": false, 
      "tp": 1, 
      "trigger": null, 
      "next_task": 16, 
      "success_rate": 100, 
      "task_begin": false, 
      "targets": [
        [
          9, 
          0, 
          1
        ]
      ], 
      "trigger_value": 0
    }, 
    "model": "task.task", 
    "pk": 15
  }, 
  {
    "fields": {
      "reward": 1301, 
      "name": "\u65e5\u5e38\u8fbe\u4eba", 
      "des": "\u5b8c\u62105\u4e2a\u65e5\u5e38\u4efb\u52a1", 
      "client_task": false, 
      "tp": 1, 
      "trigger": null, 
      "next_task": 17, 
      "success_rate": 100, 
      "task_begin": false, 
      "targets": [
        [
          10, 
          0, 
          5
        ]
      ], 
      "trigger_value": 0
    }, 
    "model": "task.task", 
    "pk": 16
  }, 
  {
    "fields": {
      "reward": 1305, 
      "name": "6\u7ea7\u4ff1\u4e50\u90e8", 
      "des": "\u628a\u4ff1\u4e50\u90e8\u5347\u52306\u7ea7\u5427\u3002\u8054\u8d5b\u3001\u6311\u6218\u8d5b\u548c\u65e5\u5e38\u4efb\u52a1\u90fd\u53ef\u4ee5\u5347\u7ea7", 
      "client_task": false, 
      "tp": 1, 
      "trigger": null, 
      "next_task": 18, 
      "success_rate": 100, 
      "task_begin": false, 
      "targets": [
        [
          11, 
          0, 
          6
        ]
      ], 
      "trigger_value": 0
    }, 
    "model": "task.task", 
    "pk": 17
  }, 
  {
    "fields": {
      "reward": 1127, 
      "name": "\u4e9a\u592a\u4e8c\u5341\u5173", 
      "des": "\u90fd\u8fd9\u4e2a\u65f6\u5019\u4e86\uff0c\u5e94\u8be5\u6ca1\u4eba\u770b\u6587\u6848\u4e86\u5427", 
      "client_task": false, 
      "tp": 1, 
      "trigger": null, 
      "next_task": 20, 
      "success_rate": 100, 
      "task_begin": false, 
      "targets": [
        [
          3, 
          0, 
          20
        ]
      ], 
      "trigger_value": 0
    }, 
    "model": "task.task", 
    "pk": 18
  }, 
  {
    "fields": {
      "reward": 1103, 
      "name": "10\u7ea7\u4ff1\u4e50\u90e8", 
      "des": "\u4ff1\u4e50\u90e8\u7b49\u7ea7\u63d0\u5347\u523010\u7ea7", 
      "client_task": false, 
      "tp": 1, 
      "trigger": null, 
      "next_task": 21, 
      "success_rate": 100, 
      "task_begin": false, 
      "targets": [
        [
          11, 
          0, 
          10
        ]
      ], 
      "trigger_value": 0
    }, 
    "model": "task.task", 
    "pk": 20
  }, 
  {
    "fields": {
      "reward": 1103, 
      "name": "31\u7ea7\u4ff1\u4e50\u90e8", 
      "des": "\u4ff1\u4e50\u90e8\u7b49\u7ea7\u63d0\u5347\u523031\u7ea7", 
      "client_task": false, 
      "tp": 1, 
      "trigger": null, 
      "next_task": 0, 
      "success_rate": 100, 
      "task_begin": false, 
      "targets": [
        [
          11, 
          0, 
          31
        ]
      ], 
      "trigger_value": 0
    }, 
    "model": "task.task", 
    "pk": 21
  }, 
  {
    "fields": {
      "reward": 1307, 
      "name": "\u5750\u8f66\u905b\u5f2f", 
      "des": "\u57ce\u91cc\u9762\u6709\u4e00\u8f86\u6807\u7740\u7eff\u8272\u7bad\u5934\u7684\u89c2\u5149\u8f66\uff0c\u5750\u4e0a\u5b83\u5c31\u80fd\u5728\u57ce\u91cc\u9762\u905b\u5f2f\u4e86\uff0c\u5feb\u53bb\u6e9c\u6e9c\u5427\u3002", 
      "client_task": true, 
      "tp": 3, 
      "trigger": null, 
      "next_task": 1001, 
      "success_rate": 100, 
      "task_begin": true, 
      "targets": [
        [
          17, 
          0, 
          1
        ]
      ], 
      "trigger_value": 0
    }, 
    "model": "task.task", 
    "pk": 1000
  }, 
  {
    "fields": {
      "reward": 1302, 
      "name": "\u53c2\u52a0\u6311\u6218\u8d5b", 
      "des": "\u5feb\u53bb\u53c2\u52a0\u6311\u6218\u8d5b\u5427\uff0c\u53ef\u4ee5\u5f97\u5230\u4e30\u539a\u7684\u4ff1\u4e50\u90e8\u58f0\u671b\u5956\u52b1\u548c\u5927\u628a\u7684\u8f6f\u59b9\u5e01\u54e6\uff01", 
      "client_task": false, 
      "tp": 3, 
      "trigger": null, 
      "next_task": 1002, 
      "success_rate": 100, 
      "task_begin": false, 
      "targets": [
        [
          12, 
          0, 
          1
        ]
      ], 
      "trigger_value": 0
    }, 
    "model": "task.task", 
    "pk": 1001
  }, 
  {
    "fields": {
      "reward": 1112, 
      "name": "\u5929\u68af\u6bd4\u8d5b", 
      "des": "\u53c2\u52a0\u5929\u68af\u6bd4\u8d5b\u5f97\u5230\u7684\u79ef\u5206\u53ef\u4ee5\u7528\u6765\u8d2d\u4e70\u5929\u8d4b\u8bad\u7ec3\u4e66\uff0c\u4e0d\u53ef\u9519\u8fc7\u54e6", 
      "client_task": false, 
      "tp": 3, 
      "trigger": null, 
      "next_task": 1003, 
      "success_rate": 100, 
      "task_begin": false, 
      "targets": [
        [
          9, 
          0, 
          1
        ]
      ], 
      "trigger_value": 0
    }, 
    "model": "task.task", 
    "pk": 1002
  }, 
  {
    "fields": {
      "reward": 1112, 
      "name": "\u5c5e\u6027\u57f9\u517b", 
      "des": "\u5728\u57f9\u8bad\u4e2d\u5fc3\u8fdb\u884c\u5c5e\u6027\u57f9\u517b\uff0c\u53ef\u4ee5\u76f4\u63a5\u63d0\u5347\u81ea\u5df1\u961f\u5458\u7684\u5c5e\u6027\uff0c\u7b80\u5355\u7c97\u66b4\uff0c\u4f46\u662f\u6709\u6548", 
      "client_task": false, 
      "tp": 3, 
      "trigger": null, 
      "next_task": 1004, 
      "success_rate": 100, 
      "task_begin": false, 
      "targets": [
        [
          4, 
          0, 
          1
        ]
      ], 
      "trigger_value": 0
    }, 
    "model": "task.task", 
    "pk": 1003
  }, 
  {
    "fields": {
      "reward": 1107, 
      "name": "\u968f\u673a\u4e8b\u4ef6", 
      "des": "\u5728\u7535\u7ade\u4e4b\u90fd\u5404\u5904\uff0c\u4f1a\u968f\u673a\u51fa\u73b0\u9ec4\u8272\u7684\u6ce1\u6ce1\uff0c\u70b9\u5f00\u5b83\uff0c\u4f60\u80fd\u5f97\u5230\u60ca\u559c\u54e6\uff01", 
      "client_task": true, 
      "tp": 3, 
      "trigger": null, 
      "next_task": 1005, 
      "success_rate": 100, 
      "task_begin": false, 
      "targets": [
        [
          13, 
          0, 
          1
        ]
      ], 
      "trigger_value": 0
    }, 
    "model": "task.task", 
    "pk": 1004
  }, 
  {
    "fields": {
      "reward": 1302, 
      "name": "\u597d\u53cb\u5207\u78cb", 
      "des": "\u627e\u597d\u53cb\u5207\u78cb\u4e00\u628a\uff0c\u8fd9\u662f\u589e\u8fdb\u53cb\u8c0a\u7684\u6700\u4f73\u9014\u5f84\u3002", 
      "client_task": false, 
      "tp": 3, 
      "trigger": null, 
      "next_task": 1006, 
      "success_rate": 100, 
      "task_begin": false, 
      "targets": [
        [
          14, 
          0, 
          1
        ]
      ], 
      "trigger_value": 0
    }, 
    "model": "task.task", 
    "pk": 1005
  }, 
  {
    "fields": {
      "reward": 1102, 
      "name": "\u7ecf\u9a8c\u57f9\u8bad", 
      "des": "\u5728\u57f9\u8bad\u4e2d\u5fc3\u8fdb\u884c\u7ecf\u9a8c\u57f9\u8bad\uff0c\u53ef\u4ee5\u63d0\u5347\u81ea\u5df1\u961f\u5458\u7684\u7b49\u7ea7\u3002", 
      "client_task": false, 
      "tp": 3, 
      "trigger": null, 
      "next_task": 1007, 
      "success_rate": 100, 
      "task_begin": false, 
      "targets": [
        [
          6, 
          0, 
          1
        ]
      ], 
      "trigger_value": 0
    }, 
    "model": "task.task", 
    "pk": 1006
  }, 
  {
    "fields": {
      "reward": 1108, 
      "name": "\u5546\u4e1a\u76f4\u64ad", 
      "des": "\u6d3e\u9063\u77e5\u540d\u5ea6\u6700\u9ad8\u7684\u961f\u5458\u53bb\u53bb\u5546\u52a1\u90e8\u76f4\u64ad\u5927\u5385\u8fdb\u884c\u76f4\u64ad\uff0c\u80fd\u7ed9\u4f60\u5e26\u6765\u4e30\u539a\u7684\u8f6f\u59b9\u5e01\u6536\u5165\u3002", 
      "client_task": false, 
      "tp": 3, 
      "trigger": null, 
      "next_task": 1008, 
      "success_rate": 100, 
      "task_begin": false, 
      "targets": [
        [
          8, 
          0, 
          1
        ]
      ], 
      "trigger_value": 0
    }, 
    "model": "task.task", 
    "pk": 1007
  }, 
  {
    "fields": {
      "reward": 1125, 
      "name": "\u6536\u96c6\u660e\u661f\u9f20\u6807\u57ab", 
      "des": "\u5feb\u53bb\u5546\u5e97\u8d2d\u4e705\u4e2a\u660e\u661f\u9f20\u6807\u57ab\u5427\uff0c\u8fd9\u53ef\u662f\u5c5e\u6027\u57f9\u8bad\u7684\u597d\u4e1c\u897f", 
      "client_task": false, 
      "tp": 3, 
      "trigger": null, 
      "next_task": 1009, 
      "success_rate": 100, 
      "task_begin": false, 
      "targets": [
        [
          15, 
          10, 
          5
        ]
      ], 
      "trigger_value": 0
    }, 
    "model": "task.task", 
    "pk": 1008
  }, 
  {
    "fields": {
      "reward": 1114, 
      "name": "\u7f51\u5e97\u7ba1\u7406", 
      "des": "\u5546\u52a1\u90e8\u7f51\u7edc\u8425\u9500\u754c\u9762\uff0c\u6d3e\u51fa\u5fc3\u6001\u548c\u610f\u8bc6\u5c5e\u6027\u6700\u9ad8\u7684\u961f\u5458\u53bb\u7ba1\u7406\u7f51\u5e97\uff0c\u80fd\u5e26\u7ed9\u4f60\u66f4\u4e30\u539a\u7684\u56de\u62a5\u3002", 
      "client_task": false, 
      "tp": 3, 
      "trigger": null, 
      "next_task": 0, 
      "success_rate": 100, 
      "task_begin": false, 
      "targets": [
        [
          16, 
          0, 
          1
        ]
      ], 
      "trigger_value": 0
    }, 
    "model": "task.task", 
    "pk": 1009
  }
]