[
{
    "model": "task.taskcondition",
    "pk": 1,
    "fields": {
        "name": "\u4e3b\u7ebf\u526f\u672c\u6218\u6597\u80dc\u5229\u6b21\u6570",
        "ui": "PVEWorldFrame,ClipWindow/ChapterPanel/PVEChapterItemPanel_0",
        "server_module": "ValueLogAllChallengeWinTimes"
    }
},
{
    "model": "task.taskcondition",
    "pk": 2,
    "fields": {
        "name": "\u4e3b\u7ebf\u526f\u672c\u91cd\u7f6e\u6b21\u6570",
        "ui": "PVEWorldFrame,ClipWindow/ChapterPanel/PVEChapterItemPanel_0",
        "server_module": ""
    }
},
{
    "model": "task.taskcondition",
    "pk": 3,
    "fields": {
        "name": "\u6311\u6218\u5854\u6218\u6597\u80dc\u5229\u6b21\u6570",
        "ui": "TowerFrame",
        "server_module": "ValueLogTowerWinTimes"
    }
},
{
    "model": "task.taskcondition",
    "pk": 4,
    "fields": {
        "name": "\u6311\u6218\u5854\u91cd\u7f6e\u6b21\u6570",
        "ui": "TowerFrame",
        "server_module": "ValueLogTowerResetTimes"
    }
},
{
    "model": "task.taskcondition",
    "pk": 5,
    "fields": {
        "name": "\u65e5\u5e38\u526f\u672c\u6218\u6597\u80dc\u5229\u6b21\u6570",
        "ui": "DailyFrame",
        "server_module": ""
    }
},
{
    "model": "task.taskcondition",
    "pk": 6,
    "fields": {
        "name": "\u65e5\u5e38\u526f\u672c\u8d2d\u4e70\u6b21\u6570",
        "ui": "DailyFrame",
        "server_module": ""
    }
},
{
    "model": "task.taskcondition",
    "pk": 7,
    "fields": {
        "name": "\u7ade\u6280\u573a\u6218\u6597\u6b21\u6570",
        "ui": "ArenaFrame",
        "server_module": "ValueLogArenaMatchTimes"
    }
},
{
    "model": "task.taskcondition",
    "pk": 8,
    "fields": {
        "name": "\u7ade\u6280\u573a\u8d2d\u4e70\u6b21\u6570",
        "ui": "ArenaFrame",
        "server_module": ""
    }
},
{
    "model": "task.taskcondition",
    "pk": 9,
    "fields": {
        "name": "\u9886\u5730\u5b89\u6392\u9009\u624b\u5de5\u4f5c\u6b21\u6570",
        "ui": "TerritoryFrame",
        "server_module": "ValueLogTerritoryTrainingTimes"
    }
},
{
    "model": "task.taskcondition",
    "pk": 10,
    "fields": {
        "name": "\u9886\u5730\u5e2e\u52a9\u597d\u53cb\u6b21\u6570",
        "ui": "TerritoryFrame",
        "server_module": "ValueLogTerritoryHelpFriendTimes"
    }
},
{
    "model": "task.taskcondition",
    "pk": 11,
    "fields": {
        "name": "\u88c5\u5907\u5f3a\u5316\u6b21\u6570",
        "ui": "PackageFrame,Group/Equip",
        "server_module": "ValueLogEquipmentLevelUpTimes"
    }
},
{
    "model": "task.taskcondition",
    "pk": 12,
    "fields": {
        "name": "\u6e38\u620f\u5e01\u62bd\u5361\u6b21\u6570",
        "ui": "HeroDrawFrame,CoinBG",
        "server_module": "ValueLogStaffRecruitGoldTimes"
    }
},
{
    "model": "task.taskcondition",
    "pk": 13,
    "fields": {
        "name": "\u94bb\u77f3\u62bd\u5361\u6b21\u6570",
        "ui": "HeroDrawFrame,MoneyBG",
        "server_module": "ValueLogStaffRecruitDiamondTimes"
    }
},
{
    "model": "task.taskcondition",
    "pk": 14,
    "fields": {
        "name": "\u795e\u79d8\u5546\u5e97\u5237\u65b0\u6b21\u6570",
        "ui": "BuildingFrame,FuncPanel/Func02",
        "server_module": "ValueLogStoreRefreshTimes"
    }
},
{
    "model": "task.taskcondition",
    "pk": 15,
    "fields": {
        "name": "\u4f53\u529b\u8d2d\u4e70\u6b21\u6570",
        "ui": "",
        "server_module": ""
    }
},
{
    "model": "task.taskcondition",
    "pk": 16,
    "fields": {
        "name": "\u6d88\u8017\u94bb\u77f3\u6570\u91cf",
        "ui": "",
        "server_module": ""
    }
},
{
    "model": "task.taskcondition",
    "pk": 17,
    "fields": {
        "name": "\u5347\u661f\u6b21\u6570",
        "ui": "HeroStrengthFrame,Group/UpStar",
        "server_module": "ValueLogStaffStarUpTimes"
    }
},
{
    "model": "task.taskcondition",
    "pk": 18,
    "fields": {
        "name": "\u5347\u7ea7\u6b21\u6570",
        "ui": "HeroStrengthFrame,Group/UpLvl",
        "server_module": "ValueLogStaffLevelUpTimes"
    }
},
{
    "model": "task.taskcondition",
    "pk": 19,
    "fields": {
        "name": "\u5175\u79cd\u5347\u7ea7\u6b21\u6570",
        "ui": "ArmyStrengthFrame,ModelPanel/Up/UpLvl",
        "server_module": "ValueLogUnitLevelUpTimes"
    }
}
]
