[
{
    "fields": {
        "name": "\u6253\u4e00\u573a\u6311\u6218\u8d5b",
        "level": 1,
        "des": "\u5feb\u53bb\u6253\u4e00\u573a\u6311\u6218\u8d5b\uff0c\u8bc1\u660e\u4e00\u4e0b\u81ea\u5df1\u7684\u5b9e\u529b\u5427\uff01",
        "tp": 1,
        "num": 1,
        "reward": 100
    },
    "model": "task.task",
    "pk": 1
},
{
    "fields": {
        "name": "\u804a\u5929\u53d1\u8a00",
        "level": 2,
        "des": "\u53bb\u804a\u5929\u754c\u9762\u53d1\u4e00\u6b21\u8a00\uff0c\u8ba9\u5927\u5bb6\u90fd\u8ba4\u8bc6\u4f60\uff01",
        "tp": 3,
        "num": 1,
        "reward": 101
    },
    "model": "task.task",
    "pk": 2
},
{
    "fields": {
        "name": "\u597d\u53cb\u5207\u78cb",
        "level": 3,
        "des": "\u5bf9\u670b\u53cb\u6700\u5927\u7684\u5c0a\u91cd\u5c31\u662f\u548c\u4ed6\u8fdb\u884c\u4e00\u573aPK\u8d5b\uff0c\u5e76\u4e14\u5168\u529b\u4ee5\u8d74\uff01",
        "tp": 2,
        "num": 1,
        "reward": 102
    },
    "model": "task.task",
    "pk": 3
},
{
    "fields": {
        "name": "\u53c2\u52a0\u8054\u8d5b",
        "level": 4,
        "des": "\u8981\u60f3\u524d\u5f80\u8fdc\u65b9\uff0c\u73b0\u5728\u5c31\u8981\u51fa\u53d1\uff0c\u5feb\u53bb\u53c2\u52a0\u4e00\u6b21\u8054\u8d5b\u5427!",
        "tp": 4,
        "num": 1,
        "reward": 110
    },
    "model": "task.task",
    "pk": 4
},
{
    "fields": {
        "name": "\u52a0\u597d\u53cb",
        "level": 5,
        "des": "\u4eba\u5728\u6c5f\u6e56\u98d8\uff0c\u54ea\u80fd\u4e0d\u6328\u5200\uff0c\u52a0\u4e2a\u597d\u53cb\u5427\uff0c\u4e00\u8d77\u6328\u4e24\u5200",
        "tp": 5,
        "num": 1,
        "reward": 111
    },
    "model": "task.task",
    "pk": 5
},
{
    "fields": {
        "name": "\u53c2\u52a0\u676f\u8d5b",
        "level": 6,
        "des": "\u80dc\u8d25\u4e43\u5175\u5bb6\u5e38\u4e8b\uff0c\u82f1\u96c4\u600e\u80fd\u6b62\u6b65\uff0c\u53c2\u52a0\u4e00\u6b21\u676f\u8d5b\uff0c\u5411\u51a0\u519b\u53d1\u8d77\u51b2\u51fb\uff01",
        "tp": 7,
        "num": 1,
        "reward": 113
    },
    "model": "task.task",
    "pk": 6
},
{
    "fields": {
        "name": "\u62db\u52df\u5458\u5de5",
        "level": 7,
        "des": "\u5feb\u53bb\u62db\u52df\u4e00\u4e2a\u5458\u5de5\uff0c\u53ef\u80fd\u4f1a\u6709\u4f60\u5fc3\u4eea\u7684\u7537\u795e\uff08\u5973\u795e\uff09\u54e6~",
        "tp": 8,
        "num": 1,
        "reward": 113
    },
    "model": "task.task",
    "pk": 7
},
{
    "fields": {
        "name": "\u5347\u7ea7\u4ff1\u4e50\u90e8",
        "level": 8,
        "des": "\u62e5\u6709\u8db3\u591f\u7684\u58f0\u671b\u4ee5\u540e\uff0c\u4ff1\u4e50\u90e8\u4e5f\u53ef\u4ee5\u5347\u7ea7\u4e86\uff0c\u5feb\u53bb\u8bd5\u8bd5\u5427",
        "tp": 9,
        "num": 1,
        "reward": 112
    },
    "model": "task.task",
    "pk": 8
},
{
    "fields": {
        "name": "\u961f\u5458\u5347\u7ea7",
        "level": 9,
        "des": "\u63d0\u9ad8\u961f\u5458\u7b49\u7ea7\uff0c\u624d\u53ef\u4ee5\u8ba9\u961f\u5458\u53d8\u5f97\u66f4\u5f3a\uff01\u5feb\u53bb\u5347\u7ea7\u4e00\u6b21\u81ea\u5df1\u7684\u961f\u5458\u5427\u3002",
        "tp": 10,
        "num": 1,
        "reward": 113
    },
    "model": "task.task",
    "pk": 9
},
{
    "fields": {
        "name": "\u6311\u6218\u8d5b\u80dc\u5229",
        "level": 1,
        "des": "\u597d\u7684\u5f00\u59cb\u662f\u6210\u529f\u7684\u4e00\u534a\uff0c\u52aa\u529b\u5728\u6311\u6218\u8d5b\u4e2d\u80dc\u5229\u4e00\u5c40\u5427\uff01",
        "tp": 6,
        "num": 1,
        "reward": 112
    },
    "model": "task.task",
    "pk": 10
},
{
    "fields": {
        "name": "\u53c2\u52a0\u5929\u68af\u8d5b",
        "level": 1,
        "des": "\u529d\u541b\u66f4\u4e0a\u4e00\u5c42\u697c\uff0c\u53c2\u52a0\u4e00\u6b21\u5929\u68af\u8d5b",
        "tp": 11,
        "num": 1,
        "reward": 115
    },
    "model": "task.task",
    "pk": 11
},
{
    "fields": {
        "name": "\u5929\u68af\u8d5b\u80dc\u5229\u4e00\u6b21",
        "level": 1,
        "des": "\u53c2\u52a0\u5929\u68af\u8d5b\u80dc\u5229\u4e00\u6b21\uff0c\u5373\u53ef\u63d0\u9ad8\u81ea\u5df1\u7684\u6392\u540d\uff0c\u7b2c\u4e00\u540d\u4e0d\u518d\u662f\u68a6\u60f3\uff01",
        "tp": 12,
        "num": 1,
        "reward": 115
    },
    "model": "task.task",
    "pk": 12
}
]
