[
  {
    "pk": 1, 
    "model": "task.taskdaily", 
    "fields": {
      "rewards": [
        [
          30001, 
          15000
        ], 
        [
          30000, 
          5
        ]
      ], 
      "name": "\u6311\u621810\u6b21\u4e3b\u7ebf\u526f\u672c", 
      "club_level": 0, 
      "des": "", 
      "vip_level": 0, 
      "condition_value": 10, 
      "condition_id": 1
    }
  }, 
  {
    "pk": 2, 
    "model": "task.taskdaily", 
    "fields": {
      "rewards": [
        [
          30001, 
          20000
        ]
      ], 
      "name": "\u91cd\u7f6e1\u6b21\u4e3b\u7ebf\u526f\u672c", 
      "club_level": 0, 
      "des": "", 
      "vip_level": 0, 
      "condition_value": 1, 
      "condition_id": 2
    }
  }, 
  {
    "pk": 3, 
    "model": "task.taskdaily", 
    "fields": {
      "rewards": [
        [
          30002, 
          60
        ], 
        [
          30000, 
          5
        ]
      ], 
      "name": "\u6311\u6218\u5854\u6218\u65973\u6b21", 
      "club_level": 0, 
      "des": "", 
      "vip_level": 0, 
      "condition_value": 3, 
      "condition_id": 3
    }
  }, 
  {
    "pk": 4, 
    "model": "task.taskdaily", 
    "fields": {
      "rewards": [
        [
          30002, 
          300
        ]
      ], 
      "name": "\u6311\u6218\u5854\u91cd\u7f6e2\u6b21", 
      "club_level": 0, 
      "des": "", 
      "vip_level": 0, 
      "condition_value": 2, 
      "condition_id": 4
    }
  }, 
  {
    "pk": 5, 
    "model": "task.taskdaily", 
    "fields": {
      "rewards": [
        [
          30000, 
          10
        ], 
        [
          30000, 
          5
        ]
      ], 
      "name": "\u65e5\u5e38\u526f\u672c\u6218\u65972\u6b21", 
      "club_level": 0, 
      "des": "", 
      "vip_level": 0, 
      "condition_value": 2, 
      "condition_id": 5
    }
  }, 
  {
    "pk": 6, 
    "model": "task.taskdaily", 
    "fields": {
      "rewards": [
        [
          30000, 
          15
        ]
      ], 
      "name": "\u65e5\u5e38\u526f\u672c\u8d2d\u4e701\u6b21", 
      "club_level": 0, 
      "des": "", 
      "vip_level": 0, 
      "condition_value": 1, 
      "condition_id": 6
    }
  }, 
  {
    "pk": 7, 
    "model": "task.taskdaily", 
    "fields": {
      "rewards": [
        [
          30016, 
          100
        ], 
        [
          30000, 
          5
        ]
      ], 
      "name": "\u7ade\u6280\u573a\u6218\u65975\u6b21", 
      "club_level": 0, 
      "des": "", 
      "vip_level": 0, 
      "condition_value": 5, 
      "condition_id": 7
    }
  }, 
  {
    "pk": 8, 
    "model": "task.taskdaily", 
    "fields": {
      "rewards": [
        [
          30006, 
          1
        ]
      ], 
      "name": "\u7ade\u6280\u573a\u8d2d\u4e705\u6b21", 
      "club_level": 0, 
      "des": "", 
      "vip_level": 0, 
      "condition_value": 5, 
      "condition_id": 8
    }
  }, 
  {
    "pk": 9, 
    "model": "task.taskdaily", 
    "fields": {
      "rewards": [
        [
          30015, 
          2
        ], 
        [
          30000, 
          5
        ]
      ], 
      "name": "\u9886\u5730\u9009\u624b\u5de5\u4f5c2\u6b21", 
      "club_level": 0, 
      "des": "", 
      "vip_level": 0, 
      "condition_value": 2, 
      "condition_id": 9
    }
  }, 
  {
    "pk": 10, 
    "model": "task.taskdaily", 
    "fields": {
      "rewards": [
        [
          30000, 
          15
        ]
      ], 
      "name": "\u9886\u5730\u5e2e\u52a9\u597d\u53cb10\u6b21", 
      "club_level": 0, 
      "des": "", 
      "vip_level": 0, 
      "condition_value": 10, 
      "condition_id": 10
    }
  }, 
  {
    "pk": 11, 
    "model": "task.taskdaily", 
    "fields": {
      "rewards": [
        [
          30001, 
          20000
        ], 
        [
          30000, 
          5
        ]
      ], 
      "name": "\u88c5\u5907\u5f3a\u53163\u6b21", 
      "club_level": 0, 
      "des": "", 
      "vip_level": 0, 
      "condition_value": 3, 
      "condition_id": 11
    }
  }, 
  {
    "pk": 12, 
    "model": "task.taskdaily", 
    "fields": {
      "rewards": [
        [
          30003, 
          20
        ], 
        [
          30000, 
          5
        ]
      ], 
      "name": "\u91d1\u5e01\u62bd\u536110\u6b21", 
      "club_level": 0, 
      "des": "", 
      "vip_level": 0, 
      "condition_value": 10, 
      "condition_id": 12
    }
  }, 
  {
    "pk": 13, 
    "model": "task.taskdaily", 
    "fields": {
      "rewards": [
        [
          30000, 
          30
        ], 
        [
          30004, 
          50
        ]
      ], 
      "name": "\u94bb\u77f3\u62bd\u53612\u6b21", 
      "club_level": 0, 
      "des": "", 
      "vip_level": 0, 
      "condition_value": 2, 
      "condition_id": 13
    }
  }, 
  {
    "pk": 14, 
    "model": "task.taskdaily", 
    "fields": {
      "rewards": [
        [
          30004, 
          30
        ]
      ], 
      "name": "\u795e\u79d8\u5546\u5e97\u5237\u65b01\u6b21", 
      "club_level": 0, 
      "des": "", 
      "vip_level": 0, 
      "condition_value": 1, 
      "condition_id": 14
    }
  }, 
  {
    "pk": 15, 
    "model": "task.taskdaily", 
    "fields": {
      "rewards": [
        [
          30009, 
          2
        ]
      ], 
      "name": "\u4f53\u529b\u8d2d\u4e701\u6b21", 
      "club_level": 0, 
      "des": "", 
      "vip_level": 0, 
      "condition_value": 1, 
      "condition_id": 15
    }
  }, 
  {
    "pk": 16, 
    "model": "task.taskdaily", 
    "fields": {
      "rewards": [
        [
          30000, 
          50
        ]
      ], 
      "name": "\u6d88\u8017300\u94bb\u77f3", 
      "club_level": 0, 
      "des": "", 
      "vip_level": 0, 
      "condition_value": 300, 
      "condition_id": 16
    }
  }, 
  {
    "pk": 17, 
    "model": "task.taskdaily", 
    "fields": {
      "rewards": [
        [
          30007, 
          5
        ], 
        [
          30000, 
          5
        ]
      ], 
      "name": "\u9009\u624b\u5347\u661f2\u6b21", 
      "club_level": 0, 
      "des": "", 
      "vip_level": 0, 
      "condition_value": 2, 
      "condition_id": 17
    }
  }, 
  {
    "pk": 18, 
    "model": "task.taskdaily", 
    "fields": {
      "rewards": [
        [
          2, 
          5
        ], 
        [
          30000, 
          5
        ]
      ], 
      "name": "\u9009\u624b\u5347\u7ea73\u6b21", 
      "club_level": 0, 
      "des": "", 
      "vip_level": 0, 
      "condition_value": 3, 
      "condition_id": 18
    }
  }, 
  {
    "pk": 19, 
    "model": "task.taskdaily", 
    "fields": {
      "rewards": [
        [
          30003, 
          20
        ], 
        [
          30000, 
          5
        ]
      ], 
      "name": "\u5175\u79cd\u5347\u7ea72\u6b21", 
      "club_level": 0, 
      "des": "", 
      "vip_level": 0, 
      "condition_value": 2, 
      "condition_id": 19
    }
  }, 
  {
    "pk": 20, 
    "model": "task.taskdaily", 
    "fields": {
      "rewards": [
        [
          30000, 
          50
        ]
      ], 
      "name": "\u6bcf\u65e5\u767b\u9646", 
      "club_level": 0, 
      "des": "", 
      "vip_level": 0, 
      "condition_value": 0, 
      "condition_id": 0
    }
  }
]