[
{
    "model": "task.taskcondition",
    "pk": 1,
    "fields": {
        "name": "\u4e3b\u7ebf\u526f\u672c\u6218\u6597\u80dc\u5229\u6b21\u6570",
        "param": 0,
        "compare_type": ">=",
        "scene": "",
        "ui": "PVEWorldFrame",
        "server_module": "core.value_log.ValueLogAllChallengeWinTimes:count",
        "time_limit": true
    }
},
{
    "model": "task.taskcondition",
    "pk": 2,
    "fields": {
        "name": "\u4e3b\u7ebf\u526f\u672c\u91cd\u7f6e\u6b21\u6570",
        "param": 0,
        "compare_type": ">=",
        "scene": "",
        "ui": "PVEWorldFrame",
        "server_module": "core.value_log.ValueLogChallengeResetTimes:count",
        "time_limit": true
    }
},
{
    "model": "task.taskcondition",
    "pk": 3,
    "fields": {
        "name": "\u6311\u6218\u5854\u6218\u6597\u80dc\u5229\u6b21\u6570",
        "param": 0,
        "compare_type": ">=",
        "scene": "",
        "ui": "TowerFrame",
        "server_module": "core.value_log.ValueLogTowerWinTimes:count",
        "time_limit": true
    }
},
{
    "model": "task.taskcondition",
    "pk": 4,
    "fields": {
        "name": "\u6311\u6218\u5854\u91cd\u7f6e\u6b21\u6570",
        "param": 0,
        "compare_type": ">=",
        "scene": "",
        "ui": "TowerFrame",
        "server_module": "core.value_log.ValueLogTowerResetTimes:count",
        "time_limit": true
    }
},
{
    "model": "task.taskcondition",
    "pk": 5,
    "fields": {
        "name": "\u65e5\u5e38\u526f\u672c\u6218\u6597\u80dc\u5229\u6b21\u6570",
        "param": 0,
        "compare_type": ">=",
        "scene": "",
        "ui": "DailyFrame",
        "server_module": "core.value_log.ValueLogDungeonMatchTimes:count",
        "time_limit": true
    }
},
{
    "model": "task.taskcondition",
    "pk": 6,
    "fields": {
        "name": "\u65e5\u5e38\u526f\u672c\u8d2d\u4e70\u6b21\u6570",
        "param": 0,
        "compare_type": ">=",
        "scene": "",
        "ui": "DailyFrame",
        "server_module": "core.value_log.ValueLogDungeonBuyTimes:count",
        "time_limit": true
    }
},
{
    "model": "task.taskcondition",
    "pk": 7,
    "fields": {
        "name": "\u7ade\u6280\u573a\u6218\u6597\u6b21\u6570",
        "param": 0,
        "compare_type": ">=",
        "scene": "",
        "ui": "ArenaFrame",
        "server_module": "core.value_log.ValueLogArenaMatchTimes:count",
        "time_limit": true
    }
},
{
    "model": "task.taskcondition",
    "pk": 8,
    "fields": {
        "name": "\u7ade\u6280\u573a\u8d2d\u4e70\u6b21\u6570",
        "param": 0,
        "compare_type": ">=",
        "scene": "",
        "ui": "ArenaFrame",
        "server_module": "core.value_log.ValueLogArenaBuyTimes:count",
        "time_limit": true
    }
},
{
    "model": "task.taskcondition",
    "pk": 9,
    "fields": {
        "name": "\u9886\u5730\u9009\u624b\u5de5\u4f5c\u6b21\u6570",
        "param": 0,
        "compare_type": ">=",
        "scene": "SubTerritoryState",
        "ui": "",
        "server_module": "core.value_log.ValueLogTerritoryTrainingTimes:count",
        "time_limit": true
    }
},
{
    "model": "task.taskcondition",
    "pk": 10,
    "fields": {
        "name": "\u9886\u5730\u5e2e\u52a9\u597d\u53cb\u6b21\u6570",
        "param": 0,
        "compare_type": ">=",
        "scene": "SubTerritoryState",
        "ui": "",
        "server_module": "core.value_log.ValueLogTerritoryHelpFriendTimes:count",
        "time_limit": true
    }
},
{
    "model": "task.taskcondition",
    "pk": 11,
    "fields": {
        "name": "\u88c5\u5907\u5f3a\u5316\u6b21\u6570",
        "param": 0,
        "compare_type": ">=",
        "scene": "",
        "ui": "PackageFrame,Group/Equip",
        "server_module": "core.value_log.ValueLogEquipmentLevelUpTimes:count",
        "time_limit": true
    }
},
{
    "model": "task.taskcondition",
    "pk": 12,
    "fields": {
        "name": "\u6e38\u620f\u5e01\u62bd\u5361\u6b21\u6570",
        "param": 0,
        "compare_type": ">=",
        "scene": "",
        "ui": "HeroDrawFrame",
        "server_module": "core.value_log.ValueLogStaffRecruitGoldTimes:count",
        "time_limit": true
    }
},
{
    "model": "task.taskcondition",
    "pk": 13,
    "fields": {
        "name": "\u94bb\u77f3\u62bd\u5361\u6b21\u6570",
        "param": 0,
        "compare_type": ">=",
        "scene": "",
        "ui": "HeroDrawFrame",
        "server_module": "core.value_log.ValueLogStaffRecruitDiamondTimes:count",
        "time_limit": true
    }
},
{
    "model": "task.taskcondition",
    "pk": 14,
    "fields": {
        "name": "\u795e\u79d8\u5546\u5e97\u5237\u65b0\u6b21\u6570",
        "param": 0,
        "compare_type": ">=",
        "scene": "",
        "ui": "MysteryShopFrame",
        "server_module": "core.value_log.ValueLogStoreRefreshTimes:count",
        "time_limit": true
    }
},
{
    "model": "task.taskcondition",
    "pk": 15,
    "fields": {
        "name": "\u4f53\u529b\u8d2d\u4e70\u6b21\u6570",
        "param": 0,
        "compare_type": ">=",
        "scene": "",
        "ui": "",
        "server_module": "core.value_log.ValueLogEnergyBuyTimes:count",
        "time_limit": true
    }
},
{
    "model": "task.taskcondition",
    "pk": 16,
    "fields": {
        "name": "\u6d88\u8017\u94bb\u77f3\u6570\u91cf",
        "param": 0,
        "compare_type": ">=",
        "scene": "",
        "ui": "",
        "server_module": "core.statistics.DiamondCostStatistics:count",
        "time_limit": true
    }
},
{
    "model": "task.taskcondition",
    "pk": 17,
    "fields": {
        "name": "\u5347\u661f\u6b21\u6570",
        "param": 0,
        "compare_type": ">=",
        "scene": "",
        "ui": "HeroStrengthFrame,Group/UpStar",
        "server_module": "core.value_log.ValueLogStaffStarUpTimes:count",
        "time_limit": true
    }
},
{
    "model": "task.taskcondition",
    "pk": 18,
    "fields": {
        "name": "\u5347\u7ea7\u6b21\u6570",
        "param": 0,
        "compare_type": ">=",
        "scene": "",
        "ui": "HeroStrengthFrame,Group/UpLvl",
        "server_module": "core.value_log.ValueLogStaffLevelUpTimes:count",
        "time_limit": true
    }
},
{
    "model": "task.taskcondition",
    "pk": 19,
    "fields": {
        "name": "\u5175\u79cd\u5347\u7ea7\u6b21\u6570",
        "param": 0,
        "compare_type": ">=",
        "scene": "SubArmyShowState",
        "ui": "",
        "server_module": "core.value_log.ValueLogUnitLevelUpTimes:count",
        "time_limit": true
    }
},
{
    "model": "task.taskcondition",
    "pk": 20,
    "fields": {
        "name": "\u73a9\u5bb6\u7b49\u7ea7",
        "param": 0,
        "compare_type": ">=",
        "scene": "",
        "ui": "",
        "server_module": "core.club._ClubProperty:get_level",
        "time_limit": false
    }
},
{
    "model": "task.taskcondition",
    "pk": 21,
    "fields": {
        "name": "\u6311\u6218\u8d5b\u901a\u8fc7ID",
        "param": 0,
        "compare_type": "/",
        "scene": "",
        "ui": "PVEWorldFrame",
        "server_module": "core.challenge.Challenge:NOT_THIS",
        "time_limit": false
    }
},
{
    "model": "task.taskcondition",
    "pk": 22,
    "fields": {
        "name": "\u8bad\u7ec3\u5854\u5386\u53f2\u6700\u9ad8\u5c42\u6570",
        "param": 0,
        "compare_type": ">=",
        "scene": "",
        "ui": "TowerFrame",
        "server_module": "core.tower.Tower:get_history_max_level",
        "time_limit": false
    }
},
{
    "model": "task.taskcondition",
    "pk": 23,
    "fields": {
        "name": "\u7ade\u6280\u573a\u80dc\u5229\u6b21\u6570",
        "param": 0,
        "compare_type": ">=",
        "scene": "",
        "ui": "ArenaFrame",
        "server_module": "core.value_log.ValueLogArenaWinTimes:count",
        "time_limit": true
    }
},
{
    "model": "task.taskcondition",
    "pk": 24,
    "fields": {
        "name": "\u7ade\u6280\u573a\u5386\u53f2\u6700\u9ad8\u6392\u540d",
        "param": 0,
        "compare_type": "<=",
        "scene": "",
        "ui": "",
        "server_module": "core.arena.Arena:get_max_rank",
        "time_limit": false
    }
},
{
    "model": "task.taskcondition",
    "pk": 25,
    "fields": {
        "name": "\u62e5\u6709\u7684\u6240\u6709\u5175\u79cd\u603b\u7b49\u7ea7",
        "param": 0,
        "compare_type": ">=",
        "scene": "",
        "ui": "",
        "server_module": "core.unit.UnitManager:get_all_units_level",
        "time_limit": false
    }
},
{
    "model": "task.taskcondition",
    "pk": 26,
    "fields": {
        "name": "\u62e5\u6709\u7684\u6240\u6709\u5175\u79cd\u603b\u9636\u6570",
        "param": 0,
        "compare_type": ">=",
        "scene": "",
        "ui": "",
        "server_module": "core.unit.UnitManager:get_all_units_step",
        "time_limit": false
    }
},
{
    "model": "task.taskcondition",
    "pk": 27,
    "fields": {
        "name": "\u9886\u5730\u9f13\u821e\u6b21\u6570",
        "param": 0,
        "compare_type": ">=",
        "scene": "",
        "ui": "",
        "server_module": "core.value_log.ValueLogTerritoryBuildingInspireTimes:count",
        "time_limit": true
    }
},
{
    "model": "task.taskcondition",
    "pk": 28,
    "fields": {
        "name": "\u62e5\u67091\u9636\u9009\u624b\u6570\u91cf",
        "param": 1,
        "compare_type": ">=",
        "scene": "",
        "ui": "",
        "server_module": "core.staff.StaffManger:get_staffs_amount_by_step",
        "time_limit": false
    }
},
{
    "model": "task.taskcondition",
    "pk": 29,
    "fields": {
        "name": "\u62e5\u67092\u9636\u9009\u624b\u6570\u91cf",
        "param": 2,
        "compare_type": ">=",
        "scene": "",
        "ui": "",
        "server_module": "core.staff.StaffManger:get_staffs_amount_by_step",
        "time_limit": false
    }
},
{
    "model": "task.taskcondition",
    "pk": 30,
    "fields": {
        "name": "\u62e5\u67093\u9636\u9009\u624b\u6570\u91cf",
        "param": 3,
        "compare_type": ">=",
        "scene": "",
        "ui": "",
        "server_module": "core.staff.StaffManger:get_staffs_amount_by_step",
        "time_limit": false
    }
},
{
    "model": "task.taskcondition",
    "pk": 31,
    "fields": {
        "name": "\u62e5\u67094\u9636\u9009\u624b\u6570\u91cf",
        "param": 4,
        "compare_type": ">=",
        "scene": "",
        "ui": "",
        "server_module": "core.staff.StaffManger:get_staffs_amount_by_step",
        "time_limit": false
    }
},
{
    "model": "task.taskcondition",
    "pk": 32,
    "fields": {
        "name": "\u62e5\u67091\u661f\u9009\u624b\u6570\u91cf",
        "param": 1,
        "compare_type": ">=",
        "scene": "",
        "ui": "",
        "server_module": "core.staff.StaffManger:get_staffs_amount_by_star",
        "time_limit": false
    }
},
{
    "model": "task.taskcondition",
    "pk": 33,
    "fields": {
        "name": "\u62e5\u67092\u661f\u9009\u624b\u6570\u91cf",
        "param": 2,
        "compare_type": ">=",
        "scene": "",
        "ui": "",
        "server_module": "core.staff.StaffManger:get_staffs_amount_by_star",
        "time_limit": false
    }
},
{
    "model": "task.taskcondition",
    "pk": 34,
    "fields": {
        "name": "\u62e5\u67093\u661f\u9009\u624b\u6570\u91cf",
        "param": 3,
        "compare_type": ">=",
        "scene": "",
        "ui": "",
        "server_module": "core.staff.StaffManger:get_staffs_amount_by_star",
        "time_limit": false
    }
},
{
    "model": "task.taskcondition",
    "pk": 35,
    "fields": {
        "name": "\u62e5\u67094\u661f\u9009\u624b\u6570\u91cf",
        "param": 4,
        "compare_type": ">=",
        "scene": "",
        "ui": "",
        "server_module": "core.staff.StaffManger:get_staffs_amount_by_star",
        "time_limit": false
    }
},
{
    "model": "task.taskcondition",
    "pk": 36,
    "fields": {
        "name": "\u62e5\u670910\u7ea7\u9009\u624b\u6570\u91cf",
        "param": 10,
        "compare_type": ">=",
        "scene": "",
        "ui": "",
        "server_module": "core.staff.StaffManger:get_staffs_amount_by_level",
        "time_limit": false
    }
},
{
    "model": "task.taskcondition",
    "pk": 37,
    "fields": {
        "name": "\u62e5\u670920\u7ea7\u9009\u624b\u6570\u91cf",
        "param": 20,
        "compare_type": ">=",
        "scene": "",
        "ui": "",
        "server_module": "core.staff.StaffManger:get_staffs_amount_by_level",
        "time_limit": false
    }
},
{
    "model": "task.taskcondition",
    "pk": 38,
    "fields": {
        "name": "\u62e5\u670930\u7ea7\u9009\u624b\u6570\u91cf",
        "param": 30,
        "compare_type": ">=",
        "scene": "",
        "ui": "",
        "server_module": "core.staff.StaffManger:get_staffs_amount_by_level",
        "time_limit": false
    }
},
{
    "model": "task.taskcondition",
    "pk": 39,
    "fields": {
        "name": "\u62e5\u670940\u7ea7\u9009\u624b\u6570\u91cf",
        "param": 40,
        "compare_type": ">=",
        "scene": "",
        "ui": "",
        "server_module": "core.staff.StaffManger:get_staffs_amount_by_level",
        "time_limit": false
    }
},
{
    "model": "task.taskcondition",
    "pk": 40,
    "fields": {
        "name": "\u53c2\u52a0\u5bb4\u4f1a\u6b21\u6570",
        "param": 0,
        "compare_type": ">=",
        "scene": "",
        "ui": "",
        "server_module": "core.value_log.ValueLogPartyEngageTimes:count",
        "time_limit": true
    }
},
{
    "model": "task.taskcondition",
    "pk": 41,
    "fields": {
        "name": "\u63a0\u593a\u73a9\u5bb6",
        "param": 0,
        "compare_type": ">=",
        "scene": "SubRobberyState",
        "ui": "",
        "server_module": "core.value_log.ValueLogPlunderTimes:count",
        "time_limit": true
    }
},
{
    "model": "task.taskcondition",
    "pk": 42,
    "fields": {
        "name": "\u6253\u9020\u88c5\u5907",
        "param": 0,
        "compare_type": ">=",
        "scene": "SubRobberyState",
        "ui": "",
        "server_module": "core.value_log.ValueLogSpecialEquipmentGenerateTimes:count",
        "time_limit": true
    }
},
{
    "model": "task.taskcondition",
    "pk": 43,
    "fields": {
        "name": "\u4e0a\u9635\u9009\u624b\u88c5\u5907\u54c1\u8d28",
        "param": 0,
        "compare_type": ">=",
        "scene": "",
        "ui": "",
        "server_module": "core.formation.Formation:get_min_equipment_quality_for_task_condition",
        "time_limit": false
    }
},
{
    "model": "task.taskcondition",
    "pk": 44,
    "fields": {
        "name": "\u4e0a\u9635\u9009\u624b\u88c5\u5907\u7b49\u7ea7",
        "param": 0,
        "compare_type": ">=",
        "scene": "",
        "ui": "",
        "server_module": "core.formation.Formation:get_min_equipment_level_for_task_condition",
        "time_limit": false
    }
}
]
