[
  {
    "pk": 1, 
    "model": "task.taskmain", 
    "fields": {
      "challenge_id": 1, 
      "des": "\u94bb\u77f3\u62bd\u5361", 
      "name": "\u4e3b\u7ebf\u4efb\u52a11", 
      "items": [
        [
          30001, 
          50000
        ]
      ]
    }
  }, 
  {
    "pk": 2, 
    "model": "task.taskmain", 
    "fields": {
      "challenge_id": 3, 
      "des": "\u9009\u624b\u5347\u7ea7", 
      "name": "\u4e3b\u7ebf\u4efb\u52a12", 
      "items": [
        [
          1, 
          10
        ]
      ]
    }
  }, 
  {
    "pk": 3, 
    "model": "task.taskmain", 
    "fields": {
      "challenge_id": 5, 
      "des": "\u88c5\u5907\u5f15\u5bfc", 
      "name": "\u4e3b\u7ebf\u4efb\u52a13", 
      "items": [
        [
          40000, 
          1
        ], 
        [
          30001, 
          50000
        ]
      ]
    }
  }, 
  {
    "pk": 4, 
    "model": "task.taskmain", 
    "fields": {
      "challenge_id": 9, 
      "des": "\u788e\u7247\u5408\u6210", 
      "name": "\u4e3b\u7ebf\u4efb\u52a14", 
      "items": [
        [
          65104, 
          80
        ]
      ]
    }
  }, 
  {
    "pk": 5, 
    "model": "task.taskmain", 
    "fields": {
      "challenge_id": 10, 
      "des": "\u526f\u672c\u5956\u52b1", 
      "name": "\u4e3b\u7ebf\u4efb\u52a15", 
      "items": [
        [
          30001, 
          50000
        ]
      ]
    }
  }, 
  {
    "pk": 6, 
    "model": "task.taskmain", 
    "fields": {
      "challenge_id": 12, 
      "des": "\u5175\u79cd\u5347\u7ea7", 
      "name": "\u4e3b\u7ebf\u4efb\u52a16", 
      "items": [
        [
          30001, 
          50000
        ], 
        [
          30003, 
          150
        ]
      ]
    }
  }, 
  {
    "pk": 7, 
    "model": "task.taskmain", 
    "fields": {
      "challenge_id": 15, 
      "des": "\u518d\u63a5\u518d\u53891", 
      "name": "\u4e3b\u7ebf\u4efb\u52a17", 
      "items": [
        [
          40000, 
          1
        ]
      ]
    }
  }, 
  {
    "pk": 8, 
    "model": "task.taskmain", 
    "fields": {
      "challenge_id": 20, 
      "des": "\u518d\u63a5\u518d\u53892", 
      "name": "\u4e3b\u7ebf\u4efb\u52a18", 
      "items": [
        [
          40010, 
          1
        ]
      ]
    }
  }, 
  {
    "pk": 9, 
    "model": "task.taskmain", 
    "fields": {
      "challenge_id": 21, 
      "des": "\u9009\u624b\u5347\u9636", 
      "name": "\u4e3b\u7ebf\u4efb\u52a19", 
      "items": [
        [
          30004, 
          300
        ]
      ]
    }
  }, 
  {
    "pk": 10, 
    "model": "task.taskmain", 
    "fields": {
      "challenge_id": 25, 
      "des": "\u518d\u63a5\u518d\u53893", 
      "name": "\u4e3b\u7ebf\u4efb\u52a110", 
      "items": [
        [
          40020, 
          1
        ]
      ]
    }
  }, 
  {
    "pk": 11, 
    "model": "task.taskmain", 
    "fields": {
      "challenge_id": 30, 
      "des": "\u7ade\u6280\u573a", 
      "name": "\u4e3b\u7ebf\u4efb\u52a111", 
      "items": [
        [
          30001, 
          50000
        ]
      ]
    }
  }, 
  {
    "pk": 12, 
    "model": "task.taskmain", 
    "fields": {
      "challenge_id": 35, 
      "des": "\u5175\u79cd\u5347\u9636", 
      "name": "\u4e3b\u7ebf\u4efb\u52a112", 
      "items": [
        [
          30004, 
          300
        ]
      ]
    }
  }, 
  {
    "pk": 13, 
    "model": "task.taskmain", 
    "fields": {
      "challenge_id": 40, 
      "des": "\u9009\u624b\u5347\u661f", 
      "name": "\u4e3b\u7ebf\u4efb\u52a113", 
      "items": [
        [
          30007, 
          50
        ]
      ]
    }
  }, 
  {
    "pk": 14, 
    "model": "task.taskmain", 
    "fields": {
      "challenge_id": 50, 
      "des": "\u901a\u5173\u5956\u52b1", 
      "name": "\u4e3b\u7ebf\u4efb\u52a114", 
      "items": [
        [
          30000, 
          100
        ]
      ]
    }
  }, 
  {
    "pk": 15, 
    "model": "task.taskmain", 
    "fields": {
      "challenge_id": 60, 
      "des": "\u901a\u5173\u5956\u52b1", 
      "name": "\u4e3b\u7ebf\u4efb\u52a115", 
      "items": [
        [
          30001, 
          100000
        ]
      ]
    }
  }, 
  {
    "pk": 16, 
    "model": "task.taskmain", 
    "fields": {
      "challenge_id": 70, 
      "des": "\u901a\u5173\u5956\u52b1", 
      "name": "\u4e3b\u7ebf\u4efb\u52a116", 
      "items": [
        [
          30003, 
          100
        ]
      ]
    }
  }, 
  {
    "pk": 17, 
    "model": "task.taskmain", 
    "fields": {
      "challenge_id": 80, 
      "des": "\u901a\u5173\u5956\u52b1", 
      "name": "\u4e3b\u7ebf\u4efb\u52a117", 
      "items": [
        [
          30004, 
          150
        ]
      ]
    }
  }, 
  {
    "pk": 18, 
    "model": "task.taskmain", 
    "fields": {
      "challenge_id": 90, 
      "des": "\u901a\u5173\u5956\u52b1", 
      "name": "\u4e3b\u7ebf\u4efb\u52a118", 
      "items": [
        [
          30007, 
          30
        ]
      ]
    }
  }, 
  {
    "pk": 19, 
    "model": "task.taskmain", 
    "fields": {
      "challenge_id": 100, 
      "des": "\u901a\u5173\u5956\u52b1", 
      "name": "\u4e3b\u7ebf\u4efb\u52a119", 
      "items": [
        [
          30008, 
          10
        ]
      ]
    }
  }, 
  {
    "pk": 20, 
    "model": "task.taskmain", 
    "fields": {
      "challenge_id": 110, 
      "des": "\u901a\u5173\u5956\u52b1", 
      "name": "\u4e3b\u7ebf\u4efb\u52a120", 
      "items": [
        [
          30000, 
          100
        ]
      ]
    }
  }, 
  {
    "pk": 21, 
    "model": "task.taskmain", 
    "fields": {
      "challenge_id": 120, 
      "des": "\u901a\u5173\u5956\u52b1", 
      "name": "\u4e3b\u7ebf\u4efb\u52a121", 
      "items": [
        [
          30001, 
          100000
        ]
      ]
    }
  }, 
  {
    "pk": 22, 
    "model": "task.taskmain", 
    "fields": {
      "challenge_id": 130, 
      "des": "\u901a\u5173\u5956\u52b1", 
      "name": "\u4e3b\u7ebf\u4efb\u52a122", 
      "items": [
        [
          30003, 
          100
        ]
      ]
    }
  }, 
  {
    "pk": 23, 
    "model": "task.taskmain", 
    "fields": {
      "challenge_id": 140, 
      "des": "\u901a\u5173\u5956\u52b1", 
      "name": "\u4e3b\u7ebf\u4efb\u52a123", 
      "items": [
        [
          30004, 
          150
        ]
      ]
    }
  }, 
  {
    "pk": 24, 
    "model": "task.taskmain", 
    "fields": {
      "challenge_id": 150, 
      "des": "\u901a\u5173\u5956\u52b1", 
      "name": "\u4e3b\u7ebf\u4efb\u52a124", 
      "items": [
        [
          30007, 
          30
        ]
      ]
    }
  }, 
  {
    "pk": 25, 
    "model": "task.taskmain", 
    "fields": {
      "challenge_id": 160, 
      "des": "\u901a\u5173\u5956\u52b1", 
      "name": "\u4e3b\u7ebf\u4efb\u52a125", 
      "items": [
        [
          30008, 
          10
        ]
      ]
    }
  }, 
  {
    "pk": 26, 
    "model": "task.taskmain", 
    "fields": {
      "challenge_id": 170, 
      "des": "\u901a\u5173\u5956\u52b1", 
      "name": "\u4e3b\u7ebf\u4efb\u52a126", 
      "items": [
        [
          30000, 
          100
        ]
      ]
    }
  }, 
  {
    "pk": 27, 
    "model": "task.taskmain", 
    "fields": {
      "challenge_id": 180, 
      "des": "\u901a\u5173\u5956\u52b1", 
      "name": "\u4e3b\u7ebf\u4efb\u52a127", 
      "items": [
        [
          30001, 
          100000
        ]
      ]
    }
  }, 
  {
    "pk": 28, 
    "model": "task.taskmain", 
    "fields": {
      "challenge_id": 190, 
      "des": "\u901a\u5173\u5956\u52b1", 
      "name": "\u4e3b\u7ebf\u4efb\u52a128", 
      "items": [
        [
          30003, 
          100
        ]
      ]
    }
  }, 
  {
    "pk": 29, 
    "model": "task.taskmain", 
    "fields": {
      "challenge_id": 200, 
      "des": "\u901a\u5173\u5956\u52b1", 
      "name": "\u4e3b\u7ebf\u4efb\u52a129", 
      "items": [
        [
          30004, 
          150
        ]
      ]
    }
  }, 
  {
    "pk": 30, 
    "model": "task.taskmain", 
    "fields": {
      "challenge_id": 210, 
      "des": "\u901a\u5173\u5956\u52b1", 
      "name": "\u4e3b\u7ebf\u4efb\u52a130", 
      "items": [
        [
          30007, 
          30
        ]
      ]
    }
  }, 
  {
    "pk": 31, 
    "model": "task.taskmain", 
    "fields": {
      "challenge_id": 220, 
      "des": "\u901a\u5173\u5956\u52b1", 
      "name": "\u4e3b\u7ebf\u4efb\u52a131", 
      "items": [
        [
          30008, 
          10
        ]
      ]
    }
  }, 
  {
    "pk": 32, 
    "model": "task.taskmain", 
    "fields": {
      "challenge_id": 230, 
      "des": "\u901a\u5173\u5956\u52b1", 
      "name": "\u4e3b\u7ebf\u4efb\u52a132", 
      "items": [
        [
          30000, 
          100
        ]
      ]
    }
  }, 
  {
    "pk": 33, 
    "model": "task.taskmain", 
    "fields": {
      "challenge_id": 240, 
      "des": "\u901a\u5173\u5956\u52b1", 
      "name": "\u4e3b\u7ebf\u4efb\u52a133", 
      "items": [
        [
          30001, 
          100000
        ]
      ]
    }
  }, 
  {
    "pk": 34, 
    "model": "task.taskmain", 
    "fields": {
      "challenge_id": 250, 
      "des": "\u901a\u5173\u5956\u52b1", 
      "name": "\u4e3b\u7ebf\u4efb\u52a134", 
      "items": [
        [
          30003, 
          100
        ]
      ]
    }
  }, 
  {
    "pk": 35, 
    "model": "task.taskmain", 
    "fields": {
      "challenge_id": 260, 
      "des": "\u901a\u5173\u5956\u52b1", 
      "name": "\u4e3b\u7ebf\u4efb\u52a135", 
      "items": [
        [
          30004, 
          150
        ]
      ]
    }
  }, 
  {
    "pk": 36, 
    "model": "task.taskmain", 
    "fields": {
      "challenge_id": 270, 
      "des": "\u901a\u5173\u5956\u52b1", 
      "name": "\u4e3b\u7ebf\u4efb\u52a136", 
      "items": [
        [
          30007, 
          30
        ]
      ]
    }
  }, 
  {
    "pk": 37, 
    "model": "task.taskmain", 
    "fields": {
      "challenge_id": 280, 
      "des": "\u901a\u5173\u5956\u52b1", 
      "name": "\u4e3b\u7ebf\u4efb\u52a137", 
      "items": [
        [
          30008, 
          10
        ]
      ]
    }
  }, 
  {
    "pk": 38, 
    "model": "task.taskmain", 
    "fields": {
      "challenge_id": 290, 
      "des": "\u901a\u5173\u5956\u52b1", 
      "name": "\u4e3b\u7ebf\u4efb\u52a138", 
      "items": [
        [
          30000, 
          100
        ]
      ]
    }
  }, 
  {
    "pk": 39, 
    "model": "task.taskmain", 
    "fields": {
      "challenge_id": 300, 
      "des": "\u901a\u5173\u5956\u52b1", 
      "name": "\u4e3b\u7ebf\u4efb\u52a139", 
      "items": [
        [
          30001, 
          100000
        ]
      ]
    }
  }
]