[
  {
    "pk": 1, 
    "model": "task.taskdaily", 
    "fields": {
      "rewards": [
        [
          30000, 
          10000
        ], 
        [
          30001, 
          20
        ]
      ], 
      "name": "\u6218\u6597\u72c2", 
      "club_level": 0, 
      "des": "\u4e3b\u7ebf\u526f\u672c\u6218\u659710\u6b21", 
      "vip_level": 0, 
      "condition_value": 10, 
      "condition_id": 1
    }
  }, 
  {
    "pk": 2, 
    "model": "task.taskdaily", 
    "fields": {
      "rewards": [
        [
          30002, 
          10
        ]
      ], 
      "name": "\u6311\u6218\u5854", 
      "club_level": 10, 
      "des": "\u6311\u6218\u5854\u6218\u65972\u6b21", 
      "vip_level": 0, 
      "condition_value": 2, 
      "condition_id": 3
    }
  }, 
  {
    "pk": 3, 
    "model": "task.taskdaily", 
    "fields": {
      "rewards": [
        [
          30000, 
          1000
        ]
      ], 
      "name": "\u88c5\u5907\u5f3a\u5316", 
      "club_level": 0, 
      "des": "\u88c5\u5907\u5f3a\u53163\u6b21", 
      "vip_level": 1, 
      "condition_value": 3, 
      "condition_id": 11
    }
  }, 
  {
    "pk": 4, 
    "model": "task.taskdaily", 
    "fields": {
      "rewards": [
        [
          30001, 
          100
        ]
      ], 
      "name": "\u94bb\u77f3\u62bd\u5361", 
      "club_level": 20, 
      "des": "\u94bb\u77f3\u62bd\u53611\u6b21", 
      "vip_level": 2, 
      "condition_value": 1, 
      "condition_id": 13
    }
  }
]