[
{
    "fields": {
        "des": "5\u7ea7\u4ff1\u4e50\u90e8\u5f00\u542f",
        "need_club_level": 5
    },
    "model": "club.tibuslot",
    "pk": 1
},
{
    "fields": {
        "des": "10\u7ea7\u4ff1\u4e50\u90e8\u5f00\u542f",
        "need_club_level": 10
    },
    "model": "club.tibuslot",
    "pk": 2
},
{
    "fields": {
        "des": "15\u7ea7\u4ff1\u4e50\u90e8\u5f00\u542f",
        "need_club_level": 15
    },
    "model": "club.tibuslot",
    "pk": 3
},
{
    "fields": {
        "des": "20\u7ea7\u4ff1\u4e50\u90e8\u5f00\u542f",
        "need_club_level": 20
    },
    "model": "club.tibuslot",
    "pk": 4
},
{
    "fields": {
        "des": "25\u7ea7\u4ff1\u4e50\u90e8\u5f00\u542f",
        "need_club_level": 25
    },
    "model": "club.tibuslot",
    "pk": 5
}
]
