[
  {
    "pk": 1, 
    "model": "training_tower.towergamelevel", 
    "fields": {
      "name": "\u7b2c1\u5c42", 
      "talent_id": 0, 
      "star_reward": {
        "1": [
          [
            30001, 
            1000
          ], 
          [
            30002, 
            30
          ]
        ], 
        "3": [
          [
            30001, 
            3000
          ], 
          [
            30002, 
            90
          ]
        ], 
        "2": [
          [
            30001, 
            2000
          ], 
          [
            30002, 
            60
          ]
        ]
      }, 
      "sale_goods": "", 
      "turntable": {
        "9": [], 
        "3": [], 
        "6": []
      }, 
      "staffs": [
        [
          2, 
          85007, 
          31001
        ], 
        [
          3, 
          85507, 
          31001
        ], 
        [
          7, 
          85007, 
          31501
        ], 
        [
          8, 
          85507, 
          32001
        ], 
        [
          9, 
          86007, 
          32001
        ], 
        [
          10, 
          85007, 
          31501
        ]
      ]
    }
  }, 
  {
    "pk": 2, 
    "model": "training_tower.towergamelevel", 
    "fields": {
      "name": "\u7b2c2\u5c42", 
      "talent_id": 0, 
      "star_reward": {
        "1": [
          [
            30001, 
            1000
          ], 
          [
            30002, 
            30
          ]
        ], 
        "3": [
          [
            30001, 
            3000
          ], 
          [
            30002, 
            90
          ]
        ], 
        "2": [
          [
            30001, 
            2000
          ], 
          [
            30002, 
            60
          ]
        ]
      }, 
      "sale_goods": "", 
      "turntable": {
        "9": [], 
        "3": [], 
        "6": []
      }, 
      "staffs": [
        [
          2, 
          85007, 
          10501
        ], 
        [
          3, 
          85507, 
          10501
        ], 
        [
          7, 
          85007, 
          11001
        ], 
        [
          8, 
          85507, 
          10001
        ], 
        [
          9, 
          86007, 
          10001
        ], 
        [
          10, 
          85007, 
          11001
        ]
      ]
    }
  }, 
  {
    "pk": 3, 
    "model": "training_tower.towergamelevel", 
    "fields": {
      "name": "\u7b2c3\u5c42", 
      "talent_id": 0, 
      "star_reward": {
        "1": [
          [
            30001, 
            1000
          ], 
          [
            30002, 
            30
          ]
        ], 
        "3": [
          [
            30001, 
            3000
          ], 
          [
            30002, 
            90
          ]
        ], 
        "2": [
          [
            30001, 
            2000
          ], 
          [
            30002, 
            60
          ]
        ]
      }, 
      "sale_goods": "", 
      "turntable": {
        "9": [
          50003, 
          50013, 
          50023, 
          50033, 
          50043, 
          50053, 
          50063
        ], 
        "3": [
          50001, 
          50011, 
          50021, 
          50031, 
          50041, 
          50051, 
          50061
        ], 
        "6": [
          50002, 
          50012, 
          50022, 
          50032, 
          50042, 
          50052, 
          50062
        ]
      }, 
      "staffs": [
        [
          2, 
          76507, 
          20001
        ], 
        [
          3, 
          77507, 
          20001
        ], 
        [
          7, 
          85007, 
          20501
        ], 
        [
          8, 
          85507, 
          22001
        ], 
        [
          9, 
          86007, 
          22001
        ], 
        [
          10, 
          85007, 
          20501
        ]
      ]
    }
  }, 
  {
    "pk": 4, 
    "model": "training_tower.towergamelevel", 
    "fields": {
      "name": "\u7b2c4\u5c42", 
      "talent_id": 0, 
      "star_reward": {
        "1": [
          [
            30001, 
            1000
          ], 
          [
            30002, 
            30
          ]
        ], 
        "3": [
          [
            30001, 
            3000
          ], 
          [
            30002, 
            90
          ]
        ], 
        "2": [
          [
            30001, 
            2000
          ], 
          [
            30002, 
            60
          ]
        ]
      }, 
      "sale_goods": "", 
      "turntable": {
        "9": [], 
        "3": [], 
        "6": []
      }, 
      "staffs": [
        [
          2, 
          85008, 
          10501
        ], 
        [
          3, 
          85508, 
          10501
        ], 
        [
          7, 
          85008, 
          10001
        ], 
        [
          8, 
          85508, 
          10001
        ], 
        [
          9, 
          86008, 
          11501
        ], 
        [
          10, 
          85008, 
          10001
        ]
      ]
    }
  }, 
  {
    "pk": 5, 
    "model": "training_tower.towergamelevel", 
    "fields": {
      "name": "\u7b2c5\u5c42", 
      "talent_id": 0, 
      "star_reward": {
        "1": [
          [
            30001, 
            1000
          ], 
          [
            30002, 
            30
          ]
        ], 
        "3": [
          [
            30001, 
            3000
          ], 
          [
            30002, 
            90
          ]
        ], 
        "2": [
          [
            30001, 
            2000
          ], 
          [
            30002, 
            60
          ]
        ]
      }, 
      "sale_goods": "1,2;", 
      "turntable": {
        "9": [], 
        "3": [], 
        "6": []
      }, 
      "staffs": [
        [
          2, 
          81008, 
          31501
        ], 
        [
          3, 
          80508, 
          31501
        ], 
        [
          7, 
          82508, 
          31501
        ], 
        [
          8, 
          83508, 
          31501
        ], 
        [
          9, 
          80008, 
          31501
        ], 
        [
          10, 
          84008, 
          31501
        ]
      ]
    }
  }, 
  {
    "pk": 6, 
    "model": "training_tower.towergamelevel", 
    "fields": {
      "name": "\u7b2c6\u5c42", 
      "talent_id": 0, 
      "star_reward": {
        "1": [
          [
            30001, 
            1000
          ], 
          [
            30002, 
            30
          ]
        ], 
        "3": [
          [
            30001, 
            3000
          ], 
          [
            30002, 
            90
          ]
        ], 
        "2": [
          [
            30001, 
            2000
          ], 
          [
            30002, 
            60
          ]
        ]
      }, 
      "sale_goods": "", 
      "turntable": {
        "9": [
          50003, 
          50013, 
          50023, 
          50033, 
          50043, 
          50053, 
          50063
        ], 
        "3": [
          50001, 
          50011, 
          50021, 
          50031, 
          50041, 
          50051, 
          50061
        ], 
        "6": [
          50002, 
          50012, 
          50022, 
          50032, 
          50042, 
          50052, 
          50062
        ]
      }, 
      "staffs": [
        [
          0, 
          85009, 
          30501
        ], 
        [
          1, 
          85509, 
          30501
        ], 
        [
          2, 
          85009, 
          30501
        ], 
        [
          3, 
          85509, 
          30501
        ], 
        [
          4, 
          86009, 
          30501
        ], 
        [
          5, 
          85009, 
          30501
        ]
      ]
    }
  }, 
  {
    "pk": 7, 
    "model": "training_tower.towergamelevel", 
    "fields": {
      "name": "\u7b2c7\u5c42", 
      "talent_id": 0, 
      "star_reward": {
        "1": [
          [
            30001, 
            1000
          ], 
          [
            30002, 
            30
          ]
        ], 
        "3": [
          [
            30001, 
            3000
          ], 
          [
            30002, 
            90
          ]
        ], 
        "2": [
          [
            30001, 
            2000
          ], 
          [
            30002, 
            60
          ]
        ]
      }, 
      "sale_goods": "", 
      "turntable": {
        "9": [], 
        "3": [], 
        "6": []
      }, 
      "staffs": [
        [
          2, 
          85010, 
          31002
        ], 
        [
          3, 
          85510, 
          31002
        ], 
        [
          7, 
          85010, 
          31502
        ], 
        [
          8, 
          85510, 
          30502
        ], 
        [
          9, 
          86010, 
          30502
        ], 
        [
          10, 
          85010, 
          31502
        ]
      ]
    }
  }, 
  {
    "pk": 8, 
    "model": "training_tower.towergamelevel", 
    "fields": {
      "name": "\u7b2c8\u5c42", 
      "talent_id": 0, 
      "star_reward": {
        "1": [
          [
            30001, 
            1000
          ], 
          [
            30002, 
            30
          ]
        ], 
        "3": [
          [
            30001, 
            3000
          ], 
          [
            30002, 
            90
          ]
        ], 
        "2": [
          [
            30001, 
            2000
          ], 
          [
            30002, 
            60
          ]
        ]
      }, 
      "sale_goods": "", 
      "turntable": {
        "9": [], 
        "3": [], 
        "6": []
      }, 
      "staffs": [
        [
          2, 
          77511, 
          20002
        ], 
        [
          3, 
          72511, 
          10502
        ], 
        [
          7, 
          85011, 
          10002
        ], 
        [
          8, 
          85511, 
          11002
        ], 
        [
          9, 
          86011, 
          11002
        ], 
        [
          10, 
          85011, 
          10002
        ]
      ]
    }
  }, 
  {
    "pk": 9, 
    "model": "training_tower.towergamelevel", 
    "fields": {
      "name": "\u7b2c9\u5c42", 
      "talent_id": 0, 
      "star_reward": {
        "1": [
          [
            30001, 
            1000
          ], 
          [
            30002, 
            30
          ]
        ], 
        "3": [
          [
            30001, 
            3000
          ], 
          [
            30002, 
            90
          ]
        ], 
        "2": [
          [
            30001, 
            2000
          ], 
          [
            30002, 
            60
          ]
        ]
      }, 
      "sale_goods": "", 
      "turntable": {
        "9": [
          50003, 
          50013, 
          50023, 
          50033, 
          50043, 
          50053, 
          50063
        ], 
        "3": [
          50001, 
          50011, 
          50021, 
          50031, 
          50041, 
          50051, 
          50061
        ], 
        "6": [
          50002, 
          50012, 
          50022, 
          50032, 
          50042, 
          50052, 
          50062
        ]
      }, 
      "staffs": [
        [
          2, 
          85012, 
          31003
        ], 
        [
          3, 
          85512, 
          31003
        ], 
        [
          7, 
          85012, 
          31503
        ], 
        [
          8, 
          85512, 
          30503
        ], 
        [
          9, 
          86012, 
          20503
        ], 
        [
          10, 
          85012, 
          31503
        ]
      ]
    }
  }, 
  {
    "pk": 10, 
    "model": "training_tower.towergamelevel", 
    "fields": {
      "name": "\u7b2c10\u5c42", 
      "talent_id": 0, 
      "star_reward": {
        "1": [
          [
            30001, 
            1000
          ], 
          [
            30002, 
            30
          ]
        ], 
        "3": [
          [
            30001, 
            3000
          ], 
          [
            30002, 
            90
          ]
        ], 
        "2": [
          [
            30001, 
            2000
          ], 
          [
            30002, 
            60
          ]
        ]
      }, 
      "sale_goods": "1,2;", 
      "turntable": {
        "9": [], 
        "3": [], 
        "6": []
      }, 
      "staffs": [
        [
          2, 
          80513, 
          31003
        ], 
        [
          3, 
          77513, 
          20003
        ], 
        [
          7, 
          76513, 
          20503
        ], 
        [
          8, 
          72513, 
          10003
        ], 
        [
          9, 
          71013, 
          10003
        ], 
        [
          10, 
          79513, 
          20503
        ]
      ]
    }
  }, 
  {
    "pk": 11, 
    "model": "training_tower.towergamelevel", 
    "fields": {
      "name": "\u7b2c11\u5c42", 
      "talent_id": 0, 
      "star_reward": {
        "1": [
          [
            30001, 
            1000
          ], 
          [
            30002, 
            30
          ]
        ], 
        "3": [
          [
            30001, 
            3000
          ], 
          [
            30002, 
            90
          ]
        ], 
        "2": [
          [
            30001, 
            2000
          ], 
          [
            30002, 
            60
          ]
        ]
      }, 
      "sale_goods": "", 
      "turntable": {
        "9": [], 
        "3": [], 
        "6": []
      }, 
      "staffs": [
        [
          2, 
          85514, 
          10504
        ], 
        [
          3, 
          85514, 
          10504
        ], 
        [
          7, 
          85014, 
          11004
        ], 
        [
          8, 
          85514, 
          31504
        ], 
        [
          9, 
          86014, 
          31504
        ], 
        [
          10, 
          85014, 
          11004
        ]
      ]
    }
  }, 
  {
    "pk": 12, 
    "model": "training_tower.towergamelevel", 
    "fields": {
      "name": "\u7b2c12\u5c42", 
      "talent_id": 0, 
      "star_reward": {
        "1": [
          [
            30001, 
            1000
          ], 
          [
            30002, 
            30
          ]
        ], 
        "3": [
          [
            30001, 
            3000
          ], 
          [
            30002, 
            90
          ]
        ], 
        "2": [
          [
            30001, 
            2000
          ], 
          [
            30002, 
            60
          ]
        ]
      }, 
      "sale_goods": "", 
      "turntable": {
        "9": [
          50003, 
          50013, 
          50023, 
          50033, 
          50043, 
          50053, 
          50063
        ], 
        "3": [
          50001, 
          50011, 
          50021, 
          50031, 
          50041, 
          50051, 
          50061
        ], 
        "6": [
          50002, 
          50012, 
          50022, 
          50032, 
          50042, 
          50052, 
          50062
        ]
      }, 
      "staffs": [
        [
          0, 
          85016, 
          11005
        ], 
        [
          1, 
          85516, 
          11005
        ], 
        [
          2, 
          85016, 
          11005
        ], 
        [
          3, 
          85516, 
          11005
        ], 
        [
          4, 
          86016, 
          21505
        ], 
        [
          5, 
          85016, 
          21505
        ]
      ]
    }
  }, 
  {
    "pk": 13, 
    "model": "training_tower.towergamelevel", 
    "fields": {
      "name": "\u7b2c13\u5c42", 
      "talent_id": 0, 
      "star_reward": {
        "1": [
          [
            30001, 
            1000
          ], 
          [
            30002, 
            30
          ]
        ], 
        "3": [
          [
            30001, 
            3000
          ], 
          [
            30002, 
            90
          ]
        ], 
        "2": [
          [
            30001, 
            2000
          ], 
          [
            30002, 
            60
          ]
        ]
      }, 
      "sale_goods": "", 
      "turntable": {
        "9": [], 
        "3": [], 
        "6": []
      }, 
      "staffs": [
        [
          2, 
          86017, 
          20006
        ], 
        [
          3, 
          85517, 
          20006
        ], 
        [
          7, 
          85017, 
          11006
        ], 
        [
          8, 
          85517, 
          21506
        ], 
        [
          15, 
          86017, 
          11006
        ], 
        [
          27, 
          85017, 
          11006
        ]
      ]
    }
  }, 
  {
    "pk": 14, 
    "model": "training_tower.towergamelevel", 
    "fields": {
      "name": "\u7b2c14\u5c42", 
      "talent_id": 0, 
      "star_reward": {
        "1": [
          [
            30001, 
            1000
          ], 
          [
            30002, 
            30
          ]
        ], 
        "3": [
          [
            30001, 
            3000
          ], 
          [
            30002, 
            90
          ]
        ], 
        "2": [
          [
            30001, 
            2000
          ], 
          [
            30002, 
            60
          ]
        ]
      }, 
      "sale_goods": "", 
      "turntable": {
        "9": [], 
        "3": [], 
        "6": []
      }, 
      "staffs": [
        [
          0, 
          85019, 
          12006
        ], 
        [
          1, 
          85519, 
          11006
        ], 
        [
          2, 
          85019, 
          11006
        ], 
        [
          3, 
          85519, 
          11006
        ], 
        [
          4, 
          86019, 
          11006
        ], 
        [
          5, 
          85019, 
          12006
        ]
      ]
    }
  }, 
  {
    "pk": 15, 
    "model": "training_tower.towergamelevel", 
    "fields": {
      "name": "\u7b2c15\u5c42", 
      "talent_id": 0, 
      "star_reward": {
        "1": [
          [
            30001, 
            1000
          ], 
          [
            30002, 
            30
          ]
        ], 
        "3": [
          [
            30001, 
            3000
          ], 
          [
            30002, 
            90
          ]
        ], 
        "2": [
          [
            30001, 
            2000
          ], 
          [
            30002, 
            60
          ]
        ]
      }, 
      "sale_goods": "1,2;", 
      "turntable": {
        "9": [
          50003, 
          50013, 
          50023, 
          50033, 
          50043, 
          50053, 
          50063
        ], 
        "3": [
          50001, 
          50011, 
          50021, 
          50031, 
          50041, 
          50051, 
          50061
        ], 
        "6": [
          50002, 
          50012, 
          50022, 
          50032, 
          50042, 
          50052, 
          50062
        ]
      }, 
      "staffs": [
        [
          2, 
          72520, 
          11007
        ], 
        [
          3, 
          70020, 
          11007
        ], 
        [
          4, 
          70520, 
          11007
        ], 
        [
          8, 
          72020, 
          10007
        ], 
        [
          9, 
          74520, 
          10007
        ], 
        [
          10, 
          73020, 
          10007
        ]
      ]
    }
  }, 
  {
    "pk": 16, 
    "model": "training_tower.towergamelevel", 
    "fields": {
      "name": "\u7b2c16\u5c42", 
      "talent_id": 0, 
      "star_reward": {
        "1": [
          [
            30001, 
            1000
          ], 
          [
            30002, 
            30
          ]
        ], 
        "3": [
          [
            30001, 
            3000
          ], 
          [
            30002, 
            90
          ]
        ], 
        "2": [
          [
            30001, 
            2000
          ], 
          [
            30002, 
            60
          ]
        ]
      }, 
      "sale_goods": "", 
      "turntable": {
        "9": [], 
        "3": [], 
        "6": []
      }, 
      "staffs": [
        [
          1, 
          85522, 
          21009
        ], 
        [
          2, 
          85522, 
          20009
        ], 
        [
          3, 
          85022, 
          20009
        ], 
        [
          4, 
          85522, 
          21009
        ], 
        [
          8, 
          86022, 
          10009
        ], 
        [
          11, 
          85022, 
          10009
        ]
      ]
    }
  }, 
  {
    "pk": 17, 
    "model": "training_tower.towergamelevel", 
    "fields": {
      "name": "\u7b2c17\u5c42", 
      "talent_id": 0, 
      "star_reward": {
        "1": [
          [
            30001, 
            1000
          ], 
          [
            30002, 
            30
          ]
        ], 
        "3": [
          [
            30001, 
            3000
          ], 
          [
            30002, 
            90
          ]
        ], 
        "2": [
          [
            30001, 
            2000
          ], 
          [
            30002, 
            60
          ]
        ]
      }, 
      "sale_goods": "", 
      "turntable": {
        "9": [], 
        "3": [], 
        "6": []
      }, 
      "staffs": [
        [
          2, 
          86024, 
          31010
        ], 
        [
          3, 
          85524, 
          31010
        ], 
        [
          7, 
          85024, 
          30510
        ], 
        [
          8, 
          85524, 
          30510
        ], 
        [
          9, 
          86024, 
          30510
        ], 
        [
          10, 
          85024, 
          30510
        ]
      ]
    }
  }, 
  {
    "pk": 18, 
    "model": "training_tower.towergamelevel", 
    "fields": {
      "name": "\u7b2c18\u5c42", 
      "talent_id": 0, 
      "star_reward": {
        "1": [
          [
            30001, 
            1000
          ], 
          [
            30002, 
            30
          ]
        ], 
        "3": [
          [
            30001, 
            3000
          ], 
          [
            30002, 
            90
          ]
        ], 
        "2": [
          [
            30001, 
            2000
          ], 
          [
            30002, 
            60
          ]
        ]
      }, 
      "sale_goods": "", 
      "turntable": {
        "9": [
          50003, 
          50013, 
          50023, 
          50033, 
          50043, 
          50053, 
          50063
        ], 
        "3": [
          50001, 
          50011, 
          50021, 
          50031, 
          50041, 
          50051, 
          50061
        ], 
        "6": [
          50002, 
          50012, 
          50022, 
          50032, 
          50042, 
          50052, 
          50062
        ]
      }, 
      "staffs": [
        [
          0, 
          86026, 
          11011
        ], 
        [
          1, 
          85526, 
          10011
        ], 
        [
          2, 
          85026, 
          10511
        ], 
        [
          3, 
          85526, 
          10511
        ], 
        [
          4, 
          86026, 
          10011
        ], 
        [
          5, 
          85026, 
          11011
        ]
      ]
    }
  }, 
  {
    "pk": 19, 
    "model": "training_tower.towergamelevel", 
    "fields": {
      "name": "\u7b2c19\u5c42", 
      "talent_id": 0, 
      "star_reward": {
        "1": [
          [
            30001, 
            1000
          ], 
          [
            30002, 
            30
          ]
        ], 
        "3": [
          [
            30001, 
            3000
          ], 
          [
            30002, 
            90
          ]
        ], 
        "2": [
          [
            30001, 
            2000
          ], 
          [
            30002, 
            60
          ]
        ]
      }, 
      "sale_goods": "", 
      "turntable": {
        "9": [], 
        "3": [], 
        "6": []
      }, 
      "staffs": [
        [
          2, 
          85029, 
          10513
        ], 
        [
          3, 
          85529, 
          10513
        ], 
        [
          7, 
          85029, 
          12013
        ], 
        [
          8, 
          85529, 
          11513
        ], 
        [
          9, 
          86029, 
          11513
        ], 
        [
          10, 
          85029, 
          12013
        ]
      ]
    }
  }, 
  {
    "pk": 20, 
    "model": "training_tower.towergamelevel", 
    "fields": {
      "name": "\u7b2c20\u5c42", 
      "talent_id": 0, 
      "star_reward": {
        "1": [
          [
            30001, 
            1000
          ], 
          [
            30002, 
            30
          ]
        ], 
        "3": [
          [
            30001, 
            3000
          ], 
          [
            30002, 
            90
          ]
        ], 
        "2": [
          [
            30001, 
            2000
          ], 
          [
            30002, 
            60
          ]
        ]
      }, 
      "sale_goods": "1,2;", 
      "turntable": {
        "9": [], 
        "3": [], 
        "6": []
      }, 
      "staffs": [
        [
          2, 
          85531, 
          32014
        ], 
        [
          3, 
          85531, 
          32014
        ], 
        [
          7, 
          85031, 
          31514
        ], 
        [
          8, 
          85531, 
          31514
        ], 
        [
          9, 
          86031, 
          31514
        ], 
        [
          10, 
          85031, 
          31514
        ]
      ]
    }
  }, 
  {
    "pk": 21, 
    "model": "training_tower.towergamelevel", 
    "fields": {
      "name": "\u7b2c21\u5c42", 
      "talent_id": 0, 
      "star_reward": {
        "1": [
          [
            30001, 
            1000
          ], 
          [
            30002, 
            30
          ]
        ], 
        "3": [
          [
            30001, 
            3000
          ], 
          [
            30002, 
            90
          ]
        ], 
        "2": [
          [
            30001, 
            2000
          ], 
          [
            30002, 
            60
          ]
        ]
      }, 
      "sale_goods": "", 
      "turntable": {
        "9": [
          50003, 
          50013, 
          50023, 
          50033, 
          50043, 
          50053, 
          50063
        ], 
        "3": [
          50001, 
          50011, 
          50021, 
          50031, 
          50041, 
          50051, 
          50061
        ], 
        "6": [
          50002, 
          50012, 
          50022, 
          50032, 
          50042, 
          50052, 
          50062
        ]
      }, 
      "staffs": [
        [
          2, 
          85533, 
          10516
        ], 
        [
          3, 
          85533, 
          10516
        ], 
        [
          7, 
          85033, 
          12016
        ], 
        [
          8, 
          85533, 
          12016
        ], 
        [
          9, 
          86033, 
          11516
        ], 
        [
          10, 
          85033, 
          12016
        ]
      ]
    }
  }, 
  {
    "pk": 22, 
    "model": "training_tower.towergamelevel", 
    "fields": {
      "name": "\u7b2c22\u5c42", 
      "talent_id": 0, 
      "star_reward": {
        "1": [
          [
            30001, 
            1000
          ], 
          [
            30002, 
            30
          ]
        ], 
        "3": [
          [
            30001, 
            3000
          ], 
          [
            30002, 
            90
          ]
        ], 
        "2": [
          [
            30001, 
            2000
          ], 
          [
            30002, 
            60
          ]
        ]
      }, 
      "sale_goods": "", 
      "turntable": {
        "9": [], 
        "3": [], 
        "6": []
      }, 
      "staffs": [
        [
          0, 
          85036, 
          30018
        ], 
        [
          1, 
          85536, 
          30018
        ], 
        [
          2, 
          85036, 
          31018
        ], 
        [
          3, 
          85536, 
          31018
        ], 
        [
          4, 
          86036, 
          30518
        ], 
        [
          5, 
          85036, 
          30518
        ]
      ]
    }
  }, 
  {
    "pk": 23, 
    "model": "training_tower.towergamelevel", 
    "fields": {
      "name": "\u7b2c23\u5c42", 
      "talent_id": 0, 
      "star_reward": {
        "1": [
          [
            30001, 
            1000
          ], 
          [
            30002, 
            30
          ]
        ], 
        "3": [
          [
            30001, 
            3000
          ], 
          [
            30002, 
            90
          ]
        ], 
        "2": [
          [
            30001, 
            2000
          ], 
          [
            30002, 
            60
          ]
        ]
      }, 
      "sale_goods": "", 
      "turntable": {
        "9": [], 
        "3": [], 
        "6": []
      }, 
      "staffs": [
        [
          2, 
          86039, 
          31020
        ], 
        [
          3, 
          85539, 
          31020
        ], 
        [
          7, 
          85039, 
          31520
        ], 
        [
          8, 
          85539, 
          21520
        ], 
        [
          9, 
          86039, 
          21520
        ], 
        [
          10, 
          85039, 
          31520
        ]
      ]
    }
  }, 
  {
    "pk": 24, 
    "model": "training_tower.towergamelevel", 
    "fields": {
      "name": "\u7b2c24\u5c42", 
      "talent_id": 0, 
      "star_reward": {
        "1": [
          [
            30001, 
            1000
          ], 
          [
            30002, 
            30
          ]
        ], 
        "3": [
          [
            30001, 
            3000
          ], 
          [
            30002, 
            90
          ]
        ], 
        "2": [
          [
            30001, 
            2000
          ], 
          [
            30002, 
            60
          ]
        ]
      }, 
      "sale_goods": "", 
      "turntable": {
        "9": [
          50003, 
          50013, 
          50023, 
          50033, 
          50043, 
          50053, 
          50063
        ], 
        "3": [
          50001, 
          50011, 
          50021, 
          50031, 
          50041, 
          50051, 
          50061
        ], 
        "6": [
          50002, 
          50012, 
          50022, 
          50032, 
          50042, 
          50052, 
          50062
        ]
      }, 
      "staffs": [
        [
          0, 
          85042, 
          10022
        ], 
        [
          1, 
          85542, 
          10022
        ], 
        [
          2, 
          85042, 
          12022
        ], 
        [
          3, 
          85542, 
          12022
        ], 
        [
          4, 
          86042, 
          10022
        ], 
        [
          5, 
          85042, 
          11522
        ]
      ]
    }
  }, 
  {
    "pk": 25, 
    "model": "training_tower.towergamelevel", 
    "fields": {
      "name": "\u7b2c25\u5c42", 
      "talent_id": 0, 
      "star_reward": {
        "1": [
          [
            30001, 
            1000
          ], 
          [
            30002, 
            30
          ]
        ], 
        "3": [
          [
            30001, 
            3000
          ], 
          [
            30002, 
            90
          ]
        ], 
        "2": [
          [
            30001, 
            2000
          ], 
          [
            30002, 
            60
          ]
        ]
      }, 
      "sale_goods": "1,2;", 
      "turntable": {
        "9": [], 
        "3": [], 
        "6": []
      }, 
      "staffs": [
        [
          2, 
          85545, 
          32024
        ], 
        [
          3, 
          85545, 
          32024
        ], 
        [
          7, 
          85045, 
          31524
        ], 
        [
          8, 
          85545, 
          22024
        ], 
        [
          9, 
          86045, 
          22024
        ], 
        [
          10, 
          85045, 
          11524
        ]
      ]
    }
  }, 
  {
    "pk": 26, 
    "model": "training_tower.towergamelevel", 
    "fields": {
      "name": "\u7b2c26\u5c42", 
      "talent_id": 0, 
      "star_reward": {
        "1": [
          [
            30001, 
            1000
          ], 
          [
            30002, 
            30
          ]
        ], 
        "3": [
          [
            30001, 
            3000
          ], 
          [
            30002, 
            90
          ]
        ], 
        "2": [
          [
            30001, 
            2000
          ], 
          [
            30002, 
            60
          ]
        ]
      }, 
      "sale_goods": "", 
      "turntable": {
        "9": [], 
        "3": [], 
        "6": []
      }, 
      "staffs": [
        [
          2, 
          85548, 
          20026
        ], 
        [
          3, 
          85548, 
          20026
        ], 
        [
          7, 
          85048, 
          20526
        ], 
        [
          8, 
          85548, 
          20526
        ], 
        [
          9, 
          86048, 
          21526
        ], 
        [
          10, 
          85048, 
          22026
        ]
      ]
    }
  }, 
  {
    "pk": 27, 
    "model": "training_tower.towergamelevel", 
    "fields": {
      "name": "\u7b2c27\u5c42", 
      "talent_id": 0, 
      "star_reward": {
        "1": [
          [
            30001, 
            1000
          ], 
          [
            30002, 
            30
          ]
        ], 
        "3": [
          [
            30001, 
            3000
          ], 
          [
            30002, 
            90
          ]
        ], 
        "2": [
          [
            30001, 
            2000
          ], 
          [
            30002, 
            60
          ]
        ]
      }, 
      "sale_goods": "", 
      "turntable": {
        "9": [
          50003, 
          50013, 
          50023, 
          50033, 
          50043, 
          50053, 
          50063
        ], 
        "3": [
          50001, 
          50011, 
          50021, 
          50031, 
          50041, 
          50051, 
          50061
        ], 
        "6": [
          50002, 
          50012, 
          50022, 
          50032, 
          50042, 
          50052, 
          50062
        ]
      }, 
      "staffs": [
        [
          2, 
          86051, 
          31027
        ], 
        [
          3, 
          85551, 
          31027
        ], 
        [
          7, 
          85051, 
          30527
        ], 
        [
          8, 
          85551, 
          30527
        ], 
        [
          9, 
          86051, 
          30527
        ], 
        [
          10, 
          85051, 
          30527
        ]
      ]
    }
  }, 
  {
    "pk": 28, 
    "model": "training_tower.towergamelevel", 
    "fields": {
      "name": "\u7b2c28\u5c42", 
      "talent_id": 0, 
      "star_reward": {
        "1": [
          [
            30001, 
            1000
          ], 
          [
            30002, 
            30
          ]
        ], 
        "3": [
          [
            30001, 
            3000
          ], 
          [
            30002, 
            90
          ]
        ], 
        "2": [
          [
            30001, 
            2000
          ], 
          [
            30002, 
            60
          ]
        ]
      }, 
      "sale_goods": "", 
      "turntable": {
        "9": [], 
        "3": [], 
        "6": []
      }, 
      "staffs": [
        [
          0, 
          86055, 
          11030
        ], 
        [
          1, 
          85555, 
          10030
        ], 
        [
          2, 
          85055, 
          10530
        ], 
        [
          3, 
          85555, 
          10530
        ], 
        [
          4, 
          86055, 
          10030
        ], 
        [
          5, 
          85055, 
          11030
        ]
      ]
    }
  }, 
  {
    "pk": 29, 
    "model": "training_tower.towergamelevel", 
    "fields": {
      "name": "\u7b2c29\u5c42", 
      "talent_id": 0, 
      "star_reward": {
        "1": [
          [
            30001, 
            1000
          ], 
          [
            30002, 
            30
          ]
        ], 
        "3": [
          [
            30001, 
            3000
          ], 
          [
            30002, 
            90
          ]
        ], 
        "2": [
          [
            30001, 
            2000
          ], 
          [
            30002, 
            60
          ]
        ]
      }, 
      "sale_goods": "", 
      "turntable": {
        "9": [], 
        "3": [], 
        "6": []
      }, 
      "staffs": [
        [
          2, 
          85059, 
          10532
        ], 
        [
          3, 
          85559, 
          10532
        ], 
        [
          7, 
          85059, 
          12032
        ], 
        [
          8, 
          85559, 
          11532
        ], 
        [
          9, 
          86059, 
          11532
        ], 
        [
          10, 
          85059, 
          12032
        ]
      ]
    }
  }, 
  {
    "pk": 30, 
    "model": "training_tower.towergamelevel", 
    "fields": {
      "name": "\u7b2c30\u5c42", 
      "talent_id": 0, 
      "star_reward": {
        "1": [
          [
            30001, 
            1000
          ], 
          [
            30002, 
            30
          ]
        ], 
        "3": [
          [
            30001, 
            3000
          ], 
          [
            30002, 
            90
          ]
        ], 
        "2": [
          [
            30001, 
            2000
          ], 
          [
            30002, 
            60
          ]
        ]
      }, 
      "sale_goods": "1,2;", 
      "turntable": {
        "9": [
          50003, 
          50013, 
          50023, 
          50033, 
          50043, 
          50053, 
          50063
        ], 
        "3": [
          50001, 
          50011, 
          50021, 
          50031, 
          50041, 
          50051, 
          50061
        ], 
        "6": [
          50002, 
          50012, 
          50022, 
          50032, 
          50042, 
          50052, 
          50062
        ]
      }, 
      "staffs": [
        [
          2, 
          85562, 
          31534
        ], 
        [
          3, 
          85562, 
          31534
        ], 
        [
          7, 
          85062, 
          31534
        ], 
        [
          8, 
          85562, 
          32034
        ], 
        [
          9, 
          86062, 
          32034
        ], 
        [
          10, 
          85062, 
          31534
        ]
      ]
    }
  }, 
  {
    "pk": 31, 
    "model": "training_tower.towergamelevel", 
    "fields": {
      "name": "\u7b2c31\u5c42", 
      "talent_id": 0, 
      "star_reward": {
        "1": [
          [
            30001, 
            1000
          ], 
          [
            30002, 
            30
          ]
        ], 
        "3": [
          [
            30001, 
            3000
          ], 
          [
            30002, 
            90
          ]
        ], 
        "2": [
          [
            30001, 
            2000
          ], 
          [
            30002, 
            60
          ]
        ]
      }, 
      "sale_goods": "", 
      "turntable": {
        "9": [], 
        "3": [], 
        "6": []
      }, 
      "staffs": [
        [
          0, 
          85566, 
          22036
        ], 
        [
          1, 
          85566, 
          20536
        ], 
        [
          2, 
          85066, 
          20536
        ], 
        [
          3, 
          85566, 
          20536
        ], 
        [
          4, 
          86066, 
          20536
        ], 
        [
          5, 
          85066, 
          20536
        ]
      ]
    }
  }, 
  {
    "pk": 32, 
    "model": "training_tower.towergamelevel", 
    "fields": {
      "name": "\u7b2c32\u5c42", 
      "talent_id": 0, 
      "star_reward": {
        "1": [
          [
            30001, 
            1000
          ], 
          [
            30002, 
            30
          ]
        ], 
        "3": [
          [
            30001, 
            3000
          ], 
          [
            30002, 
            90
          ]
        ], 
        "2": [
          [
            30001, 
            2000
          ], 
          [
            30002, 
            60
          ]
        ]
      }, 
      "sale_goods": "", 
      "turntable": {
        "9": [], 
        "3": [], 
        "6": []
      }, 
      "staffs": [
        [
          2, 
          85070, 
          10538
        ], 
        [
          3, 
          85570, 
          31038
        ], 
        [
          7, 
          85070, 
          11038
        ], 
        [
          8, 
          85570, 
          21538
        ], 
        [
          9, 
          86070, 
          21538
        ], 
        [
          10, 
          85070, 
          11038
        ]
      ]
    }
  }, 
  {
    "pk": 33, 
    "model": "training_tower.towergamelevel", 
    "fields": {
      "name": "\u7b2c33\u5c42", 
      "talent_id": 0, 
      "star_reward": {
        "1": [
          [
            30001, 
            1000
          ], 
          [
            30002, 
            30
          ]
        ], 
        "3": [
          [
            30001, 
            3000
          ], 
          [
            30002, 
            90
          ]
        ], 
        "2": [
          [
            30001, 
            2000
          ], 
          [
            30002, 
            60
          ]
        ]
      }, 
      "sale_goods": "", 
      "turntable": {
        "9": [
          50003, 
          50013, 
          50023, 
          50033, 
          50043, 
          50053, 
          50063
        ], 
        "3": [
          50001, 
          50011, 
          50021, 
          50031, 
          50041, 
          50051, 
          50061
        ], 
        "6": [
          50002, 
          50012, 
          50022, 
          50032, 
          50042, 
          50052, 
          50062
        ]
      }, 
      "staffs": [
        [
          2, 
          86074, 
          20041
        ], 
        [
          3, 
          85574, 
          20041
        ], 
        [
          7, 
          85074, 
          20541
        ], 
        [
          8, 
          85574, 
          22041
        ], 
        [
          9, 
          86074, 
          22041
        ], 
        [
          10, 
          85074, 
          20541
        ]
      ]
    }
  }, 
  {
    "pk": 34, 
    "model": "training_tower.towergamelevel", 
    "fields": {
      "name": "\u7b2c34\u5c42", 
      "talent_id": 0, 
      "star_reward": {
        "1": [
          [
            30001, 
            1000
          ], 
          [
            30002, 
            30
          ]
        ], 
        "3": [
          [
            30001, 
            3000
          ], 
          [
            30002, 
            90
          ]
        ], 
        "2": [
          [
            30001, 
            2000
          ], 
          [
            30002, 
            60
          ]
        ]
      }, 
      "sale_goods": "", 
      "turntable": {
        "9": [], 
        "3": [], 
        "6": []
      }, 
      "staffs": [
        [
          2, 
          85079, 
          10543
        ], 
        [
          3, 
          85579, 
          10543
        ], 
        [
          7, 
          85079, 
          10043
        ], 
        [
          8, 
          85579, 
          10043
        ], 
        [
          9, 
          86079, 
          11543
        ], 
        [
          10, 
          85079, 
          10043
        ]
      ]
    }
  }, 
  {
    "pk": 35, 
    "model": "training_tower.towergamelevel", 
    "fields": {
      "name": "\u7b2c35\u5c42", 
      "talent_id": 0, 
      "star_reward": {
        "1": [
          [
            30001, 
            1000
          ], 
          [
            30002, 
            30
          ]
        ], 
        "3": [
          [
            30001, 
            3000
          ], 
          [
            30002, 
            90
          ]
        ], 
        "2": [
          [
            30001, 
            2000
          ], 
          [
            30002, 
            60
          ]
        ]
      }, 
      "sale_goods": "1,2;", 
      "turntable": {
        "9": [], 
        "3": [], 
        "6": []
      }, 
      "staffs": [
        [
          2, 
          85583, 
          10546
        ], 
        [
          3, 
          85583, 
          10546
        ], 
        [
          7, 
          85083, 
          11046
        ], 
        [
          8, 
          85583, 
          12046
        ], 
        [
          9, 
          86083, 
          11546
        ], 
        [
          10, 
          85083, 
          11046
        ]
      ]
    }
  }, 
  {
    "pk": 36, 
    "model": "training_tower.towergamelevel", 
    "fields": {
      "name": "\u7b2c36\u5c42", 
      "talent_id": 0, 
      "star_reward": {
        "1": [
          [
            30001, 
            1000
          ], 
          [
            30002, 
            30
          ]
        ], 
        "3": [
          [
            30001, 
            3000
          ], 
          [
            30002, 
            90
          ]
        ], 
        "2": [
          [
            30001, 
            2000
          ], 
          [
            30002, 
            60
          ]
        ]
      }, 
      "sale_goods": "", 
      "turntable": {
        "9": [
          50003, 
          50013, 
          50023, 
          50033, 
          50043, 
          50053, 
          50063
        ], 
        "3": [
          50001, 
          50011, 
          50021, 
          50031, 
          50041, 
          50051, 
          50061
        ], 
        "6": [
          50002, 
          50012, 
          50022, 
          50032, 
          50042, 
          50052, 
          50062
        ]
      }, 
      "staffs": [
        [
          0, 
          85588, 
          30549
        ], 
        [
          1, 
          85588, 
          30549
        ], 
        [
          2, 
          85088, 
          30549
        ], 
        [
          3, 
          85588, 
          30549
        ], 
        [
          4, 
          86088, 
          30549
        ], 
        [
          5, 
          85088, 
          30549
        ]
      ]
    }
  }, 
  {
    "pk": 37, 
    "model": "training_tower.towergamelevel", 
    "fields": {
      "name": "\u7b2c37\u5c42", 
      "talent_id": 0, 
      "star_reward": {
        "1": [
          [
            30001, 
            1000
          ], 
          [
            30002, 
            30
          ]
        ], 
        "3": [
          [
            30001, 
            3000
          ], 
          [
            30002, 
            90
          ]
        ], 
        "2": [
          [
            30001, 
            2000
          ], 
          [
            30002, 
            60
          ]
        ]
      }, 
      "sale_goods": "", 
      "turntable": {
        "9": [], 
        "3": [], 
        "6": []
      }, 
      "staffs": [
        [
          2, 
          86093, 
          31052
        ], 
        [
          3, 
          85593, 
          31052
        ], 
        [
          7, 
          85093, 
          31552
        ], 
        [
          8, 
          85593, 
          21552
        ], 
        [
          9, 
          86093, 
          21552
        ], 
        [
          10, 
          85093, 
          31552
        ]
      ]
    }
  }, 
  {
    "pk": 38, 
    "model": "training_tower.towergamelevel", 
    "fields": {
      "name": "\u7b2c38\u5c42", 
      "talent_id": 0, 
      "star_reward": {
        "1": [
          [
            30001, 
            1000
          ], 
          [
            30002, 
            30
          ]
        ], 
        "3": [
          [
            30001, 
            3000
          ], 
          [
            30002, 
            90
          ]
        ], 
        "2": [
          [
            30001, 
            2000
          ], 
          [
            30002, 
            60
          ]
        ]
      }, 
      "sale_goods": "", 
      "turntable": {
        "9": [], 
        "3": [], 
        "6": []
      }, 
      "staffs": [
        [
          2, 
          86098, 
          20055
        ], 
        [
          3, 
          85598, 
          20055
        ], 
        [
          7, 
          85098, 
          21555
        ], 
        [
          8, 
          85598, 
          11055
        ], 
        [
          9, 
          86098, 
          11055
        ], 
        [
          10, 
          85098, 
          21555
        ]
      ]
    }
  }, 
  {
    "pk": 39, 
    "model": "training_tower.towergamelevel", 
    "fields": {
      "name": "\u7b2c39\u5c42", 
      "talent_id": 0, 
      "star_reward": {
        "1": [
          [
            30001, 
            1000
          ], 
          [
            30002, 
            30
          ]
        ], 
        "3": [
          [
            30001, 
            3000
          ], 
          [
            30002, 
            90
          ]
        ], 
        "2": [
          [
            30001, 
            2000
          ], 
          [
            30002, 
            60
          ]
        ]
      }, 
      "sale_goods": "", 
      "turntable": {
        "9": [
          50003, 
          50013, 
          50023, 
          50033, 
          50043, 
          50053, 
          50063
        ], 
        "3": [
          50001, 
          50011, 
          50021, 
          50031, 
          50041, 
          50051, 
          50061
        ], 
        "6": [
          50002, 
          50012, 
          50022, 
          50032, 
          50042, 
          50052, 
          50062
        ]
      }, 
      "staffs": [
        [
          2, 
          85103, 
          31058
        ], 
        [
          3, 
          85603, 
          31058
        ], 
        [
          7, 
          85103, 
          31558
        ], 
        [
          8, 
          85603, 
          21558
        ], 
        [
          9, 
          86103, 
          21558
        ], 
        [
          10, 
          85103, 
          31558
        ]
      ]
    }
  }, 
  {
    "pk": 40, 
    "model": "training_tower.towergamelevel", 
    "fields": {
      "name": "\u7b2c40\u5c42", 
      "talent_id": 0, 
      "star_reward": {
        "1": [
          [
            30001, 
            1000
          ], 
          [
            30002, 
            30
          ]
        ], 
        "3": [
          [
            30001, 
            3000
          ], 
          [
            30002, 
            90
          ]
        ], 
        "2": [
          [
            30001, 
            2000
          ], 
          [
            30002, 
            60
          ]
        ]
      }, 
      "sale_goods": "1,2;", 
      "turntable": {
        "9": [], 
        "3": [], 
        "6": []
      }, 
      "staffs": [
        [
          0, 
          85608, 
          11061
        ], 
        [
          5, 
          85608, 
          11061
        ], 
        [
          7, 
          85108, 
          10061
        ], 
        [
          10, 
          85608, 
          10061
        ], 
        [
          14, 
          86108, 
          10061
        ], 
        [
          15, 
          85108, 
          11561
        ]
      ]
    }
  }, 
  {
    "pk": 41, 
    "model": "training_tower.towergamelevel", 
    "fields": {
      "name": "\u7b2c41\u5c42", 
      "talent_id": 0, 
      "star_reward": {
        "1": [
          [
            30001, 
            1000
          ], 
          [
            30002, 
            30
          ]
        ], 
        "3": [
          [
            30001, 
            3000
          ], 
          [
            30002, 
            90
          ]
        ], 
        "2": [
          [
            30001, 
            2000
          ], 
          [
            30002, 
            60
          ]
        ]
      }, 
      "sale_goods": "", 
      "turntable": {
        "9": [], 
        "3": [], 
        "6": []
      }, 
      "staffs": [
        [
          2, 
          85613, 
          10564
        ], 
        [
          3, 
          85613, 
          10564
        ], 
        [
          7, 
          85113, 
          11064
        ], 
        [
          8, 
          85613, 
          12064
        ], 
        [
          9, 
          86113, 
          12064
        ], 
        [
          10, 
          85113, 
          11064
        ]
      ]
    }
  }, 
  {
    "pk": 42, 
    "model": "training_tower.towergamelevel", 
    "fields": {
      "name": "\u7b2c42\u5c42", 
      "talent_id": 0, 
      "star_reward": {
        "1": [
          [
            30001, 
            1000
          ], 
          [
            30002, 
            30
          ]
        ], 
        "3": [
          [
            30001, 
            3000
          ], 
          [
            30002, 
            90
          ]
        ], 
        "2": [
          [
            30001, 
            2000
          ], 
          [
            30002, 
            60
          ]
        ]
      }, 
      "sale_goods": "", 
      "turntable": {
        "9": [
          50003, 
          50013, 
          50023, 
          50033, 
          50043, 
          50053, 
          50063
        ], 
        "3": [
          50001, 
          50011, 
          50021, 
          50031, 
          50041, 
          50051, 
          50061
        ], 
        "6": [
          50002, 
          50012, 
          50022, 
          50032, 
          50042, 
          50052, 
          50062
        ]
      }, 
      "staffs": [
        [
          0, 
          85119, 
          11067
        ], 
        [
          1, 
          85619, 
          11067
        ], 
        [
          2, 
          85119, 
          11067
        ], 
        [
          3, 
          85619, 
          11067
        ], 
        [
          4, 
          86119, 
          21567
        ], 
        [
          5, 
          85119, 
          21567
        ]
      ]
    }
  }, 
  {
    "pk": 43, 
    "model": "training_tower.towergamelevel", 
    "fields": {
      "name": "\u7b2c43\u5c42", 
      "talent_id": 0, 
      "star_reward": {
        "1": [
          [
            30001, 
            1000
          ], 
          [
            30002, 
            30
          ]
        ], 
        "3": [
          [
            30001, 
            3000
          ], 
          [
            30002, 
            90
          ]
        ], 
        "2": [
          [
            30001, 
            2000
          ], 
          [
            30002, 
            60
          ]
        ]
      }, 
      "sale_goods": "", 
      "turntable": {
        "9": [], 
        "3": [], 
        "6": []
      }, 
      "staffs": [
        [
          2, 
          86124, 
          20070
        ], 
        [
          3, 
          85624, 
          20070
        ], 
        [
          7, 
          85124, 
          31570
        ], 
        [
          8, 
          85624, 
          21570
        ], 
        [
          15, 
          86124, 
          11070
        ], 
        [
          27, 
          85124, 
          11070
        ]
      ]
    }
  }, 
  {
    "pk": 44, 
    "model": "training_tower.towergamelevel", 
    "fields": {
      "name": "\u7b2c44\u5c42", 
      "talent_id": 0, 
      "star_reward": {
        "1": [
          [
            30001, 
            1000
          ], 
          [
            30002, 
            30
          ]
        ], 
        "3": [
          [
            30001, 
            3000
          ], 
          [
            30002, 
            90
          ]
        ], 
        "2": [
          [
            30001, 
            2000
          ], 
          [
            30002, 
            60
          ]
        ]
      }, 
      "sale_goods": "", 
      "turntable": {
        "9": [], 
        "3": [], 
        "6": []
      }, 
      "staffs": [
        [
          0, 
          85130, 
          12074
        ], 
        [
          1, 
          85630, 
          12074
        ], 
        [
          2, 
          85130, 
          12074
        ], 
        [
          3, 
          85630, 
          12074
        ], 
        [
          4, 
          86130, 
          12074
        ], 
        [
          5, 
          85130, 
          12074
        ]
      ]
    }
  }, 
  {
    "pk": 45, 
    "model": "training_tower.towergamelevel", 
    "fields": {
      "name": "\u7b2c45\u5c42", 
      "talent_id": 0, 
      "star_reward": {
        "1": [
          [
            30001, 
            1000
          ], 
          [
            30002, 
            30
          ]
        ], 
        "3": [
          [
            30001, 
            3000
          ], 
          [
            30002, 
            90
          ]
        ], 
        "2": [
          [
            30001, 
            2000
          ], 
          [
            30002, 
            60
          ]
        ]
      }, 
      "sale_goods": "1,2;", 
      "turntable": {
        "9": [
          50003, 
          50013, 
          50023, 
          50033, 
          50043, 
          50053, 
          50063
        ], 
        "3": [
          50001, 
          50011, 
          50021, 
          50031, 
          50041, 
          50051, 
          50061
        ], 
        "6": [
          50002, 
          50012, 
          50022, 
          50032, 
          50042, 
          50052, 
          50062
        ]
      }, 
      "staffs": [
        [
          2, 
          85636, 
          11077
        ], 
        [
          3, 
          85636, 
          11077
        ], 
        [
          4, 
          85136, 
          11077
        ], 
        [
          8, 
          85636, 
          10077
        ], 
        [
          9, 
          86136, 
          10077
        ], 
        [
          10, 
          85136, 
          10077
        ]
      ]
    }
  }, 
  {
    "pk": 46, 
    "model": "training_tower.towergamelevel", 
    "fields": {
      "name": "\u7b2c46\u5c42", 
      "talent_id": 0, 
      "star_reward": {
        "1": [
          [
            30001, 
            1000
          ], 
          [
            30002, 
            30
          ]
        ], 
        "3": [
          [
            30001, 
            3000
          ], 
          [
            30002, 
            90
          ]
        ], 
        "2": [
          [
            30001, 
            2000
          ], 
          [
            30002, 
            60
          ]
        ]
      }, 
      "sale_goods": "", 
      "turntable": {
        "9": [], 
        "3": [], 
        "6": []
      }, 
      "staffs": [
        [
          1, 
          85642, 
          30581
        ], 
        [
          2, 
          85642, 
          20081
        ], 
        [
          3, 
          85142, 
          20081
        ], 
        [
          4, 
          85642, 
          21081
        ], 
        [
          8, 
          86142, 
          10081
        ], 
        [
          11, 
          85142, 
          10081
        ]
      ]
    }
  }, 
  {
    "pk": 47, 
    "model": "training_tower.towergamelevel", 
    "fields": {
      "name": "\u7b2c47\u5c42", 
      "talent_id": 0, 
      "star_reward": {
        "1": [
          [
            30001, 
            1000
          ], 
          [
            30002, 
            30
          ]
        ], 
        "3": [
          [
            30001, 
            3000
          ], 
          [
            30002, 
            90
          ]
        ], 
        "2": [
          [
            30001, 
            2000
          ], 
          [
            30002, 
            60
          ]
        ]
      }, 
      "sale_goods": "", 
      "turntable": {
        "9": [], 
        "3": [], 
        "6": []
      }, 
      "staffs": [
        [
          2, 
          86149, 
          31085
        ], 
        [
          3, 
          85649, 
          31085
        ], 
        [
          7, 
          85149, 
          30585
        ], 
        [
          8, 
          85649, 
          30585
        ], 
        [
          9, 
          86149, 
          30585
        ], 
        [
          10, 
          85149, 
          30585
        ]
      ]
    }
  }, 
  {
    "pk": 48, 
    "model": "training_tower.towergamelevel", 
    "fields": {
      "name": "\u7b2c48\u5c42", 
      "talent_id": 0, 
      "star_reward": {
        "1": [
          [
            30001, 
            1000
          ], 
          [
            30002, 
            30
          ]
        ], 
        "3": [
          [
            30001, 
            3000
          ], 
          [
            30002, 
            90
          ]
        ], 
        "2": [
          [
            30001, 
            2000
          ], 
          [
            30002, 
            60
          ]
        ]
      }, 
      "sale_goods": "", 
      "turntable": {
        "9": [
          50003, 
          50013, 
          50023, 
          50033, 
          50043, 
          50053, 
          50063
        ], 
        "3": [
          50001, 
          50011, 
          50021, 
          50031, 
          50041, 
          50051, 
          50061
        ], 
        "6": [
          50002, 
          50012, 
          50022, 
          50032, 
          50042, 
          50052, 
          50062
        ]
      }, 
      "staffs": [
        [
          0, 
          86155, 
          11089
        ], 
        [
          1, 
          85655, 
          10089
        ], 
        [
          2, 
          85155, 
          10589
        ], 
        [
          3, 
          85655, 
          10589
        ], 
        [
          4, 
          86155, 
          10089
        ], 
        [
          5, 
          85155, 
          11089
        ]
      ]
    }
  }, 
  {
    "pk": 49, 
    "model": "training_tower.towergamelevel", 
    "fields": {
      "name": "\u7b2c49\u5c42", 
      "talent_id": 0, 
      "star_reward": {
        "1": [
          [
            30001, 
            1000
          ], 
          [
            30002, 
            30
          ]
        ], 
        "3": [
          [
            30001, 
            3000
          ], 
          [
            30002, 
            90
          ]
        ], 
        "2": [
          [
            30001, 
            2000
          ], 
          [
            30002, 
            60
          ]
        ]
      }, 
      "sale_goods": "", 
      "turntable": {
        "9": [], 
        "3": [], 
        "6": []
      }, 
      "staffs": [
        [
          2, 
          85162, 
          10593
        ], 
        [
          3, 
          85662, 
          10593
        ], 
        [
          7, 
          85162, 
          12093
        ], 
        [
          8, 
          85662, 
          11593
        ], 
        [
          9, 
          86162, 
          11593
        ], 
        [
          10, 
          85162, 
          12093
        ]
      ]
    }
  }, 
  {
    "pk": 50, 
    "model": "training_tower.towergamelevel", 
    "fields": {
      "name": "\u7b2c50\u5c42", 
      "talent_id": 0, 
      "star_reward": {
        "1": [
          [
            30001, 
            1000
          ], 
          [
            30002, 
            30
          ]
        ], 
        "3": [
          [
            30001, 
            3000
          ], 
          [
            30002, 
            90
          ]
        ], 
        "2": [
          [
            30001, 
            2000
          ], 
          [
            30002, 
            60
          ]
        ]
      }, 
      "sale_goods": "1,2;", 
      "turntable": {
        "9": [], 
        "3": [], 
        "6": []
      }, 
      "staffs": [
        [
          2, 
          85669, 
          32097
        ], 
        [
          3, 
          85669, 
          32097
        ], 
        [
          7, 
          85169, 
          31597
        ], 
        [
          8, 
          85669, 
          21597
        ], 
        [
          9, 
          86169, 
          21597
        ], 
        [
          10, 
          85169, 
          31597
        ]
      ]
    }
  }
]