[
{
    "model": "training_tower.towersalegoods",
    "pk": 1,
    "fields": {
        "price_original": 25,
        "price_now": 20,
        "vip_need": 0,
        "item_id": 30001,
        "amount": 50000,
        "des": "\u6298\u6263\u7269\u54c1"
    }
},
{
    "model": "training_tower.towersalegoods",
    "pk": 2,
    "fields": {
        "price_original": 50,
        "price_now": 25,
        "vip_need": 1,
        "item_id": 30001,
        "amount": 100000,
        "des": "\u6298\u6263\u7269\u54c1"
    }
},
{
    "model": "training_tower.towersalegoods",
    "pk": 3,
    "fields": {
        "price_original": 50,
        "price_now": 40,
        "vip_need": 0,
        "item_id": 30001,
        "amount": 100000,
        "des": "\u6298\u6263\u7269\u54c1"
    }
},
{
    "model": "training_tower.towersalegoods",
    "pk": 4,
    "fields": {
        "price_original": 100,
        "price_now": 50,
        "vip_need": 3,
        "item_id": 30001,
        "amount": 200000,
        "des": "\u6298\u6263\u7269\u54c1"
    }
},
{
    "model": "training_tower.towersalegoods",
    "pk": 5,
    "fields": {
        "price_original": 75,
        "price_now": 60,
        "vip_need": 0,
        "item_id": 30001,
        "amount": 150000,
        "des": "\u6298\u6263\u7269\u54c1"
    }
},
{
    "model": "training_tower.towersalegoods",
    "pk": 6,
    "fields": {
        "price_original": 150,
        "price_now": 75,
        "vip_need": 5,
        "item_id": 30001,
        "amount": 300000,
        "des": "\u6298\u6263\u7269\u54c1"
    }
},
{
    "model": "training_tower.towersalegoods",
    "pk": 7,
    "fields": {
        "price_original": 125,
        "price_now": 100,
        "vip_need": 0,
        "item_id": 30001,
        "amount": 250000,
        "des": "\u6298\u6263\u7269\u54c1"
    }
},
{
    "model": "training_tower.towersalegoods",
    "pk": 8,
    "fields": {
        "price_original": 250,
        "price_now": 125,
        "vip_need": 8,
        "item_id": 30001,
        "amount": 500000,
        "des": "\u6298\u6263\u7269\u54c1"
    }
},
{
    "model": "training_tower.towersalegoods",
    "pk": 101,
    "fields": {
        "price_original": 20,
        "price_now": 16,
        "vip_need": 0,
        "item_id": 30009,
        "amount": 1,
        "des": "\u6298\u6263\u7269\u54c1"
    }
},
{
    "model": "training_tower.towersalegoods",
    "pk": 102,
    "fields": {
        "price_original": 40,
        "price_now": 20,
        "vip_need": 1,
        "item_id": 30009,
        "amount": 2,
        "des": "\u6298\u6263\u7269\u54c1"
    }
},
{
    "model": "training_tower.towersalegoods",
    "pk": 103,
    "fields": {
        "price_original": 40,
        "price_now": 32,
        "vip_need": 0,
        "item_id": 30009,
        "amount": 2,
        "des": "\u6298\u6263\u7269\u54c1"
    }
},
{
    "model": "training_tower.towersalegoods",
    "pk": 104,
    "fields": {
        "price_original": 80,
        "price_now": 40,
        "vip_need": 3,
        "item_id": 30009,
        "amount": 4,
        "des": "\u6298\u6263\u7269\u54c1"
    }
},
{
    "model": "training_tower.towersalegoods",
    "pk": 105,
    "fields": {
        "price_original": 60,
        "price_now": 48,
        "vip_need": 0,
        "item_id": 30009,
        "amount": 3,
        "des": "\u6298\u6263\u7269\u54c1"
    }
},
{
    "model": "training_tower.towersalegoods",
    "pk": 106,
    "fields": {
        "price_original": 120,
        "price_now": 60,
        "vip_need": 5,
        "item_id": 30009,
        "amount": 6,
        "des": "\u6298\u6263\u7269\u54c1"
    }
},
{
    "model": "training_tower.towersalegoods",
    "pk": 107,
    "fields": {
        "price_original": 80,
        "price_now": 64,
        "vip_need": 0,
        "item_id": 30009,
        "amount": 4,
        "des": "\u6298\u6263\u7269\u54c1"
    }
},
{
    "model": "training_tower.towersalegoods",
    "pk": 108,
    "fields": {
        "price_original": 160,
        "price_now": 80,
        "vip_need": 8,
        "item_id": 30009,
        "amount": 8,
        "des": "\u6298\u6263\u7269\u54c1"
    }
},
{
    "model": "training_tower.towersalegoods",
    "pk": 201,
    "fields": {
        "price_original": 30,
        "price_now": 24,
        "vip_need": 0,
        "item_id": 30004,
        "amount": 15,
        "des": "\u6298\u6263\u7269\u54c1"
    }
},
{
    "model": "training_tower.towersalegoods",
    "pk": 202,
    "fields": {
        "price_original": 60,
        "price_now": 30,
        "vip_need": 1,
        "item_id": 30004,
        "amount": 30,
        "des": "\u6298\u6263\u7269\u54c1"
    }
},
{
    "model": "training_tower.towersalegoods",
    "pk": 203,
    "fields": {
        "price_original": 60,
        "price_now": 48,
        "vip_need": 0,
        "item_id": 30004,
        "amount": 30,
        "des": "\u6298\u6263\u7269\u54c1"
    }
},
{
    "model": "training_tower.towersalegoods",
    "pk": 204,
    "fields": {
        "price_original": 120,
        "price_now": 60,
        "vip_need": 3,
        "item_id": 30004,
        "amount": 60,
        "des": "\u6298\u6263\u7269\u54c1"
    }
},
{
    "model": "training_tower.towersalegoods",
    "pk": 205,
    "fields": {
        "price_original": 120,
        "price_now": 96,
        "vip_need": 0,
        "item_id": 30004,
        "amount": 60,
        "des": "\u6298\u6263\u7269\u54c1"
    }
},
{
    "model": "training_tower.towersalegoods",
    "pk": 206,
    "fields": {
        "price_original": 240,
        "price_now": 120,
        "vip_need": 5,
        "item_id": 30004,
        "amount": 120,
        "des": "\u6298\u6263\u7269\u54c1"
    }
},
{
    "model": "training_tower.towersalegoods",
    "pk": 207,
    "fields": {
        "price_original": 240,
        "price_now": 192,
        "vip_need": 0,
        "item_id": 30004,
        "amount": 120,
        "des": "\u6298\u6263\u7269\u54c1"
    }
},
{
    "model": "training_tower.towersalegoods",
    "pk": 208,
    "fields": {
        "price_original": 480,
        "price_now": 240,
        "vip_need": 8,
        "item_id": 30004,
        "amount": 240,
        "des": "\u6298\u6263\u7269\u54c1"
    }
},
{
    "model": "training_tower.towersalegoods",
    "pk": 301,
    "fields": {
        "price_original": 20,
        "price_now": 16,
        "vip_need": 0,
        "item_id": 30007,
        "amount": 2,
        "des": "\u6298\u6263\u7269\u54c1"
    }
},
{
    "model": "training_tower.towersalegoods",
    "pk": 302,
    "fields": {
        "price_original": 40,
        "price_now": 20,
        "vip_need": 1,
        "item_id": 30007,
        "amount": 4,
        "des": "\u6298\u6263\u7269\u54c1"
    }
},
{
    "model": "training_tower.towersalegoods",
    "pk": 303,
    "fields": {
        "price_original": 40,
        "price_now": 32,
        "vip_need": 0,
        "item_id": 30007,
        "amount": 4,
        "des": "\u6298\u6263\u7269\u54c1"
    }
},
{
    "model": "training_tower.towersalegoods",
    "pk": 304,
    "fields": {
        "price_original": 80,
        "price_now": 40,
        "vip_need": 3,
        "item_id": 30007,
        "amount": 8,
        "des": "\u6298\u6263\u7269\u54c1"
    }
},
{
    "model": "training_tower.towersalegoods",
    "pk": 305,
    "fields": {
        "price_original": 80,
        "price_now": 64,
        "vip_need": 0,
        "item_id": 30007,
        "amount": 8,
        "des": "\u6298\u6263\u7269\u54c1"
    }
},
{
    "model": "training_tower.towersalegoods",
    "pk": 306,
    "fields": {
        "price_original": 160,
        "price_now": 80,
        "vip_need": 5,
        "item_id": 30007,
        "amount": 16,
        "des": "\u6298\u6263\u7269\u54c1"
    }
},
{
    "model": "training_tower.towersalegoods",
    "pk": 307,
    "fields": {
        "price_original": 160,
        "price_now": 128,
        "vip_need": 0,
        "item_id": 30007,
        "amount": 16,
        "des": "\u6298\u6263\u7269\u54c1"
    }
},
{
    "model": "training_tower.towersalegoods",
    "pk": 308,
    "fields": {
        "price_original": 320,
        "price_now": 160,
        "vip_need": 8,
        "item_id": 30007,
        "amount": 32,
        "des": "\u6298\u6263\u7269\u54c1"
    }
}
]
