[
  {
    "pk": 1, 
    "model": "training_tower.towergamelevel", 
    "fields": {
      "name": "\u7b2c1\u5c42", 
      "map_name": "PVE02", 
      "talent_id": 60020, 
      "star_reward": {
        "1": [
          [
            30001, 
            1000
          ], 
          [
            30002, 
            30
          ]
        ], 
        "3": [
          [
            30001, 
            3000
          ], 
          [
            30002, 
            90
          ]
        ], 
        "2": [
          [
            30001, 
            2000
          ], 
          [
            30002, 
            60
          ]
        ]
      }, 
      "sale_goods": [], 
      "turntable": {
        "9": [], 
        "3": [], 
        "6": []
      }, 
      "staffs": [
        [
          2, 
          85004, 
          31001
        ], 
        [
          3, 
          85504, 
          31001
        ], 
        [
          7, 
          85004, 
          31501
        ], 
        [
          8, 
          85504, 
          32001
        ], 
        [
          9, 
          86004, 
          32001
        ], 
        [
          10, 
          85004, 
          31501
        ]
      ]
    }
  }, 
  {
    "pk": 2, 
    "model": "training_tower.towergamelevel", 
    "fields": {
      "name": "\u7b2c2\u5c42", 
      "map_name": "PVE02", 
      "talent_id": 60020, 
      "star_reward": {
        "1": [
          [
            30001, 
            1000
          ], 
          [
            30002, 
            30
          ]
        ], 
        "3": [
          [
            30001, 
            3000
          ], 
          [
            30002, 
            90
          ]
        ], 
        "2": [
          [
            30001, 
            2000
          ], 
          [
            30002, 
            60
          ]
        ]
      }, 
      "sale_goods": [], 
      "turntable": {
        "9": [], 
        "3": [], 
        "6": []
      }, 
      "staffs": [
        [
          2, 
          85004, 
          10501
        ], 
        [
          3, 
          85504, 
          10501
        ], 
        [
          7, 
          85004, 
          11001
        ], 
        [
          8, 
          85504, 
          10001
        ], 
        [
          9, 
          86004, 
          10001
        ], 
        [
          10, 
          85004, 
          11001
        ]
      ]
    }
  }, 
  {
    "pk": 3, 
    "model": "training_tower.towergamelevel", 
    "fields": {
      "name": "\u7b2c3\u5c42", 
      "map_name": "PVE02", 
      "talent_id": 60020, 
      "star_reward": {
        "1": [
          [
            30001, 
            1000
          ], 
          [
            30002, 
            30
          ]
        ], 
        "3": [
          [
            30001, 
            3000
          ], 
          [
            30002, 
            90
          ]
        ], 
        "2": [
          [
            30001, 
            2000
          ], 
          [
            30002, 
            60
          ]
        ]
      }, 
      "sale_goods": [], 
      "turntable": {
        "9": [
          50003, 
          50013, 
          50023, 
          50033, 
          50043, 
          50053, 
          50063
        ], 
        "3": [
          50001, 
          50011, 
          50021, 
          50031, 
          50041, 
          50051, 
          50061
        ], 
        "6": [
          50002, 
          50012, 
          50022, 
          50032, 
          50042, 
          50052, 
          50062
        ]
      }, 
      "staffs": [
        [
          2, 
          76505, 
          20001
        ], 
        [
          3, 
          77505, 
          20001
        ], 
        [
          7, 
          85005, 
          20501
        ], 
        [
          8, 
          85505, 
          21001
        ], 
        [
          9, 
          86005, 
          21001
        ], 
        [
          10, 
          85005, 
          20501
        ]
      ]
    }
  }, 
  {
    "pk": 4, 
    "model": "training_tower.towergamelevel", 
    "fields": {
      "name": "\u7b2c4\u5c42", 
      "map_name": "PVE02", 
      "talent_id": 60020, 
      "star_reward": {
        "1": [
          [
            30001, 
            1000
          ], 
          [
            30002, 
            30
          ]
        ], 
        "3": [
          [
            30001, 
            3000
          ], 
          [
            30002, 
            90
          ]
        ], 
        "2": [
          [
            30001, 
            2000
          ], 
          [
            30002, 
            60
          ]
        ]
      }, 
      "sale_goods": [], 
      "turntable": {
        "9": [], 
        "3": [], 
        "6": []
      }, 
      "staffs": [
        [
          2, 
          85006, 
          10501
        ], 
        [
          3, 
          85506, 
          10501
        ], 
        [
          7, 
          85006, 
          10001
        ], 
        [
          8, 
          85506, 
          10001
        ], 
        [
          9, 
          86006, 
          11501
        ], 
        [
          10, 
          85006, 
          10001
        ]
      ]
    }
  }, 
  {
    "pk": 5, 
    "model": "training_tower.towergamelevel", 
    "fields": {
      "name": "\u7b2c5\u5c42", 
      "map_name": "PVE02", 
      "talent_id": 60020, 
      "star_reward": {
        "1": [
          [
            30001, 
            1000
          ], 
          [
            30002, 
            30
          ]
        ], 
        "3": [
          [
            30001, 
            3000
          ], 
          [
            30002, 
            90
          ]
        ], 
        "2": [
          [
            30001, 
            2000
          ], 
          [
            30002, 
            60
          ]
        ]
      }, 
      "sale_goods": [
        [
          1, 
          2, 
          25
        ], 
        [
          201, 
          202, 
          35
        ], 
        [
          301, 
          302, 
          45
        ]
      ], 
      "turntable": {
        "9": [], 
        "3": [], 
        "6": []
      }, 
      "staffs": [
        [
          2, 
          81007, 
          31001
        ], 
        [
          3, 
          80507, 
          31001
        ], 
        [
          7, 
          82507, 
          30501
        ], 
        [
          8, 
          83507, 
          30501
        ], 
        [
          9, 
          80007, 
          30501
        ], 
        [
          10, 
          84007, 
          30501
        ]
      ]
    }
  }, 
  {
    "pk": 6, 
    "model": "training_tower.towergamelevel", 
    "fields": {
      "name": "\u7b2c6\u5c42", 
      "map_name": "PVE02", 
      "talent_id": 60020, 
      "star_reward": {
        "1": [
          [
            30001, 
            1000
          ], 
          [
            30002, 
            30
          ]
        ], 
        "3": [
          [
            30001, 
            3000
          ], 
          [
            30002, 
            90
          ]
        ], 
        "2": [
          [
            30001, 
            2000
          ], 
          [
            30002, 
            60
          ]
        ]
      }, 
      "sale_goods": [], 
      "turntable": {
        "9": [
          50003, 
          50013, 
          50023, 
          50033, 
          50043, 
          50053, 
          50063
        ], 
        "3": [
          50001, 
          50011, 
          50021, 
          50031, 
          50041, 
          50051, 
          50061
        ], 
        "6": [
          50002, 
          50012, 
          50022, 
          50032, 
          50042, 
          50052, 
          50062
        ]
      }, 
      "staffs": [
        [
          0, 
          85008, 
          30501
        ], 
        [
          1, 
          85508, 
          30501
        ], 
        [
          2, 
          85008, 
          30501
        ], 
        [
          3, 
          85508, 
          30501
        ], 
        [
          4, 
          86008, 
          30501
        ], 
        [
          5, 
          85008, 
          30501
        ]
      ]
    }
  }, 
  {
    "pk": 7, 
    "model": "training_tower.towergamelevel", 
    "fields": {
      "name": "\u7b2c7\u5c42", 
      "map_name": "PVE02", 
      "talent_id": 60020, 
      "star_reward": {
        "1": [
          [
            30001, 
            1000
          ], 
          [
            30002, 
            30
          ]
        ], 
        "3": [
          [
            30001, 
            3000
          ], 
          [
            30002, 
            90
          ]
        ], 
        "2": [
          [
            30001, 
            2000
          ], 
          [
            30002, 
            60
          ]
        ]
      }, 
      "sale_goods": [], 
      "turntable": {
        "9": [], 
        "3": [], 
        "6": []
      }, 
      "staffs": [
        [
          2, 
          85009, 
          31002
        ], 
        [
          3, 
          85509, 
          31002
        ], 
        [
          7, 
          85009, 
          32002
        ], 
        [
          8, 
          85509, 
          30502
        ], 
        [
          9, 
          86009, 
          30502
        ], 
        [
          10, 
          85009, 
          32002
        ]
      ]
    }
  }, 
  {
    "pk": 8, 
    "model": "training_tower.towergamelevel", 
    "fields": {
      "name": "\u7b2c8\u5c42", 
      "map_name": "PVE02", 
      "talent_id": 60020, 
      "star_reward": {
        "1": [
          [
            30001, 
            1000
          ], 
          [
            30002, 
            30
          ]
        ], 
        "3": [
          [
            30001, 
            3000
          ], 
          [
            30002, 
            90
          ]
        ], 
        "2": [
          [
            30001, 
            2000
          ], 
          [
            30002, 
            60
          ]
        ]
      }, 
      "sale_goods": [], 
      "turntable": {
        "9": [], 
        "3": [], 
        "6": []
      }, 
      "staffs": [
        [
          2, 
          77510, 
          20002
        ], 
        [
          3, 
          72510, 
          10502
        ], 
        [
          7, 
          85010, 
          10002
        ], 
        [
          8, 
          85510, 
          11002
        ], 
        [
          9, 
          86010, 
          11002
        ], 
        [
          10, 
          85010, 
          10002
        ]
      ]
    }
  }, 
  {
    "pk": 9, 
    "model": "training_tower.towergamelevel", 
    "fields": {
      "name": "\u7b2c9\u5c42", 
      "map_name": "PVE02", 
      "talent_id": 60020, 
      "star_reward": {
        "1": [
          [
            30001, 
            1000
          ], 
          [
            30002, 
            30
          ]
        ], 
        "3": [
          [
            30001, 
            3000
          ], 
          [
            30002, 
            90
          ]
        ], 
        "2": [
          [
            30001, 
            2000
          ], 
          [
            30002, 
            60
          ]
        ]
      }, 
      "sale_goods": [], 
      "turntable": {
        "9": [
          50003, 
          50013, 
          50023, 
          50033, 
          50043, 
          50053, 
          50063
        ], 
        "3": [
          50001, 
          50011, 
          50021, 
          50031, 
          50041, 
          50051, 
          50061
        ], 
        "6": [
          50002, 
          50012, 
          50022, 
          50032, 
          50042, 
          50052, 
          50062
        ]
      }, 
      "staffs": [
        [
          2, 
          85012, 
          31002
        ], 
        [
          3, 
          85512, 
          31002
        ], 
        [
          7, 
          85012, 
          32002
        ], 
        [
          8, 
          85512, 
          30502
        ], 
        [
          9, 
          86012, 
          20502
        ], 
        [
          10, 
          85012, 
          32002
        ]
      ]
    }
  }, 
  {
    "pk": 10, 
    "model": "training_tower.towergamelevel", 
    "fields": {
      "name": "\u7b2c10\u5c42", 
      "map_name": "PVE02", 
      "talent_id": 60020, 
      "star_reward": {
        "1": [
          [
            30001, 
            1000
          ], 
          [
            30002, 
            30
          ]
        ], 
        "3": [
          [
            30001, 
            3000
          ], 
          [
            30002, 
            90
          ]
        ], 
        "2": [
          [
            30001, 
            2000
          ], 
          [
            30002, 
            60
          ]
        ]
      }, 
      "sale_goods": [
        [
          1, 
          2, 
          35
        ], 
        [
          201, 
          202, 
          45
        ], 
        [
          301, 
          302, 
          55
        ]
      ], 
      "turntable": {
        "9": [], 
        "3": [], 
        "6": []
      }, 
      "staffs": [
        [
          2, 
          80513, 
          31003
        ], 
        [
          3, 
          77513, 
          20003
        ], 
        [
          7, 
          76513, 
          20503
        ], 
        [
          8, 
          72513, 
          10003
        ], 
        [
          9, 
          71013, 
          10003
        ], 
        [
          10, 
          79513, 
          20503
        ]
      ]
    }
  }, 
  {
    "pk": 11, 
    "model": "training_tower.towergamelevel", 
    "fields": {
      "name": "\u7b2c11\u5c42", 
      "map_name": "PVE02", 
      "talent_id": 60020, 
      "star_reward": {
        "1": [
          [
            30001, 
            1000
          ], 
          [
            30002, 
            30
          ]
        ], 
        "3": [
          [
            30001, 
            3000
          ], 
          [
            30002, 
            90
          ]
        ], 
        "2": [
          [
            30001, 
            2000
          ], 
          [
            30002, 
            60
          ]
        ]
      }, 
      "sale_goods": [], 
      "turntable": {
        "9": [], 
        "3": [], 
        "6": []
      }, 
      "staffs": [
        [
          2, 
          78015, 
          20003
        ], 
        [
          3, 
          82515, 
          31503
        ], 
        [
          7, 
          82015, 
          31003
        ], 
        [
          8, 
          85515, 
          30503
        ], 
        [
          9, 
          86015, 
          30503
        ], 
        [
          10, 
          85015, 
          11003
        ]
      ]
    }
  }, 
  {
    "pk": 12, 
    "model": "training_tower.towergamelevel", 
    "fields": {
      "name": "\u7b2c12\u5c42", 
      "map_name": "PVE02", 
      "talent_id": 60020, 
      "star_reward": {
        "1": [
          [
            30001, 
            1000
          ], 
          [
            30002, 
            30
          ]
        ], 
        "3": [
          [
            30001, 
            3000
          ], 
          [
            30002, 
            90
          ]
        ], 
        "2": [
          [
            30001, 
            2000
          ], 
          [
            30002, 
            60
          ]
        ]
      }, 
      "sale_goods": [], 
      "turntable": {
        "9": [
          50003, 
          50013, 
          50023, 
          50033, 
          50043, 
          50053, 
          50063
        ], 
        "3": [
          50001, 
          50011, 
          50021, 
          50031, 
          50041, 
          50051, 
          50061
        ], 
        "6": [
          50002, 
          50012, 
          50022, 
          50032, 
          50042, 
          50052, 
          50062
        ]
      }, 
      "staffs": [
        [
          0, 
          75016, 
          22004
        ], 
        [
          1, 
          70516, 
          11004
        ], 
        [
          2, 
          83516, 
          31004
        ], 
        [
          3, 
          85516, 
          11004
        ], 
        [
          4, 
          86016, 
          20504
        ], 
        [
          5, 
          85016, 
          20504
        ]
      ]
    }
  }, 
  {
    "pk": 13, 
    "model": "training_tower.towergamelevel", 
    "fields": {
      "name": "\u7b2c13\u5c42", 
      "map_name": "PVE02", 
      "talent_id": 60020, 
      "star_reward": {
        "1": [
          [
            30001, 
            1000
          ], 
          [
            30002, 
            30
          ]
        ], 
        "3": [
          [
            30001, 
            3000
          ], 
          [
            30002, 
            90
          ]
        ], 
        "2": [
          [
            30001, 
            2000
          ], 
          [
            30002, 
            60
          ]
        ]
      }, 
      "sale_goods": [], 
      "turntable": {
        "9": [], 
        "3": [], 
        "6": []
      }, 
      "staffs": [
        [
          2, 
          75518, 
          20005
        ], 
        [
          3, 
          75018, 
          20505
        ], 
        [
          7, 
          79518, 
          20005
        ], 
        [
          8, 
          85518, 
          20505
        ], 
        [
          15, 
          86018, 
          11005
        ], 
        [
          27, 
          85018, 
          11005
        ]
      ]
    }
  }, 
  {
    "pk": 14, 
    "model": "training_tower.towergamelevel", 
    "fields": {
      "name": "\u7b2c14\u5c42", 
      "map_name": "PVE02", 
      "talent_id": 60020, 
      "star_reward": {
        "1": [
          [
            30001, 
            1000
          ], 
          [
            30002, 
            30
          ]
        ], 
        "3": [
          [
            30001, 
            3000
          ], 
          [
            30002, 
            90
          ]
        ], 
        "2": [
          [
            30001, 
            2000
          ], 
          [
            30002, 
            60
          ]
        ]
      }, 
      "sale_goods": [], 
      "turntable": {
        "9": [], 
        "3": [], 
        "6": []
      }, 
      "staffs": [
        [
          0, 
          78520, 
          20505
        ], 
        [
          1, 
          71520, 
          10005
        ], 
        [
          2, 
          71020, 
          10505
        ], 
        [
          3, 
          85520, 
          11005
        ], 
        [
          4, 
          86020, 
          11005
        ], 
        [
          5, 
          85020, 
          12005
        ]
      ]
    }
  }, 
  {
    "pk": 15, 
    "model": "training_tower.towergamelevel", 
    "fields": {
      "name": "\u7b2c15\u5c42", 
      "map_name": "PVE02", 
      "talent_id": 60020, 
      "star_reward": {
        "1": [
          [
            30001, 
            1000
          ], 
          [
            30002, 
            30
          ]
        ], 
        "3": [
          [
            30001, 
            3000
          ], 
          [
            30002, 
            90
          ]
        ], 
        "2": [
          [
            30001, 
            2000
          ], 
          [
            30002, 
            60
          ]
        ]
      }, 
      "sale_goods": [
        [
          1, 
          2, 
          25
        ], 
        [
          201, 
          202, 
          35
        ], 
        [
          301, 
          302, 
          45
        ]
      ], 
      "turntable": {
        "9": [
          50003, 
          50013, 
          50023, 
          50033, 
          50043, 
          50053, 
          50063
        ], 
        "3": [
          50001, 
          50011, 
          50021, 
          50031, 
          50041, 
          50051, 
          50061
        ], 
        "6": [
          50002, 
          50012, 
          50022, 
          50032, 
          50042, 
          50052, 
          50062
        ]
      }, 
      "staffs": [
        [
          2, 
          72522, 
          11006
        ], 
        [
          3, 
          70022, 
          11006
        ], 
        [
          4, 
          70522, 
          11006
        ], 
        [
          8, 
          72022, 
          10006
        ], 
        [
          9, 
          74522, 
          10006
        ], 
        [
          10, 
          73022, 
          10006
        ]
      ]
    }
  }, 
  {
    "pk": 16, 
    "model": "training_tower.towergamelevel", 
    "fields": {
      "name": "\u7b2c16\u5c42", 
      "map_name": "PVE02", 
      "talent_id": 60020, 
      "star_reward": {
        "1": [
          [
            30001, 
            1000
          ], 
          [
            30002, 
            30
          ]
        ], 
        "3": [
          [
            30001, 
            3000
          ], 
          [
            30002, 
            90
          ]
        ], 
        "2": [
          [
            30001, 
            2000
          ], 
          [
            30002, 
            60
          ]
        ]
      }, 
      "sale_goods": [], 
      "turntable": {
        "9": [], 
        "3": [], 
        "6": []
      }, 
      "staffs": [
        [
          2, 
          71024, 
          10507
        ], 
        [
          3, 
          78024, 
          20007
        ], 
        [
          7, 
          78524, 
          21507
        ], 
        [
          8, 
          71524, 
          11007
        ], 
        [
          9, 
          86024, 
          10007
        ], 
        [
          11, 
          85024, 
          10007
        ]
      ]
    }
  }, 
  {
    "pk": 17, 
    "model": "training_tower.towergamelevel", 
    "fields": {
      "name": "\u7b2c17\u5c42", 
      "map_name": "PVE02", 
      "talent_id": 60020, 
      "star_reward": {
        "1": [
          [
            30001, 
            1000
          ], 
          [
            30002, 
            30
          ]
        ], 
        "3": [
          [
            30001, 
            3000
          ], 
          [
            30002, 
            90
          ]
        ], 
        "2": [
          [
            30001, 
            2000
          ], 
          [
            30002, 
            60
          ]
        ]
      }, 
      "sale_goods": [], 
      "turntable": {
        "9": [], 
        "3": [], 
        "6": []
      }, 
      "staffs": [
        [
          2, 
          78526, 
          20008
        ], 
        [
          3, 
          82526, 
          31508
        ], 
        [
          7, 
          82026, 
          31008
        ], 
        [
          8, 
          81526, 
          31508
        ], 
        [
          9, 
          86026, 
          30508
        ], 
        [
          10, 
          85026, 
          30508
        ]
      ]
    }
  }, 
  {
    "pk": 18, 
    "model": "training_tower.towergamelevel", 
    "fields": {
      "name": "\u7b2c18\u5c42", 
      "map_name": "PVE02", 
      "talent_id": 60020, 
      "star_reward": {
        "1": [
          [
            30001, 
            1000
          ], 
          [
            30002, 
            30
          ]
        ], 
        "3": [
          [
            30001, 
            3000
          ], 
          [
            30002, 
            90
          ]
        ], 
        "2": [
          [
            30001, 
            2000
          ], 
          [
            30002, 
            60
          ]
        ]
      }, 
      "sale_goods": [], 
      "turntable": {
        "9": [
          50003, 
          50013, 
          50023, 
          50033, 
          50043, 
          50053, 
          50063
        ], 
        "3": [
          50001, 
          50011, 
          50021, 
          50031, 
          50041, 
          50051, 
          50061
        ], 
        "6": [
          50002, 
          50012, 
          50022, 
          50032, 
          50042, 
          50052, 
          50062
        ]
      }, 
      "staffs": [
        [
          0, 
          72529, 
          10509
        ], 
        [
          1, 
          70529, 
          11009
        ], 
        [
          2, 
          83529, 
          31009
        ], 
        [
          3, 
          83029, 
          31509
        ], 
        [
          4, 
          86029, 
          10009
        ], 
        [
          5, 
          85029, 
          11009
        ]
      ]
    }
  }, 
  {
    "pk": 19, 
    "model": "training_tower.towergamelevel", 
    "fields": {
      "name": "\u7b2c19\u5c42", 
      "map_name": "PVE02", 
      "talent_id": 60020, 
      "star_reward": {
        "1": [
          [
            30001, 
            1000
          ], 
          [
            30002, 
            30
          ]
        ], 
        "3": [
          [
            30001, 
            3000
          ], 
          [
            30002, 
            90
          ]
        ], 
        "2": [
          [
            30001, 
            2000
          ], 
          [
            30002, 
            60
          ]
        ]
      }, 
      "sale_goods": [], 
      "turntable": {
        "9": [], 
        "3": [], 
        "6": []
      }, 
      "staffs": [
        [
          2, 
          80031, 
          31010
        ], 
        [
          3, 
          75031, 
          20510
        ], 
        [
          7, 
          79531, 
          20010
        ], 
        [
          8, 
          72031, 
          11010
        ], 
        [
          9, 
          86031, 
          11510
        ], 
        [
          10, 
          85031, 
          12010
        ]
      ]
    }
  }, 
  {
    "pk": 20, 
    "model": "training_tower.towergamelevel", 
    "fields": {
      "name": "\u7b2c20\u5c42", 
      "map_name": "PVE02", 
      "talent_id": 60020, 
      "star_reward": {
        "1": [
          [
            30001, 
            1000
          ], 
          [
            30002, 
            30
          ]
        ], 
        "3": [
          [
            30001, 
            3000
          ], 
          [
            30002, 
            90
          ]
        ], 
        "2": [
          [
            30001, 
            2000
          ], 
          [
            30002, 
            60
          ]
        ]
      }, 
      "sale_goods": [
        [
          3, 
          4, 
          35
        ], 
        [
          203, 
          204, 
          45
        ], 
        [
          303, 
          304, 
          55
        ]
      ], 
      "turntable": {
        "9": [], 
        "3": [], 
        "6": []
      }, 
      "staffs": [
        [
          2, 
          80034, 
          32011
        ], 
        [
          3, 
          81034, 
          32011
        ], 
        [
          7, 
          81534, 
          31511
        ], 
        [
          8, 
          82034, 
          31511
        ], 
        [
          9, 
          82534, 
          31511
        ], 
        [
          10, 
          83034, 
          31511
        ]
      ]
    }
  }, 
  {
    "pk": 21, 
    "model": "training_tower.towergamelevel", 
    "fields": {
      "name": "\u7b2c21\u5c42", 
      "map_name": "PVE02", 
      "talent_id": 60020, 
      "star_reward": {
        "1": [
          [
            30001, 
            1000
          ], 
          [
            30002, 
            30
          ]
        ], 
        "3": [
          [
            30001, 
            3000
          ], 
          [
            30002, 
            90
          ]
        ], 
        "2": [
          [
            30001, 
            2000
          ], 
          [
            30002, 
            60
          ]
        ]
      }, 
      "sale_goods": [], 
      "turntable": {
        "9": [
          50003, 
          50013, 
          50023, 
          50033, 
          50043, 
          50053, 
          50063
        ], 
        "3": [
          50001, 
          50011, 
          50021, 
          50031, 
          50041, 
          50051, 
          50061
        ], 
        "6": [
          50002, 
          50012, 
          50022, 
          50032, 
          50042, 
          50052, 
          50062
        ]
      }, 
      "staffs": [
        [
          0, 
          73036, 
          10513
        ], 
        [
          1, 
          71536, 
          10013
        ], 
        [
          2, 
          71036, 
          10513
        ], 
        [
          3, 
          76536, 
          20513
        ], 
        [
          4, 
          76036, 
          22013
        ], 
        [
          5, 
          85036, 
          12013
        ]
      ]
    }
  }, 
  {
    "pk": 22, 
    "model": "training_tower.towergamelevel", 
    "fields": {
      "name": "\u7b2c22\u5c42", 
      "map_name": "PVE02", 
      "talent_id": 60020, 
      "star_reward": {
        "1": [
          [
            30001, 
            1000
          ], 
          [
            30002, 
            30
          ]
        ], 
        "3": [
          [
            30001, 
            3000
          ], 
          [
            30002, 
            90
          ]
        ], 
        "2": [
          [
            30001, 
            2000
          ], 
          [
            30002, 
            60
          ]
        ]
      }, 
      "sale_goods": [], 
      "turntable": {
        "9": [], 
        "3": [], 
        "6": []
      }, 
      "staffs": [
        [
          2, 
          76039, 
          20014
        ], 
        [
          7, 
          74039, 
          11014
        ], 
        [
          3, 
          73539, 
          10514
        ], 
        [
          8, 
          73039, 
          10014
        ], 
        [
          9, 
          72539, 
          11514
        ], 
        [
          10, 
          85039, 
          30514
        ]
      ]
    }
  }, 
  {
    "pk": 23, 
    "model": "training_tower.towergamelevel", 
    "fields": {
      "name": "\u7b2c23\u5c42", 
      "map_name": "PVE02", 
      "talent_id": 60020, 
      "star_reward": {
        "1": [
          [
            30001, 
            1000
          ], 
          [
            30002, 
            30
          ]
        ], 
        "3": [
          [
            30001, 
            3000
          ], 
          [
            30002, 
            90
          ]
        ], 
        "2": [
          [
            30001, 
            2000
          ], 
          [
            30002, 
            60
          ]
        ]
      }, 
      "sale_goods": [], 
      "turntable": {
        "9": [], 
        "3": [], 
        "6": []
      }, 
      "staffs": [
        [
          1, 
          75042, 
          20515
        ], 
        [
          2, 
          84542, 
          30515
        ], 
        [
          3, 
          84042, 
          30515
        ], 
        [
          4, 
          70042, 
          11015
        ], 
        [
          8, 
          74542, 
          11515
        ], 
        [
          10, 
          85042, 
          31515
        ]
      ]
    }
  }, 
  {
    "pk": 24, 
    "model": "training_tower.towergamelevel", 
    "fields": {
      "name": "\u7b2c24\u5c42", 
      "map_name": "PVE02", 
      "talent_id": 60020, 
      "star_reward": {
        "1": [
          [
            30001, 
            1000
          ], 
          [
            30002, 
            30
          ]
        ], 
        "3": [
          [
            30001, 
            3000
          ], 
          [
            30002, 
            90
          ]
        ], 
        "2": [
          [
            30001, 
            2000
          ], 
          [
            30002, 
            60
          ]
        ]
      }, 
      "sale_goods": [], 
      "turntable": {
        "9": [
          50003, 
          50013, 
          50023, 
          50033, 
          50043, 
          50053, 
          50063
        ], 
        "3": [
          50001, 
          50011, 
          50021, 
          50031, 
          50041, 
          50051, 
          50061
        ], 
        "6": [
          50002, 
          50012, 
          50022, 
          50032, 
          50042, 
          50052, 
          50062
        ]
      }, 
      "staffs": [
        [
          2, 
          74545, 
          10517
        ], 
        [
          3, 
          82045, 
          31517
        ], 
        [
          7, 
          81545, 
          31017
        ], 
        [
          8, 
          81045, 
          30517
        ], 
        [
          9, 
          80545, 
          30517
        ], 
        [
          10, 
          85045, 
          11517
        ]
      ]
    }
  }, 
  {
    "pk": 25, 
    "model": "training_tower.towergamelevel", 
    "fields": {
      "name": "\u7b2c25\u5c42", 
      "map_name": "PVE02", 
      "talent_id": 60020, 
      "star_reward": {
        "1": [
          [
            30001, 
            1000
          ], 
          [
            30002, 
            30
          ]
        ], 
        "3": [
          [
            30001, 
            3000
          ], 
          [
            30002, 
            90
          ]
        ], 
        "2": [
          [
            30001, 
            2000
          ], 
          [
            30002, 
            60
          ]
        ]
      }, 
      "sale_goods": [
        [
          3, 
          4, 
          25
        ], 
        [
          203, 
          204, 
          35
        ], 
        [
          303, 
          304, 
          45
        ], 
        [
          103, 
          104, 
          50
        ]
      ], 
      "turntable": {
        "9": [], 
        "3": [], 
        "6": []
      }, 
      "staffs": [
        [
          2, 
          83548, 
          32019
        ], 
        [
          3, 
          84048, 
          32019
        ], 
        [
          7, 
          84548, 
          31519
        ], 
        [
          8, 
          75048, 
          22019
        ], 
        [
          9, 
          75548, 
          22019
        ], 
        [
          10, 
          70048, 
          11519
        ]
      ]
    }
  }, 
  {
    "pk": 26, 
    "model": "training_tower.towergamelevel", 
    "fields": {
      "name": "\u7b2c26\u5c42", 
      "map_name": "PVE02", 
      "talent_id": 60020, 
      "star_reward": {
        "1": [
          [
            30001, 
            1000
          ], 
          [
            30002, 
            30
          ]
        ], 
        "3": [
          [
            30001, 
            3000
          ], 
          [
            30002, 
            90
          ]
        ], 
        "2": [
          [
            30001, 
            2000
          ], 
          [
            30002, 
            60
          ]
        ]
      }, 
      "sale_goods": [], 
      "turntable": {
        "9": [], 
        "3": [], 
        "6": []
      }, 
      "staffs": [
        [
          2, 
          76051, 
          20020
        ], 
        [
          3, 
          82051, 
          31520
        ], 
        [
          7, 
          81551, 
          31020
        ], 
        [
          8, 
          81051, 
          30520
        ], 
        [
          9, 
          80551, 
          30520
        ], 
        [
          10, 
          80051, 
          30520
        ]
      ]
    }
  }, 
  {
    "pk": 27, 
    "model": "training_tower.towergamelevel", 
    "fields": {
      "name": "\u7b2c27\u5c42", 
      "map_name": "PVE02", 
      "talent_id": 60020, 
      "star_reward": {
        "1": [
          [
            30001, 
            1000
          ], 
          [
            30002, 
            30
          ]
        ], 
        "3": [
          [
            30001, 
            3000
          ], 
          [
            30002, 
            90
          ]
        ], 
        "2": [
          [
            30001, 
            2000
          ], 
          [
            30002, 
            60
          ]
        ]
      }, 
      "sale_goods": [], 
      "turntable": {
        "9": [
          50003, 
          50013, 
          50023, 
          50033, 
          50043, 
          50053, 
          50063
        ], 
        "3": [
          50001, 
          50011, 
          50021, 
          50031, 
          50041, 
          50051, 
          50061
        ], 
        "6": [
          50002, 
          50012, 
          50022, 
          50032, 
          50042, 
          50052, 
          50062
        ]
      }, 
      "staffs": [
        [
          0, 
          75054, 
          22022
        ], 
        [
          1, 
          76554, 
          20522
        ], 
        [
          2, 
          82054, 
          31022
        ], 
        [
          3, 
          81554, 
          31522
        ], 
        [
          4, 
          76054, 
          21522
        ], 
        [
          5, 
          75554, 
          21022
        ]
      ]
    }
  }, 
  {
    "pk": 28, 
    "model": "training_tower.towergamelevel", 
    "fields": {
      "name": "\u7b2c28\u5c42", 
      "map_name": "PVE02", 
      "talent_id": 60020, 
      "star_reward": {
        "1": [
          [
            30001, 
            1000
          ], 
          [
            30002, 
            30
          ]
        ], 
        "3": [
          [
            30001, 
            3000
          ], 
          [
            30002, 
            90
          ]
        ], 
        "2": [
          [
            30001, 
            2000
          ], 
          [
            30002, 
            60
          ]
        ]
      }, 
      "sale_goods": [], 
      "turntable": {
        "9": [], 
        "3": [], 
        "6": []
      }, 
      "staffs": [
        [
          2, 
          80557, 
          31024
        ], 
        [
          3, 
          83057, 
          31524
        ], 
        [
          7, 
          82557, 
          31024
        ], 
        [
          8, 
          76057, 
          21524
        ], 
        [
          9, 
          71057, 
          11024
        ], 
        [
          10, 
          70557, 
          11024
        ]
      ]
    }
  }, 
  {
    "pk": 29, 
    "model": "training_tower.towergamelevel", 
    "fields": {
      "name": "\u7b2c29\u5c42", 
      "map_name": "PVE02", 
      "talent_id": 60020, 
      "star_reward": {
        "1": [
          [
            30001, 
            1000
          ], 
          [
            30002, 
            30
          ]
        ], 
        "3": [
          [
            30001, 
            3000
          ], 
          [
            30002, 
            90
          ]
        ], 
        "2": [
          [
            30001, 
            2000
          ], 
          [
            30002, 
            60
          ]
        ]
      }, 
      "sale_goods": [], 
      "turntable": {
        "9": [], 
        "3": [], 
        "6": []
      }, 
      "staffs": [
        [
          2, 
          70061, 
          10026
        ], 
        [
          3, 
          78561, 
          20526
        ], 
        [
          7, 
          78061, 
          20026
        ], 
        [
          8, 
          79561, 
          21026
        ], 
        [
          9, 
          77561, 
          21526
        ], 
        [
          10, 
          77061, 
          21026
        ]
      ]
    }
  }, 
  {
    "pk": 30, 
    "model": "training_tower.towergamelevel", 
    "fields": {
      "name": "\u7b2c30\u5c42", 
      "map_name": "PVE02", 
      "talent_id": 60020, 
      "star_reward": {
        "1": [
          [
            30001, 
            1000
          ], 
          [
            30002, 
            30
          ]
        ], 
        "3": [
          [
            30001, 
            3000
          ], 
          [
            30002, 
            90
          ]
        ], 
        "2": [
          [
            30001, 
            2000
          ], 
          [
            30002, 
            60
          ]
        ]
      }, 
      "sale_goods": [
        [
          3, 
          4, 
          25
        ], 
        [
          203, 
          204, 
          35
        ], 
        [
          303, 
          304, 
          45
        ], 
        [
          103, 
          104, 
          50
        ]
      ], 
      "turntable": {
        "9": [
          50003, 
          50013, 
          50023, 
          50033, 
          50043, 
          50053, 
          50063
        ], 
        "3": [
          50001, 
          50011, 
          50021, 
          50031, 
          50041, 
          50051, 
          50061
        ], 
        "6": [
          50002, 
          50012, 
          50022, 
          50032, 
          50042, 
          50052, 
          50062
        ]
      }, 
      "staffs": [
        [
          2, 
          83064, 
          31528
        ], 
        [
          3, 
          83564, 
          31528
        ], 
        [
          7, 
          84064, 
          31528
        ], 
        [
          8, 
          84564, 
          32028
        ], 
        [
          9, 
          80064, 
          32028
        ], 
        [
          10, 
          80564, 
          31528
        ]
      ]
    }
  }, 
  {
    "pk": 31, 
    "model": "training_tower.towergamelevel", 
    "fields": {
      "name": "\u7b2c31\u5c42", 
      "map_name": "PVE02", 
      "talent_id": 60020, 
      "star_reward": {
        "1": [
          [
            30001, 
            1000
          ], 
          [
            30002, 
            30
          ]
        ], 
        "3": [
          [
            30001, 
            3000
          ], 
          [
            30002, 
            90
          ]
        ], 
        "2": [
          [
            30001, 
            2000
          ], 
          [
            30002, 
            60
          ]
        ]
      }, 
      "sale_goods": [], 
      "turntable": {
        "9": [], 
        "3": [], 
        "6": []
      }, 
      "staffs": [
        [
          2, 
          70568, 
          10531
        ], 
        [
          3, 
          75068, 
          20531
        ], 
        [
          7, 
          79568, 
          20031
        ], 
        [
          8, 
          72068, 
          11031
        ], 
        [
          15, 
          79568, 
          21531
        ], 
        [
          27, 
          79068, 
          20531
        ]
      ]
    }
  }, 
  {
    "pk": 32, 
    "model": "training_tower.towergamelevel", 
    "fields": {
      "name": "\u7b2c32\u5c42", 
      "map_name": "PVE02", 
      "talent_id": 60020, 
      "star_reward": {
        "1": [
          [
            30001, 
            1000
          ], 
          [
            30002, 
            30
          ]
        ], 
        "3": [
          [
            30001, 
            3000
          ], 
          [
            30002, 
            90
          ]
        ], 
        "2": [
          [
            30001, 
            2000
          ], 
          [
            30002, 
            60
          ]
        ]
      }, 
      "sale_goods": [], 
      "turntable": {
        "9": [], 
        "3": [], 
        "6": []
      }, 
      "staffs": [
        [
          0, 
          71072, 
          11033
        ], 
        [
          1, 
          71572, 
          10033
        ], 
        [
          2, 
          72572, 
          10533
        ], 
        [
          3, 
          76572, 
          20533
        ], 
        [
          4, 
          76072, 
          22033
        ], 
        [
          5, 
          75572, 
          22033
        ]
      ]
    }
  }, 
  {
    "pk": 33, 
    "model": "training_tower.towergamelevel", 
    "fields": {
      "name": "\u7b2c33\u5c42", 
      "map_name": "PVE02", 
      "talent_id": 60020, 
      "star_reward": {
        "1": [
          [
            30001, 
            1000
          ], 
          [
            30002, 
            30
          ]
        ], 
        "3": [
          [
            30001, 
            3000
          ], 
          [
            30002, 
            90
          ]
        ], 
        "2": [
          [
            30001, 
            2000
          ], 
          [
            30002, 
            60
          ]
        ]
      }, 
      "sale_goods": [], 
      "turntable": {
        "9": [
          50003, 
          50013, 
          50023, 
          50033, 
          50043, 
          50053, 
          50063
        ], 
        "3": [
          50001, 
          50011, 
          50021, 
          50031, 
          50041, 
          50051, 
          50061
        ], 
        "6": [
          50002, 
          50012, 
          50022, 
          50032, 
          50042, 
          50052, 
          50062
        ]
      }, 
      "staffs": [
        [
          2, 
          77576, 
          20536
        ], 
        [
          3, 
          74076, 
          11036
        ], 
        [
          4, 
          73576, 
          10536
        ], 
        [
          8, 
          73076, 
          10036
        ], 
        [
          9, 
          72576, 
          11536
        ], 
        [
          10, 
          72076, 
          10036
        ]
      ]
    }
  }, 
  {
    "pk": 34, 
    "model": "training_tower.towergamelevel", 
    "fields": {
      "name": "\u7b2c34\u5c42", 
      "map_name": "PVE02", 
      "talent_id": 60020, 
      "star_reward": {
        "1": [
          [
            30001, 
            1000
          ], 
          [
            30002, 
            30
          ]
        ], 
        "3": [
          [
            30001, 
            3000
          ], 
          [
            30002, 
            90
          ]
        ], 
        "2": [
          [
            30001, 
            2000
          ], 
          [
            30002, 
            60
          ]
        ]
      }, 
      "sale_goods": [], 
      "turntable": {
        "9": [], 
        "3": [], 
        "6": []
      }, 
      "staffs": [
        [
          1, 
          82580, 
          30538
        ], 
        [
          2, 
          84580, 
          30538
        ], 
        [
          3, 
          84080, 
          30538
        ], 
        [
          4, 
          70080, 
          11038
        ], 
        [
          8, 
          74580, 
          11538
        ], 
        [
          11, 
          83580, 
          31538
        ]
      ]
    }
  }, 
  {
    "pk": 35, 
    "model": "training_tower.towergamelevel", 
    "fields": {
      "name": "\u7b2c35\u5c42", 
      "map_name": "PVE02", 
      "talent_id": 60020, 
      "star_reward": {
        "1": [
          [
            30001, 
            1000
          ], 
          [
            30002, 
            30
          ]
        ], 
        "3": [
          [
            30001, 
            3000
          ], 
          [
            30002, 
            90
          ]
        ], 
        "2": [
          [
            30001, 
            2000
          ], 
          [
            30002, 
            60
          ]
        ]
      }, 
      "sale_goods": [
        [
          3, 
          4, 
          25
        ], 
        [
          203, 
          204, 
          35
        ], 
        [
          303, 
          304, 
          45
        ], 
        [
          103, 
          104, 
          50
        ]
      ], 
      "turntable": {
        "9": [], 
        "3": [], 
        "6": []
      }, 
      "staffs": [
        [
          2, 
          72584, 
          10541
        ], 
        [
          3, 
          73084, 
          10541
        ], 
        [
          7, 
          73584, 
          11041
        ], 
        [
          8, 
          74084, 
          12041
        ], 
        [
          9, 
          74584, 
          11541
        ], 
        [
          10, 
          70084, 
          11041
        ]
      ]
    }
  }, 
  {
    "pk": 36, 
    "model": "training_tower.towergamelevel", 
    "fields": {
      "name": "\u7b2c36\u5c42", 
      "map_name": "PVE02", 
      "talent_id": 60020, 
      "star_reward": {
        "1": [
          [
            30001, 
            1000
          ], 
          [
            30002, 
            30
          ]
        ], 
        "3": [
          [
            30001, 
            3000
          ], 
          [
            30002, 
            90
          ]
        ], 
        "2": [
          [
            30001, 
            2000
          ], 
          [
            30002, 
            60
          ]
        ]
      }, 
      "sale_goods": [], 
      "turntable": {
        "9": [
          50003, 
          50013, 
          50023, 
          50033, 
          50043, 
          50053, 
          50063
        ], 
        "3": [
          50001, 
          50011, 
          50021, 
          50031, 
          50041, 
          50051, 
          50061
        ], 
        "6": [
          50002, 
          50012, 
          50022, 
          50032, 
          50042, 
          50052, 
          50062
        ]
      }, 
      "staffs": [
        [
          2, 
          78588, 
          20044
        ], 
        [
          3, 
          82588, 
          31044
        ], 
        [
          7, 
          83088, 
          31544
        ], 
        [
          8, 
          77088, 
          21544
        ], 
        [
          9, 
          77588, 
          21544
        ], 
        [
          10, 
          83588, 
          31544
        ]
      ]
    }
  }, 
  {
    "pk": 37, 
    "model": "training_tower.towergamelevel", 
    "fields": {
      "name": "\u7b2c37\u5c42", 
      "map_name": "PVE02", 
      "talent_id": 60020, 
      "star_reward": {
        "1": [
          [
            30001, 
            1000
          ], 
          [
            30002, 
            30
          ]
        ], 
        "3": [
          [
            30001, 
            3000
          ], 
          [
            30002, 
            90
          ]
        ], 
        "2": [
          [
            30001, 
            2000
          ], 
          [
            30002, 
            60
          ]
        ]
      }, 
      "sale_goods": [], 
      "turntable": {
        "9": [], 
        "3": [], 
        "6": []
      }, 
      "staffs": [
        [
          2, 
          81093, 
          31047
        ], 
        [
          3, 
          78093, 
          20047
        ], 
        [
          7, 
          78593, 
          21547
        ], 
        [
          8, 
          71093, 
          11047
        ], 
        [
          9, 
          71593, 
          11047
        ], 
        [
          10, 
          79093, 
          21547
        ]
      ]
    }
  }, 
  {
    "pk": 38, 
    "model": "training_tower.towergamelevel", 
    "fields": {
      "name": "\u7b2c38\u5c42", 
      "map_name": "PVE02", 
      "talent_id": 60020, 
      "star_reward": {
        "1": [
          [
            30001, 
            1000
          ], 
          [
            30002, 
            30
          ]
        ], 
        "3": [
          [
            30001, 
            3000
          ], 
          [
            30002, 
            90
          ]
        ], 
        "2": [
          [
            30001, 
            2000
          ], 
          [
            30002, 
            60
          ]
        ]
      }, 
      "sale_goods": [], 
      "turntable": {
        "9": [], 
        "3": [], 
        "6": []
      }, 
      "staffs": [
        [
          2, 
          79597, 
          20050
        ], 
        [
          3, 
          82597, 
          31550
        ], 
        [
          7, 
          82097, 
          31050
        ], 
        [
          8, 
          81597, 
          31550
        ], 
        [
          9, 
          77597, 
          21550
        ], 
        [
          10, 
          77097, 
          20550
        ]
      ]
    }
  }, 
  {
    "pk": 39, 
    "model": "training_tower.towergamelevel", 
    "fields": {
      "name": "\u7b2c39\u5c42", 
      "map_name": "PVE02", 
      "talent_id": 60020, 
      "star_reward": {
        "1": [
          [
            30001, 
            1000
          ], 
          [
            30002, 
            30
          ]
        ], 
        "3": [
          [
            30001, 
            3000
          ], 
          [
            30002, 
            90
          ]
        ], 
        "2": [
          [
            30001, 
            2000
          ], 
          [
            30002, 
            60
          ]
        ]
      }, 
      "sale_goods": [], 
      "turntable": {
        "9": [
          50003, 
          50013, 
          50023, 
          50033, 
          50043, 
          50053, 
          50063
        ], 
        "3": [
          50001, 
          50011, 
          50021, 
          50031, 
          50041, 
          50051, 
          50061
        ], 
        "6": [
          50002, 
          50012, 
          50022, 
          50032, 
          50042, 
          50052, 
          50062
        ]
      }, 
      "staffs": [
        [
          0, 
          81602, 
          30553
        ], 
        [
          1, 
          70602, 
          11053
        ], 
        [
          2, 
          83602, 
          31053
        ], 
        [
          3, 
          83102, 
          31553
        ], 
        [
          4, 
          78602, 
          21553
        ], 
        [
          5, 
          78102, 
          20553
        ]
      ]
    }
  }, 
  {
    "pk": 40, 
    "model": "training_tower.towergamelevel", 
    "fields": {
      "name": "\u7b2c40\u5c42", 
      "map_name": "PVE02", 
      "talent_id": 60020, 
      "star_reward": {
        "1": [
          [
            30001, 
            1000
          ], 
          [
            30002, 
            30
          ]
        ], 
        "3": [
          [
            30001, 
            3000
          ], 
          [
            30002, 
            90
          ]
        ], 
        "2": [
          [
            30001, 
            2000
          ], 
          [
            30002, 
            60
          ]
        ]
      }, 
      "sale_goods": [
        [
          5, 
          6, 
          20
        ], 
        [
          205, 
          206, 
          30
        ], 
        [
          305, 
          306, 
          40
        ], 
        [
          105, 
          106, 
          45
        ]
      ], 
      "turntable": {
        "9": [], 
        "3": [], 
        "6": []
      }, 
      "staffs": [
        [
          0, 
          70607, 
          11057
        ], 
        [
          5, 
          71107, 
          11057
        ], 
        [
          7, 
          71607, 
          10057
        ], 
        [
          10, 
          72107, 
          10057
        ], 
        [
          14, 
          72607, 
          10057
        ], 
        [
          15, 
          73107, 
          11557
        ]
      ]
    }
  }, 
  {
    "pk": 41, 
    "model": "training_tower.towergamelevel", 
    "fields": {
      "name": "\u7b2c41\u5c42", 
      "map_name": "PVE02", 
      "talent_id": 60020, 
      "star_reward": {
        "1": [
          [
            30001, 
            1000
          ], 
          [
            30002, 
            30
          ]
        ], 
        "3": [
          [
            30001, 
            3000
          ], 
          [
            30002, 
            90
          ]
        ], 
        "2": [
          [
            30001, 
            2000
          ], 
          [
            30002, 
            60
          ]
        ]
      }, 
      "sale_goods": [], 
      "turntable": {
        "9": [], 
        "3": [], 
        "6": []
      }, 
      "staffs": [
        [
          2, 
          83611, 
          31060
        ], 
        [
          3, 
          73611, 
          10560
        ], 
        [
          7, 
          74111, 
          11060
        ], 
        [
          8, 
          80111, 
          31560
        ], 
        [
          9, 
          74611, 
          11560
        ], 
        [
          10, 
          70111, 
          11060
        ]
      ]
    }
  }, 
  {
    "pk": 42, 
    "model": "training_tower.towergamelevel", 
    "fields": {
      "name": "\u7b2c42\u5c42", 
      "map_name": "PVE02", 
      "talent_id": 60020, 
      "star_reward": {
        "1": [
          [
            30001, 
            1000
          ], 
          [
            30002, 
            30
          ]
        ], 
        "3": [
          [
            30001, 
            3000
          ], 
          [
            30002, 
            90
          ]
        ], 
        "2": [
          [
            30001, 
            2000
          ], 
          [
            30002, 
            60
          ]
        ]
      }, 
      "sale_goods": [], 
      "turntable": {
        "9": [
          50003, 
          50013, 
          50023, 
          50033, 
          50043, 
          50053, 
          50063
        ], 
        "3": [
          50001, 
          50011, 
          50021, 
          50031, 
          50041, 
          50051, 
          50061
        ], 
        "6": [
          50002, 
          50012, 
          50022, 
          50032, 
          50042, 
          50052, 
          50062
        ]
      }, 
      "staffs": [
        [
          0, 
          77116, 
          20564
        ], 
        [
          1, 
          84116, 
          30564
        ], 
        [
          2, 
          84616, 
          30564
        ], 
        [
          3, 
          80116, 
          30564
        ], 
        [
          4, 
          80616, 
          30564
        ], 
        [
          5, 
          81116, 
          30564
        ]
      ]
    }
  }, 
  {
    "pk": 43, 
    "model": "training_tower.towergamelevel", 
    "fields": {
      "name": "\u7b2c43\u5c42", 
      "map_name": "PVE02", 
      "talent_id": 60020, 
      "star_reward": {
        "1": [
          [
            30001, 
            1000
          ], 
          [
            30002, 
            30
          ]
        ], 
        "3": [
          [
            30001, 
            3000
          ], 
          [
            30002, 
            90
          ]
        ], 
        "2": [
          [
            30001, 
            2000
          ], 
          [
            30002, 
            60
          ]
        ]
      }, 
      "sale_goods": [], 
      "turntable": {
        "9": [], 
        "3": [], 
        "6": []
      }, 
      "staffs": [
        [
          2, 
          76621, 
          21068
        ], 
        [
          3, 
          81621, 
          31068
        ], 
        [
          7, 
          82121, 
          31568
        ], 
        [
          8, 
          75621, 
          21568
        ], 
        [
          9, 
          76121, 
          21568
        ], 
        [
          10, 
          81621, 
          31568
        ]
      ]
    }
  }, 
  {
    "pk": 44, 
    "model": "training_tower.towergamelevel", 
    "fields": {
      "name": "\u7b2c44\u5c42", 
      "map_name": "PVE02", 
      "talent_id": 60020, 
      "star_reward": {
        "1": [
          [
            30001, 
            1000
          ], 
          [
            30002, 
            30
          ]
        ], 
        "3": [
          [
            30001, 
            3000
          ], 
          [
            30002, 
            90
          ]
        ], 
        "2": [
          [
            30001, 
            2000
          ], 
          [
            30002, 
            60
          ]
        ]
      }, 
      "sale_goods": [], 
      "turntable": {
        "9": [], 
        "3": [], 
        "6": []
      }, 
      "staffs": [
        [
          2, 
          80127, 
          32071
        ], 
        [
          3, 
          82127, 
          31071
        ], 
        [
          7, 
          76627, 
          21571
        ], 
        [
          8, 
          70627, 
          11071
        ], 
        [
          9, 
          71127, 
          11071
        ], 
        [
          10, 
          76127, 
          21571
        ]
      ]
    }
  }, 
  {
    "pk": 45, 
    "model": "training_tower.towergamelevel", 
    "fields": {
      "name": "\u7b2c45\u5c42", 
      "map_name": "PVE02", 
      "talent_id": 60020, 
      "star_reward": {
        "1": [
          [
            30001, 
            1000
          ], 
          [
            30002, 
            30
          ]
        ], 
        "3": [
          [
            30001, 
            3000
          ], 
          [
            30002, 
            90
          ]
        ], 
        "2": [
          [
            30001, 
            2000
          ], 
          [
            30002, 
            60
          ]
        ]
      }, 
      "sale_goods": [
        [
          5, 
          6, 
          20
        ], 
        [
          205, 
          206, 
          30
        ], 
        [
          305, 
          306, 
          40
        ], 
        [
          105, 
          106, 
          45
        ]
      ], 
      "turntable": {
        "9": [
          50003, 
          50013, 
          50023, 
          50033, 
          50043, 
          50053, 
          50063
        ], 
        "3": [
          50001, 
          50011, 
          50021, 
          50031, 
          50041, 
          50051, 
          50061
        ], 
        "6": [
          50002, 
          50012, 
          50022, 
          50032, 
          50042, 
          50052, 
          50062
        ]
      }, 
      "staffs": [
        [
          2, 
          73632, 
          11075
        ], 
        [
          3, 
          74132, 
          11075
        ], 
        [
          4, 
          74632, 
          11075
        ], 
        [
          8, 
          70132, 
          10075
        ], 
        [
          9, 
          70632, 
          10075
        ], 
        [
          10, 
          71132, 
          10075
        ]
      ]
    }
  }, 
  {
    "pk": 46, 
    "model": "training_tower.towergamelevel", 
    "fields": {
      "name": "\u7b2c46\u5c42", 
      "map_name": "PVE02", 
      "talent_id": 60020, 
      "star_reward": {
        "1": [
          [
            30001, 
            1000
          ], 
          [
            30002, 
            30
          ]
        ], 
        "3": [
          [
            30001, 
            3000
          ], 
          [
            30002, 
            90
          ]
        ], 
        "2": [
          [
            30001, 
            2000
          ], 
          [
            30002, 
            60
          ]
        ]
      }, 
      "sale_goods": [], 
      "turntable": {
        "9": [], 
        "3": [], 
        "6": []
      }, 
      "staffs": [
        [
          2, 
          79137, 
          20080
        ], 
        [
          3, 
          82137, 
          31080
        ], 
        [
          7, 
          82637, 
          31580
        ], 
        [
          8, 
          78137, 
          20580
        ], 
        [
          9, 
          78637, 
          21580
        ], 
        [
          10, 
          83137, 
          31580
        ]
      ]
    }
  }, 
  {
    "pk": 47, 
    "model": "training_tower.towergamelevel", 
    "fields": {
      "name": "\u7b2c47\u5c42", 
      "map_name": "PVE02", 
      "talent_id": 60020, 
      "star_reward": {
        "1": [
          [
            30001, 
            1000
          ], 
          [
            30002, 
            30
          ]
        ], 
        "3": [
          [
            30001, 
            3000
          ], 
          [
            30002, 
            90
          ]
        ], 
        "2": [
          [
            30001, 
            2000
          ], 
          [
            30002, 
            60
          ]
        ]
      }, 
      "sale_goods": [], 
      "turntable": {
        "9": [], 
        "3": [], 
        "6": []
      }, 
      "staffs": [
        [
          2, 
          74143, 
          10584
        ], 
        [
          3, 
          83643, 
          31084
        ], 
        [
          7, 
          70643, 
          11084
        ], 
        [
          8, 
          74143, 
          12084
        ], 
        [
          9, 
          79643, 
          21584
        ], 
        [
          10, 
          72143, 
          11084
        ]
      ]
    }
  }, 
  {
    "pk": 48, 
    "model": "training_tower.towergamelevel", 
    "fields": {
      "name": "\u7b2c48\u5c42", 
      "map_name": "PVE02", 
      "talent_id": 60020, 
      "star_reward": {
        "1": [
          [
            30001, 
            1000
          ], 
          [
            30002, 
            30
          ]
        ], 
        "3": [
          [
            30001, 
            3000
          ], 
          [
            30002, 
            90
          ]
        ], 
        "2": [
          [
            30001, 
            2000
          ], 
          [
            30002, 
            60
          ]
        ]
      }, 
      "sale_goods": [], 
      "turntable": {
        "9": [
          50003, 
          50013, 
          50023, 
          50033, 
          50043, 
          50053, 
          50063
        ], 
        "3": [
          50001, 
          50011, 
          50021, 
          50031, 
          50041, 
          50051, 
          50061
        ], 
        "6": [
          50002, 
          50012, 
          50022, 
          50032, 
          50042, 
          50052, 
          50062
        ]
      }, 
      "staffs": [
        [
          2, 
          74649, 
          11088
        ], 
        [
          3, 
          79649, 
          20088
        ], 
        [
          7, 
          75149, 
          20588
        ], 
        [
          8, 
          75649, 
          22088
        ], 
        [
          9, 
          76149, 
          22088
        ], 
        [
          10, 
          76649, 
          20588
        ]
      ]
    }
  }, 
  {
    "pk": 49, 
    "model": "training_tower.towergamelevel", 
    "fields": {
      "name": "\u7b2c49\u5c42", 
      "map_name": "PVE02", 
      "talent_id": 60020, 
      "star_reward": {
        "1": [
          [
            30001, 
            1000
          ], 
          [
            30002, 
            30
          ]
        ], 
        "3": [
          [
            30001, 
            3000
          ], 
          [
            30002, 
            90
          ]
        ], 
        "2": [
          [
            30001, 
            2000
          ], 
          [
            30002, 
            60
          ]
        ]
      }, 
      "sale_goods": [], 
      "turntable": {
        "9": [], 
        "3": [], 
        "6": []
      }, 
      "staffs": [
        [
          2, 
          82155, 
          31093
        ], 
        [
          3, 
          71155, 
          10593
        ], 
        [
          7, 
          71655, 
          10093
        ], 
        [
          8, 
          72155, 
          10093
        ], 
        [
          9, 
          72655, 
          11593
        ], 
        [
          10, 
          73155, 
          10093
        ]
      ]
    }
  }, 
  {
    "pk": 50, 
    "model": "training_tower.towergamelevel", 
    "fields": {
      "name": "\u7b2c50\u5c42", 
      "map_name": "PVE02", 
      "talent_id": 60020, 
      "star_reward": {
        "1": [
          [
            30001, 
            1000
          ], 
          [
            30002, 
            30
          ]
        ], 
        "3": [
          [
            30001, 
            3000
          ], 
          [
            30002, 
            90
          ]
        ], 
        "2": [
          [
            30001, 
            2000
          ], 
          [
            30002, 
            60
          ]
        ]
      }, 
      "sale_goods": [
        [
          5, 
          6, 
          20
        ], 
        [
          205, 
          206, 
          30
        ], 
        [
          305, 
          306, 
          40
        ], 
        [
          105, 
          106, 
          45
        ]
      ], 
      "turntable": {
        "9": [], 
        "3": [], 
        "6": []
      }, 
      "staffs": [
        [
          2, 
          80661, 
          32098
        ], 
        [
          3, 
          80161, 
          32098
        ], 
        [
          7, 
          81161, 
          31598
        ], 
        [
          8, 
          71161, 
          12098
        ], 
        [
          9, 
          77161, 
          21598
        ], 
        [
          10, 
          83161, 
          31598
        ]
      ]
    }
  }
]