[
{
    "model": "training_tower.towerresetcost",
    "pk": 1,
    "fields": {
        "times": 1,
        "cost": 10
    }
},
{
    "model": "training_tower.towerresetcost",
    "pk": 2,
    "fields": {
        "times": 2,
        "cost": 20
    }
},
{
    "model": "training_tower.towerresetcost",
    "pk": 3,
    "fields": {
        "times": 3,
        "cost": 50
    }
},
{
    "model": "training_tower.towerresetcost",
    "pk": 4,
    "fields": {
        "times": 4,
        "cost": 80
    }
},
{
    "model": "training_tower.towerresetcost",
    "pk": 5,
    "fields": {
        "times": 5,
        "cost": 100
    }
}
]
