[
{
    "fields": {
        "name": "基础训练",
        "reward_value": 100,
        "des": "训练完成后获得经验值100点",
        "tp": 2,
        "reward_type": 1,
        "minutes": 1,
        "icon": "IC_30"
    },
    "model": "training.training",
    "pk": 1
},
{
    "fields": {
        "name": "主播",
        "reward_value": 1000,
        "des": "主播完成后获得软妹币1000元",
        "tp": 1,
        "reward_type": 2,
        "minutes": 20,
        "icon": "IC_21"
    },
    "model": "training.training",
    "pk": 2
},
{
    "fields": {
        "name": "强化训练",
        "reward_value": 1,
        "des": "训练完成后随机增加一点属性",
        "tp": 2,
        "reward_type": 10,
        "minutes": 1,
        "icon": "IC_26"
    },
    "model": "training.training",
    "pk": 3
},
{
    "fields": {
        "name": "大保健",
        "reward_value": 1,
        "des": "大保健后心情良好，士气提升",
        "tp": 1,
        "reward_type": 3,
        "minutes": 500,
        "icon": "IC_31"
    },
    "model": "training.training",
    "pk": 4
}
]
