[
  {
    "pk": 1, 
    "model": "training.trainingproperty", 
    "fields": {
      "need_building_level": 1, 
      "name": "\u8fdb\u653b\u57fa\u672c\u529f", 
      "package": 120, 
      "des": "\u8bad\u7ec3\u5b8c\u6210\u540e\u8fdb\u653b\u5c5e\u6027\u589e\u52a08\u70b9\r\n", 
      "cost_type": 1, 
      "need_items": [
        [
          10, 
          5
        ]
      ], 
      "order_value": 1, 
      "icon": "\u94bb\u77f3\u653b\u51fb\u5fbd\u7ae0", 
      "minutes": 480, 
      "cost_value": 5000
    }
  }, 
  {
    "pk": 2, 
    "model": "training.trainingproperty", 
    "fields": {
      "need_building_level": 1, 
      "name": "\u7275\u5236\u57fa\u672c\u529f", 
      "package": 125, 
      "des": "\u8bad\u7ec3\u5b8c\u6210\u540e\u7275\u5236\u5c5e\u6027\u589e\u52a08\u70b9", 
      "cost_type": 1, 
      "need_items": [
        [
          11, 
          5
        ]
      ], 
      "order_value": 2, 
      "icon": "\u94bb\u77f3\u8bad\u7ec3\u5fbd\u7ae0", 
      "minutes": 480, 
      "cost_value": 5000
    }
  }, 
  {
    "pk": 3, 
    "model": "training.trainingproperty", 
    "fields": {
      "need_building_level": 1, 
      "name": "\u5fc3\u6001\u57fa\u672c\u529f", 
      "package": 123, 
      "des": "\u8bad\u7ec3\u5b8c\u6210\u540e\u5fc3\u6001\u5c5e\u6027\u589e\u52a08\u70b9", 
      "cost_type": 1, 
      "need_items": [
        [
          12, 
          5
        ]
      ], 
      "order_value": 3, 
      "icon": "\u5fc3\u6001\u57fa\u672c\u529f", 
      "minutes": 480, 
      "cost_value": 5000
    }
  }, 
  {
    "pk": 4, 
    "model": "training.trainingproperty", 
    "fields": {
      "need_building_level": 1, 
      "name": "\u66b4\u5175\u57fa\u672c\u529f", 
      "package": 126, 
      "des": "\u8bad\u7ec3\u5b8c\u6210\u540e\u66b4\u5175\u5c5e\u6027\u589e\u52a08\u70b9", 
      "cost_type": 1, 
      "need_items": [
        [
          13, 
          5
        ]
      ], 
      "order_value": 4, 
      "icon": "\u66b4\u5175\u57fa\u672c\u529f", 
      "minutes": 480, 
      "cost_value": 5000
    }
  }, 
  {
    "pk": 5, 
    "model": "training.trainingproperty", 
    "fields": {
      "need_building_level": 1, 
      "name": "\u9632\u5b88\u57fa\u672c\u529f", 
      "package": 124, 
      "des": "\u8bad\u7ec3\u5b8c\u6210\u540e\u9632\u5b88\u5c5e\u6027\u589e\u52a08\u70b9", 
      "cost_type": 1, 
      "need_items": [
        [
          14, 
          5
        ]
      ], 
      "order_value": 5, 
      "icon": "\u94bb\u77f3\u9632\u5fa1\u5fbd\u7ae0", 
      "minutes": 480, 
      "cost_value": 5000
    }
  }, 
  {
    "pk": 6, 
    "model": "training.trainingproperty", 
    "fields": {
      "need_building_level": 1, 
      "name": "\u8fd0\u8425\u57fa\u672c\u529f", 
      "package": 122, 
      "des": "\u8bad\u7ec3\u5b8c\u6210\u540e\u8fd0\u8425\u5c5e\u6027\u589e\u52a08\u70b9", 
      "cost_type": 1, 
      "need_items": [
        [
          15, 
          5
        ]
      ], 
      "order_value": 6, 
      "icon": "\u8fd0\u8425\u57fa\u672c\u529f", 
      "minutes": 480, 
      "cost_value": 5000
    }
  }, 
  {
    "pk": 7, 
    "model": "training.trainingproperty", 
    "fields": {
      "need_building_level": 1, 
      "name": "\u610f\u8bc6\u57fa\u672c\u529f", 
      "package": 127, 
      "des": "\u8bad\u7ec3\u5b8c\u6210\u540e\u610f\u8bc6\u5c5e\u6027\u589e\u52a08\u70b9", 
      "cost_type": 1, 
      "need_items": [
        [
          16, 
          5
        ]
      ], 
      "order_value": 7, 
      "icon": "\u610f\u8bc6\u57fa\u672c\u529f", 
      "minutes": 480, 
      "cost_value": 5000
    }
  }, 
  {
    "pk": 8, 
    "model": "training.trainingproperty", 
    "fields": {
      "need_building_level": 1, 
      "name": "\u64cd\u4f5c\u57fa\u672c\u529f", 
      "package": 121, 
      "des": "\u8bad\u7ec3\u5b8c\u6210\u540e\u64cd\u4f5c\u5c5e\u6027\u589e\u52a08\u70b9", 
      "cost_type": 1, 
      "need_items": [
        [
          17, 
          5
        ]
      ], 
      "order_value": 8, 
      "icon": "\u94bb\u77f3\u914d\u5408\u5fbd\u7ae0", 
      "minutes": 480, 
      "cost_value": 5000
    }
  }, 
  {
    "pk": 9, 
    "model": "training.trainingproperty", 
    "fields": {
      "need_building_level": 4, 
      "name": "\u610f\u6c14\u594b\u53d1", 
      "package": 128, 
      "des": "\u8bad\u7ec3\u5b8c\u6210\u540e\u8fdb\u653b\u589e\u52a010\u70b9\uff0c\u64cd\u4f5c\u589e\u52a010\u70b9", 
      "cost_type": 1, 
      "need_items": [
        [
          18, 
          5
        ], 
        [
          19, 
          10
        ]
      ], 
      "order_value": 9, 
      "icon": "\u8e14\u5389\u594b\u53d1", 
      "minutes": 720, 
      "cost_value": 10000
    }
  }, 
  {
    "pk": 10, 
    "model": "training.trainingproperty", 
    "fields": {
      "need_building_level": 4, 
      "name": "\u5077\u5929\u6362\u65e5", 
      "package": 129, 
      "des": "\u8bad\u7ec3\u5b8c\u6210\u540e\u8fd0\u8425\u589e\u52a010\u70b9\uff0c\u5fc3\u6001\u589e\u52a010\u70b9", 
      "cost_type": 1, 
      "need_items": [
        [
          39, 
          5
        ], 
        [
          38, 
          10
        ]
      ], 
      "order_value": 10, 
      "icon": "\u5077\u5929\u6362\u65e5", 
      "minutes": 720, 
      "cost_value": 10000
    }
  }, 
  {
    "pk": 11, 
    "model": "training.trainingproperty", 
    "fields": {
      "need_building_level": 4, 
      "name": "\u91d1\u8749\u8131\u58f3", 
      "package": 130, 
      "des": "\u8bad\u7ec3\u5b8c\u6210\u540e\u9632\u5b88\u589e\u52a010\u70b9\uff0c\u7275\u5236\u589e\u52a010\u70b9", 
      "cost_type": 1, 
      "need_items": [
        [
          37, 
          5
        ], 
        [
          36, 
          10
        ]
      ], 
      "order_value": 11, 
      "icon": "\u5bcc\u8d35\u9669\u4e2d\u6c42", 
      "minutes": 720, 
      "cost_value": 10000
    }
  }, 
  {
    "pk": 12, 
    "model": "training.trainingproperty", 
    "fields": {
      "need_building_level": 4, 
      "name": "\u795e\u4e4e\u5176\u6280", 
      "package": 131, 
      "des": "\u8bad\u7ec3\u5b8c\u6210\u540e\u66b4\u5175\u589e\u52a010\u70b9\uff0c\u610f\u8bc6\u589e\u52a010\u70b9", 
      "cost_type": 1, 
      "need_items": [
        [
          34, 
          5
        ], 
        [
          35, 
          10
        ]
      ], 
      "order_value": 12, 
      "icon": "\u795e\u4e4e\u5176\u6280", 
      "minutes": 720, 
      "cost_value": 10000
    }
  }, 
  {
    "pk": 13, 
    "model": "training.trainingproperty", 
    "fields": {
      "need_building_level": 4, 
      "name": "\u653b\u5b88\u517c\u5907", 
      "package": 132, 
      "des": "\u8bad\u7ec3\u5b8c\u6210\u540e\u8fdb\u653b\u589e\u52a010\u70b9\uff0c\u8fd0\u8425\u589e\u52a010\u70b9", 
      "cost_type": 1, 
      "need_items": [
        [
          33, 
          5
        ], 
        [
          32, 
          10
        ]
      ], 
      "order_value": 13, 
      "icon": "\u653b\u5b88\u517c\u5907", 
      "minutes": 720, 
      "cost_value": 10000
    }
  }, 
  {
    "pk": 14, 
    "model": "training.trainingproperty", 
    "fields": {
      "need_building_level": 4, 
      "name": "\u521a\u67d4\u6709\u9053", 
      "package": 133, 
      "des": "\u8bad\u7ec3\u5b8c\u6210\u540e\u9632\u5b88\u589e\u52a010\u70b9\uff0c\u66b4\u5175\u589e\u52a010\u70b9", 
      "cost_type": 1, 
      "need_items": [
        [
          30, 
          10
        ], 
        [
          31, 
          5
        ]
      ], 
      "order_value": 14, 
      "icon": "\u521a\u67d4\u6709\u9053", 
      "minutes": 720, 
      "cost_value": 10000
    }
  }, 
  {
    "pk": 15, 
    "model": "training.trainingproperty", 
    "fields": {
      "need_building_level": 4, 
      "name": "\u4ee5\u9038\u51fb\u52b3", 
      "package": 134, 
      "des": "\u8bad\u7ec3\u5b8c\u6210\u540e\u610f\u8bc6\u589e\u52a010\u70b9\uff0c\u7275\u5236\u589e\u52a010\u70b9", 
      "cost_type": 1, 
      "need_items": [
        [
          28, 
          10
        ], 
        [
          29, 
          5
        ]
      ], 
      "order_value": 15, 
      "icon": "\u4ee5\u9038\u51fb\u52b3", 
      "minutes": 720, 
      "cost_value": 10000
    }
  }, 
  {
    "pk": 16, 
    "model": "training.trainingproperty", 
    "fields": {
      "need_building_level": 4, 
      "name": "\u6b65\u6b65\u4e3a\u8425", 
      "package": 135, 
      "des": "\u8bad\u7ec3\u5b8c\u6210\u540e\u5fc3\u6001\u589e\u52a010\u70b9\uff0c\u64cd\u4f5c\u589e\u52a010\u70b9", 
      "cost_type": 1, 
      "need_items": [
        [
          27, 
          5
        ], 
        [
          26, 
          10
        ]
      ], 
      "order_value": 16, 
      "icon": "\u6b65\u6b65\u4e3a\u8425", 
      "minutes": 720, 
      "cost_value": 10000
    }
  }, 
  {
    "pk": 17, 
    "model": "training.trainingproperty", 
    "fields": {
      "need_building_level": 9, 
      "name": "\u7409\u7483\u7535\u7f51\u62d3\u672c", 
      "package": 136, 
      "des": "\u8bad\u7ec3\u5b8c\u6210\u540e\u8fdb\u653b\u589e\u52a015\u70b9\uff0c\u8fd0\u8425\u589e\u52a015\u70b9\uff0c\u9632\u5b88\u589e\u52a015\u70b9", 
      "cost_type": 2, 
      "need_items": [
        [
          25, 
          10
        ], 
        [
          10, 
          10
        ], 
        [
          17, 
          10
        ]
      ], 
      "order_value": 17, 
      "icon": "\u4e7e\u5764\u5927\u632a\u79fb", 
      "minutes": 1440, 
      "cost_value": 50
    }
  }, 
  {
    "pk": 18, 
    "model": "training.trainingproperty", 
    "fields": {
      "need_building_level": 9, 
      "name": "\u53e4\u94dc\u94c1\u7ffc\u62d3\u672c", 
      "package": 137, 
      "des": "\u8bad\u7ec3\u5b8c\u6210\u540e\u66b4\u5175\u589e\u52a015\u70b9\uff0c\u7275\u5236\u589e\u52a015\u70b9\uff0c\u5fc3\u6001\u589e\u52a015\u70b9", 
      "cost_type": 2, 
      "need_items": [
        [
          24, 
          10
        ], 
        [
          12, 
          10
        ], 
        [
          15, 
          10
        ]
      ], 
      "order_value": 18, 
      "icon": "\u94bb\u77f3\u914d\u5408\u5fbd\u7ae0", 
      "minutes": 1440, 
      "cost_value": 50
    }
  }, 
  {
    "pk": 19, 
    "model": "training.trainingproperty", 
    "fields": {
      "need_building_level": 9, 
      "name": "\u5954\u96f7\u7f57\u6c49\u62d3\u672c", 
      "package": 138, 
      "des": "\u8bad\u7ec3\u5b8c\u6210\u540e\u8fdb\u653b\u589e\u52a015\u70b9\uff0c\u8fd0\u8425\u589e\u52a015\u70b9\uff0c\u64cd\u4f5c\u589e\u52a015\u70b9", 
      "cost_type": 2, 
      "need_items": [
        [
          23, 
          10
        ], 
        [
          11, 
          10
        ], 
        [
          14, 
          10
        ]
      ], 
      "order_value": 19, 
      "icon": "\u66b4\u5175\u57fa\u672c\u529f", 
      "minutes": 1440, 
      "cost_value": 50
    }
  }, 
  {
    "pk": 20, 
    "model": "training.trainingproperty", 
    "fields": {
      "need_building_level": 9, 
      "name": "\u60ca\u6d9b\u9f99\u6cc9\u62d3\u672c", 
      "package": 139, 
      "des": "\u8bad\u7ec3\u5b8c\u6210\u540e\u7275\u5236\u589e\u52a015\u70b9\uff0c\u66b4\u5175\u589e\u52a015\u70b9\uff0c\u610f\u8bc6\u589e\u52a015\u70b9", 
      "cost_type": 2, 
      "need_items": [
        [
          16, 
          10
        ], 
        [
          13, 
          10
        ], 
        [
          20, 
          10
        ]
      ], 
      "order_value": 20, 
      "icon": "\u5fc3\u6001\u57fa\u672c\u529f", 
      "minutes": 1440, 
      "cost_value": 50
    }
  }, 
  {
    "pk": 21, 
    "model": "training.trainingproperty", 
    "fields": {
      "need_building_level": 9, 
      "name": "\u5723\u5149\u4e07\u4ede\u62d3\u672c", 
      "package": 140, 
      "des": "\u8bad\u7ec3\u5b8c\u6210\u540e\u5fc3\u6001\u589e\u52a015\u70b9\uff0c\u9632\u5b88\u589e\u52a015\u70b9\uff0c\u610f\u8bc6\u589e\u52a015\u70b9", 
      "cost_type": 2, 
      "need_items": [
        [
          22, 
          10
        ], 
        [
          39, 
          10
        ], 
        [
          18, 
          10
        ]
      ], 
      "order_value": 21, 
      "icon": "\u94bb\u77f3\u8bad\u7ec3\u5fbd\u7ae0", 
      "minutes": 1440, 
      "cost_value": 50
    }
  }, 
  {
    "pk": 22, 
    "model": "training.trainingproperty", 
    "fields": {
      "need_building_level": 9, 
      "name": "\u83b2\u534e\u8d64\u65e5\u62d3\u672c", 
      "package": 141, 
      "des": "\u8bad\u7ec3\u5b8c\u6210\u540e\u64cd\u4f5c\u589e\u52a015\u70b9\uff0c\u5fc3\u6001\u589e\u52a015\u70b9\uff0c\u610f\u8bc6\u589e\u52a015\u70b9", 
      "cost_type": 2, 
      "need_items": [
        [
          37, 
          10
        ], 
        [
          21, 
          10
        ], 
        [
          35, 
          10
        ]
      ], 
      "order_value": 22, 
      "icon": "\u94bb\u77f3\u653b\u51fb\u5fbd\u7ae0", 
      "minutes": 1440, 
      "cost_value": 50
    }
  }
]