[
  {
    "pk": 3, 
    "model": "training.trainingproperty", 
    "fields": {
      "need_building_level": 1, 
      "name": "\u5c5e\u6027\u57f9\u8bad1", 
      "package": 18100, 
      "des": "\u8bad\u7ec3\u5b8c\u6210", 
      "tp": 1, 
      "cost_type": 1, 
      "need_items": [
        [
          210001, 
          2
        ]
      ], 
      "order_value": 3, 
      "cost_value": 5000, 
      "minutes": 360, 
      "icon": "\u5fc3\u6001\u57fa\u672c\u529f"
    }
  }, 
  {
    "pk": 4, 
    "model": "training.trainingproperty", 
    "fields": {
      "need_building_level": 1, 
      "name": "\u5c5e\u6027\u57f9\u8bad2", 
      "package": 18101, 
      "des": "\u8bad\u7ec3\u5b8c\u6210", 
      "tp": 1, 
      "cost_type": 1, 
      "need_items": [
        [
          210003, 
          2
        ]
      ], 
      "order_value": 4, 
      "cost_value": 5000, 
      "minutes": 360, 
      "icon": "\u66b4\u5175\u57fa\u672c\u529f"
    }
  }, 
  {
    "pk": 5, 
    "model": "training.trainingproperty", 
    "fields": {
      "need_building_level": 1, 
      "name": "\u5c5e\u6027\u57f9\u8bad3", 
      "package": 18102, 
      "des": "\u8bad\u7ec3\u5b8c\u6210", 
      "tp": 1, 
      "cost_type": 1, 
      "need_items": [
        [
          210006, 
          3
        ]
      ], 
      "order_value": 5, 
      "cost_value": 5000, 
      "minutes": 480, 
      "icon": "\u94bb\u77f3\u9632\u5fa1\u5fbd\u7ae0"
    }
  }, 
  {
    "pk": 6, 
    "model": "training.trainingproperty", 
    "fields": {
      "need_building_level": 1, 
      "name": "\u5c5e\u6027\u57f9\u8bad4", 
      "package": 18103, 
      "des": "\u8bad\u7ec3\u5b8c\u6210", 
      "tp": 1, 
      "cost_type": 1, 
      "need_items": [
        [
          210009, 
          3
        ]
      ], 
      "order_value": 6, 
      "cost_value": 5000, 
      "minutes": 480, 
      "icon": "\u8fd0\u8425\u57fa\u672c\u529f"
    }
  }, 
  {
    "pk": 7, 
    "model": "training.trainingproperty", 
    "fields": {
      "need_building_level": 1, 
      "name": "\u5c5e\u6027\u57f9\u8bad5", 
      "package": 18104, 
      "des": "\u8bad\u7ec3\u5b8c\u6210", 
      "tp": 1, 
      "cost_type": 1, 
      "need_items": [
        [
          210012, 
          4
        ]
      ], 
      "order_value": 7, 
      "cost_value": 5000, 
      "minutes": 600, 
      "icon": "\u610f\u8bc6\u57fa\u672c\u529f"
    }
  }, 
  {
    "pk": 8, 
    "model": "training.trainingproperty", 
    "fields": {
      "need_building_level": 1, 
      "name": "\u5c5e\u6027\u57f9\u8bad6", 
      "package": 18105, 
      "des": "\u8bad\u7ec3\u5b8c\u6210", 
      "tp": 1, 
      "cost_type": 1, 
      "need_items": [
        [
          210015, 
          4
        ]
      ], 
      "order_value": 8, 
      "cost_value": 5000, 
      "minutes": 600, 
      "icon": "\u94bb\u77f3\u914d\u5408\u5fbd\u7ae0"
    }
  }, 
  {
    "pk": 9, 
    "model": "training.trainingproperty", 
    "fields": {
      "need_building_level": 4, 
      "name": "\u5c5e\u6027\u57f9\u8bad7", 
      "package": 18106, 
      "des": "\u8bad\u7ec3\u5b8c\u6210", 
      "tp": 1, 
      "cost_type": 1, 
      "need_items": [
        [
          210018, 
          4
        ]
      ], 
      "order_value": 9, 
      "cost_value": 10000, 
      "minutes": 720, 
      "icon": "\u8e14\u5389\u594b\u53d1"
    }
  }, 
  {
    "pk": 10, 
    "model": "training.trainingproperty", 
    "fields": {
      "need_building_level": 4, 
      "name": "\u5c5e\u6027\u57f9\u8bad8", 
      "package": 18107, 
      "des": "\u8bad\u7ec3\u5b8c\u6210", 
      "tp": 1, 
      "cost_type": 1, 
      "need_items": [
        [
          210021, 
          5
        ]
      ], 
      "order_value": 10, 
      "cost_value": 10000, 
      "minutes": 720, 
      "icon": "\u5077\u5929\u6362\u65e5"
    }
  }, 
  {
    "pk": 11, 
    "model": "training.trainingproperty", 
    "fields": {
      "need_building_level": 4, 
      "name": "\u5c5e\u6027\u57f9\u8bad9", 
      "package": 18108, 
      "des": "\u8bad\u7ec3\u5b8c\u6210", 
      "tp": 1, 
      "cost_type": 1, 
      "need_items": [
        [
          210022, 
          6
        ]
      ], 
      "order_value": 11, 
      "cost_value": 10000, 
      "minutes": 1440, 
      "icon": "\u5bcc\u8d35\u9669\u4e2d\u6c42"
    }
  }, 
  {
    "pk": 12, 
    "model": "training.trainingproperty", 
    "fields": {
      "need_building_level": 1, 
      "name": "\u7ecf\u9a8c\u57f9\u8bad1", 
      "package": 18200, 
      "des": "\u8bad\u7ec3\u5b8c\u6210", 
      "tp": 2, 
      "cost_type": 1, 
      "need_items": [
        [
          210002, 
          1
        ]
      ], 
      "order_value": 12, 
      "cost_value": 10000, 
      "minutes": 120, 
      "icon": "\u795e\u4e4e\u5176\u6280"
    }
  }, 
  {
    "pk": 13, 
    "model": "training.trainingproperty", 
    "fields": {
      "need_building_level": 1, 
      "name": "\u7ecf\u9a8c\u57f9\u8bad2", 
      "package": 18201, 
      "des": "\u8bad\u7ec3\u5b8c\u6210", 
      "tp": 2, 
      "cost_type": 1, 
      "need_items": [
        [
          210004, 
          1
        ]
      ], 
      "order_value": 13, 
      "cost_value": 10000, 
      "minutes": 240, 
      "icon": "\u653b\u5b88\u517c\u5907"
    }
  }, 
  {
    "pk": 14, 
    "model": "training.trainingproperty", 
    "fields": {
      "need_building_level": 1, 
      "name": "\u7ecf\u9a8c\u57f9\u8bad3", 
      "package": 18202, 
      "des": "\u8bad\u7ec3\u5b8c\u6210", 
      "tp": 2, 
      "cost_type": 1, 
      "need_items": [
        [
          210007, 
          2
        ]
      ], 
      "order_value": 14, 
      "cost_value": 10000, 
      "minutes": 360, 
      "icon": "\u521a\u67d4\u6709\u9053"
    }
  }, 
  {
    "pk": 15, 
    "model": "training.trainingproperty", 
    "fields": {
      "need_building_level": 1, 
      "name": "\u7ecf\u9a8c\u57f9\u8bad4", 
      "package": 18203, 
      "des": "\u8bad\u7ec3\u5b8c\u6210", 
      "tp": 2, 
      "cost_type": 1, 
      "need_items": [
        [
          210010, 
          2
        ]
      ], 
      "order_value": 15, 
      "cost_value": 10000, 
      "minutes": 480, 
      "icon": "\u4ee5\u9038\u51fb\u52b3"
    }
  }, 
  {
    "pk": 16, 
    "model": "training.trainingproperty", 
    "fields": {
      "need_building_level": 4, 
      "name": "\u7ecf\u9a8c\u57f9\u8bad5", 
      "package": 18204, 
      "des": "\u8bad\u7ec3\u5b8c\u6210", 
      "tp": 2, 
      "cost_type": 1, 
      "need_items": [
        [
          210013, 
          2
        ]
      ], 
      "order_value": 16, 
      "cost_value": 10000, 
      "minutes": 480, 
      "icon": "\u6b65\u6b65\u4e3a\u8425"
    }
  }, 
  {
    "pk": 17, 
    "model": "training.trainingproperty", 
    "fields": {
      "need_building_level": 9, 
      "name": "\u7ecf\u9a8c\u57f9\u8bad6", 
      "package": 18205, 
      "des": "\u8bad\u7ec3\u5b8c\u6210", 
      "tp": 2, 
      "cost_type": 1, 
      "need_items": [
        [
          210016, 
          3
        ]
      ], 
      "order_value": 17, 
      "cost_value": 50, 
      "minutes": 600, 
      "icon": "\u4e7e\u5764\u5927\u632a\u79fb"
    }
  }, 
  {
    "pk": 18, 
    "model": "training.trainingproperty", 
    "fields": {
      "need_building_level": 9, 
      "name": "\u7ecf\u9a8c\u57f9\u8bad7", 
      "package": 18206, 
      "des": "\u8bad\u7ec3\u5b8c\u6210", 
      "tp": 2, 
      "cost_type": 1, 
      "need_items": [
        [
          210019, 
          3
        ]
      ], 
      "order_value": 18, 
      "cost_value": 50, 
      "minutes": 720, 
      "icon": "\u94bb\u77f3\u914d\u5408\u5fbd\u7ae0"
    }
  }, 
  {
    "pk": 19, 
    "model": "training.trainingproperty", 
    "fields": {
      "need_building_level": 9, 
      "name": "\u7ecf\u9a8c\u57f9\u8bad8", 
      "package": 18207, 
      "des": "\u8bad\u7ec3\u5b8c\u6210", 
      "tp": 2, 
      "cost_type": 1, 
      "need_items": [
        [
          210022, 
          3
        ]
      ], 
      "order_value": 19, 
      "cost_value": 50, 
      "minutes": 720, 
      "icon": "\u66b4\u5175\u57fa\u672c\u529f"
    }
  }, 
  {
    "pk": 20, 
    "model": "training.trainingproperty", 
    "fields": {
      "need_building_level": 9, 
      "name": "\u7ecf\u9a8c\u57f9\u8bad9", 
      "package": 18208, 
      "des": "\u8bad\u7ec3\u5b8c\u6210", 
      "tp": 2, 
      "cost_type": 1, 
      "need_items": [
        [
          210021, 
          6
        ]
      ], 
      "order_value": 20, 
      "cost_value": 50, 
      "minutes": 1440, 
      "icon": "\u5fc3\u6001\u57fa\u672c\u529f"
    }
  }
]