[
{
    "fields": {
        "on_sell": true,
        "need_building_level": 1,
        "name": "\u521d\u7ea7\u76f4\u64ad",
        "package": 10,
        "des": "\u76f4\u64ad\u5b8c\u6210\u540e\u5c06\u83b7\u5f97100\u8f6f\u59b9\u5e01",
        "skill_id": null,
        "tp": 1,
        "cost_type": 1,
        "skill_level": null,
        "cost_value": 100,
        "minutes": 1,
        "icon": "IC_30_01"
    },
    "model": "training.training",
    "pk": 1
},
{
    "fields": {
        "on_sell": true,
        "need_building_level": 2,
        "name": "\u4e2d\u7ea7\u76f4\u64ad",
        "package": 11,
        "des": "\u76f4\u64ad\u5b8c\u6210\u540e\u5c06\u83b7\u5f97200\u8f6f\u59b9\u5e01",
        "skill_id": null,
        "tp": 1,
        "cost_type": 1,
        "skill_level": null,
        "cost_value": 20,
        "minutes": 20,
        "icon": "IC_21_01"
    },
    "model": "training.training",
    "pk": 2
},
{
    "fields": {
        "on_sell": true,
        "need_building_level": 3,
        "name": "\u9ad8\u7ea7\u76f4\u64ad",
        "package": 12,
        "des": "\u76f4\u64ad\u5b8c\u6210\u540e\u5c06\u83b7\u5f97300\u8f6f\u59b9\u5e01",
        "skill_id": null,
        "tp": 1,
        "cost_type": 1,
        "skill_level": null,
        "cost_value": 200,
        "minutes": 1,
        "icon": "IC_26_01"
    },
    "model": "training.training",
    "pk": 3
},
{
    "fields": {
        "on_sell": true,
        "need_building_level": 4,
        "name": "\u5927\u5e08\u7ea7\u76f4\u64ad",
        "package": 1,
        "des": "\u76f4\u64ad\u5b8c\u6210\u540e\u5c06\u83b7\u5f971000\u8f6f\u59b9\u5e01",
        "skill_id": null,
        "tp": 1,
        "cost_type": 1,
        "skill_level": null,
        "cost_value": 200,
        "minutes": 500,
        "icon": "IC_31_01"
    },
    "model": "training.training",
    "pk": 4
},
{
    "fields": {
        "on_sell": true,
        "need_building_level": 5,
        "name": "\u4e13\u5bb6\u7ea7\u76f4\u64ad",
        "package": 4,
        "des": "\u76f4\u64ad\u5b8c\u6210\u540e\u5c06\u83b7\u5f971500\u8f6f\u59b9\u5e01",
        "skill_id": null,
        "tp": 1,
        "cost_type": 1,
        "skill_level": null,
        "cost_value": 10,
        "minutes": 15,
        "icon": "IC_22_01"
    },
    "model": "training.training",
    "pk": 5
},
{
    "fields": {
        "on_sell": true,
        "need_building_level": 1,
        "name": "\u521d\u7ea7\u4ee3\u8a00",
        "package": 13,
        "des": "\u4ee3\u8a00\u4f4e\u7aef\u5546\u54c1\u5c06\u83b7\u5f97100\u8f6f\u59b9\u5e01",
        "skill_id": null,
        "tp": 1,
        "cost_type": 1,
        "skill_level": null,
        "cost_value": 500,
        "minutes": 2,
        "icon": "IC_22_01"
    },
    "model": "training.training",
    "pk": 6
},
{
    "fields": {
        "on_sell": true,
        "need_building_level": 2,
        "name": "\u4e2d\u7ea7\u4ee3\u8a00",
        "package": 14,
        "des": "\u4ee3\u8a00\u4e2d\u6863\u5546\u54c1\u5c06\u83b7\u5f97200\u8f6f\u59b9\u5e01",
        "skill_id": null,
        "tp": 2,
        "cost_type": 1,
        "skill_level": null,
        "cost_value": 300,
        "minutes": 2,
        "icon": "IC_22_01"
    },
    "model": "training.training",
    "pk": 7
},
{
    "fields": {
        "on_sell": true,
        "need_building_level": 3,
        "name": "\u9ad8\u7ea7\u4ee3\u8a00",
        "package": 15,
        "des": "\u4ee3\u8a00\u9ad8\u7aef\u5546\u54c1\u5c06\u83b7\u5f97300\u8f6f\u59b9\u5e01",
        "skill_id": null,
        "tp": 2,
        "cost_type": 1,
        "skill_level": null,
        "cost_value": 500,
        "minutes": 2,
        "icon": "IC_22_01"
    },
    "model": "training.training",
    "pk": 8
},
{
    "fields": {
        "on_sell": true,
        "need_building_level": 4,
        "name": "\u5927\u5e08\u7ea7\u4ee3\u8a00",
        "package": 19,
        "des": "\u4ee3\u8a00\u5962\u4f88\u54c1\u5c06\u83b7\u5f97400\u8f6f\u59b9\u5e01",
        "skill_id": null,
        "tp": 1,
        "cost_type": 1,
        "skill_level": null,
        "cost_value": 740,
        "minutes": 5,
        "icon": "IC_22_01"
    },
    "model": "training.training",
    "pk": 9
},
{
    "fields": {
        "on_sell": true,
        "need_building_level": 5,
        "name": "\u4e13\u5bb6\u7ea7\u4ee3\u8a00",
        "package": 1,
        "des": "\u4e3a\u62c7\u6307\u65f6\u4ee3\u4ee3\u8a00\u5c06\u83b7\u5f971500\u8f6f\u59b9\u5e01",
        "skill_id": null,
        "tp": 2,
        "cost_type": 1,
        "skill_level": null,
        "cost_value": 800,
        "minutes": 9,
        "icon": "IC_22_01"
    },
    "model": "training.training",
    "pk": 10
},
{
    "fields": {
        "on_sell": true,
        "need_building_level": 6,
        "name": "\u521d\u7ea7\u7f51\u5e97",
        "package": 16,
        "des": "\u7ecf\u8425\u7f51\u5e97\u5c06\u83b7\u5f97100\u8f6f\u59b9\u5e01",
        "skill_id": null,
        "tp": 1,
        "cost_type": 1,
        "skill_level": null,
        "cost_value": 100,
        "minutes": 7,
        "icon": "IC_22_01"
    },
    "model": "training.training",
    "pk": 11
},
{
    "fields": {
        "on_sell": true,
        "need_building_level": 7,
        "name": "\u4e2d\u7ea7\u7f51\u5e97",
        "package": 17,
        "des": "\u7ecf\u8425\u7f51\u5e97\u5c06\u83b7\u5f97200\u8f6f\u59b9\u5e01",
        "skill_id": null,
        "tp": 1,
        "cost_type": 1,
        "skill_level": null,
        "cost_value": 20,
        "minutes": 7,
        "icon": "IC_22_01"
    },
    "model": "training.training",
    "pk": 12
},
{
    "fields": {
        "on_sell": true,
        "need_building_level": 9,
        "name": "\u8df3\u866b\u8bad\u7ec3",
        "package": null,
        "des": "\u8bad\u7ec3\u5b8c\u6210\u540e\u8df3\u866b\u6280\u80fd\u63d0\u53471\u7ea7",
        "skill_id": 1,
        "tp": 3,
        "cost_type": 2,
        "skill_level": 1,
        "cost_value": 150,
        "minutes": 900,
        "icon": "IC_22_01"
    },
    "model": "training.training",
    "pk": 13
},
{
    "fields": {
        "on_sell": true,
        "need_building_level": 9,
        "name": "\u87d1\u8782\u8bad\u7ec3",
        "package": null,
        "des": "\u8bad\u7ec3\u5b8c\u6210\u540e\u87d1\u8782\u7b49\u7ea7\u63d0\u53471\u7ea7",
        "skill_id": 2,
        "tp": 3,
        "cost_type": 1,
        "skill_level": 1,
        "cost_value": 999,
        "minutes": 100,
        "icon": "IC_22_01"
    },
    "model": "training.training",
    "pk": 14
},
{
    "fields": {
        "on_sell": true,
        "need_building_level": 9,
        "name": "\u6bd2\u7206\u8bad\u7ec3",
        "package": null,
        "des": "\u8bad\u7ec3\u5b8c\u6210\u540e\u6bd2\u7206\u7b49\u7ea7\u63d0\u53471\u7ea7",
        "skill_id": 3,
        "tp": 3,
        "cost_type": 1,
        "skill_level": 1,
        "cost_value": 999,
        "minutes": 100,
        "icon": "IC_22_01"
    },
    "model": "training.training",
    "pk": 15
},
{
    "fields": {
        "on_sell": true,
        "need_building_level": 9,
        "name": "\u611f\u67d3\u8005",
        "package": null,
        "des": "\u8bad\u7ec3\u5b8c\u6210\u540e\u611f\u67d3\u8005\u7b49\u7ea7\u63d0\u53471\u7ea7",
        "skill_id": 4,
        "tp": 3,
        "cost_type": 1,
        "skill_level": 1,
        "cost_value": 998,
        "minutes": 100,
        "icon": "IC_22_01"
    },
    "model": "training.training",
    "pk": 16
},
{
    "fields": {
        "on_sell": true,
        "need_building_level": 9,
        "name": "\u8150\u5316\u8005",
        "package": null,
        "des": "\u8bad\u7ec3\u5b8c\u6210\u540e\u8150\u5316\u8005\u7b49\u7ea7\u63d0\u53471\u7ea7",
        "skill_id": 5,
        "tp": 3,
        "cost_type": 1,
        "skill_level": 1,
        "cost_value": 998,
        "minutes": 100,
        "icon": "IC_22_01"
    },
    "model": "training.training",
    "pk": 17
},
{
    "fields": {
        "on_sell": true,
        "need_building_level": 9,
        "name": "\u98de\u9f99",
        "package": null,
        "des": "\u8bad\u7ec3\u5b8c\u6210\u540e\u98de\u9f99\u7b49\u7ea7\u63d0\u53471\u7ea7",
        "skill_id": 6,
        "tp": 3,
        "cost_type": 1,
        "skill_level": 1,
        "cost_value": 998,
        "minutes": 100,
        "icon": "IC_22_01"
    },
    "model": "training.training",
    "pk": 18
},
{
    "fields": {
        "on_sell": true,
        "need_building_level": 9,
        "name": "\u96f7\u517d",
        "package": null,
        "des": "\u8bad\u7ec3\u5b8c\u6210\u540e\u96f7\u517d\u7b49\u7ea7\u63d0\u53471\u7ea7",
        "skill_id": 7,
        "tp": 3,
        "cost_type": 1,
        "skill_level": 1,
        "cost_value": 998,
        "minutes": 100,
        "icon": "IC_22_01"
    },
    "model": "training.training",
    "pk": 19
},
{
    "fields": {
        "on_sell": true,
        "need_building_level": 9,
        "name": "\u5de2\u866b\u9886\u4e3b",
        "package": null,
        "des": "\u8bad\u7ec3\u5b8c\u6210\u540e\u5de2\u866b\u9886\u4e3b\u7b49\u7ea7\u63d0\u53471\u7ea7",
        "skill_id": 8,
        "tp": 3,
        "cost_type": 1,
        "skill_level": 1,
        "cost_value": 998,
        "minutes": 100,
        "icon": "IC_22_01"
    },
    "model": "training.training",
    "pk": 20
},
{
    "fields": {
        "on_sell": true,
        "need_building_level": 9,
        "name": "\u523a\u86c7\u8bad\u7ec3",
        "package": null,
        "des": "\u8bad\u7ec3\u5b8c\u6210\u540e\u523a\u86c7\u7b49\u7ea7\u63d0\u53471\u7ea7",
        "skill_id": 9,
        "tp": 3,
        "cost_type": 1,
        "skill_level": 1,
        "cost_value": 998,
        "minutes": 100,
        "icon": "IC_22_01"
    },
    "model": "training.training",
    "pk": 21
},
{
    "fields": {
        "on_sell": true,
        "need_building_level": 9,
        "name": "\u5bbf\u4e3b\u8bad\u7ec3",
        "package": null,
        "des": "\u8bad\u7ec3\u5b8c\u6210\u540e\u5bbf\u4e3b\u7b49\u7ea7\u63d0\u53471\u7ea7",
        "skill_id": 10,
        "tp": 3,
        "cost_type": 1,
        "skill_level": 1,
        "cost_value": 998,
        "minutes": 100,
        "icon": "IC_22_01"
    },
    "model": "training.training",
    "pk": 22
},
{
    "fields": {
        "on_sell": true,
        "need_building_level": 9,
        "name": "\u98de\u86c7\u8bad\u7ec3",
        "package": null,
        "des": "\u8bad\u7ec3\u5b8c\u6210\u540e\u98de\u86c7\u7b49\u7ea7\u63d0\u53471\u7ea7",
        "skill_id": 11,
        "tp": 3,
        "cost_type": 1,
        "skill_level": 1,
        "cost_value": 998,
        "minutes": 100,
        "icon": "IC_22_01"
    },
    "model": "training.training",
    "pk": 23
},
{
    "fields": {
        "on_sell": true,
        "need_building_level": 9,
        "name": "\u72c2\u70ed\u8005\u8bad\u7ec3",
        "package": null,
        "des": "\u8bad\u7ec3\u5b8c\u6210\u540e\u72c2\u70ed\u8005\u7b49\u7ea7\u63d0\u53471\u7ea7",
        "skill_id": 12,
        "tp": 3,
        "cost_type": 1,
        "skill_level": 1,
        "cost_value": 998,
        "minutes": 100,
        "icon": "IC_22_01"
    },
    "model": "training.training",
    "pk": 24
},
{
    "fields": {
        "on_sell": true,
        "need_building_level": 9,
        "name": "\u8ffd\u730e\u8005",
        "package": null,
        "des": "\u8bad\u7ec3\u5b8c\u6210\u540e\u8ffd\u730e\u8005\u7b49\u7ea7\u63d0\u53471\u7ea7",
        "skill_id": 13,
        "tp": 3,
        "cost_type": 1,
        "skill_level": 1,
        "cost_value": 998,
        "minutes": 100,
        "icon": "IC_22_01"
    },
    "model": "training.training",
    "pk": 25
},
{
    "fields": {
        "on_sell": true,
        "need_building_level": 9,
        "name": "\u54e8\u5175",
        "package": null,
        "des": "\u8bad\u7ec3\u5b8c\u6210\u540e\u54e8\u5175\u7b49\u7ea7\u63d0\u53471\u7ea7",
        "skill_id": 14,
        "tp": 3,
        "cost_type": 1,
        "skill_level": 1,
        "cost_value": 998,
        "minutes": 100,
        "icon": "IC_22_01"
    },
    "model": "training.training",
    "pk": 26
},
{
    "fields": {
        "on_sell": true,
        "need_building_level": 9,
        "name": "\u51e4\u51f0\u8bad\u7ec3",
        "package": null,
        "des": "\u8bad\u7ec3\u5b8c\u6210\u540e\u51e4\u51f0\u7b49\u7ea7\u63d0\u53471\u7ea7",
        "skill_id": 15,
        "tp": 3,
        "cost_type": 1,
        "skill_level": 1,
        "cost_value": 998,
        "minutes": 100,
        "icon": "IC_22_01"
    },
    "model": "training.training",
    "pk": 27
},
{
    "fields": {
        "on_sell": true,
        "need_building_level": 9,
        "name": "\u5149\u660e\u5723\u5802\u6b66\u58eb",
        "package": null,
        "des": "\u8bad\u7ec3\u5b8c\u6210\u540e\u5149\u660e\u5723\u5802\u6b66\u58eb\u63d0\u53471\u7ea7",
        "skill_id": 16,
        "tp": 3,
        "cost_type": 1,
        "skill_level": 1,
        "cost_value": 998,
        "minutes": 100,
        "icon": "IC_22_01"
    },
    "model": "training.training",
    "pk": 28
},
{
    "fields": {
        "on_sell": true,
        "need_building_level": 9,
        "name": "\u9ed1\u6697\u5723\u5802\u6b66\u58eb",
        "package": null,
        "des": "\u8bad\u7ec3\u5b8c\u6210\u540e\u9ed1\u6697\u5723\u5802\u6b66\u58eb\u7b49\u7ea7\u63d0\u53471\u7ea7",
        "skill_id": 17,
        "tp": 3,
        "cost_type": 1,
        "skill_level": 1,
        "cost_value": 998,
        "minutes": 100,
        "icon": "IC_22_01"
    },
    "model": "training.training",
    "pk": 29
},
{
    "fields": {
        "on_sell": true,
        "need_building_level": 9,
        "name": "\u4e0d\u673d\u8005",
        "package": null,
        "des": "\u8bad\u7ec3\u5b8c\u6210\u540e\u4e0d\u673d\u8005\u7b49\u7ea7\u63d0\u53471\u7ea7",
        "skill_id": 18,
        "tp": 3,
        "cost_type": 1,
        "skill_level": 1,
        "cost_value": 998,
        "minutes": 100,
        "icon": "IC_22_01"
    },
    "model": "training.training",
    "pk": 30
},
{
    "fields": {
        "on_sell": true,
        "need_building_level": 9,
        "name": "\u5de8\u50cf",
        "package": null,
        "des": "\u8bad\u7ec3\u5b8c\u6210\u540e\u5de8\u50cf\u7b49\u7ea7\u63d0\u53471\u7ea7",
        "skill_id": 19,
        "tp": 3,
        "cost_type": 1,
        "skill_level": 1,
        "cost_value": 998,
        "minutes": 100,
        "icon": "IC_22_01"
    },
    "model": "training.training",
    "pk": 31
},
{
    "fields": {
        "on_sell": true,
        "need_building_level": 9,
        "name": "\u6267\u653f\u5b98",
        "package": null,
        "des": "\u8bad\u7ec3\u5b8c\u6210\u540e\u6267\u653f\u5b98\u7b49\u7ea7\u63d0\u53471\u7ea7",
        "skill_id": 20,
        "tp": 3,
        "cost_type": 1,
        "skill_level": 1,
        "cost_value": 998,
        "minutes": 1,
        "icon": "IC_22_01"
    },
    "model": "training.training",
    "pk": 32
},
{
    "fields": {
        "on_sell": true,
        "need_building_level": 9,
        "name": "\u865a\u7a7a",
        "package": null,
        "des": "\u8bad\u7ec3\u5b8c\u6210\u540e\u865a\u7a7a\u7b49\u7ea7\u63d0\u53471\u7ea7",
        "skill_id": 21,
        "tp": 3,
        "cost_type": 1,
        "skill_level": 1,
        "cost_value": 998,
        "minutes": 100,
        "icon": "IC_22_01"
    },
    "model": "training.training",
    "pk": 33
},
{
    "fields": {
        "on_sell": true,
        "need_building_level": 9,
        "name": "\u822a\u6bcd",
        "package": null,
        "des": "\u8bad\u7ec3\u5b8c\u6210\u540e\u822a\u6bcd\u7b49\u7ea7\u63d0\u53471\u7ea7",
        "skill_id": 22,
        "tp": 3,
        "cost_type": 1,
        "skill_level": 1,
        "cost_value": 999,
        "minutes": 100,
        "icon": "IC_22_01"
    },
    "model": "training.training",
    "pk": 34
},
{
    "fields": {
        "on_sell": true,
        "need_building_level": 9,
        "name": "\u5148\u77e5",
        "package": null,
        "des": "\u8bad\u7ec3\u5b8c\u6210\u540e\u5148\u77e5\u7b49\u7ea7\u63d0\u53471\u7ea7",
        "skill_id": 23,
        "tp": 3,
        "cost_type": 1,
        "skill_level": 1,
        "cost_value": 998,
        "minutes": 100,
        "icon": "IC_22_01"
    },
    "model": "training.training",
    "pk": 35
},
{
    "fields": {
        "on_sell": true,
        "need_building_level": 9,
        "name": "\u98ce\u66b4\u6218\u8230",
        "package": null,
        "des": "\u8bad\u7ec3\u5b8c\u6210\u540e\u98ce\u66b4\u6218\u8230\u7b49\u7ea7\u63d0\u53471\u7ea7",
        "skill_id": 24,
        "tp": 3,
        "cost_type": 1,
        "skill_level": 1,
        "cost_value": 998,
        "minutes": 100,
        "icon": "IC_22_01"
    },
    "model": "training.training",
    "pk": 36
},
{
    "fields": {
        "on_sell": true,
        "need_building_level": 9,
        "name": "\u673a\u67aa\u5175",
        "package": null,
        "des": "\u8bad\u7ec3\u5b8c\u6210\u540e\u673a\u67aa\u5175\u7b49\u7ea7\u63d0\u53471\u7ea7",
        "skill_id": 25,
        "tp": 3,
        "cost_type": 1,
        "skill_level": 1,
        "cost_value": 998,
        "minutes": 100,
        "icon": "IC_22_01"
    },
    "model": "training.training",
    "pk": 37
},
{
    "fields": {
        "on_sell": true,
        "need_building_level": 9,
        "name": "\u63a0\u593a\u8005",
        "package": null,
        "des": "\u8bad\u7ec3\u5b8c\u6210\u540e\u63a0\u593a\u8005\u7b49\u7ea7\u63d0\u53471\u7ea7",
        "skill_id": 26,
        "tp": 3,
        "cost_type": 1,
        "skill_level": 1,
        "cost_value": 998,
        "minutes": 100,
        "icon": "IC_22_01"
    },
    "model": "training.training",
    "pk": 38
},
{
    "fields": {
        "on_sell": true,
        "need_building_level": 9,
        "name": "\u6b7b\u795e",
        "package": null,
        "des": "\u8bad\u7ec3\u5b8c\u6210\u540e\u6b7b\u795e\u7b49\u7ea7\u63d0\u53471\u7ea7",
        "skill_id": 27,
        "tp": 3,
        "cost_type": 1,
        "skill_level": 1,
        "cost_value": 998,
        "minutes": 100,
        "icon": "IC_22_01"
    },
    "model": "training.training",
    "pk": 39
},
{
    "fields": {
        "on_sell": true,
        "need_building_level": 9,
        "name": "\u5e7d\u7075\u5175",
        "package": null,
        "des": "\u8bad\u7ec3\u5b8c\u6210\u5e7d\u7075\u5175\u6280\u80fd\u63d0\u53471\u7ea7",
        "skill_id": 28,
        "tp": 3,
        "cost_type": 1,
        "skill_level": 1,
        "cost_value": 998,
        "minutes": 100,
        "icon": "IC_22_01"
    },
    "model": "training.training",
    "pk": 40
},
{
    "fields": {
        "on_sell": true,
        "need_building_level": 9,
        "name": "\u706b\u8f66",
        "package": null,
        "des": "\u8bad\u7ec3\u5b8c\u6210\u540e\u706b\u8f66\u7b49\u7ea7\u63d0\u53471\u7ea7",
        "skill_id": 29,
        "tp": 3,
        "cost_type": 1,
        "skill_level": 1,
        "cost_value": 998,
        "minutes": 100,
        "icon": "IC_22_01"
    },
    "model": "training.training",
    "pk": 41
},
{
    "fields": {
        "on_sell": true,
        "need_building_level": 9,
        "name": "\u706b\u8f66\u4eba",
        "package": null,
        "des": "\u8bad\u7ec3\u5b8c\u6210\u540e\u706b\u8f66\u4eba\u7b49\u7ea7\u63d0\u53471\u7ea7",
        "skill_id": 30,
        "tp": 3,
        "cost_type": 1,
        "skill_level": 1,
        "cost_value": 998,
        "minutes": 100,
        "icon": "IC_22_01"
    },
    "model": "training.training",
    "pk": 42
},
{
    "fields": {
        "on_sell": true,
        "need_building_level": 9,
        "name": "\u5766\u514b",
        "package": null,
        "des": "\u8bad\u7ec3\u5b8c\u6210\u540e\u5766\u514b\u7b49\u7ea7\u63d0\u53471\u7ea7",
        "skill_id": 31,
        "tp": 3,
        "cost_type": 1,
        "skill_level": 1,
        "cost_value": 998,
        "minutes": 100,
        "icon": "IC_21_01"
    },
    "model": "training.training",
    "pk": 43
},
{
    "fields": {
        "on_sell": true,
        "need_building_level": 9,
        "name": "\u96f7\u795e",
        "package": null,
        "des": "\u8bad\u7ec3\u5b8c\u6210\u540e\u96f7\u795e\u7b49\u7ea7\u63d0\u53471\u7ea7",
        "skill_id": 32,
        "tp": 3,
        "cost_type": 1,
        "skill_level": 1,
        "cost_value": 998,
        "minutes": 100,
        "icon": "IC_21_01"
    },
    "model": "training.training",
    "pk": 44
},
{
    "fields": {
        "on_sell": true,
        "need_building_level": 9,
        "name": "\u5973\u5996",
        "package": null,
        "des": "\u8bad\u7ec3\u5b8c\u6210\u540e\u5973\u5996\u7b49\u7ea7\u63d0\u53471\u7ea7",
        "skill_id": 33,
        "tp": 3,
        "cost_type": 1,
        "skill_level": 1,
        "cost_value": 998,
        "minutes": 100,
        "icon": "IC_21_01"
    },
    "model": "training.training",
    "pk": 45
},
{
    "fields": {
        "on_sell": true,
        "need_building_level": 9,
        "name": "\u5730\u96f7",
        "package": null,
        "des": "\u8bad\u7ec3\u5b8c\u6210\u540e\u5730\u96f7\u7b49\u7ea7\u63d0\u53471\u7ea7",
        "skill_id": 34,
        "tp": 3,
        "cost_type": 1,
        "skill_level": 1,
        "cost_value": 998,
        "minutes": 100,
        "icon": "IC_21_01"
    },
    "model": "training.training",
    "pk": 46
},
{
    "fields": {
        "on_sell": true,
        "need_building_level": 9,
        "name": "\u5927\u548c\u6218\u8230",
        "package": null,
        "des": "\u8bad\u7ec3\u5b8c\u6210\u540e\u5927\u548c\u6218\u8230\u7b49\u7ea7\u63d0\u53471\u7ea7",
        "skill_id": 35,
        "tp": 3,
        "cost_type": 1,
        "skill_level": 1,
        "cost_value": 998,
        "minutes": 100,
        "icon": "IC_21_01"
    },
    "model": "training.training",
    "pk": 47
},
{
    "fields": {
        "on_sell": true,
        "need_building_level": 9,
        "name": "\u7ef4\u4eac\u6218\u673a",
        "package": null,
        "des": "\u8bad\u7ec3\u5b8c\u6210\u540e\u7ef4\u4eac\u6218\u673a\u7b49\u7ea7\u63d0\u53471\u7ea7",
        "skill_id": 36,
        "tp": 3,
        "cost_type": 1,
        "skill_level": 1,
        "cost_value": 998,
        "minutes": 100,
        "icon": "IC_21_01"
    },
    "model": "training.training",
    "pk": 48
},
{
    "fields": {
        "on_sell": true,
        "need_building_level": 9,
        "name": "\u6e21\u9e26",
        "package": null,
        "des": "\u8bad\u7ec3\u5b8c\u6210\u540e\u6e21\u9e26\u7b49\u7ea7\u63d0\u53471\u7ea7",
        "skill_id": 37,
        "tp": 3,
        "cost_type": 1,
        "skill_level": 1,
        "cost_value": 998,
        "minutes": 100,
        "icon": "IC_21_01"
    },
    "model": "training.training",
    "pk": 49
},
{
    "fields": {
        "on_sell": true,
        "need_building_level": 8,
        "name": "\u9ad8\u7ea7\u7f51\u5e97",
        "package": 101,
        "des": "\u7ecf\u8425\u7f51\u5e97\u5c06\u83b7\u5f973000\u8f6f\u59b9\u5e01",
        "skill_id": null,
        "tp": 1,
        "cost_type": 1,
        "skill_level": null,
        "cost_value": 1,
        "minutes": 1,
        "icon": "IC_21_01"
    },
    "model": "training.training",
    "pk": 50
},
{
    "fields": {
        "on_sell": true,
        "need_building_level": 1,
        "name": "\u5c0f\u7ecf\u9a8c\u4e661",
        "package": 100,
        "des": "\u82b1\u8d3960\u5206\u949f\u83b7\u5f9715\u70b9\u4eba\u7269\u7ecf\u9a8c",
        "skill_id": null,
        "tp": 4,
        "cost_type": 2,
        "skill_level": null,
        "cost_value": 5,
        "minutes": 60,
        "icon": "IC_21_01"
    },
    "model": "training.training",
    "pk": 100
},
{
    "fields": {
        "on_sell": true,
        "need_building_level": 2,
        "name": "\u5c0f\u7ecf\u9a8c\u4e662",
        "package": 101,
        "des": "\u82b1\u8d3990\u5206\u949f\u83b7\u5f9725\u70b9\u4eba\u7269\u7ecf\u9a8c",
        "skill_id": null,
        "tp": 4,
        "cost_type": 2,
        "skill_level": null,
        "cost_value": 10,
        "minutes": 90,
        "icon": "IC_21_01"
    },
    "model": "training.training",
    "pk": 101
},
{
    "fields": {
        "on_sell": true,
        "need_building_level": 3,
        "name": "\u5c0f\u7ecf\u9a8c\u4e663",
        "package": 102,
        "des": "\u82b1\u8d39120\u5206\u949f\u83b7\u5f9736\u70b9\u4eba\u7269\u7ecf\u9a8c",
        "skill_id": null,
        "tp": 4,
        "cost_type": 2,
        "skill_level": null,
        "cost_value": 20,
        "minutes": 120,
        "icon": "IC_21_01"
    },
    "model": "training.training",
    "pk": 102
},
{
    "fields": {
        "on_sell": true,
        "need_building_level": 4,
        "name": "\u5c0f\u7ecf\u9a8c\u4e664",
        "package": 103,
        "des": "\u82b1\u8d39150\u5206\u949f\u83b7\u5f9748\u70b9\u4eba\u7269\u7ecf\u9a8c",
        "skill_id": null,
        "tp": 4,
        "cost_type": 2,
        "skill_level": null,
        "cost_value": 30,
        "minutes": 150,
        "icon": "IC_21_01"
    },
    "model": "training.training",
    "pk": 103
},
{
    "fields": {
        "on_sell": true,
        "need_building_level": 5,
        "name": "\u5c0f\u7ecf\u9a8c\u4e665",
        "package": 104,
        "des": "\u82b1\u8d39180\u5206\u949f\u83b7\u5f9760\u70b9\u4eba\u7269\u7ecf\u9a8c",
        "skill_id": null,
        "tp": 4,
        "cost_type": 2,
        "skill_level": null,
        "cost_value": 40,
        "minutes": 180,
        "icon": "IC_21_01"
    },
    "model": "training.training",
    "pk": 104
},
{
    "fields": {
        "on_sell": true,
        "need_building_level": 2,
        "name": "\u5927\u7ecf\u9a8c\u4e661",
        "package": 105,
        "des": "\u82b1\u8d398\u4e2a\u5c0f\u65f6\u83b7\u5f97100\u70b9\u4eba\u7269\u7ecf\u9a8c",
        "skill_id": null,
        "tp": 4,
        "cost_type": 2,
        "skill_level": null,
        "cost_value": 15,
        "minutes": 480,
        "icon": "IC_21_01"
    },
    "model": "training.training",
    "pk": 105
},
{
    "fields": {
        "on_sell": true,
        "need_building_level": 3,
        "name": "\u5927\u7ecf\u9a8c\u4e662",
        "package": 106,
        "des": "\u82b1\u8d3912\u4e2a\u5c0f\u65f6\u83b7\u5f97160\u70b9\u4eba\u7269\u7ecf\u9a8c",
        "skill_id": null,
        "tp": 4,
        "cost_type": 2,
        "skill_level": null,
        "cost_value": 30,
        "minutes": 720,
        "icon": "IC_21_01"
    },
    "model": "training.training",
    "pk": 106
},
{
    "fields": {
        "on_sell": true,
        "need_building_level": 4,
        "name": "\u5927\u7ecf\u9a8c\u4e663",
        "package": 107,
        "des": "\u82b1\u8d3916\u4e2a\u5c0f\u65f6\u83b7\u5f97240\u70b9\u4eba\u7269\u7ecf\u9a8c",
        "skill_id": null,
        "tp": 4,
        "cost_type": 2,
        "skill_level": null,
        "cost_value": 60,
        "minutes": 960,
        "icon": "IC_21_01"
    },
    "model": "training.training",
    "pk": 107
},
{
    "fields": {
        "on_sell": true,
        "need_building_level": 5,
        "name": "\u5927\u7ecf\u9a8c\u4e664",
        "package": 108,
        "des": "\u82b1\u8d3920\u4e2a\u5c0f\u65f6\u83b7\u5f97320\u70b9\u4eba\u7269\u7ecf\u9a8c",
        "skill_id": null,
        "tp": 4,
        "cost_type": 2,
        "skill_level": null,
        "cost_value": 90,
        "minutes": 1200,
        "icon": "IC_21_01"
    },
    "model": "training.training",
    "pk": 108
},
{
    "fields": {
        "on_sell": true,
        "need_building_level": 6,
        "name": "\u5927\u7ecf\u9a8c\u4e665",
        "package": 109,
        "des": "\u82b1\u8d3924\u4e2a\u5c0f\u65f6\u83b7\u5f97400\u70b9\u4eba\u7269\u7ecf\u9a8c",
        "skill_id": null,
        "tp": 4,
        "cost_type": 2,
        "skill_level": null,
        "cost_value": 120,
        "minutes": 1440,
        "icon": "IC_21_01"
    },
    "model": "training.training",
    "pk": 109
},
{
    "fields": {
        "on_sell": true,
        "need_building_level": 1,
        "name": "\u4f4e\u7ea7\u5c0f\u7ecf\u9a8c\u4e661",
        "package": 110,
        "des": "\u82b1\u8d3960\u5206\u949f\u83b7\u5f978\u70b9\u4eba\u7269\u7ecf\u9a8c",
        "skill_id": null,
        "tp": 4,
        "cost_type": 1,
        "skill_level": null,
        "cost_value": 200,
        "minutes": 60,
        "icon": "IC_21_01"
    },
    "model": "training.training",
    "pk": 110
},
{
    "fields": {
        "on_sell": true,
        "need_building_level": 1,
        "name": "\u4f4e\u7ea7\u5c0f\u7ecf\u9a8c\u4e662",
        "package": 111,
        "des": "\u82b1\u8d3990\u5206\u949f\u83b7\u5f9712\u70b9\u4eba\u7269\u7ecf\u9a8c",
        "skill_id": null,
        "tp": 4,
        "cost_type": 1,
        "skill_level": null,
        "cost_value": 400,
        "minutes": 90,
        "icon": "IC_21_01"
    },
    "model": "training.training",
    "pk": 111
},
{
    "fields": {
        "on_sell": true,
        "need_building_level": 1,
        "name": "\u4f4e\u7ea7\u5c0f\u7ecf\u9a8c\u4e663",
        "package": 112,
        "des": "\u82b1\u8d39120\u5206\u949f\u83b7\u5f9718\u70b9\u4eba\u7269\u7ecf\u9a8c",
        "skill_id": null,
        "tp": 4,
        "cost_type": 1,
        "skill_level": null,
        "cost_value": 800,
        "minutes": 120,
        "icon": "IC_21_01"
    },
    "model": "training.training",
    "pk": 112
},
{
    "fields": {
        "on_sell": true,
        "need_building_level": 1,
        "name": "\u4f4e\u7ea7\u5c0f\u7ecf\u9a8c\u4e664",
        "package": 113,
        "des": "\u82b1\u8d39150\u5206\u949f\u83b7\u5f9724\u70b9\u4eba\u7269\u7ecf\u9a8c",
        "skill_id": null,
        "tp": 4,
        "cost_type": 1,
        "skill_level": null,
        "cost_value": 1200,
        "minutes": 150,
        "icon": "IC_21_01"
    },
    "model": "training.training",
    "pk": 113
},
{
    "fields": {
        "on_sell": true,
        "need_building_level": 1,
        "name": "\u4f4e\u7ea7\u5c0f\u7ecf\u9a8c\u4e665",
        "package": 114,
        "des": "\u82b1\u8d39180\u5206\u949f\u83b7\u5f9730\u70b9\u4eba\u7269\u7ecf\u9a8c",
        "skill_id": null,
        "tp": 4,
        "cost_type": 1,
        "skill_level": null,
        "cost_value": 1600,
        "minutes": 180,
        "icon": "IC_21_01"
    },
    "model": "training.training",
    "pk": 114
},
{
    "fields": {
        "on_sell": true,
        "need_building_level": 1,
        "name": "\u4f4e\u7ea7\u5927\u7ecf\u9a8c\u4e661",
        "package": 115,
        "des": "\u82b1\u8d398\u4e2a\u5c0f\u65f6\u83b7\u5f9750\u70b9\u4eba\u7269\u7ecf\u9a8c",
        "skill_id": null,
        "tp": 4,
        "cost_type": 1,
        "skill_level": null,
        "cost_value": 600,
        "minutes": 480,
        "icon": "IC_21_01"
    },
    "model": "training.training",
    "pk": 115
},
{
    "fields": {
        "on_sell": true,
        "need_building_level": 1,
        "name": "\u4f4e\u7ea7\u5927\u7ecf\u9a8c\u4e662",
        "package": 116,
        "des": "\u82b1\u8d3912\u4e2a\u5c0f\u65f6\u83b7\u5f9780\u70b9\u4eba\u7269\u7ecf\u9a8c",
        "skill_id": null,
        "tp": 4,
        "cost_type": 1,
        "skill_level": null,
        "cost_value": 1200,
        "minutes": 720,
        "icon": "IC_21_01"
    },
    "model": "training.training",
    "pk": 116
},
{
    "fields": {
        "on_sell": true,
        "need_building_level": 1,
        "name": "\u4f4e\u7ea7\u5927\u7ecf\u9a8c\u4e663",
        "package": 117,
        "des": "\u82b1\u8d3916\u4e2a\u5c0f\u65f6\u83b7\u5f97110\u70b9\u4eba\u7269\u7ecf\u9a8c",
        "skill_id": null,
        "tp": 4,
        "cost_type": 1,
        "skill_level": null,
        "cost_value": 2400,
        "minutes": 960,
        "icon": "IC_21_01"
    },
    "model": "training.training",
    "pk": 117
},
{
    "fields": {
        "on_sell": true,
        "need_building_level": 1,
        "name": "\u4f4e\u7ea7\u5927\u7ecf\u9a8c\u4e664",
        "package": 118,
        "des": "\u82b1\u8d3920\u4e2a\u5c0f\u65f6\u83b7\u5f97150\u70b9\u4eba\u7269\u7ecf\u9a8c",
        "skill_id": null,
        "tp": 4,
        "cost_type": 1,
        "skill_level": null,
        "cost_value": 3600,
        "minutes": 1200,
        "icon": "IC_21_01"
    },
    "model": "training.training",
    "pk": 118
},
{
    "fields": {
        "on_sell": true,
        "need_building_level": 1,
        "name": "\u4f4e\u7ea7\u5927\u7ecf\u9a8c\u4e665",
        "package": 119,
        "des": "\u82b1\u8d3924\u4e2a\u5c0f\u65f6\u83b7\u5f97200\u70b9\u4eba\u7269\u7ecf\u9a8c",
        "skill_id": null,
        "tp": 4,
        "cost_type": 1,
        "skill_level": null,
        "cost_value": 4800,
        "minutes": 1440,
        "icon": "IC_33_01"
    },
    "model": "training.training",
    "pk": 119
},
{
    "fields": {
        "on_sell": true,
        "need_building_level": 4,
        "name": "\u5c5e\u6027\u4e661",
        "package": 200,
        "des": "\u82b1\u8d3960\u5206\u949f\u968f\u673a\u589e\u52a01\u70b9\u5c5e\u6027",
        "skill_id": null,
        "tp": 2,
        "cost_type": 2,
        "skill_level": null,
        "cost_value": 30,
        "minutes": 60,
        "icon": "IC_21_01"
    },
    "model": "training.training",
    "pk": 200
},
{
    "fields": {
        "on_sell": true,
        "need_building_level": 5,
        "name": "\u5c5e\u6027\u4e662",
        "package": 201,
        "des": "\u82b1\u8d3990\u5206\u949f\u968f\u673a\u589e\u52a02\u70b9\u5c5e\u6027",
        "skill_id": null,
        "tp": 2,
        "cost_type": 2,
        "skill_level": null,
        "cost_value": 60,
        "minutes": 90,
        "icon": "IC_21_01"
    },
    "model": "training.training",
    "pk": 201
},
{
    "fields": {
        "on_sell": true,
        "need_building_level": 6,
        "name": "\u5c5e\u6027\u4e663",
        "package": 202,
        "des": "\u82b1\u8d39120\u5206\u949f\u968f\u673a\u589e\u52a03\u70b9\u5c5e\u6027",
        "skill_id": null,
        "tp": 2,
        "cost_type": 2,
        "skill_level": null,
        "cost_value": 100,
        "minutes": 120,
        "icon": "IC_21_01"
    },
    "model": "training.training",
    "pk": 202
},
{
    "fields": {
        "on_sell": true,
        "need_building_level": 7,
        "name": "\u5c5e\u6027\u4e664",
        "package": 203,
        "des": "\u82b1\u8d39150\u5206\u949f\u968f\u673a\u589e\u52a04\u70b9\u5c5e\u6027",
        "skill_id": null,
        "tp": 2,
        "cost_type": 2,
        "skill_level": null,
        "cost_value": 180,
        "minutes": 150,
        "icon": "IC_21_01"
    },
    "model": "training.training",
    "pk": 203
},
{
    "fields": {
        "on_sell": true,
        "need_building_level": 8,
        "name": "\u5c5e\u6027\u4e665",
        "package": 204,
        "des": "\u82b1\u8d39180\u5206\u949f\u968f\u673a\u589e\u52a05\u70b9\u5c5e\u6027",
        "skill_id": null,
        "tp": 2,
        "cost_type": 2,
        "skill_level": null,
        "cost_value": 300,
        "minutes": 180,
        "icon": "IC_21_01"
    },
    "model": "training.training",
    "pk": 204
},
{
    "fields": {
        "on_sell": true,
        "need_building_level": 1,
        "name": "\u4f4e\u7ea7\u5c5e\u6027\u4e661",
        "package": 205,
        "des": "\u82b1\u8d39180\u5206\u949f\u968f\u673a\u589e\u52a01\u70b9\u5c5e\u6027",
        "skill_id": null,
        "tp": 2,
        "cost_type": 1,
        "skill_level": null,
        "cost_value": 1000,
        "minutes": 180,
        "icon": "IC_21_01"
    },
    "model": "training.training",
    "pk": 205
},
{
    "fields": {
        "on_sell": true,
        "need_building_level": 2,
        "name": "\u4f4e\u7ea7\u5c5e\u6027\u4e662",
        "package": 206,
        "des": "\u82b1\u8d39210\u5206\u949f\u968f\u673a\u589e\u52a02\u70b9\u5c5e\u6027",
        "skill_id": null,
        "tp": 2,
        "cost_type": 1,
        "skill_level": null,
        "cost_value": 2000,
        "minutes": 210,
        "icon": "IC_21_01"
    },
    "model": "training.training",
    "pk": 206
},
{
    "fields": {
        "on_sell": true,
        "need_building_level": 3,
        "name": "\u4f4e\u7ea7\u5c5e\u6027\u4e663",
        "package": 207,
        "des": "\u82b1\u8d39240\u5206\u949f\u968f\u673a\u589e\u52a03\u70b9\u5c5e\u6027",
        "skill_id": null,
        "tp": 2,
        "cost_type": 1,
        "skill_level": null,
        "cost_value": 4000,
        "minutes": 240,
        "icon": "IC_21_01"
    },
    "model": "training.training",
    "pk": 207
},
{
    "fields": {
        "on_sell": true,
        "need_building_level": 4,
        "name": "\u4f4e\u7ea7\u5c5e\u6027\u4e664",
        "package": 208,
        "des": "\u82b1\u8d39270\u5206\u949f\u968f\u673a\u589e\u52a04\u70b9\u5c5e\u6027",
        "skill_id": null,
        "tp": 2,
        "cost_type": 1,
        "skill_level": null,
        "cost_value": 6000,
        "minutes": 270,
        "icon": "IC_21_01"
    },
    "model": "training.training",
    "pk": 208
},
{
    "fields": {
        "on_sell": true,
        "need_building_level": 5,
        "name": "\u4f4e\u7ea7\u5c5e\u6027\u4e665",
        "package": 209,
        "des": "\u82b1\u8d39300\u5206\u949f\u968f\u673a\u589e\u52a05\u70b9\u5c5e\u6027",
        "skill_id": null,
        "tp": 2,
        "cost_type": 1,
        "skill_level": null,
        "cost_value": 8000,
        "minutes": 300,
        "icon": "IC_21_01"
    },
    "model": "training.training",
    "pk": 209
},
{
    "fields": {
        "on_sell": true,
        "need_building_level": 2,
        "name": "1\u7ea7\u8fdb\u653b\u8bad\u7ec3",
        "package": 4,
        "des": "\u8bad\u7ec3\u5b8c\u6210\u8fdb\u653b+1",
        "skill_id": null,
        "tp": 2,
        "cost_type": 1,
        "skill_level": null,
        "cost_value": 10,
        "minutes": 15,
        "icon": "IC_21_01"
    },
    "model": "training.training",
    "pk": 301
},
{
    "fields": {
        "on_sell": true,
        "need_building_level": 2,
        "name": "1\u7ea7\u7275\u5236\u8bad\u7ec3",
        "package": 1,
        "des": "\u8bad\u7ec3\u5b8c\u6210\u540e\u7275\u5236+1",
        "skill_id": null,
        "tp": 2,
        "cost_type": 1,
        "skill_level": null,
        "cost_value": 998,
        "minutes": 1,
        "icon": "IC_21_01"
    },
    "model": "training.training",
    "pk": 302
},
{
    "fields": {
        "on_sell": true,
        "need_building_level": 2,
        "name": "1\u7ea7\u5fc3\u6001\u8bad\u7ec3",
        "package": 1,
        "des": "\u5b8c\u6210\u8bad\u7ec3\u540e\u5fc3\u6001+1",
        "skill_id": null,
        "tp": 2,
        "cost_type": 1,
        "skill_level": null,
        "cost_value": 998,
        "minutes": 1,
        "icon": "IC_21_01"
    },
    "model": "training.training",
    "pk": 303
},
{
    "fields": {
        "on_sell": true,
        "need_building_level": 1,
        "name": "\u6d4b\u8bd5\u7528\u58f0\u671b\u5305",
        "package": 9999,
        "des": "\u589e\u52a0\u4ff1\u4e50\u90e8\u58f0\u671b\u8fdb\u884c\u5347\u7ea7",
        "skill_id": null,
        "tp": 1,
        "cost_type": 1,
        "skill_level": null,
        "cost_value": 0,
        "minutes": 0,
        "icon": "IC_30_01"
    },
    "model": "training.training",
    "pk": 9999
}
]
