[
{
    "fields": {
        "sell_gold": 10,
        "des": "\u8bad\u7ec3\u8df3\u866b\u6280\u80fd\u6240\u5fc5\u987b\u7684\u8bad\u7ec3\u4e66",
        "minutes": 600,
        "name": "\u8df3\u866b\u8bad\u7ec3\u4e66",
        "icon": "\u8df3\u866b"
    },
    "model": "training.trainingskill",
    "pk": 1
},
{
    "fields": {
        "sell_gold": 10,
        "des": "\u8bad\u7ec3\u87d1\u8782\u6280\u80fd\u6240\u5fc5\u987b\u7684\u9053\u5177",
        "minutes": 600,
        "name": "\u87d1\u8782\u8bad\u7ec3\u4e66",
        "icon": "\u87d1\u8782"
    },
    "model": "training.trainingskill",
    "pk": 2
},
{
    "fields": {
        "sell_gold": 10,
        "des": "\u8bad\u7ec3\u6bd2\u7206\u6280\u80fd\u6240\u5fc5\u987b\u7684\u9053\u5177",
        "minutes": 600,
        "name": "\u6bd2\u7206\u8bad\u7ec3\u4e66",
        "icon": "\u7206\u866b"
    },
    "model": "training.trainingskill",
    "pk": 3
},
{
    "fields": {
        "sell_gold": 10,
        "des": "\u8bad\u7ec3\u611f\u67d3\u8005\u6280\u80fd\u6240\u5fc5\u987b\u7684\u9053\u5177",
        "minutes": 600,
        "name": "\u611f\u67d3\u8005\u8bad\u7ec3\u4e66",
        "icon": "\u611f\u67d3\u8005"
    },
    "model": "training.trainingskill",
    "pk": 4
},
{
    "fields": {
        "sell_gold": 10,
        "des": "\u8bad\u7ec3\u8150\u5316\u8005\u6280\u80fd\u6240\u5fc5\u987b\u7684\u9053\u5177",
        "minutes": 600,
        "name": "\u8150\u5316\u8005\u8bad\u7ec3\u4e66",
        "icon": "\u8150\u8680\u8005"
    },
    "model": "training.trainingskill",
    "pk": 5
},
{
    "fields": {
        "sell_gold": 10,
        "des": "\u8bad\u7ec3\u98de\u9f99\u6280\u80fd\u6240\u5fc5\u987b\u7684\u9053\u5177",
        "minutes": 600,
        "name": "\u98de\u9f99\u8bad\u7ec3\u4e66",
        "icon": "\u98de\u9f99"
    },
    "model": "training.trainingskill",
    "pk": 6
},
{
    "fields": {
        "sell_gold": 10,
        "des": "\u8bad\u7ec3\u96f7\u517d\u6280\u80fd\u6240\u5fc5\u987b\u7684\u9053\u5177",
        "minutes": 600,
        "name": "\u96f7\u517d\u8bad\u7ec3\u4e66",
        "icon": "\u96f7\u517d"
    },
    "model": "training.trainingskill",
    "pk": 7
},
{
    "fields": {
        "sell_gold": 10,
        "des": "\u8bad\u7ec3\u5de2\u866b\u9886\u4e3b\u6280\u80fd\u6240\u5fc5\u987b\u7684\u9053\u5177",
        "minutes": 600,
        "name": "\u5de2\u866b\u9886\u4e3b\u8bad\u7ec3\u4e66",
        "icon": "\u5de2\u7a74\u9886\u4e3b"
    },
    "model": "training.trainingskill",
    "pk": 8
},
{
    "fields": {
        "sell_gold": 10,
        "des": "\u8bad\u7ec3\u523a\u86c7\u6280\u80fd\u6240\u5fc5\u987b\u7684\u9053\u5177",
        "minutes": 600,
        "name": "\u523a\u86c7\u8bad\u7ec3\u4e66",
        "icon": "\u523a\u86c7"
    },
    "model": "training.trainingskill",
    "pk": 9
},
{
    "fields": {
        "sell_gold": 10,
        "des": "\u8bad\u7ec3\u98ce\u66b4\u6218\u8230\u6280\u80fd\u6240\u5fc5\u987b\u7684\u9053\u5177",
        "minutes": 600,
        "name": "\u98ce\u66b4\u6218\u8230\u8bad\u7ec3\u4e66",
        "icon": "\u98ce\u66b4\u6218\u8230"
    },
    "model": "training.trainingskill",
    "pk": 10
},
{
    "fields": {
        "sell_gold": 10,
        "des": "\u8bad\u7ec3\u5bbf\u4e3b\u6280\u80fd\u6240\u5fc5\u987b\u7684\u9053\u5177",
        "minutes": 600,
        "name": "\u5bbf\u4e3b\u8bad\u7ec3\u4e66",
        "icon": "\u5bbf\u4e3b"
    },
    "model": "training.trainingskill",
    "pk": 11
},
{
    "fields": {
        "sell_gold": 10,
        "des": "\u8bad\u7ec3\u98de\u86c7\u6280\u80fd\u6240\u5fc5\u987b\u7684\u9053\u5177",
        "minutes": 600,
        "name": "\u98de\u86c7\u8bad\u7ec3\u4e66",
        "icon": "\u98de\u86c7"
    },
    "model": "training.trainingskill",
    "pk": 12
},
{
    "fields": {
        "sell_gold": 10,
        "des": "\u8bad\u7ec3\u72c2\u70ed\u8005\u6280\u80fd\u6240\u5fc5\u987b\u7684\u9053\u5177",
        "minutes": 600,
        "name": "\u72c2\u70ed\u8005\u8bad\u7ec3\u4e66",
        "icon": "\u72c2\u70ed\u8005"
    },
    "model": "training.trainingskill",
    "pk": 13
},
{
    "fields": {
        "sell_gold": 10,
        "des": "\u8bad\u7ec3\u8ffd\u730e\u8005\u6280\u80fd\u6240\u5fc5\u987b\u7684\u9053\u5177",
        "minutes": 600,
        "name": "\u8ffd\u730e\u8005\u8bad\u7ec3\u4e66",
        "icon": "\u8ffd\u8e2a\u8005"
    },
    "model": "training.trainingskill",
    "pk": 14
},
{
    "fields": {
        "sell_gold": 10,
        "des": "\u8bad\u7ec3\u54e8\u5175\u6280\u80fd\u6240\u5fc5\u987b\u7684\u9053\u5177",
        "minutes": 600,
        "name": "\u54e8\u5175\u8bad\u7ec3\u4e66",
        "icon": "\u54e8\u5175"
    },
    "model": "training.trainingskill",
    "pk": 15
},
{
    "fields": {
        "sell_gold": 10,
        "des": "\u8bad\u7ec3\u51e4\u51f0\u6280\u80fd\u6240\u5fc5\u987b\u7684\u9053\u5177",
        "minutes": 600,
        "name": "\u51e4\u51f0\u8bad\u7ec3\u4e66",
        "icon": "\u51e4\u51f0\u6218\u673a"
    },
    "model": "training.trainingskill",
    "pk": 16
},
{
    "fields": {
        "sell_gold": 10,
        "des": "\u8bad\u7ec3\u5149\u660e\u5723\u5802\u6b66\u58eb\u6240\u5fc5\u987b\u7684\u9053\u5177",
        "minutes": 600,
        "name": "\u7535\u5175\u8bad\u7ec3\u4e66",
        "icon": "\u9ad8\u9636\u5723\u5802\u6b66\u58eb"
    },
    "model": "training.trainingskill",
    "pk": 17
},
{
    "fields": {
        "sell_gold": 10,
        "des": "\u8bad\u7ec3\u9ed1\u6697\u5723\u5802\u6b66\u58eb\u6240\u5fc5\u987b\u7684\u9053\u5177",
        "minutes": 600,
        "name": "\u9690\u5200\u8bad\u7ec3\u4e66",
        "icon": "\u9ed1\u6697\u5723\u5802\u6b66\u58eb"
    },
    "model": "training.trainingskill",
    "pk": 18
},
{
    "fields": {
        "sell_gold": 10,
        "des": "\u8bad\u7ec3\u4e0d\u673d\u8005\u6280\u80fd\u6240\u5fc5\u987b\u7684\u9053\u5177",
        "minutes": 600,
        "name": "\u4e0d\u673d\u8005\u8bad\u7ec3\u4e66",
        "icon": "\u4e0d\u673d\u8005"
    },
    "model": "training.trainingskill",
    "pk": 19
},
{
    "fields": {
        "sell_gold": 10,
        "des": "\u8bad\u7ec3\u5de8\u50cf\u6280\u80fd\u6240\u5fc5\u987b\u7684\u9053\u5177",
        "minutes": 600,
        "name": "\u5de8\u50cf\u8bad\u7ec3\u4e66",
        "icon": "\u5de8\u50cf"
    },
    "model": "training.trainingskill",
    "pk": 20
},
{
    "fields": {
        "sell_gold": 10,
        "des": "\u8bad\u7ec3\u6267\u653f\u5b98\u6280\u80fd\u6240\u5fc5\u987b\u7684\u9053\u5177",
        "minutes": 600,
        "name": "\u6267\u653f\u5b98\u8bad\u7ec3\u4e66",
        "icon": "\u6267\u653f\u5b98"
    },
    "model": "training.trainingskill",
    "pk": 21
},
{
    "fields": {
        "sell_gold": 10,
        "des": "\u8bad\u7ec3\u865a\u7a7a\u6280\u80fd\u6240\u5fc5\u987b\u7684\u9053\u5177",
        "minutes": 600,
        "name": "\u865a\u7a7a\u8bad\u7ec3\u4e66",
        "icon": "\u865a\u7a7a"
    },
    "model": "training.trainingskill",
    "pk": 22
},
{
    "fields": {
        "sell_gold": 10,
        "des": "\u8bad\u7ec3\u822a\u6bcd\u6280\u80fd\u6240\u5fc5\u987b\u7684\u9053\u5177",
        "minutes": 600,
        "name": "\u822a\u6bcd\u8bad\u7ec3\u4e66",
        "icon": "\u8fd0\u8f7d\u673a"
    },
    "model": "training.trainingskill",
    "pk": 23
},
{
    "fields": {
        "sell_gold": 10,
        "des": "\u8bad\u7ec3\u5148\u77e5\u6280\u80fd\u6240\u5fc5\u987b\u7684\u9053\u5177",
        "minutes": 600,
        "name": "\u5148\u77e5\u8bad\u7ec3\u4e66",
        "icon": "\u5148\u77e5"
    },
    "model": "training.trainingskill",
    "pk": 24
},
{
    "fields": {
        "sell_gold": 10,
        "des": "\u8bad\u7ec3\u673a\u67aa\u5175\u6280\u80fd\u6240\u5fc5\u987b\u7684\u9053\u5177",
        "minutes": 600,
        "name": "\u673a\u67aa\u5175\u8bad\u7ec3\u4e66",
        "icon": "\u673a\u67aa\u5175"
    },
    "model": "training.trainingskill",
    "pk": 25
},
{
    "fields": {
        "sell_gold": 10,
        "des": "\u8bad\u7ec3\u63a0\u593a\u8005\u6280\u80fd\u6240\u5fc5\u987b\u7684\u9053\u5177",
        "minutes": 600,
        "name": "\u63a0\u593a\u8005\u8bad\u7ec3\u4e66",
        "icon": "\u63a0\u593a\u8005"
    },
    "model": "training.trainingskill",
    "pk": 26
},
{
    "fields": {
        "sell_gold": 10,
        "des": "\u8bad\u7ec3\u6b7b\u795e\u6280\u80fd\u6240\u5fc5\u987b\u7684\u9053\u5177",
        "minutes": 600,
        "name": "\u6b7b\u795e\u8bad\u7ec3\u4e66",
        "icon": "\u6b7b\u795e"
    },
    "model": "training.trainingskill",
    "pk": 27
},
{
    "fields": {
        "sell_gold": 10,
        "des": "\u8bad\u7ec3\u5e7d\u7075\u5175\u6280\u80fd\u6240\u5fc5\u987b\u7684\u9053\u5177",
        "minutes": 600,
        "name": "\u5e7d\u7075\u5175\u8bad\u7ec3\u4e66",
        "icon": "\u5e7d\u7075\u5175"
    },
    "model": "training.trainingskill",
    "pk": 28
},
{
    "fields": {
        "sell_gold": 10,
        "des": "\u8bad\u7ec3\u706b\u8f66\u6280\u80fd\u6240\u5fc5\u987b\u7684\u9053\u5177",
        "minutes": 600,
        "name": "\u706b\u8f66\u8bad\u7ec3\u4e66",
        "icon": "\u6076\u4eba\u6218\u8f66"
    },
    "model": "training.trainingskill",
    "pk": 29
},
{
    "fields": {
        "sell_gold": 10,
        "des": "\u8bad\u7ec3\u706b\u8f66\u4eba\u6280\u80fd\u6240\u5fc5\u987b\u7684\u9053\u5177",
        "minutes": 600,
        "name": "\u706b\u8f66\u4eba\u8bad\u7ec3\u4e66",
        "icon": "\u706b\u8f66\u4eba"
    },
    "model": "training.trainingskill",
    "pk": 30
},
{
    "fields": {
        "sell_gold": 10,
        "des": "\u8bad\u7ec3\u5766\u514b\u6280\u80fd\u6240\u5fc5\u987b\u7684\u9053\u5177",
        "minutes": 600,
        "name": "\u5766\u514b\u8bad\u7ec3\u4e66",
        "icon": "\u653b\u57ce\u5766\u514b"
    },
    "model": "training.trainingskill",
    "pk": 31
},
{
    "fields": {
        "sell_gold": 10,
        "des": "\u8bad\u7ec3\u96f7\u795e\u6280\u80fd\u6240\u5fc5\u987b\u7684\u9053\u5177",
        "minutes": 600,
        "name": "\u96f7\u795e\u8bad\u7ec3\u4e66",
        "icon": "\u96f7\u795e"
    },
    "model": "training.trainingskill",
    "pk": 32
},
{
    "fields": {
        "sell_gold": 10,
        "des": "\u8bad\u7ec3\u5973\u5996\u6280\u80fd\u6240\u5fc5\u987b\u7684\u9053\u5177",
        "minutes": 600,
        "name": "\u5973\u5996\u8bad\u7ec3\u4e66",
        "icon": "\u5973\u5996"
    },
    "model": "training.trainingskill",
    "pk": 33
},
{
    "fields": {
        "sell_gold": 10,
        "des": "\u8bad\u7ec3\u5730\u96f7\u6280\u80fd\u6240\u5fc5\u987b\u7684\u9053\u5177",
        "minutes": 600,
        "name": "\u5730\u96f7\u8bad\u7ec3\u4e66",
        "icon": "\u5730\u96f7"
    },
    "model": "training.trainingskill",
    "pk": 34
},
{
    "fields": {
        "sell_gold": 10,
        "des": "\u8bad\u7ec3\u5927\u548c\u6218\u8230\u6280\u80fd\u6240\u5fc5\u987b\u7684\u9053\u5177",
        "minutes": 600,
        "name": "\u5927\u548c\u6218\u8230",
        "icon": "\u6218\u5217\u5de1\u6d0b\u8230"
    },
    "model": "training.trainingskill",
    "pk": 35
},
{
    "fields": {
        "sell_gold": 10,
        "des": "\u8bad\u7ec3\u7ef4\u4eac\u6218\u673a\u6280\u80fd\u6240\u5fc5\u987b\u7684\u9053\u5177",
        "minutes": 600,
        "name": "\u7ef4\u4eac\u6218\u673a\u8bad\u7ec3\u4e66",
        "icon": "\u7ef4\u4eac\u6218\u673a"
    },
    "model": "training.trainingskill",
    "pk": 36
},
{
    "fields": {
        "sell_gold": 10,
        "des": "\u8bad\u7ec3\u6e21\u9e26\u6280\u80fd\u6240\u5fc5\u987b\u7684\u9053\u5177",
        "minutes": 600,
        "name": "\u6e21\u9e26\u8bad\u7ec3\u4e66",
        "icon": "\u6e21\u9e26"
    },
    "model": "training.trainingskill",
    "pk": 37
},
{
    "fields": {
        "sell_gold": 10,
        "des": "\u8bad\u7ec3\u4e3b\u64ad\u6280\u80fd\u6240\u5fc5\u987b\u7684\u9053\u5177",
        "minutes": 600,
        "name": "\u4e3b\u64ad\u8bad\u7ec3\u4e66",
        "icon": "IC_21_01"
    },
    "model": "training.trainingskill",
    "pk": 38
},
{
    "fields": {
        "sell_gold": 10,
        "des": "\u8bad\u7ec3\u4ee3\u8a00\u6280\u80fd\u6240\u5fc5\u987b\u7684\u9053\u5177",
        "minutes": 600,
        "name": "\u4ee3\u8a00\u8bad\u7ec3\u4e66",
        "icon": "IC_22_01"
    },
    "model": "training.trainingskill",
    "pk": 39
},
{
    "fields": {
        "sell_gold": 10,
        "des": "\u8bad\u7ec3\u6dd8\u5b9d\u6280\u80fd\u6240\u5fc5\u987b\u7684\u9053\u5177",
        "minutes": 600,
        "name": "\u7f51\u5e97\u8bad\u7ec3\u4e66",
        "icon": "IC_22_01"
    },
    "model": "training.trainingskill",
    "pk": 40
}
]
