[
  {
    "fields": {
      "order_value": 1, 
      "package": 20, 
      "des": "\u8bad\u7ec3\u5b8c\u6210\u8fdb\u653b\u5c5e\u6027\u589e\u52a01\u70b9\u3002", 
      "cost_value": 5000, 
      "cost_type": 1, 
      "need_items": [
        [
          10, 
          10
        ]
      ], 
      "icon": "\u94bb\u77f3\u653b\u51fb\u5fbd\u7ae0", 
      "minutes": 600, 
      "name": "\u8fdb\u653b\u57fa\u672c\u529f"
    }, 
    "model": "training.trainingproperty", 
    "pk": 1
  }, 
  {
    "fields": {
      "order_value": 2, 
      "package": 21, 
      "des": "\u8bad\u7ec3\u5b8c\u6210\u540e\u7275\u5236\u5c5e\u6027\u63d0\u9ad81\u70b9", 
      "cost_value": 10000, 
      "cost_type": 1, 
      "need_items": [
        [
          11, 
          10
        ]
      ], 
      "icon": "\u94bb\u77f3\u8bad\u7ec3\u5fbd\u7ae0", 
      "minutes": 480, 
      "name": "\u7275\u5236\u57fa\u672c\u529f"
    }, 
    "model": "training.trainingproperty", 
    "pk": 2
  }, 
  {
    "fields": {
      "order_value": 3, 
      "package": 22, 
      "des": "\u8bad\u7ec3\u5b8c\u6210\u540e\u5fc3\u6001\u5c5e\u6027\u589e\u52a01\u70b9", 
      "cost_value": 20000, 
      "cost_type": 1, 
      "need_items": [
        [
          12, 
          20
        ]
      ], 
      "icon": "IC_22_01", 
      "minutes": 360, 
      "name": "\u5fc3\u6001\u57fa\u672c\u529f"
    }, 
    "model": "training.trainingproperty", 
    "pk": 3
  }, 
  {
    "fields": {
      "order_value": 4, 
      "package": 23, 
      "des": "\u8bad\u7ec3\u540e\u66b4\u5175\u5c5e\u6027\u589e\u52a01\u70b9", 
      "cost_value": 10, 
      "cost_type": 2, 
      "need_items": [
        [
          13, 
          10
        ]
      ], 
      "icon": "IC_28_01", 
      "minutes": 600, 
      "name": "\u66b4\u5175\u57fa\u672c\u529f"
    }, 
    "model": "training.trainingproperty", 
    "pk": 4
  }, 
  {
    "fields": {
      "order_value": 5, 
      "package": 24, 
      "des": "\u8bad\u7ec3\u5b8c\u6210\u540e\u9632\u5b88\u5c5e\u6027\u589e\u52a01\u70b9", 
      "cost_value": 20, 
      "cost_type": 2, 
      "need_items": [
        [
          14, 
          10
        ]
      ], 
      "icon": "\u94bb\u77f3\u9632\u5fa1\u5fbd\u7ae0", 
      "minutes": 480, 
      "name": "\u9632\u5b88\u57fa\u672c\u529f"
    }, 
    "model": "training.trainingproperty", 
    "pk": 5
  }, 
  {
    "fields": {
      "order_value": 6, 
      "package": 25, 
      "des": "\u8bad\u7ec3\u5b8c\u6210\u540e\u8fd0\u8425\u5c5e\u6027\u589e\u52a01\u70b9", 
      "cost_value": 30, 
      "cost_type": 2, 
      "need_items": [
        [
          15, 
          20
        ]
      ], 
      "icon": "IC_23_01", 
      "minutes": 360, 
      "name": "\u8fd0\u8425\u57fa\u672c\u529f"
    }, 
    "model": "training.trainingproperty", 
    "pk": 6
  }, 
  {
    "fields": {
      "order_value": 7, 
      "package": 26, 
      "des": "\u8bad\u7ec3\u5b8c\u6210\u540e\u610f\u8bc6\u5c5e\u6027\u589e\u52a01\u70b9", 
      "cost_value": 10, 
      "cost_type": 2, 
      "need_items": [
        [
          16, 
          10
        ]
      ], 
      "icon": "IC_26_01", 
      "minutes": 600, 
      "name": "\u610f\u8bc6\u57fa\u672c\u529f"
    }, 
    "model": "training.trainingproperty", 
    "pk": 7
  }, 
  {
    "fields": {
      "order_value": 8, 
      "package": 27, 
      "des": "\u8bad\u7ec3\u5b8c\u6210\u540e\u64cd\u4f5c\u5c5e\u6027\u589e\u52a01\u70b9", 
      "cost_value": 20, 
      "cost_type": 2, 
      "need_items": [
        [
          17, 
          10
        ]
      ], 
      "icon": "\u94bb\u77f3\u914d\u5408\u5fbd\u7ae0", 
      "minutes": 480, 
      "name": "\u64cd\u4f5c\u57fa\u672c\u529f"
    }, 
    "model": "training.trainingproperty", 
    "pk": 8
  }, 
  {
    "fields": {
      "order_value": 9, 
      "package": 28, 
      "des": "\u8bad\u7ec3\u5b8c\u6210\u540e\u5fc3\u6001\u548c\u610f\u8bc6\u589e\u52a01\u70b9", 
      "cost_value": 30, 
      "cost_type": 2, 
      "need_items": [
        [
          18, 
          20
        ], 
        [
          19, 
          20
        ]
      ], 
      "icon": "IC_7_1", 
      "minutes": 360, 
      "name": "\u8e14\u5389\u594b\u53d1"
    }, 
    "model": "training.trainingproperty", 
    "pk": 9
  }, 
  {
    "fields": {
      "order_value": 10, 
      "package": 29, 
      "des": "\u8bad\u7ec3\u5b8c\u6210\u540e\u610f\u8bc6\u548c\u7275\u5236\u589e\u52a01\u70b9\u3002", 
      "cost_value": 10, 
      "cost_type": 2, 
      "need_items": [
        [
          20, 
          10
        ], 
        [
          21, 
          10
        ]
      ], 
      "icon": "IC_4_2", 
      "minutes": 600, 
      "name": "\u5077\u5929\u6362\u65e5"
    }, 
    "model": "training.trainingproperty", 
    "pk": 10
  }, 
  {
    "fields": {
      "order_value": 11, 
      "package": 30, 
      "des": "\u8bad\u7ec3\u5b8c\u6210\u540e\u8fd0\u8425\u548c\u66b4\u5175\u589e\u52a01\u70b9\u3002", 
      "cost_value": 20, 
      "cost_type": 2, 
      "need_items": [
        [
          22, 
          10
        ], 
        [
          23, 
          10
        ]
      ], 
      "icon": "IC_30_01", 
      "minutes": 480, 
      "name": "\u5bcc\u8d35\u9669\u4e2d\u6c42"
    }, 
    "model": "training.trainingproperty", 
    "pk": 11
  }, 
  {
    "fields": {
      "order_value": 12, 
      "package": 31, 
      "des": "\u8bad\u7ec3\u5b8c\u6210\u540e\u66b4\u5175\u548c\u64cd\u4f5c\u589e\u52a01\u70b9\u3002", 
      "cost_value": 30, 
      "cost_type": 2, 
      "need_items": [
        [
          24, 
          20
        ], 
        [
          25, 
          20
        ]
      ], 
      "icon": "IC_3_2", 
      "minutes": 360, 
      "name": "\u795e\u4e4e\u5176\u6280"
    }, 
    "model": "training.trainingproperty", 
    "pk": 12
  }, 
  {
    "fields": {
      "order_value": 13, 
      "package": 25, 
      "des": "\u8bad\u7ec3\u5b8c\u6210\u540e\u8fdb\u653b\u548c\u9632\u5b88\u589e\u52a01\u70b9\u3002", 
      "cost_value": 5000, 
      "cost_type": 1, 
      "need_items": [
        [
          26, 
          10
        ], 
        [
          27, 
          10
        ], 
        [
          28, 
          10
        ]
      ], 
      "icon": "IC_8_2", 
      "minutes": 600, 
      "name": "\u653b\u5b88\u517c\u5907"
    }, 
    "model": "training.trainingproperty", 
    "pk": 13
  }, 
  {
    "fields": {
      "order_value": 14, 
      "package": 24, 
      "des": "\u8bad\u7ec3\u5b8c\u6210\u540e\u7275\u5236\u548c\u64cd\u4f5c\u589e\u52a01\u70b9\u3002", 
      "cost_value": 5000, 
      "cost_type": 1, 
      "need_items": [
        [
          29, 
          10
        ], 
        [
          30, 
          10
        ], 
        [
          31, 
          10
        ]
      ], 
      "icon": "IC_2_2", 
      "minutes": 600, 
      "name": "\u521a\u67d4\u6709\u9053"
    }, 
    "model": "training.trainingproperty", 
    "pk": 14
  }, 
  {
    "fields": {
      "order_value": 15, 
      "package": 26, 
      "des": "\u8bad\u7ec3\u5b8c\u6210\u540e\u8fdb\u653b\u548c\u8fd0\u8425\u5c5e\u6027\u589e\u52a01\u70b9\u3002", 
      "cost_value": 5000, 
      "cost_type": 1, 
      "need_items": [
        [
          32, 
          10
        ], 
        [
          33, 
          10
        ], 
        [
          34, 
          10
        ]
      ], 
      "icon": "IC_10_2", 
      "minutes": 600, 
      "name": "\u4ee5\u9038\u51fb\u52b3"
    }, 
    "model": "training.trainingproperty", 
    "pk": 15
  }, 
  {
    "fields": {
      "order_value": 16, 
      "package": 24, 
      "des": "\u8bad\u7ec3\u5b8c\u6210\u540e\u9632\u5b88\u548c\u5fc3\u6001\u589e\u52a01\u70b9\u3002", 
      "cost_value": 5000, 
      "cost_type": 1, 
      "need_items": [
        [
          12, 
          10
        ], 
        [
          35, 
          10
        ], 
        [
          36, 
          10
        ]
      ], 
      "icon": "IC_6_2", 
      "minutes": 600, 
      "name": "\u6b65\u6b65\u4e3a\u8425"
    }, 
    "model": "training.trainingproperty", 
    "pk": 16
  }, 
  {
    "fields": {
      "order_value": 17, 
      "package": 25, 
      "des": "\u8bad\u7ec3\u5b8c\u6210\u540e\u7275\u5236\u548c\u66b4\u5175\u589e\u52a01\u70b9\u3002", 
      "cost_value": 5000, 
      "cost_type": 1, 
      "need_items": [
        [
          37, 
          10
        ], 
        [
          38, 
          10
        ], 
        [
          39, 
          10
        ]
      ], 
      "icon": "IC_2_2", 
      "minutes": 600, 
      "name": "\u4e7e\u5764\u5927\u632a\u79fb"
    }, 
    "model": "training.trainingproperty", 
    "pk": 17
  }
]