[
  {
    "fields": {
      "order_value": 1, 
      "package": 20, 
      "des": "\u8bad\u7ec3\u5b8c\u6210\u540e\u968f\u673a\u589e\u52a01\u70b9\u5c5e\u6027", 
      "cost_value": 5000, 
      "cost_type": 1, 
      "need_items": [
        [
          1, 
          1
        ], 
        [
          9, 
          5
        ]
      ], 
      "icon": "IC_30_01", 
      "minutes": 600, 
      "name": "\u5e38\u89c4\u8bad\u7ec3"
    }, 
    "model": "training.trainingproperty", 
    "pk": 1
  }, 
  {
    "fields": {
      "order_value": 1, 
      "package": 21, 
      "des": "\u8bad\u7ec3\u5b8c\u6210\u540e\u5c5e\u6027\u968f\u673a\u589e\u52a04\u70b9", 
      "cost_value": 10000, 
      "cost_type": 1, 
      "need_items": [
        [
          1, 
          10
        ], 
        [
          2, 
          10
        ], 
        [
          9, 
          5
        ]
      ], 
      "icon": "IC_30_01", 
      "minutes": 480, 
      "name": "\u5f3a\u5316\u8bad\u7ec3"
    }, 
    "model": "training.trainingproperty", 
    "pk": 2
  }, 
  {
    "fields": {
      "order_value": 1, 
      "package": 22, 
      "des": "\u8bad\u7ec3\u5b8c\u6210\u540e\u5c5e\u6027\u968f\u673a\u589e\u52a010\u70b9", 
      "cost_value": 20000, 
      "cost_type": 1, 
      "need_items": [
        [
          1, 
          20
        ], 
        [
          2, 
          10
        ], 
        [
          9, 
          5
        ]
      ], 
      "icon": "IC_30_01", 
      "minutes": 360, 
      "name": "\u5730\u72f1\u8bad\u7ec3"
    }, 
    "model": "training.trainingproperty", 
    "pk": 3
  }, 
  {
    "fields": {
      "order_value": 1, 
      "package": 23, 
      "des": "\u8bad\u7ec3\u5b8c\u62bd\u8fdb\u653b\u3001\u66b4\u5175\u3001\u64cd\u4f5c\u968f\u673a\u589e\u52a0\u4e00\u70b9", 
      "cost_value": 10, 
      "cost_type": 2, 
      "need_items": [
        [
          3, 
          1
        ], 
        [
          9, 
          5
        ]
      ], 
      "icon": "IC_30_01", 
      "minutes": 600, 
      "name": "\u653b\u51fb\u8bad\u7ec3I"
    }, 
    "model": "training.trainingproperty", 
    "pk": 4
  }, 
  {
    "fields": {
      "order_value": 1, 
      "package": 24, 
      "des": "\u8bad\u7ec3\u5b8c\u6210\u540e\u8fdb\u653b\u3001\u66b4\u5175\u3001\u64cd\u4f5c\u968f\u673a\u589e\u52a04\u70b9", 
      "cost_value": 20, 
      "cost_type": 2, 
      "need_items": [
        [
          3, 
          10
        ], 
        [
          4, 
          10
        ], 
        [
          9, 
          5
        ]
      ], 
      "icon": "IC_30_01", 
      "minutes": 480, 
      "name": "\u653b\u51fb\u8bad\u7ec3II"
    }, 
    "model": "training.trainingproperty", 
    "pk": 5
  }, 
  {
    "fields": {
      "order_value": 1, 
      "package": 25, 
      "des": "\u8bad\u7ec3\u5b8c\u6210\u540e\u8fdb\u653b\u3001\u66b4\u5175\u3001\u64cd\u4f5c\u968f\u673a\u589e\u52a010\u70b9", 
      "cost_value": 30, 
      "cost_type": 2, 
      "need_items": [
        [
          3, 
          20
        ], 
        [
          4, 
          20
        ], 
        [
          9, 
          5
        ]
      ], 
      "icon": "IC_30_01", 
      "minutes": 360, 
      "name": "\u653b\u51fb\u8bad\u7ec3III"
    }, 
    "model": "training.trainingproperty", 
    "pk": 6
  }, 
  {
    "fields": {
      "order_value": 1, 
      "package": 26, 
      "des": "\u8bad\u7ec3\u5b8c\u6210\u540e\u9632\u5b88\u3001\u7275\u5236\u3001\u8fd0\u8425\u968f\u673a\u589e\u52a01\u70b9", 
      "cost_value": 10, 
      "cost_type": 2, 
      "need_items": [
        [
          5, 
          1
        ], 
        [
          9, 
          5
        ]
      ], 
      "icon": "IC_30_01", 
      "minutes": 600, 
      "name": "\u9632\u5fa1\u8bad\u7ec3I"
    }, 
    "model": "training.trainingproperty", 
    "pk": 7
  }, 
  {
    "fields": {
      "order_value": 1, 
      "package": 27, 
      "des": "\u8bad\u7ec3\u5b8c\u6210\u540e\u9632\u5b88\u3001\u7275\u5236\u3001\u66b4\u5175\u968f\u673a\u589e\u52a04\u70b9", 
      "cost_value": 20, 
      "cost_type": 2, 
      "need_items": [
        [
          5, 
          10
        ], 
        [
          6, 
          10
        ], 
        [
          9, 
          5
        ]
      ], 
      "icon": "IC_30_01", 
      "minutes": 480, 
      "name": "\u9632\u5fa1\u8bad\u7ec3II"
    }, 
    "model": "training.trainingproperty", 
    "pk": 8
  }, 
  {
    "fields": {
      "order_value": 1, 
      "package": 28, 
      "des": "\u8bad\u7ec3\u5b8c\u6210\u540e\u9632\u5b88\u3001\u7275\u5236\u3001\u8fd0\u8425\u968f\u673a\u589e\u52a010\u70b9", 
      "cost_value": 30, 
      "cost_type": 2, 
      "need_items": [
        [
          5, 
          20
        ], 
        [
          6, 
          20
        ], 
        [
          9, 
          5
        ]
      ], 
      "icon": "IC_30_01", 
      "minutes": 360, 
      "name": "\u9632\u5fa1\u8bad\u7ec3III"
    }, 
    "model": "training.trainingproperty", 
    "pk": 9
  }, 
  {
    "fields": {
      "order_value": 1, 
      "package": 29, 
      "des": "\u8bad\u7ec3\u5b8c\u6210\u540e\u5fc3\u6001\u548c\u610f\u8bc6\u968f\u673a\u589e\u52a01\u70b9", 
      "cost_value": 10, 
      "cost_type": 2, 
      "need_items": [
        [
          7, 
          1
        ], 
        [
          9, 
          5
        ]
      ], 
      "icon": "IC_30_01", 
      "minutes": 600, 
      "name": "\u914d\u5408\u8bad\u7ec3I"
    }, 
    "model": "training.trainingproperty", 
    "pk": 10
  }, 
  {
    "fields": {
      "order_value": 1, 
      "package": 30, 
      "des": "\u8bad\u7ec3\u5b8c\u6210\u540e\u5fc3\u6001\u548c\u610f\u8bc6\u968f\u673a\u589e\u52a04\u70b9", 
      "cost_value": 20, 
      "cost_type": 2, 
      "need_items": [
        [
          7, 
          10
        ], 
        [
          8, 
          10
        ], 
        [
          9, 
          5
        ]
      ], 
      "icon": "IC_30_01", 
      "minutes": 480, 
      "name": "\u914d\u5408\u8bad\u7ec3II"
    }, 
    "model": "training.trainingproperty", 
    "pk": 11
  }, 
  {
    "fields": {
      "order_value": 1, 
      "package": 31, 
      "des": "\u8bad\u7ec3\u5b8c\u6210\u540e\u5fc3\u6001\u548c\u610f\u8bc6\u968f\u673a\u589e\u52a010\u70b9", 
      "cost_value": 30, 
      "cost_type": 2, 
      "need_items": [
        [
          7, 
          20
        ], 
        [
          8, 
          20
        ], 
        [
          9, 
          5
        ]
      ], 
      "icon": "IC_30_01", 
      "minutes": 360, 
      "name": "\u914d\u5408\u8bad\u7ec3III"
    }, 
    "model": "training.trainingproperty", 
    "pk": 12
  }
]