[
{
    "fields": {
        "name": "\u76f4\u64ad"
    },
    "model": "training.trainingtype",
    "pk": 1
},
{
    "fields": {
        "name": "\u5c5e\u6027\u57f9\u8bad"
    },
    "model": "training.trainingtype",
    "pk": 2
},
{
    "fields": {
        "name": "\u6280\u80fd\u57f9\u8bad"
    },
    "model": "training.trainingtype",
    "pk": 3
},
{
    "fields": {
        "name": "\u7ecf\u9a8c\u8bad\u7ec3"
    },
    "model": "training.trainingtype",
    "pk": 4
},
{
    "fields": {
        "name": "\u7b7e\u7ea6\u4ee3\u8a00"
    },
    "model": "training.trainingtype",
    "pk": 5
},
{
    "fields": {
        "name": "\u5f00\u7f51\u5e97"
    },
    "model": "training.trainingtype",
    "pk": 6
}
]
