[
{
    "fields": {
        "building": 1,
        "need_building_level": 1,
        "name": "\u57fa\u7840\u8bad\u7ec3",
        "package": 2,
        "des": "\u8bad\u7ec3\u5b8c\u6210\u540e\u83b7\u5f97\u7ecf\u9a8c\u503c100\u70b9",
        "tp": 2,
        "cost_type": 1,
        "cost_value": 100,
        "minutes": 1,
        "icon": "IC_30"
    },
    "model": "training.training",
    "pk": 1
},
{
    "fields": {
        "building": 2,
        "need_building_level": 1,
        "name": "\u4e3b\u64ad",
        "package": 1,
        "des": "\u4e3b\u64ad\u5b8c\u6210\u540e\u83b7\u5f97\u8f6f\u59b9\u5e011000\u5143",
        "tp": 1,
        "cost_type": 1,
        "cost_value": 20,
        "minutes": 20,
        "icon": "IC_21"
    },
    "model": "training.training",
    "pk": 2
},
{
    "fields": {
        "building": 1,
        "need_building_level": 2,
        "name": "\u5f3a\u5316\u8bad\u7ec3",
        "package": 3,
        "des": "\u8bad\u7ec3\u5b8c\u6210\u540e\u968f\u673a\u589e\u52a0\u4e00\u70b9\u5c5e\u6027",
        "tp": 2,
        "cost_type": 1,
        "cost_value": 200,
        "minutes": 1,
        "icon": "IC_26"
    },
    "model": "training.training",
    "pk": 3
},
{
    "fields": {
        "building": 2,
        "need_building_level": 1,
        "name": "\u5927\u4fdd\u5065",
        "package": 1,
        "des": "\u5927\u4fdd\u5065\u540e\u5fc3\u60c5\u826f\u597d\uff0c\u58eb\u6c14\u63d0\u5347",
        "tp": 1,
        "cost_type": 1,
        "cost_value": 200,
        "minutes": 500,
        "icon": "IC_31"
    },
    "model": "training.training",
    "pk": 4
}
]
