[
{
    "model": "ui.ui",
    "pk": "ArenaFrame",
    "fields": {
        "icon": "Name_Title_12",
        "des": ".1\u7ade\u6280\u573a\u6bcf\u65e5\u6392\u540d\u5956\u52b1\u6839\u636e\u6392\u540d\u5728\u6bcf\u5929\u96f6\u70b9\u53d1\u9001\n.2\u7ade\u6280\u573a\u8d5b\u5b63\u6392\u540d\u5956\u52b1\u6bcf\u54681\u96f6\u70b9\u53d1\u653e\u4e14\u6e05\u7a7a\u7ade\u6280\u70b9\n.3\u83b7\u5f97\u7684\u5956\u52b1\u53ef\u5728\u7ade\u6280\u5546\u5e97\u548c\u5956\u676f\u5546\u5e97\u8d2d\u4e70\u8d44\u6e90"
    }
},
{
    "model": "ui.ui",
    "pk": "ArmyStrengthFrame",
    "fields": {
        "icon": "Name_Title_2",
        "des": ".1\u6bcf\u4e2a\u79cd\u65cf\u7684\u5175\u79cd\u7b49\u7ea7\u7b49\u9636\u8fbe\u5230\u4e00\u5b9a\u9636\u6bb5\u4f1a\u83b7\u5f97\u5927\u5e45\u5c5e\u6027\u52a0\u6210\n.2\u91cd\u7f6e\u5175\u79cd\u53ea\u9700\u8981\u82b1\u8d3950\u94bb\u5373\u53ef\u8fd4\u8fd8\u5168\u90e8\u7684\u5f3a\u5316\u8d44\u6e90"
    }
},
{
    "model": "ui.ui",
    "pk": "CupFrame",
    "fields": {
        "icon": "Name_Title_16",
        "des": ".1\u4e89\u9738\u8d5b\u5c0f\u7ec4\u8d5b\u5728\u79ef\u5206\u8fbe\u52304,8,12,16,20,24\u65f6\u53ef\u5206\u522b\u83b7\u5f97\u79ef\u5206\u5956\u52b1\u90ae\u4ef6\n.2\u6bcf\u4e2a\u5c0f\u7ec4\u524d\u4e24\u540d\u8fdb\u5165\u5341\u516d\u5f3a\u8d5b\uff0c\u5341\u516d\u5f3a\u8d5b\u6bcf\u4e00\u8f6e\u90fd\u4f1a\u901a\u8fc7\u90ae\u4ef6\u53d1\u653e\u5bf9\u5e94\u540d\u6b21\u5956\u52b1\n.3\u5341\u516d\u5f3a\u8d5b\u6bd4\u8d5b\u65f6\u95f4\u5185\uff0c\u6bcf\u8f6e\u6bd4\u8d5b\u6bcf\u4e2a\u73a9\u5bb6\u53ef\u4e0b\u6ce8\u4e00\u6b21\n.4\u5c0f\u7ec4\u8d5b\u548c\u5341\u516d\u5f3a\u8d5b\u8bf7\u63d0\u524d10\u5206\u949f\u5e03\u7f6e\u597d\u9635\u5bb9"
    }
},
{
    "model": "ui.ui",
    "pk": "DailyFrame",
    "fields": {
        "icon": "Name_Title_8",
        "des": ".1\u6bcf\u79cd\u7c7b\u578b\u65e5\u5e38\u526f\u672c\u5728\u5f00\u653e\u65e5\u67091\u6b21\u514d\u8d39\u6311\u6218\u6b21\u6570\n.2VIP\u7b49\u7ea73\u4ee5\u4e0a\u53ef\u8d2d\u4e701\u6b21"
    }
},
{
    "model": "ui.ui",
    "pk": "ForTacticFrame",
    "fields": {
        "icon": "Name_Title_7",
        "des": ".1\u79cd\u65cf\u7684\u901a\u7528\u9635\u578b\u589e\u52a0\u7684\u7efc\u5408\u5c5e\u6027\u6700\u591a\uff0c\u653b\u51fb\u9635\u578b\u7efc\u5408\u5c5e\u6027\u589e\u52a0\u8f83\u5c11\uff0c\u4e0d\u8fc7\u653b\u51fb\u9635\u578b\u63d0\u5347\u523010\u7ea7\u540e\u62e5\u6709\u4fa7\u7ffc\u653b\u51fb\u80fd\u529b\n.2\u4fa7\u7ffc\u653b\u51fb\uff1a\u8bbe\u7f6e\u597d\u9635\u578b\u540e\uff0c\u53ef\u5728\u6218\u524d\u5e03\u9635\u754c\u9762\u9009\u4e2d\u5175\u79cd\u8fdb\u884c\u8bbe\u7f6e\u662f\u5426\u4fa7\u7ffc\u653b\u51fb\n.3\u4fa7\u7ffc\u653b\u51fb\u6548\u679c\uff1a\u4f18\u5148\u653b\u51fb\u654c\u65b9\u5bf9\u5e94\u7684\u540e\u65b9\u90e8\u961f\n.4\u9635\u578b\u52a0\u6210\u5728\u63a0\u593a\u4e0e\u4e89\u9738\u8d5b\u4e2d\u4ea7\u751f\u6548\u679c"
    }
},
{
    "model": "ui.ui",
    "pk": "HeroCollectionFrame",
    "fields": {
        "icon": "Name_Title_1",
        "des": ".1\u70b9\u51fb\u9009\u624b\u5361\u724c\u53ef\u67e5\u770b\u8be6\u7ec6\u4fe1\u606f\n.2\u83b7\u5f97\u65b0\u7684\u9009\u624b\u53ef\u83b7\u5f97\u6c38\u4e45\u7684\u5c5e\u6027\u52a0\u6210"
    }
},
{
    "model": "ui.ui",
    "pk": "HeroDrawFrame",
    "fields": {
        "icon": "Name_Title_1",
        "des": ".\u62bd\u5361\u83b7\u5f97\u7684\u79ef\u5206\u53ef\u5728\u79ef\u5206\u5546\u5e97\u8fdb\u884c\u8d2d\u7269"
    }
},
{
    "model": "ui.ui",
    "pk": "HeroInspireFrame",
    "fields": {
        "icon": "Name_Title_4",
        "des": ".1\u52a9\u5a01\u7684\u9009\u624b\u53ef\u4ee5\u4e3a\u4e0a\u9635\u9009\u624b\u6fc0\u6d3b\u7275\u7eca\n.2\u52a9\u5a01\u7684\u9009\u624b\u5c06\u4e0d\u80fd\u518d\u4e0a\u9635\n.3\u52a9\u5a01\u7684\u9009\u624b\u7b49\u7ea7\u548c\u54c1\u9636\u6ee1\u8db3\u6761\u4ef6\u5c06\u4f1a\u4e3a\u6240\u6709\u4e0a\u9635\u9009\u624b\u548c\u5175\u79cd\u589e\u52a0\u5c5e\u6027"
    }
},
{
    "model": "ui.ui",
    "pk": "HeroOnStageFrame",
    "fields": {
        "icon": "Name_Title_7",
        "des": ".1\u66f4\u6362\u4e0a\u9635\u9009\u624b\u8bb0\u5f97\u91cd\u65b0\u9009\u62e9\u5175\u79cd\n.2\u901a\u8fc7\u6362\u9635\u53ef\u9009\u62e9\u4e0d\u540c\u52a0\u6210\u5c5e\u6027\u7684\u9635\u578b"
    }
},
{
    "model": "ui.ui",
    "pk": "HeroPackageFrame",
    "fields": {
        "icon": "Name_Title_3",
        "des": ".\u5c5e\u6027\u8bf4\u660e\uff1a\n.\u8fdb\u653b:\u589e\u52a0\u643a\u5e26\u5175\u79cd\u653b\u51fb\u548c\u9009\u624b\u6280\u80fd\u5f3a\u5ea6\n.\u9632\u5b88:\u589e\u52a0\u643a\u5e26\u5175\u79cd\u9632\u5fa1\u548c\u51cf\u5c11\u53d7\u5230\u7684\u6280\u80fd\u4f24\u5bb3\n.\u8fd0\u8425:\u589e\u52a0\u643a\u5e26\u5175\u79cd\u751f\u547d\u548c\u51cf\u5c11\u53d7\u5230\u7684\u6280\u80fd\u4f24\u5bb3\n.\u7edf\u5e05:\u589e\u52a0\u643a\u5e26\u5175\u79cd\u7684\u6570\u91cf\uff08\u7edf\u5e05/\u4eba\u53e3\u4e3a\u643a\u5e26\u5175\u79cd\u7684\u6570\u91cf\uff09"
    }
},
{
    "model": "ui.ui",
    "pk": "MysteryShopFrame",
    "fields": {
        "icon": "Name_Title_3",
        "des": ".1\u5546\u5e97\u5f00\u542f\u6709\u4e0d\u540c\u7684\u9650\u5236\u6761\u4ef6\n.2\u6240\u6709\u5546\u5e97\u4f1a\u6839\u636e\u4e0d\u540c\u65f6\u95f4\u81ea\u52a8\u5237\u65b0\u7269\u54c1\n.3\u4e2a\u522b\u5546\u5e97\u53ef\u4ee5\u82b1\u8d39\u94bb\u77f3\u624b\u52a8\u5237\u65b0"
    }
},
{
    "model": "ui.ui",
    "pk": "PackageFrame",
    "fields": {
        "icon": "Name_Title_6",
        "des": ".1\u53ef\u4ee5\u5f3a\u5316\u548c\u5206\u89e3\u88c5\u5907\n.2\u53ef\u4ee5\u901a\u8fc7\u788e\u7247\u5408\u6210\u5bf9\u5e94\u9009\u624b\n.3\u53ef\u4ee5\u4f7f\u7528\u9053\u5177"
    }
},
{
    "model": "ui.ui",
    "pk": "PVEWorldFrame",
    "fields": {
        "icon": "Name_Title_10",
        "des": ".1\u661f\u7ea7\u5224\u65ad\u6761\u4ef6\uff1a\u5269\u4f59\u8840\u91cf>70%\u4e3a3\u661f\uff0c\u8840\u91cf\u572850%-70%\u95f4\u4e3a2\u661f\uff0c<50%\u4e3a1\u661f\n.2\u526f\u672c\u603b\u661f\u6570\u4e3a\u9635\u578b\u5347\u7ea7\u7684\u524d\u7f6e\u6761\u4ef6"
    }
},
{
    "model": "ui.ui",
    "pk": "RobberyMainFrame",
    "fields": {
        "icon": "Name_Title_11",
        "des": ".1\u70b9\u51fb\u641c\u654c\u4f1a\u5237\u65b0\u63a0\u593a\u5bf9\u8c61\uff0c\u6bcf\u6b21\u641c\u654c\u670915\u79d2CD\u65f6\u95f4\uff0c\u53ea\u6709\u9ad8\u6536\u76ca\u5bf9\u8c61\u4f1a\u83b7\u5f97\u989d\u5916\u5b9d\u7bb1\u6536\u76ca\n.2\u83b7\u5f97\u7684\u8d44\u6e90\u53ef\u5728\u6211\u65b9\u57fa\u5730\u8d2d\u4e70\u6253\u9020\u4e66\u5728\u8f66\u95f4\u6253\u9020\u795e\u5668\n.3\u63a0\u593a\u57fa\u5730\u7b49\u7ea7\u63d0\u9ad8\uff0c\u6bcf\u65e5\u6536\u83b7\u7684\u8d44\u6e90\u66f4\u591a\n.4\u795e\u5668\u5f3a\u5316\u7b49\u7ea7\u4e0a\u9650=\u63a0\u593a\u57fa\u5730\u7b49\u7ea7*2"
    }
},
{
    "model": "ui.ui",
    "pk": "TalentFrame",
    "fields": {
        "icon": "Name_Title_5",
        "des": ".\u82b1\u8d39100\u94bb\u5373\u53ef\u91cd\u7f6e\u6240\u6709\u5929\u8d4b"
    }
},
{
    "model": "ui.ui",
    "pk": "TerritoryFrame",
    "fields": {
        "icon": "Name_Title_15",
        "des": ".1\u6bcf\u4e2a\u5927\u5385\u653e\u5165\u9009\u624b\u4ea7\u751f\u4e0d\u540c\u7684\u8d44\u6e90\uff0c\u8d44\u6e90\u53ef\u7528\u4e8e\u5151\u6362\u5546\u5e97\n.2\u5927\u5385\u7b49\u7ea7\u8d8a\u9ad8\uff0c\u6bcf\u5c0f\u65f6\u81ea\u7136\u4ea7\u91cf\u8d8a\u9ad8\uff0c\u540c\u65f6\u80fd\u5151\u6362\u66f4\u591a\u7684\u7269\u54c1"
    }
},
{
    "model": "ui.ui",
    "pk": "TowerFrame",
    "fields": {
        "icon": "Name_Title_9",
        "des": ".1\u83b7\u5f97\u7684\u8363\u8a89\u5e01\u53ef\u5728\u8363\u8a89\u5546\u5e97\u8d2d\u4e70\u88c5\u5907\u788e\u7247\n.2\u6bcf\u65e5\u661f\u7ea7\u6392\u540d\u5956\u52b1\u6b21\u65e5\u901a\u8fc7\u90ae\u4ef6\u53d1\u9001"
    }
},
{
    "model": "ui.ui",
    "pk": "UnionActivityFrame",
    "fields": {
        "icon": "Name_Title_14",
        "des": ".1\u8bb0\u5f97\u6bcf\u65e5\u7b7e\u5230\uff0c\u516c\u4f1a\u7b49\u7ea7\u901a\u8fc7\u4e2a\u4eba\u8d21\u732e\u63d0\u5347\n.2\u4e2d\u534812\u70b9-13\u70b9\u4e3a\u5bb4\u4f1a\u65f6\u95f4\n.3\u516c\u4f1a\u6280\u80fd\u7b49\u7ea7\u4e0a\u9650=\u516c\u4f1a\u7b49\u7ea7*2\n.4\u4f1a\u957f7\u5929\u4e0d\u5728\u7ebf\u4f1a\u957f\u6743\u9650\u5c06\u4f1a\u81ea\u52a8\u8f6c\u4ea4\u7ed9\u8d21\u732e\u6700\u9ad8\u7684\u73a9\u5bb6\n"
    }
},
{
    "model": "ui.ui",
    "pk": "UnionFrame",
    "fields": {
        "icon": "Name_Title_14",
        "des": ".1\u8bb0\u5f97\u6bcf\u65e5\u7b7e\u5230\uff0c\u516c\u4f1a\u7b49\u7ea7\u901a\u8fc7\u4e2a\u4eba\u8d21\u732e\u63d0\u5347\n.2\u4e2d\u534812\u70b9-13\u70b9\u4e3a\u5bb4\u4f1a\u65f6\u95f4\n.3\u516c\u4f1a\u6280\u80fd\u7b49\u7ea7\u4e0a\u9650=\u516c\u4f1a\u7b49\u7ea7*2\n.4\u4f1a\u957f7\u5929\u4e0d\u5728\u7ebf\u4f1a\u957f\u6743\u9650\u5c06\u4f1a\u81ea\u52a8\u8f6c\u4ea4\u7ed9\u8d21\u732e\u6700\u9ad8\u7684\u73a9\u5bb6\n"
    }
},
{
    "model": "ui.ui",
    "pk": "UnionJoinFrame",
    "fields": {
        "icon": "Name_Title_13",
        "des": ".1300\u94bb\u5373\u53ef\u521b\u5efa\u516c\u4f1a\n.2\u9000\u51fa\u516c\u4f1a\u7684\u4eba\u5f53\u5929\u4e0d\u80fd\u5728\u52a0\u5165\u516c\u4f1a\n.3\u9000\u51fa\u516c\u4f1a\u7684\u4eba\u516c\u4f1a\u5e01\uff0c\u516c\u4f1a\u6280\u80fd\u5c06\u4fdd\u7559\n"
    }
}
]
