[
{
    "model": "union.unionlevel",
    "pk": 1,
    "fields": {
        "contribution": 22100,
        "members_limit": 18
    }
},
{
    "model": "union.unionlevel",
    "pk": 2,
    "fields": {
        "contribution": 41000,
        "members_limit": 20
    }
},
{
    "model": "union.unionlevel",
    "pk": 3,
    "fields": {
        "contribution": 63100,
        "members_limit": 22
    }
},
{
    "model": "union.unionlevel",
    "pk": 4,
    "fields": {
        "contribution": 88600,
        "members_limit": 24
    }
},
{
    "model": "union.unionlevel",
    "pk": 5,
    "fields": {
        "contribution": 117300,
        "members_limit": 26
    }
},
{
    "model": "union.unionlevel",
    "pk": 6,
    "fields": {
        "contribution": 149200,
        "members_limit": 28
    }
},
{
    "model": "union.unionlevel",
    "pk": 7,
    "fields": {
        "contribution": 184500,
        "members_limit": 30
    }
},
{
    "model": "union.unionlevel",
    "pk": 8,
    "fields": {
        "contribution": 223000,
        "members_limit": 32
    }
},
{
    "model": "union.unionlevel",
    "pk": 9,
    "fields": {
        "contribution": 264900,
        "members_limit": 34
    }
},
{
    "model": "union.unionlevel",
    "pk": 10,
    "fields": {
        "contribution": 310000,
        "members_limit": 36
    }
},
{
    "model": "union.unionlevel",
    "pk": 11,
    "fields": {
        "contribution": 310000,
        "members_limit": 36
    }
}
]
