[
    {
        "fields": {
            "name": "跳虫", 
            "third_trig": 3, 
            "des": {
                "1": [
                    [
                        "#{0}10D早早升级了跳虫的速度", 
                        "#{0}发动提速跳虫快攻"
                    ], 
                    [
                        "#{0}的提速跳虫多线牵制的对手不胜其扰"
                    ], 
                    [
                        "#{0}用大量跳虫做掩护朝对方展开猛攻"
                    ]
                ], 
                "2": [
                    [
                        "#{0}稳健慢速跳虫发展科技"
                    ], 
                    [
                        "#{0}快速提升跳虫攻防"
                    ], 
                    [
                        "#{0}提升了肾上腺，大群进化跳虫前赴后继。"
                    ]
                ], 
                "3": [
                    [
                        "#{0}靠几只跳虫的侦查极限发展经济"
                    ], 
                    [
                        "#{0}的跳虫围魏救赵"
                    ], 
                    [
                        "#{0}的跳虫配合飞龙换家令对手痛不欲生"
                    ]
                ]
            }, 
            "race": 3, 
            "first_trig": 10, 
            "skill": 1, 
            "second_trig": 4
        }, 
        "model": "unit.unit", 
        "pk": 1
    }, 
    {
        "fields": {
            "name": "蟑螂", 
            "third_trig": 4, 
            "des": {
                "1": [
                    [
                        "#{0}单矿7蟑螂压制对手"
                    ], 
                    [
                        "#{0}的大量提速蟑螂RUSH对手"
                    ], 
                    [
                        "#{0}的蟑螂不怕死的拼命屠杀对手农民"
                    ]
                ], 
                "2": [
                    [
                        "#{0}早早的升级了蟑螂的攻防"
                    ], 
                    [
                        "#{0}的蟑螂遁地朝对方大军移动"
                    ], 
                    [
                        "#{0}高攻防的蟑螂多线打游击战"
                    ]
                ], 
                "3": [
                    [
                        "#{0}用少量蟑螂堵路口防守", 
                        "#{0}稳健的放下蟑螂巢以防对面一波"
                    ], 
                    [
                        "#{0}的200人口蟑螂大军莽成了一条线"
                    ], 
                    [
                        "#{0}的蟑螂左冲右突，把对手包了个圆"
                    ]
                ]
            }, 
            "race": 3, 
            "first_trig": 5, 
            "skill": 2, 
            "second_trig": 8
        }, 
        "model": "unit.unit", 
        "pk": 2
    }, 
    {
        "fields": {
            "name": "毒爆", 
            "third_trig": 3, 
            "des": {
                "1": [
                    [
                        "#{0}悄悄的在角落孵化毒爆"
                    ], 
                    [
                        "#{0}跳虫毒爆一波对手，不成功便成仁"
                    ], 
                    [
                        "#{0}毒爆在对手农民堆里开了花"
                    ]
                ], 
                "2": [
                    [
                        "#{0}快速升级毒爆埋地"
                    ], 
                    [
                        "#{0}依靠提速的毒爆虫瓦解了对手攻势", 
                        "四处都是埋地毒爆，犹如地雷战"
                    ], 
                    [
                        "#{0}试图空投毒爆撕毁对手防线"
                    ]
                ], 
                "3": [
                    [
                        "#{0}谨慎运营的同时也不忘毒爆防守"
                    ], 
                    [
                        "#{0}的毒爆滚滚红尘"
                    ], 
                    [
                        "#{0}的大量毒爆撞向了对方基地"
                    ]
                ]
            }, 
            "race": 3, 
            "first_trig": 4, 
            "skill": 3, 
            "second_trig": 6
        }, 
        "model": "unit.unit", 
        "pk": 3
    }, 
    {
        "fields": {
            "name": "感染者", 
            "third_trig": 3, 
            "des": {
                "1": [
                    [
                        "#{0}没有出现"
                    ], 
                    [
                        "#{0}的感染者上演狗蛋流"
                    ], 
                    [
                        "#{0}感染者释放着大量的受传染机枪兵"
                    ]
                ], 
                "2": [
                    [
                        "#{0}没有出现"
                    ], 
                    [
                        "#{0}埋地感染者悄悄的溜进了对方基地"
                    ], 
                    [
                        "#{0}的感染者盒飞蛇的配合出神入化"
                    ]
                ], 
                "3": [
                    [
                        "#{0}没有出现"
                    ], 
                    [
                        "#{0}大量地刺配合感染者防守固若金汤"
                    ], 
                    [
                        "#{0}的埋地感染者四处游走"
                    ]
                ]
            }, 
            "race": 3, 
            "first_trig": 0, 
            "skill": 4, 
            "second_trig": 5
        }, 
        "model": "unit.unit", 
        "pk": 4
    }, 
    {
        "fields": {
            "name": "腐化者", 
            "third_trig": 3, 
            "des": {
                "1": [
                    [
                        "#{0}没有出现"
                    ], 
                    [
                        "#{0}没有出现"
                    ], 
                    [
                        "#{0}放出腐化者应对对手强力的空中单位"
                    ]
                ], 
                "2": [
                    [
                        "#{0}没有出现"
                    ], 
                    [
                        "#{0}的腐化者掩护飞龙取得了空中优势"
                    ], 
                    [
                        "#{0}腐化者释放腐化技能，另对方部队变得相当脆弱"
                    ]
                ], 
                "3": [
                    [
                        "#{0}没有出现"
                    ], 
                    [
                        "#{0}腐化者的出现让对方的空军无功而返"
                    ], 
                    [
                        "#{0}大量的腐化者，似乎是准备进化巢虫领主"
                    ]
                ]
            }, 
            "race": 3, 
            "first_trig": 0, 
            "skill": 5, 
            "second_trig": 5
        }, 
        "model": "unit.unit", 
        "pk": 5
    }, 
    {
        "fields": {
            "name": "飞龙", 
            "third_trig": 4, 
            "des": {
                "1": [
                    [
                        "#{0}没有出现"
                    ], 
                    [
                        "#{0}采用极限跳飞龙给予对手突袭"
                    ], 
                    [
                        "#{0}并没有太好的经济支持一直量产飞龙"
                    ]
                ], 
                "2": [
                    [
                        "#{0}没有出现"
                    ], 
                    [
                        "#{0}的腐化者掩护飞龙取得了空中优势"
                    ], 
                    [
                        "#{0}的高攻防飞龙似乎并不适合在正面战场上战斗"
                    ]
                ], 
                "3": [
                    [
                        "#{0}没有出现"
                    ], 
                    [
                        "#{0}利用飞龙的牵制快速扩张"
                    ], 
                    [
                        "#{0}的跳虫配合飞龙换家令对手痛不欲生"
                    ]
                ]
            }, 
            "race": 3, 
            "first_trig": 0, 
            "skill": 6, 
            "second_trig": 5
        }, 
        "model": "unit.unit", 
        "pk": 6
    }, 
    {
        "fields": {
            "name": "雷兽", 
            "third_trig": 7, 
            "des": {
                "1": [
                    [
                        "#{0}没有出现"
                    ], 
                    [
                        "#{0}没有出现"
                    ], 
                    [
                        "#{0}恐怖的雷兽顶着火力收割对方的部队"
                    ]
                ], 
                "2": [
                    [
                        "#{0}没有出现"
                    ], 
                    [
                        "#{0}没有出现"
                    ], 
                    [
                        "#{0}的几只雷兽在女皇的治疗下屹立不倒"
                    ]
                ], 
                "3": [
                    [
                        "#{0}没有出现"
                    ], 
                    [
                        "#{0}没有出现"
                    ], 
                    [
                        "#{0}在良好经济支持下，大量雷兽势不可挡"
                    ]
                ]
            }, 
            "race": 3, 
            "first_trig": 0, 
            "skill": 7, 
            "second_trig": 0
        }, 
        "model": "unit.unit", 
        "pk": 7
    }, 
    {
        "fields": {
            "name": "巢虫领主", 
            "third_trig": 8, 
            "des": {
                "1": [
                    [
                        "#{0}没有出现"
                    ], 
                    [
                        "#{0}没出出现"
                    ], 
                    [
                        "#{0}的少量巢虫领主在女皇配合下缓慢推进"
                    ]
                ], 
                "2": [
                    [
                        "#{0}没有出现"
                    ], 
                    [
                        "#{0}没出出现"
                    ], 
                    [
                        "#{0}的巢虫领主遇到对方空中单位的狙击"
                    ]
                ], 
                "3": [
                    [
                        "#{0}没有出现"
                    ], 
                    [
                        "#{0}没出出现"
                    ], 
                    [
                        "#{0}大量的腐化者进化成了巢虫领主，简直是噩梦降临"
                    ]
                ]
            }, 
            "race": 3, 
            "first_trig": 0, 
            "skill": 8, 
            "second_trig": 0
        }, 
        "model": "unit.unit", 
        "pk": 8
    }, 
    {
        "fields": {
            "name": "刺蛇", 
            "third_trig": 4, 
            "des": {
                "1": [
                    [
                        "#{0}没有出现"
                    ], 
                    [
                        "#{0}跳虫刺蛇的虫族部队发动冲锋"
                    ], 
                    [
                        "#{0}的刺蛇脆弱的身躯暴露在对手火力之下"
                    ]
                ], 
                "2": [
                    [
                        "#{0}没有出现"
                    ], 
                    [
                        "#{0}提升了刺蛇的射程"
                    ], 
                    [
                        "#{0}高攻防刺蛇输出惊人"
                    ]
                ], 
                "3": [
                    [
                        "#{0}没有出现"
                    ], 
                    [
                        "#{0}的刺蛇誓死防卫对手的突袭"
                    ], 
                    [
                        "#{0}大量刺蛇对对手造成了成吨的伤害"
                    ]
                ]
            }, 
            "race": 3, 
            "first_trig": 0, 
            "skill": 9, 
            "second_trig": 6
        }, 
        "model": "unit.unit", 
        "pk": 9
    }, 
    {
        "fields": {
            "name": "宿主", 
            "third_trig": 5, 
            "des": {
                "1": [
                    [
                        "#{0}没有出现"
                    ], 
                    [
                        "#{0}没有出现"
                    ], 
                    [
                        "#{0}利用宿主在削弱对手防线"
                    ]
                ], 
                "2": [
                    [
                        "#{0}没有出现"
                    ], 
                    [
                        "#{0}没有出现"
                    ], 
                    [
                        "#{0}埋伏了很多宿主不停的消耗对手兵力"
                    ]
                ], 
                "3": [
                    [
                        "#{0}没有出现"
                    ], 
                    [
                        "#{0}没有出现"
                    ], 
                    [
                        "#{0}宿主孵化大量飞蝗虫慢慢消耗对手"
                    ]
                ]
            }, 
            "race": 3, 
            "first_trig": 0, 
            "skill": 10, 
            "second_trig": 0
        }, 
        "model": "unit.unit", 
        "pk": 10
    }, 
    {
        "fields": {
            "name": "飞蛇", 
            "third_trig": 5, 
            "des": {
                "1": [
                    [
                        "#{0}没有出现"
                    ], 
                    [
                        "#{0}没有出现"
                    ], 
                    [
                        "#{0}飞蛇的操作出神入化"
                    ]
                ], 
                "2": [
                    [
                        "#{0}没有出现"
                    ], 
                    [
                        "#{0}没有出现"
                    ], 
                    [
                        "#{0}的飞蛇正在吞噬己方建筑增加能量"
                    ]
                ], 
                "3": [
                    [
                        "#{0}没有出现"
                    ], 
                    [
                        "#{0}没有出现"
                    ], 
                    [
                        "#{0}的虫族在飞蛇绿雾笼罩下，令对方部队溃不成军。"
                    ]
                ]
            }, 
            "race": 3, 
            "first_trig": 0, 
            "skill": 11, 
            "second_trig": 0
        }, 
        "model": "unit.unit", 
        "pk": 11
    }, 
    {
        "fields": {
            "name": "狂热者", 
            "third_trig": 4, 
            "des": {
                "1": [
                    [
                        "#{0}双兵营狂热者展开RUSH"
                    ], 
                    [
                        "#{0}采用单矿狂热者一波"
                    ], 
                    [
                        "#{0}在前线传送大量的狂热者和追猎"
                    ]
                ], 
                "2": [
                    [
                        "#{0}在哨兵狂热者防守下攀升科技"
                    ], 
                    [
                        "#{0}用菱镜传送狂热者进行骚扰"
                    ], 
                    [
                        "#{0}多线传送提速狂热者打击对手经济命脉"
                    ]
                ], 
                "3": [
                    [
                        "#{0}的狂热者利用建筑掩护防守， 一夫当关万夫莫开"
                    ], 
                    [
                        "#{0}依靠狂热者压制对手的同时扩张运营"
                    ], 
                    [
                        "#{0}大量提速狂热者和执政官正在疯狂杀戮"
                    ]
                ]
            }, 
            "race": 2, 
            "first_trig": 6, 
            "skill": 12, 
            "second_trig": 3
        }, 
        "model": "unit.unit", 
        "pk": 12
    }, 
    {
        "fields": {
            "name": "追猎者", 
            "third_trig": 3, 
            "des": {
                "1": [
                    [
                        "#{0}速兵营追猎者压制对手"
                    ], 
                    [
                        "#{0}的大量闪烁追猎者跳进对方基地", 
                        "闪烁追猎的操作令人眼花缭乱"
                    ], 
                    [
                        "#{0}孤注一掷闪烁追猎者跳脸"
                    ]
                ], 
                "2": [
                    [
                        "#{0}利用追猎者压制的同时发展自己的科技"
                    ], 
                    [
                        "#{0}虚虚实实，假装闪烁着追猎一波对手"
                    ], 
                    [
                        "#{0}闪烁追猎者偷袭了对方一处经济点被母舰核心传送回城"
                    ]
                ], 
                "3": [
                    [
                        "#{0}的一个追猎者单枪匹马侦查前线"
                    ], 
                    [
                        "#{0}利用追猎者抵御对手进攻开辟三矿"
                    ], 
                    [
                        "#{0}大量追猎者传送到前线"
                    ]
                ]
            }, 
            "race": 2, 
            "first_trig": 5, 
            "skill": 13, 
            "second_trig": 7
        }, 
        "model": "unit.unit", 
        "pk": 13
    }, 
    {
        "fields": {
            "name": "哨兵", 
            "third_trig": 0, 
            "des": {
                "1": [
                    [
                        "#{0}稳健慢速跳虫发展科技"
                    ], 
                    [
                        "#{0}快速提升跳虫攻防"
                    ], 
                    [
                        "#{0}提升了肾上腺，大群进化跳虫前赴后继。"
                    ]
                ], 
                "2": [
                    [
                        "#{0}稳健慢速跳虫发展科技"
                    ], 
                    [
                        "#{0}快速提升跳虫攻防"
                    ], 
                    [
                        "#{0}提升了肾上腺，大群进化跳虫前赴后继。"
                    ]
                ], 
                "3": [
                    [
                        "#{0}稳健慢速跳虫发展科技"
                    ], 
                    [
                        "#{0}快速提升跳虫攻防"
                    ], 
                    [
                        "#{0}提升了肾上腺，大群进化跳虫前赴后继。"
                    ]
                ]
            }, 
            "race": 2, 
            "first_trig": 6, 
            "skill": 14, 
            "second_trig": 3
        }, 
        "model": "unit.unit", 
        "pk": 14
    }, 
    {
        "fields": {
            "name": "凤凰", 
            "third_trig": 1, 
            "des": {
                "1": [
                    [
                        "#{0}稳健慢速跳虫发展科技"
                    ], 
                    [
                        "#{0}快速提升跳虫攻防"
                    ], 
                    [
                        "#{0}提升了肾上腺，大群进化跳虫前赴后继。"
                    ]
                ], 
                "2": [
                    [
                        "#{0}稳健慢速跳虫发展科技"
                    ], 
                    [
                        "#{0}快速提升跳虫攻防"
                    ], 
                    [
                        "#{0}提升了肾上腺，大群进化跳虫前赴后继。"
                    ]
                ], 
                "3": [
                    [
                        "#{0}稳健慢速跳虫发展科技"
                    ], 
                    [
                        "#{0}快速提升跳虫攻防"
                    ], 
                    [
                        "#{0}提升了肾上腺，大群进化跳虫前赴后继。"
                    ]
                ]
            }, 
            "race": 2, 
            "first_trig": 0, 
            "skill": 15, 
            "second_trig": 4
        }, 
        "model": "unit.unit", 
        "pk": 15
    }, 
    {
        "fields": {
            "name": "光明圣堂武士", 
            "third_trig": 6, 
            "des": {
                "1": [
                    [
                        "#{0}稳健慢速跳虫发展科技"
                    ], 
                    [
                        "#{0}快速提升跳虫攻防"
                    ], 
                    [
                        "#{0}提升了肾上腺，大群进化跳虫前赴后继。"
                    ]
                ], 
                "2": [
                    [
                        "#{0}稳健慢速跳虫发展科技"
                    ], 
                    [
                        "#{0}快速提升跳虫攻防"
                    ], 
                    [
                        "#{0}提升了肾上腺，大群进化跳虫前赴后继。"
                    ]
                ], 
                "3": [
                    [
                        "#{0}稳健慢速跳虫发展科技"
                    ], 
                    [
                        "#{0}快速提升跳虫攻防"
                    ], 
                    [
                        "#{0}提升了肾上腺，大群进化跳虫前赴后继。"
                    ]
                ]
            }, 
            "race": 2, 
            "first_trig": 0, 
            "skill": 16, 
            "second_trig": 2
        }, 
        "model": "unit.unit", 
        "pk": 16
    }, 
    {
        "fields": {
            "name": "黑暗圣堂武士", 
            "third_trig": 2, 
            "des": {
                "1": [
                    [
                        "#{0}稳健慢速跳虫发展科技"
                    ], 
                    [
                        "#{0}快速提升跳虫攻防"
                    ], 
                    [
                        "#{0}提升了肾上腺，大群进化跳虫前赴后继。"
                    ]
                ], 
                "2": [
                    [
                        "#{0}稳健慢速跳虫发展科技"
                    ], 
                    [
                        "#{0}快速提升跳虫攻防"
                    ], 
                    [
                        "#{0}提升了肾上腺，大群进化跳虫前赴后继。"
                    ]
                ], 
                "3": [
                    [
                        "#{0}稳健慢速跳虫发展科技"
                    ], 
                    [
                        "#{0}快速提升跳虫攻防"
                    ], 
                    [
                        "#{0}提升了肾上腺，大群进化跳虫前赴后继。"
                    ]
                ]
            }, 
            "race": 2, 
            "first_trig": 0, 
            "skill": 17, 
            "second_trig": 4
        }, 
        "model": "unit.unit", 
        "pk": 17
    }, 
    {
        "fields": {
            "name": "不朽者", 
            "third_trig": 1, 
            "des": {
                "1": [
                    [
                        "#{0}稳健慢速跳虫发展科技"
                    ], 
                    [
                        "#{0}快速提升跳虫攻防"
                    ], 
                    [
                        "#{0}提升了肾上腺，大群进化跳虫前赴后继。"
                    ]
                ], 
                "2": [
                    [
                        "#{0}稳健慢速跳虫发展科技"
                    ], 
                    [
                        "#{0}快速提升跳虫攻防"
                    ], 
                    [
                        "#{0}提升了肾上腺，大群进化跳虫前赴后继。"
                    ]
                ], 
                "3": [
                    [
                        "#{0}稳健慢速跳虫发展科技"
                    ], 
                    [
                        "#{0}快速提升跳虫攻防"
                    ], 
                    [
                        "#{0}提升了肾上腺，大群进化跳虫前赴后继。"
                    ]
                ]
            }, 
            "race": 2, 
            "first_trig": 0, 
            "skill": 18, 
            "second_trig": 5
        }, 
        "model": "unit.unit", 
        "pk": 18
    }, 
    {
        "fields": {
            "name": "巨像", 
            "third_trig": 5, 
            "des": {
                "1": [
                    [
                        "#{0}稳健慢速跳虫发展科技"
                    ], 
                    [
                        "#{0}快速提升跳虫攻防"
                    ], 
                    [
                        "#{0}提升了肾上腺，大群进化跳虫前赴后继。"
                    ]
                ], 
                "2": [
                    [
                        "#{0}稳健慢速跳虫发展科技"
                    ], 
                    [
                        "#{0}快速提升跳虫攻防"
                    ], 
                    [
                        "#{0}提升了肾上腺，大群进化跳虫前赴后继。"
                    ]
                ], 
                "3": [
                    [
                        "#{0}稳健慢速跳虫发展科技"
                    ], 
                    [
                        "#{0}快速提升跳虫攻防"
                    ], 
                    [
                        "#{0}提升了肾上腺，大群进化跳虫前赴后继。"
                    ]
                ]
            }, 
            "race": 2, 
            "first_trig": 0, 
            "skill": 19, 
            "second_trig": 4
        }, 
        "model": "unit.unit", 
        "pk": 19
    }, 
    {
        "fields": {
            "name": "执政官", 
            "third_trig": 4, 
            "des": {
                "1": [
                    [
                        "#{0}稳健慢速跳虫发展科技"
                    ], 
                    [
                        "#{0}快速提升跳虫攻防"
                    ], 
                    [
                        "#{0}提升了肾上腺，大群进化跳虫前赴后继。"
                    ]
                ], 
                "2": [
                    [
                        "#{0}稳健慢速跳虫发展科技"
                    ], 
                    [
                        "#{0}快速提升跳虫攻防"
                    ], 
                    [
                        "#{0}提升了肾上腺，大群进化跳虫前赴后继。"
                    ]
                ], 
                "3": [
                    [
                        "#{0}稳健慢速跳虫发展科技"
                    ], 
                    [
                        "#{0}快速提升跳虫攻防"
                    ], 
                    [
                        "#{0}提升了肾上腺，大群进化跳虫前赴后继。"
                    ]
                ]
            }, 
            "race": 2, 
            "first_trig": 0, 
            "skill": 20, 
            "second_trig": 0
        }, 
        "model": "unit.unit", 
        "pk": 20
    }, 
    {
        "fields": {
            "name": "虚空", 
            "third_trig": 4, 
            "des": {
                "1": [
                    [
                        "#{0}稳健慢速跳虫发展科技"
                    ], 
                    [
                        "#{0}快速提升跳虫攻防"
                    ], 
                    [
                        "#{0}提升了肾上腺，大群进化跳虫前赴后继。"
                    ]
                ], 
                "2": [
                    [
                        "#{0}稳健慢速跳虫发展科技"
                    ], 
                    [
                        "#{0}快速提升跳虫攻防"
                    ], 
                    [
                        "#{0}提升了肾上腺，大群进化跳虫前赴后继。"
                    ]
                ], 
                "3": [
                    [
                        "#{0}稳健慢速跳虫发展科技"
                    ], 
                    [
                        "#{0}快速提升跳虫攻防"
                    ], 
                    [
                        "#{0}提升了肾上腺，大群进化跳虫前赴后继。"
                    ]
                ]
            }, 
            "race": 2, 
            "first_trig": 0, 
            "skill": 21, 
            "second_trig": 3
        }, 
        "model": "unit.unit", 
        "pk": 21
    }, 
    {
        "fields": {
            "name": "航母", 
            "third_trig": 7, 
            "des": {
                "1": [
                    [
                        "#{0}稳健慢速跳虫发展科技"
                    ], 
                    [
                        "#{0}快速提升跳虫攻防"
                    ], 
                    [
                        "#{0}提升了肾上腺，大群进化跳虫前赴后继。"
                    ]
                ], 
                "2": [
                    [
                        "#{0}稳健慢速跳虫发展科技"
                    ], 
                    [
                        "#{0}快速提升跳虫攻防"
                    ], 
                    [
                        "#{0}提升了肾上腺，大群进化跳虫前赴后继。"
                    ]
                ], 
                "3": [
                    [
                        "#{0}稳健慢速跳虫发展科技"
                    ], 
                    [
                        "#{0}快速提升跳虫攻防"
                    ], 
                    [
                        "#{0}提升了肾上腺，大群进化跳虫前赴后继。"
                    ]
                ]
            }, 
            "race": 2, 
            "first_trig": 0, 
            "skill": 22, 
            "second_trig": 0
        }, 
        "model": "unit.unit", 
        "pk": 22
    }, 
    {
        "fields": {
            "name": "先知", 
            "third_trig": 1, 
            "des": {
                "1": [
                    [
                        "#{0}稳健慢速跳虫发展科技"
                    ], 
                    [
                        "#{0}快速提升跳虫攻防"
                    ], 
                    [
                        "#{0}提升了肾上腺，大群进化跳虫前赴后继。"
                    ]
                ], 
                "2": [
                    [
                        "#{0}稳健慢速跳虫发展科技"
                    ], 
                    [
                        "#{0}快速提升跳虫攻防"
                    ], 
                    [
                        "#{0}提升了肾上腺，大群进化跳虫前赴后继。"
                    ]
                ], 
                "3": [
                    [
                        "#{0}稳健慢速跳虫发展科技"
                    ], 
                    [
                        "#{0}快速提升跳虫攻防"
                    ], 
                    [
                        "#{0}提升了肾上腺，大群进化跳虫前赴后继。"
                    ]
                ]
            }, 
            "race": 2, 
            "first_trig": 0, 
            "skill": 23, 
            "second_trig": 4
        }, 
        "model": "unit.unit", 
        "pk": 23
    }, 
    {
        "fields": {
            "name": "风暴战舰", 
            "third_trig": 6, 
            "des": {
                "1": [
                    [
                        "#{0}稳健慢速跳虫发展科技"
                    ], 
                    [
                        "#{0}快速提升跳虫攻防"
                    ], 
                    [
                        "#{0}提升了肾上腺，大群进化跳虫前赴后继。"
                    ]
                ], 
                "2": [
                    [
                        "#{0}稳健慢速跳虫发展科技"
                    ], 
                    [
                        "#{0}快速提升跳虫攻防"
                    ], 
                    [
                        "#{0}提升了肾上腺，大群进化跳虫前赴后继。"
                    ]
                ], 
                "3": [
                    [
                        "#{0}稳健慢速跳虫发展科技"
                    ], 
                    [
                        "#{0}快速提升跳虫攻防"
                    ], 
                    [
                        "#{0}提升了肾上腺，大群进化跳虫前赴后继。"
                    ]
                ]
            }, 
            "race": 2, 
            "first_trig": 0, 
            "skill": 24, 
            "second_trig": 0
        }, 
        "model": "unit.unit", 
        "pk": 24
    }, 
    {
        "fields": {
            "name": "机枪兵", 
            "third_trig": 7, 
            "des": {
                "1": [
                    [
                        "#{0}稳健慢速跳虫发展科技"
                    ], 
                    [
                        "#{0}快速提升跳虫攻防"
                    ], 
                    [
                        "#{0}提升了肾上腺，大群进化跳虫前赴后继。"
                    ]
                ], 
                "2": [
                    [
                        "#{0}稳健慢速跳虫发展科技"
                    ], 
                    [
                        "#{0}快速提升跳虫攻防"
                    ], 
                    [
                        "#{0}提升了肾上腺，大群进化跳虫前赴后继。"
                    ]
                ], 
                "3": [
                    [
                        "#{0}稳健慢速跳虫发展科技"
                    ], 
                    [
                        "#{0}快速提升跳虫攻防"
                    ], 
                    [
                        "#{0}提升了肾上腺，大群进化跳虫前赴后继。"
                    ]
                ]
            }, 
            "race": 1, 
            "first_trig": 8, 
            "skill": 25, 
            "second_trig": 5
        }, 
        "model": "unit.unit", 
        "pk": 25
    }, 
    {
        "fields": {
            "name": "掠夺者", 
            "third_trig": 6, 
            "des": {
                "1": [
                    [
                        "#{0}稳健慢速跳虫发展科技"
                    ], 
                    [
                        "#{0}快速提升跳虫攻防"
                    ], 
                    [
                        "#{0}提升了肾上腺，大群进化跳虫前赴后继。"
                    ]
                ], 
                "2": [
                    [
                        "#{0}稳健慢速跳虫发展科技"
                    ], 
                    [
                        "#{0}快速提升跳虫攻防"
                    ], 
                    [
                        "#{0}提升了肾上腺，大群进化跳虫前赴后继。"
                    ]
                ], 
                "3": [
                    [
                        "#{0}稳健慢速跳虫发展科技"
                    ], 
                    [
                        "#{0}快速提升跳虫攻防"
                    ], 
                    [
                        "#{0}提升了肾上腺，大群进化跳虫前赴后继。"
                    ]
                ]
            }, 
            "race": 1, 
            "first_trig": 3, 
            "skill": 26, 
            "second_trig": 5
        }, 
        "model": "unit.unit", 
        "pk": 26
    }, 
    {
        "fields": {
            "name": "死神", 
            "third_trig": 0, 
            "des": {
                "1": [
                    [
                        "#{0}稳健慢速跳虫发展科技"
                    ], 
                    [
                        "#{0}快速提升跳虫攻防"
                    ], 
                    [
                        "#{0}提升了肾上腺，大群进化跳虫前赴后继。"
                    ]
                ], 
                "2": [
                    [
                        "#{0}稳健慢速跳虫发展科技"
                    ], 
                    [
                        "#{0}快速提升跳虫攻防"
                    ], 
                    [
                        "#{0}提升了肾上腺，大群进化跳虫前赴后继。"
                    ]
                ], 
                "3": [
                    [
                        "#{0}稳健慢速跳虫发展科技"
                    ], 
                    [
                        "#{0}快速提升跳虫攻防"
                    ], 
                    [
                        "#{0}提升了肾上腺，大群进化跳虫前赴后继。"
                    ]
                ]
            }, 
            "race": 1, 
            "first_trig": 10, 
            "skill": 27, 
            "second_trig": 0
        }, 
        "model": "unit.unit", 
        "pk": 27
    }, 
    {
        "fields": {
            "name": "幽灵兵", 
            "third_trig": 5, 
            "des": {
                "1": [
                    [
                        "#{0}稳健慢速跳虫发展科技"
                    ], 
                    [
                        "#{0}快速提升跳虫攻防"
                    ], 
                    [
                        "#{0}提升了肾上腺，大群进化跳虫前赴后继。"
                    ]
                ], 
                "2": [
                    [
                        "#{0}稳健慢速跳虫发展科技"
                    ], 
                    [
                        "#{0}快速提升跳虫攻防"
                    ], 
                    [
                        "#{0}提升了肾上腺，大群进化跳虫前赴后继。"
                    ]
                ], 
                "3": [
                    [
                        "#{0}稳健慢速跳虫发展科技"
                    ], 
                    [
                        "#{0}快速提升跳虫攻防"
                    ], 
                    [
                        "#{0}提升了肾上腺，大群进化跳虫前赴后继。"
                    ]
                ]
            }, 
            "race": 1, 
            "first_trig": 0, 
            "skill": 28, 
            "second_trig": 0
        }, 
        "model": "unit.unit", 
        "pk": 28
    }, 
    {
        "fields": {
            "name": "火车", 
            "third_trig": 2, 
            "des": {
                "1": [
                    [
                        "#{0}稳健慢速跳虫发展科技"
                    ], 
                    [
                        "#{0}快速提升跳虫攻防"
                    ], 
                    [
                        "#{0}提升了肾上腺，大群进化跳虫前赴后继。"
                    ]
                ], 
                "2": [
                    [
                        "#{0}稳健慢速跳虫发展科技"
                    ], 
                    [
                        "#{0}快速提升跳虫攻防"
                    ], 
                    [
                        "#{0}提升了肾上腺，大群进化跳虫前赴后继。"
                    ]
                ], 
                "3": [
                    [
                        "#{0}稳健慢速跳虫发展科技"
                    ], 
                    [
                        "#{0}快速提升跳虫攻防"
                    ], 
                    [
                        "#{0}提升了肾上腺，大群进化跳虫前赴后继。"
                    ]
                ]
            }, 
            "race": 1, 
            "first_trig": 5, 
            "skill": 29, 
            "second_trig": 5
        }, 
        "model": "unit.unit", 
        "pk": 29
    }, 
    {
        "fields": {
            "name": "火车人", 
            "third_trig": 2, 
            "des": {
                "1": [
                    [
                        "#{0}稳健慢速跳虫发展科技"
                    ], 
                    [
                        "#{0}快速提升跳虫攻防"
                    ], 
                    [
                        "#{0}提升了肾上腺，大群进化跳虫前赴后继。"
                    ]
                ], 
                "2": [
                    [
                        "#{0}稳健慢速跳虫发展科技"
                    ], 
                    [
                        "#{0}快速提升跳虫攻防"
                    ], 
                    [
                        "#{0}提升了肾上腺，大群进化跳虫前赴后继。"
                    ]
                ], 
                "3": [
                    [
                        "#{0}稳健慢速跳虫发展科技"
                    ], 
                    [
                        "#{0}快速提升跳虫攻防"
                    ], 
                    [
                        "#{0}提升了肾上腺，大群进化跳虫前赴后继。"
                    ]
                ]
            }, 
            "race": 1, 
            "first_trig": 3, 
            "skill": 30, 
            "second_trig": 5
        }, 
        "model": "unit.unit", 
        "pk": 30
    }, 
    {
        "fields": {
            "name": "坦克", 
            "third_trig": 6, 
            "des": {
                "1": [
                    [
                        "#{0}稳健慢速跳虫发展科技"
                    ], 
                    [
                        "#{0}快速提升跳虫攻防"
                    ], 
                    [
                        "#{0}提升了肾上腺，大群进化跳虫前赴后继。"
                    ]
                ], 
                "2": [
                    [
                        "#{0}稳健慢速跳虫发展科技"
                    ], 
                    [
                        "#{0}快速提升跳虫攻防"
                    ], 
                    [
                        "#{0}提升了肾上腺，大群进化跳虫前赴后继。"
                    ]
                ], 
                "3": [
                    [
                        "#{0}稳健慢速跳虫发展科技"
                    ], 
                    [
                        "#{0}快速提升跳虫攻防"
                    ], 
                    [
                        "#{0}提升了肾上腺，大群进化跳虫前赴后继。"
                    ]
                ]
            }, 
            "race": 1, 
            "first_trig": 0, 
            "skill": 31, 
            "second_trig": 4
        }, 
        "model": "unit.unit", 
        "pk": 31
    }, 
    {
        "fields": {
            "name": "雷神", 
            "third_trig": 4, 
            "des": {
                "1": [
                    [
                        "#{0}稳健慢速跳虫发展科技"
                    ], 
                    [
                        "#{0}快速提升跳虫攻防"
                    ], 
                    [
                        "#{0}提升了肾上腺，大群进化跳虫前赴后继。"
                    ]
                ], 
                "2": [
                    [
                        "#{0}稳健慢速跳虫发展科技"
                    ], 
                    [
                        "#{0}快速提升跳虫攻防"
                    ], 
                    [
                        "#{0}提升了肾上腺，大群进化跳虫前赴后继。"
                    ]
                ], 
                "3": [
                    [
                        "#{0}稳健慢速跳虫发展科技"
                    ], 
                    [
                        "#{0}快速提升跳虫攻防"
                    ], 
                    [
                        "#{0}提升了肾上腺，大群进化跳虫前赴后继。"
                    ]
                ]
            }, 
            "race": 1, 
            "first_trig": 0, 
            "skill": 32, 
            "second_trig": 2
        }, 
        "model": "unit.unit", 
        "pk": 32
    }, 
    {
        "fields": {
            "name": "女妖", 
            "third_trig": 2, 
            "des": {
                "1": [
                    [
                        "#{0}稳健慢速跳虫发展科技"
                    ], 
                    [
                        "#{0}快速提升跳虫攻防"
                    ], 
                    [
                        "#{0}提升了肾上腺，大群进化跳虫前赴后继。"
                    ]
                ], 
                "2": [
                    [
                        "#{0}稳健慢速跳虫发展科技"
                    ], 
                    [
                        "#{0}快速提升跳虫攻防"
                    ], 
                    [
                        "#{0}提升了肾上腺，大群进化跳虫前赴后继。"
                    ]
                ], 
                "3": [
                    [
                        "#{0}稳健慢速跳虫发展科技"
                    ], 
                    [
                        "#{0}快速提升跳虫攻防"
                    ], 
                    [
                        "#{0}提升了肾上腺，大群进化跳虫前赴后继。"
                    ]
                ]
            }, 
            "race": 1, 
            "first_trig": 0, 
            "skill": 33, 
            "second_trig": 6
        }, 
        "model": "unit.unit", 
        "pk": 33
    }, 
    {
        "fields": {
            "name": "地雷", 
            "third_trig": 3, 
            "des": {
                "1": [
                    [
                        "#{0}稳健慢速跳虫发展科技"
                    ], 
                    [
                        "#{0}快速提升跳虫攻防"
                    ], 
                    [
                        "#{0}提升了肾上腺，大群进化跳虫前赴后继。"
                    ]
                ], 
                "2": [
                    [
                        "#{0}稳健慢速跳虫发展科技"
                    ], 
                    [
                        "#{0}快速提升跳虫攻防"
                    ], 
                    [
                        "#{0}提升了肾上腺，大群进化跳虫前赴后继。"
                    ]
                ], 
                "3": [
                    [
                        "#{0}稳健慢速跳虫发展科技"
                    ], 
                    [
                        "#{0}快速提升跳虫攻防"
                    ], 
                    [
                        "#{0}提升了肾上腺，大群进化跳虫前赴后继。"
                    ]
                ]
            }, 
            "race": 1, 
            "first_trig": 2, 
            "skill": 34, 
            "second_trig": 5
        }, 
        "model": "unit.unit", 
        "pk": 34
    }, 
    {
        "fields": {
            "name": "大和战舰", 
            "third_trig": 7, 
            "des": {
                "1": [
                    [
                        "#{0}稳健慢速跳虫发展科技"
                    ], 
                    [
                        "#{0}快速提升跳虫攻防"
                    ], 
                    [
                        "#{0}提升了肾上腺，大群进化跳虫前赴后继。"
                    ]
                ], 
                "2": [
                    [
                        "#{0}稳健慢速跳虫发展科技"
                    ], 
                    [
                        "#{0}快速提升跳虫攻防"
                    ], 
                    [
                        "#{0}提升了肾上腺，大群进化跳虫前赴后继。"
                    ]
                ], 
                "3": [
                    [
                        "#{0}稳健慢速跳虫发展科技"
                    ], 
                    [
                        "#{0}快速提升跳虫攻防"
                    ], 
                    [
                        "#{0}提升了肾上腺，大群进化跳虫前赴后继。"
                    ]
                ]
            }, 
            "race": 1, 
            "first_trig": 0, 
            "skill": 35, 
            "second_trig": 0
        }, 
        "model": "unit.unit", 
        "pk": 35
    }, 
    {
        "fields": {
            "name": "维京战机", 
            "third_trig": 4, 
            "des": {
                "1": [
                    [
                        "#{0}稳健慢速跳虫发展科技"
                    ], 
                    [
                        "#{0}快速提升跳虫攻防"
                    ], 
                    [
                        "#{0}提升了肾上腺，大群进化跳虫前赴后继。"
                    ]
                ], 
                "2": [
                    [
                        "#{0}稳健慢速跳虫发展科技"
                    ], 
                    [
                        "#{0}快速提升跳虫攻防"
                    ], 
                    [
                        "#{0}提升了肾上腺，大群进化跳虫前赴后继。"
                    ]
                ], 
                "3": [
                    [
                        "#{0}稳健慢速跳虫发展科技"
                    ], 
                    [
                        "#{0}快速提升跳虫攻防"
                    ], 
                    [
                        "#{0}提升了肾上腺，大群进化跳虫前赴后继。"
                    ]
                ]
            }, 
            "race": 1, 
            "first_trig": 0, 
            "skill": 36, 
            "second_trig": 3
        }, 
        "model": "unit.unit", 
        "pk": 36
    }, 
    {
        "fields": {
            "name": "渡鸦", 
            "third_trig": 6, 
            "des": {
                "1": [
                    [
                        "#{0}稳健慢速跳虫发展科技"
                    ], 
                    [
                        "#{0}快速提升跳虫攻防"
                    ], 
                    [
                        "#{0}提升了肾上腺，大群进化跳虫前赴后继。"
                    ]
                ], 
                "2": [
                    [
                        "#{0}稳健慢速跳虫发展科技"
                    ], 
                    [
                        "#{0}快速提升跳虫攻防"
                    ], 
                    [
                        "#{0}提升了肾上腺，大群进化跳虫前赴后继。"
                    ]
                ], 
                "3": [
                    [
                        "#{0}稳健慢速跳虫发展科技"
                    ], 
                    [
                        "#{0}快速提升跳虫攻防"
                    ], 
                    [
                        "#{0}提升了肾上腺，大群进化跳虫前赴后继。"
                    ]
                ]
            }, 
            "race": 1, 
            "first_trig": 0, 
            "skill": 37, 
            "second_trig": 0
        }, 
        "model": "unit.unit", 
        "pk": 37
    }
]