[
  {
    "pk": 1, 
    "model": "unit.unitstepaddition", 
    "fields": {
      "addition": [
        {
          "hurt_addition_by_terran": 0.0, 
          "hurt_addition_to_zerg": 0.0, 
          "toughness_rate": 0.01, 
          "step": 5, 
          "crit_rate": 0.01, 
          "hurt_addition_to_protoss": 0.0, 
          "defense_percent": 0.0, 
          "hp_percent": 0.0, 
          "attack_percent": 0.0, 
          "hurt_addition_to_terran": 0.0, 
          "dodge_rate": 0.01, 
          "crit_multiple": 0.01, 
          "hurt_addition_by_zerg": 0.0, 
          "hurt_addition_by_protoss": 0.0, 
          "hit_rate": 0.01
        }, 
        {
          "hurt_addition_by_terran": 0.0, 
          "hurt_addition_to_zerg": 0.0, 
          "toughness_rate": 0.02, 
          "step": 15, 
          "crit_rate": 0.02, 
          "hurt_addition_to_protoss": 0.0, 
          "defense_percent": 0.0, 
          "hp_percent": 0.0, 
          "attack_percent": 0.0, 
          "hurt_addition_to_terran": 0.0, 
          "dodge_rate": 0.02, 
          "crit_multiple": 0.02, 
          "hurt_addition_by_zerg": 0.0, 
          "hurt_addition_by_protoss": 0.0, 
          "hit_rate": 0.02
        }, 
        {
          "hurt_addition_by_terran": 0.0, 
          "hurt_addition_to_zerg": 0.0, 
          "toughness_rate": 0.03, 
          "step": 25, 
          "crit_rate": 0.03, 
          "hurt_addition_to_protoss": 0.0, 
          "defense_percent": 0.0, 
          "hp_percent": 0.0, 
          "attack_percent": 0.0, 
          "hurt_addition_to_terran": 0.0, 
          "dodge_rate": 0.03, 
          "crit_multiple": 0.03, 
          "hurt_addition_by_zerg": 0.0, 
          "hurt_addition_by_protoss": 0.0, 
          "hit_rate": 0.03
        }, 
        {
          "hurt_addition_by_terran": 0.0, 
          "hurt_addition_to_zerg": 0.0, 
          "toughness_rate": 0.04, 
          "step": 35, 
          "crit_rate": 0.04, 
          "hurt_addition_to_protoss": 0.0, 
          "defense_percent": 0.0, 
          "hp_percent": 0.0, 
          "attack_percent": 0.0, 
          "hurt_addition_to_terran": 0.0, 
          "dodge_rate": 0.04, 
          "crit_multiple": 0.04, 
          "hurt_addition_by_zerg": 0.0, 
          "hurt_addition_by_protoss": 0.0, 
          "hit_rate": 0.04
        }, 
        {
          "hurt_addition_by_terran": 0.0, 
          "hurt_addition_to_zerg": 0.0, 
          "toughness_rate": 0.05, 
          "step": 45, 
          "crit_rate": 0.05, 
          "hurt_addition_to_protoss": 0.0, 
          "defense_percent": 0.0, 
          "hp_percent": 0.0, 
          "attack_percent": 0.0, 
          "hurt_addition_to_terran": 0.0, 
          "dodge_rate": 0.05, 
          "crit_multiple": 0.05, 
          "hurt_addition_by_zerg": 0.0, 
          "hurt_addition_by_protoss": 0.0, 
          "hit_rate": 0.05
        }, 
        {
          "hurt_addition_by_terran": 0.0, 
          "hurt_addition_to_zerg": 0.0, 
          "toughness_rate": 0.06, 
          "step": 55, 
          "crit_rate": 0.06, 
          "hurt_addition_to_protoss": 0.0, 
          "defense_percent": 0.0, 
          "hp_percent": 0.0, 
          "attack_percent": 0.0, 
          "hurt_addition_to_terran": 0.0, 
          "dodge_rate": 0.06, 
          "crit_multiple": 0.06, 
          "hurt_addition_by_zerg": 0.0, 
          "hurt_addition_by_protoss": 0.0, 
          "hit_rate": 0.06
        }, 
        {
          "hurt_addition_by_terran": 0.0, 
          "hurt_addition_to_zerg": 0.0, 
          "toughness_rate": 0.07, 
          "step": 65, 
          "crit_rate": 0.07, 
          "hurt_addition_to_protoss": 0.0, 
          "defense_percent": 0.0, 
          "hp_percent": 0.0, 
          "attack_percent": 0.0, 
          "hurt_addition_to_terran": 0.0, 
          "dodge_rate": 0.07, 
          "crit_multiple": 0.07, 
          "hurt_addition_by_zerg": 0.0, 
          "hurt_addition_by_protoss": 0.0, 
          "hit_rate": 0.07
        }, 
        {
          "hurt_addition_by_terran": 0.0, 
          "hurt_addition_to_zerg": 0.0, 
          "toughness_rate": 0.08, 
          "step": 75, 
          "crit_rate": 0.08, 
          "hurt_addition_to_protoss": 0.0, 
          "defense_percent": 0.0, 
          "hp_percent": 0.0, 
          "attack_percent": 0.0, 
          "hurt_addition_to_terran": 0.0, 
          "dodge_rate": 0.08, 
          "crit_multiple": 0.08, 
          "hurt_addition_by_zerg": 0.0, 
          "hurt_addition_by_protoss": 0.0, 
          "hit_rate": 0.08
        }, 
        {
          "hurt_addition_by_terran": 0.0, 
          "hurt_addition_to_zerg": 0.0, 
          "toughness_rate": 0.09, 
          "step": 85, 
          "crit_rate": 0.09, 
          "hurt_addition_to_protoss": 0.0, 
          "defense_percent": 0.0, 
          "hp_percent": 0.0, 
          "attack_percent": 0.0, 
          "hurt_addition_to_terran": 0.0, 
          "dodge_rate": 0.09, 
          "crit_multiple": 0.09, 
          "hurt_addition_by_zerg": 0.0, 
          "hurt_addition_by_protoss": 0.0, 
          "hit_rate": 0.09
        }, 
        {
          "hurt_addition_by_terran": 0.0, 
          "hurt_addition_to_zerg": 0.0, 
          "toughness_rate": 0.1, 
          "step": 95, 
          "crit_rate": 0.1, 
          "hurt_addition_to_protoss": 0.0, 
          "defense_percent": 0.0, 
          "hp_percent": 0.0, 
          "attack_percent": 0.0, 
          "hurt_addition_to_terran": 0.0, 
          "dodge_rate": 0.1, 
          "crit_multiple": 0.1, 
          "hurt_addition_by_zerg": 0.0, 
          "hurt_addition_by_protoss": 0.0, 
          "hit_rate": 0.1
        }, 
        {
          "hurt_addition_by_terran": 0.0, 
          "hurt_addition_to_zerg": 0.0, 
          "toughness_rate": 0.12, 
          "step": 105, 
          "crit_rate": 0.12, 
          "hurt_addition_to_protoss": 0.0, 
          "defense_percent": 0.0, 
          "hp_percent": 0.0, 
          "attack_percent": 0.0, 
          "hurt_addition_to_terran": 0.0, 
          "dodge_rate": 0.12, 
          "crit_multiple": 0.12, 
          "hurt_addition_by_zerg": 0.0, 
          "hurt_addition_by_protoss": 0.0, 
          "hit_rate": 0.12
        }, 
        {
          "hurt_addition_by_terran": 0.0, 
          "hurt_addition_to_zerg": 0.0, 
          "toughness_rate": 0.14, 
          "step": 115, 
          "crit_rate": 0.14, 
          "hurt_addition_to_protoss": 0.0, 
          "defense_percent": 0.0, 
          "hp_percent": 0.0, 
          "attack_percent": 0.0, 
          "hurt_addition_to_terran": 0.0, 
          "dodge_rate": 0.14, 
          "crit_multiple": 0.14, 
          "hurt_addition_by_zerg": 0.0, 
          "hurt_addition_by_protoss": 0.0, 
          "hit_rate": 0.14
        }, 
        {
          "hurt_addition_by_terran": 0.0, 
          "hurt_addition_to_zerg": 0.0, 
          "toughness_rate": 0.15, 
          "step": 125, 
          "crit_rate": 0.15, 
          "hurt_addition_to_protoss": 0.0, 
          "defense_percent": 0.0, 
          "hp_percent": 0.0, 
          "attack_percent": 0.0, 
          "hurt_addition_to_terran": 0.0, 
          "dodge_rate": 0.15, 
          "crit_multiple": 0.15, 
          "hurt_addition_by_zerg": 0.0, 
          "hurt_addition_by_protoss": 0.0, 
          "hit_rate": 0.15
        }
      ]
    }
  }, 
  {
    "pk": 2, 
    "model": "unit.unitstepaddition", 
    "fields": {
      "addition": [
        {
          "hurt_addition_by_terran": 0.0, 
          "hurt_addition_to_zerg": 0.0, 
          "toughness_rate": 0.01, 
          "step": 5, 
          "crit_rate": 0.01, 
          "hurt_addition_to_protoss": 0.0, 
          "defense_percent": 0.0, 
          "hp_percent": 0.0, 
          "attack_percent": 0.0, 
          "hurt_addition_to_terran": 0.0, 
          "dodge_rate": 0.01, 
          "crit_multiple": 0.01, 
          "hurt_addition_by_zerg": 0.0, 
          "hurt_addition_by_protoss": 0.0, 
          "hit_rate": 0.01
        }, 
        {
          "hurt_addition_by_terran": 0.0, 
          "hurt_addition_to_zerg": 0.0, 
          "toughness_rate": 0.02, 
          "step": 15, 
          "crit_rate": 0.02, 
          "hurt_addition_to_protoss": 0.0, 
          "defense_percent": 0.0, 
          "hp_percent": 0.0, 
          "attack_percent": 0.0, 
          "hurt_addition_to_terran": 0.0, 
          "dodge_rate": 0.02, 
          "crit_multiple": 0.02, 
          "hurt_addition_by_zerg": 0.0, 
          "hurt_addition_by_protoss": 0.0, 
          "hit_rate": 0.02
        }, 
        {
          "hurt_addition_by_terran": 0.0, 
          "hurt_addition_to_zerg": 0.0, 
          "toughness_rate": 0.03, 
          "step": 25, 
          "crit_rate": 0.03, 
          "hurt_addition_to_protoss": 0.0, 
          "defense_percent": 0.0, 
          "hp_percent": 0.0, 
          "attack_percent": 0.0, 
          "hurt_addition_to_terran": 0.0, 
          "dodge_rate": 0.03, 
          "crit_multiple": 0.03, 
          "hurt_addition_by_zerg": 0.0, 
          "hurt_addition_by_protoss": 0.0, 
          "hit_rate": 0.03
        }, 
        {
          "hurt_addition_by_terran": 0.0, 
          "hurt_addition_to_zerg": 0.0, 
          "toughness_rate": 0.04, 
          "step": 35, 
          "crit_rate": 0.04, 
          "hurt_addition_to_protoss": 0.0, 
          "defense_percent": 0.0, 
          "hp_percent": 0.0, 
          "attack_percent": 0.0, 
          "hurt_addition_to_terran": 0.0, 
          "dodge_rate": 0.04, 
          "crit_multiple": 0.04, 
          "hurt_addition_by_zerg": 0.0, 
          "hurt_addition_by_protoss": 0.0, 
          "hit_rate": 0.04
        }, 
        {
          "hurt_addition_by_terran": 0.0, 
          "hurt_addition_to_zerg": 0.0, 
          "toughness_rate": 0.05, 
          "step": 45, 
          "crit_rate": 0.05, 
          "hurt_addition_to_protoss": 0.0, 
          "defense_percent": 0.0, 
          "hp_percent": 0.0, 
          "attack_percent": 0.0, 
          "hurt_addition_to_terran": 0.0, 
          "dodge_rate": 0.05, 
          "crit_multiple": 0.05, 
          "hurt_addition_by_zerg": 0.0, 
          "hurt_addition_by_protoss": 0.0, 
          "hit_rate": 0.05
        }, 
        {
          "hurt_addition_by_terran": 0.0, 
          "hurt_addition_to_zerg": 0.0, 
          "toughness_rate": 0.06, 
          "step": 55, 
          "crit_rate": 0.06, 
          "hurt_addition_to_protoss": 0.0, 
          "defense_percent": 0.0, 
          "hp_percent": 0.0, 
          "attack_percent": 0.0, 
          "hurt_addition_to_terran": 0.0, 
          "dodge_rate": 0.06, 
          "crit_multiple": 0.06, 
          "hurt_addition_by_zerg": 0.0, 
          "hurt_addition_by_protoss": 0.0, 
          "hit_rate": 0.06
        }, 
        {
          "hurt_addition_by_terran": 0.0, 
          "hurt_addition_to_zerg": 0.0, 
          "toughness_rate": 0.07, 
          "step": 65, 
          "crit_rate": 0.07, 
          "hurt_addition_to_protoss": 0.0, 
          "defense_percent": 0.0, 
          "hp_percent": 0.0, 
          "attack_percent": 0.0, 
          "hurt_addition_to_terran": 0.0, 
          "dodge_rate": 0.07, 
          "crit_multiple": 0.07, 
          "hurt_addition_by_zerg": 0.0, 
          "hurt_addition_by_protoss": 0.0, 
          "hit_rate": 0.07
        }, 
        {
          "hurt_addition_by_terran": 0.0, 
          "hurt_addition_to_zerg": 0.0, 
          "toughness_rate": 0.08, 
          "step": 75, 
          "crit_rate": 0.08, 
          "hurt_addition_to_protoss": 0.0, 
          "defense_percent": 0.0, 
          "hp_percent": 0.0, 
          "attack_percent": 0.0, 
          "hurt_addition_to_terran": 0.0, 
          "dodge_rate": 0.08, 
          "crit_multiple": 0.08, 
          "hurt_addition_by_zerg": 0.0, 
          "hurt_addition_by_protoss": 0.0, 
          "hit_rate": 0.08
        }, 
        {
          "hurt_addition_by_terran": 0.0, 
          "hurt_addition_to_zerg": 0.0, 
          "toughness_rate": 0.09, 
          "step": 85, 
          "crit_rate": 0.09, 
          "hurt_addition_to_protoss": 0.0, 
          "defense_percent": 0.0, 
          "hp_percent": 0.0, 
          "attack_percent": 0.0, 
          "hurt_addition_to_terran": 0.0, 
          "dodge_rate": 0.09, 
          "crit_multiple": 0.09, 
          "hurt_addition_by_zerg": 0.0, 
          "hurt_addition_by_protoss": 0.0, 
          "hit_rate": 0.09
        }, 
        {
          "hurt_addition_by_terran": 0.0, 
          "hurt_addition_to_zerg": 0.0, 
          "toughness_rate": 0.1, 
          "step": 95, 
          "crit_rate": 0.1, 
          "hurt_addition_to_protoss": 0.0, 
          "defense_percent": 0.0, 
          "hp_percent": 0.0, 
          "attack_percent": 0.0, 
          "hurt_addition_to_terran": 0.0, 
          "dodge_rate": 0.1, 
          "crit_multiple": 0.1, 
          "hurt_addition_by_zerg": 0.0, 
          "hurt_addition_by_protoss": 0.0, 
          "hit_rate": 0.1
        }, 
        {
          "hurt_addition_by_terran": 0.0, 
          "hurt_addition_to_zerg": 0.0, 
          "toughness_rate": 0.12, 
          "step": 105, 
          "crit_rate": 0.12, 
          "hurt_addition_to_protoss": 0.0, 
          "defense_percent": 0.0, 
          "hp_percent": 0.0, 
          "attack_percent": 0.0, 
          "hurt_addition_to_terran": 0.0, 
          "dodge_rate": 0.12, 
          "crit_multiple": 0.12, 
          "hurt_addition_by_zerg": 0.0, 
          "hurt_addition_by_protoss": 0.0, 
          "hit_rate": 0.12
        }, 
        {
          "hurt_addition_by_terran": 0.0, 
          "hurt_addition_to_zerg": 0.0, 
          "toughness_rate": 0.14, 
          "step": 115, 
          "crit_rate": 0.14, 
          "hurt_addition_to_protoss": 0.0, 
          "defense_percent": 0.0, 
          "hp_percent": 0.0, 
          "attack_percent": 0.0, 
          "hurt_addition_to_terran": 0.0, 
          "dodge_rate": 0.14, 
          "crit_multiple": 0.14, 
          "hurt_addition_by_zerg": 0.0, 
          "hurt_addition_by_protoss": 0.0, 
          "hit_rate": 0.14
        }, 
        {
          "hurt_addition_by_terran": 0.0, 
          "hurt_addition_to_zerg": 0.0, 
          "toughness_rate": 0.15, 
          "step": 125, 
          "crit_rate": 0.15, 
          "hurt_addition_to_protoss": 0.0, 
          "defense_percent": 0.0, 
          "hp_percent": 0.0, 
          "attack_percent": 0.0, 
          "hurt_addition_to_terran": 0.0, 
          "dodge_rate": 0.15, 
          "crit_multiple": 0.15, 
          "hurt_addition_by_zerg": 0.0, 
          "hurt_addition_by_protoss": 0.0, 
          "hit_rate": 0.15
        }
      ]
    }
  }, 
  {
    "pk": 3, 
    "model": "unit.unitstepaddition", 
    "fields": {
      "addition": [
        {
          "hurt_addition_by_terran": 0.0, 
          "hurt_addition_to_zerg": 0.0, 
          "toughness_rate": 0.01, 
          "step": 5, 
          "crit_rate": 0.01, 
          "hurt_addition_to_protoss": 0.0, 
          "defense_percent": 0.0, 
          "hp_percent": 0.0, 
          "attack_percent": 0.0, 
          "hurt_addition_to_terran": 0.0, 
          "dodge_rate": 0.01, 
          "crit_multiple": 0.01, 
          "hurt_addition_by_zerg": 0.0, 
          "hurt_addition_by_protoss": 0.0, 
          "hit_rate": 0.01
        }, 
        {
          "hurt_addition_by_terran": 0.0, 
          "hurt_addition_to_zerg": 0.0, 
          "toughness_rate": 0.02, 
          "step": 15, 
          "crit_rate": 0.02, 
          "hurt_addition_to_protoss": 0.0, 
          "defense_percent": 0.0, 
          "hp_percent": 0.0, 
          "attack_percent": 0.0, 
          "hurt_addition_to_terran": 0.0, 
          "dodge_rate": 0.02, 
          "crit_multiple": 0.02, 
          "hurt_addition_by_zerg": 0.0, 
          "hurt_addition_by_protoss": 0.0, 
          "hit_rate": 0.02
        }, 
        {
          "hurt_addition_by_terran": 0.0, 
          "hurt_addition_to_zerg": 0.0, 
          "toughness_rate": 0.03, 
          "step": 25, 
          "crit_rate": 0.03, 
          "hurt_addition_to_protoss": 0.0, 
          "defense_percent": 0.0, 
          "hp_percent": 0.0, 
          "attack_percent": 0.0, 
          "hurt_addition_to_terran": 0.0, 
          "dodge_rate": 0.03, 
          "crit_multiple": 0.03, 
          "hurt_addition_by_zerg": 0.0, 
          "hurt_addition_by_protoss": 0.0, 
          "hit_rate": 0.03
        }, 
        {
          "hurt_addition_by_terran": 0.0, 
          "hurt_addition_to_zerg": 0.0, 
          "toughness_rate": 0.04, 
          "step": 35, 
          "crit_rate": 0.04, 
          "hurt_addition_to_protoss": 0.0, 
          "defense_percent": 0.0, 
          "hp_percent": 0.0, 
          "attack_percent": 0.0, 
          "hurt_addition_to_terran": 0.0, 
          "dodge_rate": 0.04, 
          "crit_multiple": 0.04, 
          "hurt_addition_by_zerg": 0.0, 
          "hurt_addition_by_protoss": 0.0, 
          "hit_rate": 0.04
        }, 
        {
          "hurt_addition_by_terran": 0.0, 
          "hurt_addition_to_zerg": 0.0, 
          "toughness_rate": 0.05, 
          "step": 45, 
          "crit_rate": 0.05, 
          "hurt_addition_to_protoss": 0.0, 
          "defense_percent": 0.0, 
          "hp_percent": 0.0, 
          "attack_percent": 0.0, 
          "hurt_addition_to_terran": 0.0, 
          "dodge_rate": 0.05, 
          "crit_multiple": 0.05, 
          "hurt_addition_by_zerg": 0.0, 
          "hurt_addition_by_protoss": 0.0, 
          "hit_rate": 0.05
        }, 
        {
          "hurt_addition_by_terran": 0.0, 
          "hurt_addition_to_zerg": 0.0, 
          "toughness_rate": 0.06, 
          "step": 55, 
          "crit_rate": 0.06, 
          "hurt_addition_to_protoss": 0.0, 
          "defense_percent": 0.0, 
          "hp_percent": 0.0, 
          "attack_percent": 0.0, 
          "hurt_addition_to_terran": 0.0, 
          "dodge_rate": 0.06, 
          "crit_multiple": 0.06, 
          "hurt_addition_by_zerg": 0.0, 
          "hurt_addition_by_protoss": 0.0, 
          "hit_rate": 0.06
        }, 
        {
          "hurt_addition_by_terran": 0.0, 
          "hurt_addition_to_zerg": 0.0, 
          "toughness_rate": 0.07, 
          "step": 65, 
          "crit_rate": 0.07, 
          "hurt_addition_to_protoss": 0.0, 
          "defense_percent": 0.0, 
          "hp_percent": 0.0, 
          "attack_percent": 0.0, 
          "hurt_addition_to_terran": 0.0, 
          "dodge_rate": 0.07, 
          "crit_multiple": 0.07, 
          "hurt_addition_by_zerg": 0.0, 
          "hurt_addition_by_protoss": 0.0, 
          "hit_rate": 0.07
        }, 
        {
          "hurt_addition_by_terran": 0.0, 
          "hurt_addition_to_zerg": 0.0, 
          "toughness_rate": 0.08, 
          "step": 75, 
          "crit_rate": 0.08, 
          "hurt_addition_to_protoss": 0.0, 
          "defense_percent": 0.0, 
          "hp_percent": 0.0, 
          "attack_percent": 0.0, 
          "hurt_addition_to_terran": 0.0, 
          "dodge_rate": 0.08, 
          "crit_multiple": 0.08, 
          "hurt_addition_by_zerg": 0.0, 
          "hurt_addition_by_protoss": 0.0, 
          "hit_rate": 0.08
        }, 
        {
          "hurt_addition_by_terran": 0.0, 
          "hurt_addition_to_zerg": 0.0, 
          "toughness_rate": 0.09, 
          "step": 85, 
          "crit_rate": 0.09, 
          "hurt_addition_to_protoss": 0.0, 
          "defense_percent": 0.0, 
          "hp_percent": 0.0, 
          "attack_percent": 0.0, 
          "hurt_addition_to_terran": 0.0, 
          "dodge_rate": 0.09, 
          "crit_multiple": 0.09, 
          "hurt_addition_by_zerg": 0.0, 
          "hurt_addition_by_protoss": 0.0, 
          "hit_rate": 0.09
        }, 
        {
          "hurt_addition_by_terran": 0.0, 
          "hurt_addition_to_zerg": 0.0, 
          "toughness_rate": 0.1, 
          "step": 95, 
          "crit_rate": 0.1, 
          "hurt_addition_to_protoss": 0.0, 
          "defense_percent": 0.0, 
          "hp_percent": 0.0, 
          "attack_percent": 0.0, 
          "hurt_addition_to_terran": 0.0, 
          "dodge_rate": 0.1, 
          "crit_multiple": 0.1, 
          "hurt_addition_by_zerg": 0.0, 
          "hurt_addition_by_protoss": 0.0, 
          "hit_rate": 0.1
        }, 
        {
          "hurt_addition_by_terran": 0.0, 
          "hurt_addition_to_zerg": 0.0, 
          "toughness_rate": 0.12, 
          "step": 105, 
          "crit_rate": 0.12, 
          "hurt_addition_to_protoss": 0.0, 
          "defense_percent": 0.0, 
          "hp_percent": 0.0, 
          "attack_percent": 0.0, 
          "hurt_addition_to_terran": 0.0, 
          "dodge_rate": 0.12, 
          "crit_multiple": 0.12, 
          "hurt_addition_by_zerg": 0.0, 
          "hurt_addition_by_protoss": 0.0, 
          "hit_rate": 0.12
        }, 
        {
          "hurt_addition_by_terran": 0.0, 
          "hurt_addition_to_zerg": 0.0, 
          "toughness_rate": 0.14, 
          "step": 115, 
          "crit_rate": 0.14, 
          "hurt_addition_to_protoss": 0.0, 
          "defense_percent": 0.0, 
          "hp_percent": 0.0, 
          "attack_percent": 0.0, 
          "hurt_addition_to_terran": 0.0, 
          "dodge_rate": 0.14, 
          "crit_multiple": 0.14, 
          "hurt_addition_by_zerg": 0.0, 
          "hurt_addition_by_protoss": 0.0, 
          "hit_rate": 0.14
        }, 
        {
          "hurt_addition_by_terran": 0.0, 
          "hurt_addition_to_zerg": 0.0, 
          "toughness_rate": 0.15, 
          "step": 125, 
          "crit_rate": 0.15, 
          "hurt_addition_to_protoss": 0.0, 
          "defense_percent": 0.0, 
          "hp_percent": 0.0, 
          "attack_percent": 0.0, 
          "hurt_addition_to_terran": 0.0, 
          "dodge_rate": 0.15, 
          "crit_multiple": 0.15, 
          "hurt_addition_by_zerg": 0.0, 
          "hurt_addition_by_protoss": 0.0, 
          "hit_rate": 0.15
        }
      ]
    }
  }
]