[
  {
    "fields": {
      "name": "\u8df3\u866b", 
      "third_trig": 3, 
      "des": {
        "1": [
          [
            "${0}10D\u65e9\u65e9\u5347\u7ea7\u4e86\u8df3\u866b\u7684\u901f\u5ea6\u3002", 
            "${0}\u53d1\u52a8\u63d0\u901f\u8df3\u866b\u5feb\u653b\u3002", 
            "${0}\u5229\u7528\u63d0\u901f\u8df3\u866b\u673a\u52a8\u6027\uff0c\u524d\u671f\u4e0d\u65ad\u7ed9\u5bf9\u624b\u538b\u529b\u3002"
          ], 
          [
            "${0}\u7684\u63d0\u901f\u8df3\u866b\u591a\u7ebf\u7275\u5236\u7684\u5bf9\u624b\u4e0d\u80dc\u5176\u6270\u3002", 
            "${0}\u7684\u8df3\u866b\u60f3\u6e9c\u5bf9\u624b\u57fa\u5730\uff0c\u4f46\u662f\u88ab\u963b\u6b62\u4e86\u3002", 
            "${0}\u8df3\u866b\u6084\u6084\u7684\u5728\u5bf9\u624b\u57fa\u5730\u9644\u8fd1\u53d8\u6bd2\u66b4\uff01"
          ], 
          [
            "${0}\u7528\u5927\u91cf\u8df3\u866b\u505a\u63a9\u62a4\u671d\u5bf9\u65b9\u5c55\u5f00\u731b\u653b\u3002", 
            "${0}\u4e00\u7fa4\u8df3\u866b\u6b7b\u4ea1\u51b2\u950b\uff0c\u540e\u7eed\u6e90\u6e90\u4e0d\u65ad\u3002", 
            "${0}\u8df3\u866b\u6495\u51fa\u5bf9\u65b9\u9632\u7ebf\u7684\u7f3a\u53e3\uff0c\u51b2\u8fdb\u53bb\u4e00\u90e8\u5206\u5728\u5c60\u6740\u519c\u6c11\u3002"
          ]
        ], 
        "2": [
          [
            "${0}\u7a33\u5065\u6162\u901f\u8df3\u866b\u53d1\u5c55\u79d1\u6280\u3002", 
            "${0}\u7684\u8df3\u866b\u6ca1\u6709\u63d0\u5347\u901f\u5ea6\u5c31\u5f00\u59cb\u5347\u7ea7\u57fa\u5730\u3002", 
            "${0}\u7684\u8df3\u866b\u5347\u7ea7\u4e86\u57cb\u5730"
          ], 
          [
            "${0}\u5feb\u901f\u63d0\u5347\u8df3\u866b\u653b\u9632\u3002", 
            "${0}\u7684\u57cb\u5730\u8df3\u866b\u9634\u4e86\u5bf9\u624b\u4e00\u8138\u3002", 
            "${0}\u8df3\u866b\u523a\u86c7\u7684\u7ec4\u5408\uff0c\u8ba9\u5bf9\u624b\u96be\u4e8e\u9632\u5b88\u3002"
          ], 
          [
            "${0}\u63d0\u5347\u4e86\u80be\u4e0a\u817a\uff0c\u5927\u7fa4\u8fdb\u5316\u8df3\u866b\u524d\u8d74\u540e\u7ee7\u3002", 
            "${0}\u7684\u5927\u91cf\u8df3\u866b\u63a9\u62a4\u96f7\u517d\u53d1\u8d77\u51b2\u950b\u3002", 
            "${0}\u5927\u7fa4\u7684\u8df3\u866b\u5728\u98de\u86c7\u7eff\u96fe\u63a9\u62a4\u4e0b\u5f02\u5e38\u52c7\u731b\u3002"
          ]
        ], 
        "3": [
          [
            "${0}\u9760\u51e0\u53ea\u8df3\u866b\u7684\u4fa6\u67e5\u6781\u9650\u53d1\u5c55\u7ecf\u6d4e\u3002", 
            "${0}\u7528\u8df3\u866b\u5360\u636e\u5730\u56fe\u6240\u6709\u77ad\u671b\u5854\u3002", 
            "${0}\u5c11\u91cf\u6162\u901f\u8df3\u866b\u914d\u5408\u5973\u7687\u9632\u5b88\u3002"
          ], 
          [
            "${0}\u7684\u8df3\u866b\u56f4\u9b4f\u6551\u8d75\u3002", 
            "${0}\u7684\u8df3\u866b\u4f6f\u653b\u5bf9\u624b\uff0c\u7ee7\u7eed\u53d1\u5c55\u7ecf\u6d4e\u3002", 
            "${0}\u7684\u8df3\u866b\u57cb\u4f0f\u5728\u5bf9\u624b\u5206\u77ff\u9644\u8fd1\u3002"
          ], 
          [
            "${0}\u7684\u8df3\u866b\u914d\u5408\u98de\u9f99\u6362\u5bb6\u4ee4\u5bf9\u624b\u75db\u4e0d\u6b32\u751f\u3002", 
            "${0}\u7684\u8df3\u866b\u56db\u5904\u9a9a\u6270\u5bf9\u624b\u5206\u77ff\u3002", 
            "${0}\u7684\u8df3\u866b\u6e9c\u8fdb\u5bf9\u624b\u4e3b\u57fa\uff0c\u6467\u6bc1\u4e86\u591a\u4e2a\u5efa\u7b51\u3002"
          ]
        ]
      }, 
      "race": 3, 
      "first_trig": 10, 
      "skill": 1, 
      "second_trig": 4
    }, 
    "model": "unit.unit", 
    "pk": 1
  }, 
  {
    "fields": {
      "name": "\u87d1\u8782", 
      "third_trig": 4, 
      "des": {
        "1": [
          [
            "${0}\u5355\u77ff7\u87d1\u8782\u538b\u5236\u5bf9\u624b"
          ], 
          [
            "${0}\u7684\u5927\u91cf\u63d0\u901f\u87d1\u8782RUSH\u5bf9\u624b"
          ], 
          [
            "${0}\u7684\u87d1\u8782\u4e0d\u6015\u6b7b\u7684\u62fc\u547d\u5c60\u6740\u5bf9\u624b\u519c\u6c11"
          ]
        ], 
        "2": [
          [
            "${0}\u65e9\u65e9\u7684\u5347\u7ea7\u4e86\u87d1\u8782\u7684\u653b\u9632"
          ], 
          [
            "${0}\u7684\u87d1\u8782\u9041\u5730\u671d\u5bf9\u65b9\u5927\u519b\u79fb\u52a8"
          ], 
          [
            "${0}\u9ad8\u653b\u9632\u7684\u87d1\u8782\u591a\u7ebf\u6253\u6e38\u51fb\u6218"
          ]
        ], 
        "3": [
          [
            "${0}\u7528\u5c11\u91cf\u87d1\u8782\u5835\u8def\u53e3\u9632\u5b88", 
            "${0}\u7a33\u5065\u7684\u653e\u4e0b\u87d1\u8782\u5de2\u4ee5\u9632\u5bf9\u9762\u4e00\u6ce2"
          ], 
          [
            "${0}\u7684200\u4eba\u53e3\u87d1\u8782\u5927\u519b\u83bd\u6210\u4e86\u4e00\u6761\u7ebf"
          ], 
          [
            "${0}\u7684\u87d1\u8782\u5de6\u51b2\u53f3\u7a81\uff0c\u628a\u5bf9\u624b\u5305\u4e86\u4e2a\u5706"
          ]
        ]
      }, 
      "race": 3, 
      "first_trig": 5, 
      "skill": 2, 
      "second_trig": 8
    }, 
    "model": "unit.unit", 
    "pk": 2
  }, 
  {
    "fields": {
      "name": "\u6bd2\u7206", 
      "third_trig": 3, 
      "des": {
        "1": [
          [
            "${0}\u6084\u6084\u7684\u5728\u89d2\u843d\u5b75\u5316\u6bd2\u7206"
          ], 
          [
            "${0}\u8df3\u866b\u6bd2\u7206\u4e00\u6ce2\u5bf9\u624b\uff0c\u4e0d\u6210\u529f\u4fbf\u6210\u4ec1"
          ], 
          [
            "${0}\u6bd2\u7206\u5728\u5bf9\u624b\u519c\u6c11\u5806\u91cc\u5f00\u4e86\u82b1"
          ]
        ], 
        "2": [
          [
            "${0}\u5feb\u901f\u5347\u7ea7\u6bd2\u7206\u57cb\u5730"
          ], 
          [
            "${0}\u4f9d\u9760\u63d0\u901f\u7684\u6bd2\u7206\u866b\u74e6\u89e3\u4e86\u5bf9\u624b\u653b\u52bf", 
            "\u56db\u5904\u90fd\u662f\u57cb\u5730\u6bd2\u7206\uff0c\u72b9\u5982\u5730\u96f7\u6218"
          ], 
          [
            "${0}\u8bd5\u56fe\u7a7a\u6295\u6bd2\u7206\u6495\u6bc1\u5bf9\u624b\u9632\u7ebf"
          ]
        ], 
        "3": [
          [
            "${0}\u8c28\u614e\u8fd0\u8425\u7684\u540c\u65f6\u4e5f\u4e0d\u5fd8\u6bd2\u7206\u9632\u5b88"
          ], 
          [
            "${0}\u7684\u6bd2\u7206\u6eda\u6eda\u7ea2\u5c18"
          ], 
          [
            "${0}\u7684\u5927\u91cf\u6bd2\u7206\u649e\u5411\u4e86\u5bf9\u65b9\u57fa\u5730"
          ]
        ]
      }, 
      "race": 3, 
      "first_trig": 4, 
      "skill": 3, 
      "second_trig": 6
    }, 
    "model": "unit.unit", 
    "pk": 3
  }, 
  {
    "fields": {
      "name": "\u611f\u67d3\u8005", 
      "third_trig": 3, 
      "des": {
        "1": [
          [
            "${0}\u6ca1\u6709\u51fa\u73b0"
          ], 
          [
            "${0}\u7684\u611f\u67d3\u8005\u4e0a\u6f14\u72d7\u86cb\u6d41"
          ], 
          [
            "${0}\u611f\u67d3\u8005\u91ca\u653e\u7740\u5927\u91cf\u7684\u53d7\u4f20\u67d3\u673a\u67aa\u5175"
          ]
        ], 
        "2": [
          [
            "${0}\u6ca1\u6709\u51fa\u73b0"
          ], 
          [
            "${0}\u57cb\u5730\u611f\u67d3\u8005\u6084\u6084\u7684\u6e9c\u8fdb\u4e86\u5bf9\u65b9\u57fa\u5730"
          ], 
          [
            "${0}\u7684\u611f\u67d3\u8005\u76d2\u98de\u86c7\u7684\u914d\u5408\u51fa\u795e\u5165\u5316"
          ]
        ], 
        "3": [
          [
            "${0}\u6ca1\u6709\u51fa\u73b0"
          ], 
          [
            "${0}\u5927\u91cf\u5730\u523a\u914d\u5408\u611f\u67d3\u8005\u9632\u5b88\u56fa\u82e5\u91d1\u6c64"
          ], 
          [
            "${0}\u7684\u57cb\u5730\u611f\u67d3\u8005\u56db\u5904\u6e38\u8d70"
          ]
        ]
      }, 
      "race": 3, 
      "first_trig": 0, 
      "skill": 4, 
      "second_trig": 5
    }, 
    "model": "unit.unit", 
    "pk": 4
  }, 
  {
    "fields": {
      "name": "\u8150\u5316\u8005", 
      "third_trig": 3, 
      "des": {
        "1": [
          [
            "${0}\u6ca1\u6709\u51fa\u73b0"
          ], 
          [
            "${0}\u6ca1\u6709\u51fa\u73b0"
          ], 
          [
            "${0}\u653e\u51fa\u8150\u5316\u8005\u5e94\u5bf9\u5bf9\u624b\u5f3a\u529b\u7684\u7a7a\u4e2d\u5355\u4f4d"
          ]
        ], 
        "2": [
          [
            "${0}\u6ca1\u6709\u51fa\u73b0"
          ], 
          [
            "${0}\u7684\u8150\u5316\u8005\u63a9\u62a4\u98de\u9f99\u53d6\u5f97\u4e86\u7a7a\u4e2d\u4f18\u52bf"
          ], 
          [
            "${0}\u8150\u5316\u8005\u91ca\u653e\u8150\u5316\u6280\u80fd\uff0c\u53e6\u5bf9\u65b9\u90e8\u961f\u53d8\u5f97\u76f8\u5f53\u8106\u5f31"
          ]
        ], 
        "3": [
          [
            "${0}\u6ca1\u6709\u51fa\u73b0"
          ], 
          [
            "${0}\u8150\u5316\u8005\u7684\u51fa\u73b0\u8ba9\u5bf9\u65b9\u7684\u7a7a\u519b\u65e0\u529f\u800c\u8fd4"
          ], 
          [
            "${0}\u5927\u91cf\u7684\u8150\u5316\u8005\uff0c\u4f3c\u4e4e\u662f\u51c6\u5907\u8fdb\u5316\u5de2\u866b\u9886\u4e3b"
          ]
        ]
      }, 
      "race": 3, 
      "first_trig": 0, 
      "skill": 5, 
      "second_trig": 5
    }, 
    "model": "unit.unit", 
    "pk": 5
  }, 
  {
    "fields": {
      "name": "\u98de\u9f99", 
      "third_trig": 4, 
      "des": {
        "1": [
          [
            "${0}\u6ca1\u6709\u51fa\u73b0"
          ], 
          [
            "${0}\u91c7\u7528\u6781\u9650\u8df3\u98de\u9f99\u7ed9\u4e88\u5bf9\u624b\u7a81\u88ad"
          ], 
          [
            "${0}\u5e76\u6ca1\u6709\u592a\u597d\u7684\u7ecf\u6d4e\u652f\u6301\u4e00\u76f4\u91cf\u4ea7\u98de\u9f99"
          ]
        ], 
        "2": [
          [
            "${0}\u6ca1\u6709\u51fa\u73b0"
          ], 
          [
            "${0}\u7684\u8150\u5316\u8005\u63a9\u62a4\u98de\u9f99\u53d6\u5f97\u4e86\u7a7a\u4e2d\u4f18\u52bf"
          ], 
          [
            "${0}\u7684\u9ad8\u653b\u9632\u98de\u9f99\u4f3c\u4e4e\u5e76\u4e0d\u9002\u5408\u5728\u6b63\u9762\u6218\u573a\u4e0a\u6218\u6597"
          ]
        ], 
        "3": [
          [
            "${0}\u6ca1\u6709\u51fa\u73b0"
          ], 
          [
            "${0}\u5229\u7528\u98de\u9f99\u7684\u7275\u5236\u5feb\u901f\u6269\u5f20"
          ], 
          [
            "${0}\u7684\u8df3\u866b\u914d\u5408\u98de\u9f99\u6362\u5bb6\u4ee4\u5bf9\u624b\u75db\u4e0d\u6b32\u751f"
          ]
        ]
      }, 
      "race": 3, 
      "first_trig": 0, 
      "skill": 6, 
      "second_trig": 5
    }, 
    "model": "unit.unit", 
    "pk": 6
  }, 
  {
    "fields": {
      "name": "\u96f7\u517d", 
      "third_trig": 7, 
      "des": {
        "1": [
          [
            "${0}\u6ca1\u6709\u51fa\u73b0"
          ], 
          [
            "${0}\u6ca1\u6709\u51fa\u73b0"
          ], 
          [
            "${0}\u6050\u6016\u7684\u96f7\u517d\u9876\u7740\u706b\u529b\u6536\u5272\u5bf9\u65b9\u7684\u90e8\u961f"
          ]
        ], 
        "2": [
          [
            "${0}\u6ca1\u6709\u51fa\u73b0"
          ], 
          [
            "${0}\u6ca1\u6709\u51fa\u73b0"
          ], 
          [
            "${0}\u7684\u51e0\u53ea\u96f7\u517d\u5728\u5973\u7687\u7684\u6cbb\u7597\u4e0b\u5c79\u7acb\u4e0d\u5012"
          ]
        ], 
        "3": [
          [
            "${0}\u6ca1\u6709\u51fa\u73b0"
          ], 
          [
            "${0}\u6ca1\u6709\u51fa\u73b0"
          ], 
          [
            "${0}\u5728\u826f\u597d\u7ecf\u6d4e\u652f\u6301\u4e0b\uff0c\u5927\u91cf\u96f7\u517d\u52bf\u4e0d\u53ef\u6321"
          ]
        ]
      }, 
      "race": 3, 
      "first_trig": 0, 
      "skill": 7, 
      "second_trig": 0
    }, 
    "model": "unit.unit", 
    "pk": 7
  }, 
  {
    "fields": {
      "name": "\u5de2\u866b\u9886\u4e3b", 
      "third_trig": 8, 
      "des": {
        "1": [
          [
            "${0}\u6ca1\u6709\u51fa\u73b0"
          ], 
          [
            "${0}\u6ca1\u51fa\u51fa\u73b0"
          ], 
          [
            "${0}\u7684\u5c11\u91cf\u5de2\u866b\u9886\u4e3b\u5728\u5973\u7687\u914d\u5408\u4e0b\u7f13\u6162\u63a8\u8fdb"
          ]
        ], 
        "2": [
          [
            "${0}\u6ca1\u6709\u51fa\u73b0"
          ], 
          [
            "${0}\u6ca1\u51fa\u51fa\u73b0"
          ], 
          [
            "${0}\u7684\u5de2\u866b\u9886\u4e3b\u9047\u5230\u5bf9\u65b9\u7a7a\u4e2d\u5355\u4f4d\u7684\u72d9\u51fb"
          ]
        ], 
        "3": [
          [
            "${0}\u6ca1\u6709\u51fa\u73b0"
          ], 
          [
            "${0}\u6ca1\u51fa\u51fa\u73b0"
          ], 
          [
            "${0}\u5927\u91cf\u7684\u8150\u5316\u8005\u8fdb\u5316\u6210\u4e86\u5de2\u866b\u9886\u4e3b\uff0c\u7b80\u76f4\u662f\u5669\u68a6\u964d\u4e34"
          ]
        ]
      }, 
      "race": 3, 
      "first_trig": 0, 
      "skill": 8, 
      "second_trig": 0
    }, 
    "model": "unit.unit", 
    "pk": 8
  }, 
  {
    "fields": {
      "name": "\u523a\u86c7", 
      "third_trig": 4, 
      "des": {
        "1": [
          [
            "${0}\u6ca1\u6709\u51fa\u73b0"
          ], 
          [
            "${0}\u8df3\u866b\u523a\u86c7\u7684\u866b\u65cf\u90e8\u961f\u53d1\u52a8\u51b2\u950b"
          ], 
          [
            "${0}\u7684\u523a\u86c7\u8106\u5f31\u7684\u8eab\u8eaf\u66b4\u9732\u5728\u5bf9\u624b\u706b\u529b\u4e4b\u4e0b"
          ]
        ], 
        "2": [
          [
            "${0}\u6ca1\u6709\u51fa\u73b0"
          ], 
          [
            "${0}\u63d0\u5347\u4e86\u523a\u86c7\u7684\u5c04\u7a0b"
          ], 
          [
            "${0}\u9ad8\u653b\u9632\u523a\u86c7\u8f93\u51fa\u60ca\u4eba"
          ]
        ], 
        "3": [
          [
            "${0}\u6ca1\u6709\u51fa\u73b0"
          ], 
          [
            "${0}\u7684\u523a\u86c7\u8a93\u6b7b\u9632\u536b\u5bf9\u624b\u7684\u7a81\u88ad"
          ], 
          [
            "${0}\u5927\u91cf\u523a\u86c7\u5bf9\u5bf9\u624b\u9020\u6210\u4e86\u6210\u5428\u7684\u4f24\u5bb3"
          ]
        ]
      }, 
      "race": 3, 
      "first_trig": 0, 
      "skill": 9, 
      "second_trig": 6
    }, 
    "model": "unit.unit", 
    "pk": 9
  }, 
  {
    "fields": {
      "name": "\u5bbf\u4e3b", 
      "third_trig": 5, 
      "des": {
        "1": [
          [
            "${0}\u6ca1\u6709\u51fa\u73b0"
          ], 
          [
            "${0}\u6ca1\u6709\u51fa\u73b0"
          ], 
          [
            "${0}\u5229\u7528\u5bbf\u4e3b\u5728\u524a\u5f31\u5bf9\u624b\u9632\u7ebf"
          ]
        ], 
        "2": [
          [
            "${0}\u6ca1\u6709\u51fa\u73b0"
          ], 
          [
            "${0}\u6ca1\u6709\u51fa\u73b0"
          ], 
          [
            "${0}\u57cb\u4f0f\u4e86\u5f88\u591a\u5bbf\u4e3b\u4e0d\u505c\u7684\u6d88\u8017\u5bf9\u624b\u5175\u529b"
          ]
        ], 
        "3": [
          [
            "${0}\u6ca1\u6709\u51fa\u73b0"
          ], 
          [
            "${0}\u6ca1\u6709\u51fa\u73b0"
          ], 
          [
            "${0}\u5bbf\u4e3b\u5b75\u5316\u5927\u91cf\u98de\u8757\u866b\u6162\u6162\u6d88\u8017\u5bf9\u624b"
          ]
        ]
      }, 
      "race": 3, 
      "first_trig": 0, 
      "skill": 10, 
      "second_trig": 0
    }, 
    "model": "unit.unit", 
    "pk": 10
  }, 
  {
    "fields": {
      "name": "\u98de\u86c7", 
      "third_trig": 5, 
      "des": {
        "1": [
          [
            "${0}\u6ca1\u6709\u51fa\u73b0"
          ], 
          [
            "${0}\u6ca1\u6709\u51fa\u73b0"
          ], 
          [
            "${0}\u98de\u86c7\u7684\u64cd\u4f5c\u51fa\u795e\u5165\u5316"
          ]
        ], 
        "2": [
          [
            "${0}\u6ca1\u6709\u51fa\u73b0"
          ], 
          [
            "${0}\u6ca1\u6709\u51fa\u73b0"
          ], 
          [
            "${0}\u7684\u98de\u86c7\u6b63\u5728\u541e\u566c\u5df1\u65b9\u5efa\u7b51\u589e\u52a0\u80fd\u91cf"
          ]
        ], 
        "3": [
          [
            "${0}\u6ca1\u6709\u51fa\u73b0"
          ], 
          [
            "${0}\u6ca1\u6709\u51fa\u73b0"
          ], 
          [
            "${0}\u7684\u866b\u65cf\u5728\u98de\u86c7\u7eff\u96fe\u7b3c\u7f69\u4e0b\uff0c\u4ee4\u5bf9\u65b9\u90e8\u961f\u6e83\u4e0d\u6210\u519b\u3002"
          ]
        ]
      }, 
      "race": 3, 
      "first_trig": 0, 
      "skill": 11, 
      "second_trig": 0
    }, 
    "model": "unit.unit", 
    "pk": 11
  }, 
  {
    "fields": {
      "name": "\u72c2\u70ed\u8005", 
      "third_trig": 4, 
      "des": {
        "1": [
          [
            "${0}\u53cc\u5175\u8425\u72c2\u70ed\u8005\u5c55\u5f00RUSH"
          ], 
          [
            "${0}\u91c7\u7528\u5355\u77ff\u72c2\u70ed\u8005\u4e00\u6ce2"
          ], 
          [
            "${0}\u5728\u524d\u7ebf\u4f20\u9001\u5927\u91cf\u7684\u72c2\u70ed\u8005\u548c\u8ffd\u730e"
          ]
        ], 
        "2": [
          [
            "${0}\u5728\u54e8\u5175\u72c2\u70ed\u8005\u9632\u5b88\u4e0b\u6500\u5347\u79d1\u6280"
          ], 
          [
            "${0}\u7528\u83f1\u955c\u4f20\u9001\u72c2\u70ed\u8005\u8fdb\u884c\u9a9a\u6270"
          ], 
          [
            "${0}\u591a\u7ebf\u4f20\u9001\u63d0\u901f\u72c2\u70ed\u8005\u6253\u51fb\u5bf9\u624b\u7ecf\u6d4e\u547d\u8109"
          ]
        ], 
        "3": [
          [
            "${0}\u7684\u72c2\u70ed\u8005\u5229\u7528\u5efa\u7b51\u63a9\u62a4\u9632\u5b88\uff0c \u4e00\u592b\u5f53\u5173\u4e07\u592b\u83ab\u5f00"
          ], 
          [
            "${0}\u4f9d\u9760\u72c2\u70ed\u8005\u538b\u5236\u5bf9\u624b\u7684\u540c\u65f6\u6269\u5f20\u8fd0\u8425"
          ], 
          [
            "${0}\u5927\u91cf\u63d0\u901f\u72c2\u70ed\u8005\u548c\u6267\u653f\u5b98\u6b63\u5728\u75af\u72c2\u6740\u622e"
          ]
        ]
      }, 
      "race": 2, 
      "first_trig": 6, 
      "skill": 12, 
      "second_trig": 3
    }, 
    "model": "unit.unit", 
    "pk": 12
  }, 
  {
    "fields": {
      "name": "\u8ffd\u730e\u8005", 
      "third_trig": 3, 
      "des": {
        "1": [
          [
            "${0}\u901f\u5175\u8425\u8ffd\u730e\u8005\u538b\u5236\u5bf9\u624b"
          ], 
          [
            "${0}\u7684\u5927\u91cf\u95ea\u70c1\u8ffd\u730e\u8005\u8df3\u8fdb\u5bf9\u65b9\u57fa\u5730", 
            "\u95ea\u70c1\u8ffd\u730e\u7684\u64cd\u4f5c\u4ee4\u4eba\u773c\u82b1\u7f2d\u4e71"
          ], 
          [
            "${0}\u5b64\u6ce8\u4e00\u63b7\u95ea\u70c1\u8ffd\u730e\u8005\u8df3\u8138"
          ]
        ], 
        "2": [
          [
            "${0}\u5229\u7528\u8ffd\u730e\u8005\u538b\u5236\u7684\u540c\u65f6\u53d1\u5c55\u81ea\u5df1\u7684\u79d1\u6280"
          ], 
          [
            "${0}\u865a\u865a\u5b9e\u5b9e\uff0c\u5047\u88c5\u95ea\u70c1\u7740\u8ffd\u730e\u4e00\u6ce2\u5bf9\u624b"
          ], 
          [
            "${0}\u95ea\u70c1\u8ffd\u730e\u8005\u5077\u88ad\u4e86\u5bf9\u65b9\u4e00\u5904\u7ecf\u6d4e\u70b9\u88ab\u6bcd\u8230\u6838\u5fc3\u4f20\u9001\u56de\u57ce"
          ]
        ], 
        "3": [
          [
            "${0}\u7684\u4e00\u4e2a\u8ffd\u730e\u8005\u5355\u67aa\u5339\u9a6c\u4fa6\u67e5\u524d\u7ebf"
          ], 
          [
            "${0}\u5229\u7528\u8ffd\u730e\u8005\u62b5\u5fa1\u5bf9\u624b\u8fdb\u653b\u5f00\u8f9f\u4e09\u77ff"
          ], 
          [
            "${0}\u5927\u91cf\u8ffd\u730e\u8005\u4f20\u9001\u5230\u524d\u7ebf"
          ]
        ]
      }, 
      "race": 2, 
      "first_trig": 5, 
      "skill": 13, 
      "second_trig": 7
    }, 
    "model": "unit.unit", 
    "pk": 13
  }, 
  {
    "fields": {
      "name": "\u54e8\u5175", 
      "third_trig": 0, 
      "des": {
        "1": [
          [
            "${0}\u5c6f\u96c6\u4e86\u5927\u91cf\u54e8\u5175\u5047\u9632\u5b88\u771f\u4e00\u6ce2\u7684\u6253\u53d1"
          ], 
          [
            "${0}\u4e09\u4e0d\u673d\u8005\u5728\u54e8\u5175\u7acb\u573a\u7684\u914d\u5408\u4e0b\u7ed9\u5bf9\u65b9\u9020\u6210\u6210\u5428\u6253\u51fb"
          ], 
          [
            "${0}\u6ca1\u6709\u51fa\u73b0"
          ]
        ], 
        "2": [
          [
            "${0}\u7684\u54e8\u5175\u5e7b\u8c61\u51fa\u5de8\u50cf\u865a\u5f20\u58f0\u52bf"
          ], 
          [
            "${0}\u7684\u54e8\u5175\u5c55\u5f00\u62a4\u76fe\uff0c\u5927\u5927\u51cf\u5c11\u4e86\u654c\u65b9\u8fdc\u7a0b\u5bf9\u5df1\u65b9\u5355\u4f4d\u7684\u4f24\u5bb3"
          ], 
          [
            "${0}\u6ca1\u6709\u51fa\u73b0"
          ]
        ], 
        "3": [
          [
            "${0}\u7684\u54e8\u5175\u9632\u5b88\u56fa\u82e5\u91d1\u6c64", 
            "\u7684\u54e8\u5175\u5e7b\u8c61\u51e4\u51f0\u6b63\u5728\u4fa6\u67e5\u5bf9\u624b"
          ], 
          [
            "${0}\u4f9d\u9760\u54e8\u5175\u5b8c\u7f8e\u7684\u7acb\u573a\u62b5\u5fa1\u5bf9\u624b\u653b\u52bf\u5e76\u5f00\u8d77\u4e86\u4e09\u77ff"
          ], 
          [
            "${0}\u6ca1\u6709\u51fa\u73b0"
          ]
        ]
      }, 
      "race": 2, 
      "first_trig": 6, 
      "skill": 14, 
      "second_trig": 3
    }, 
    "model": "unit.unit", 
    "pk": 14
  }, 
  {
    "fields": {
      "name": "\u51e4\u51f0", 
      "third_trig": 1, 
      "des": {
        "1": [
          [
            "${0}\u6ca1\u6709\u51fa\u73b0"
          ], 
          [
            "${0}\u5927\u91cf\u51e4\u51f0\u5728\u5bf9\u624b\u57fa\u5730\u91cc\u76d8\u65cb"
          ], 
          [
            "${0}\u5229\u7528\u51e4\u51f0\u62ac\u8d77\u51fb\u6740\u5bf9\u624b\u5730\u9762\u5355\u4f4d"
          ]
        ], 
        "2": [
          [
            "${0}\u6ca1\u6709\u51fa\u73b0"
          ], 
          [
            "${0}\u7684\u51e4\u51f0\u5feb\u901f\u63d0\u5347\u4e86\u5c04\u7a0b"
          ], 
          [
            "${0}\u7684\u51e4\u51f0\u641c\u5bfb\u7740\u6218\u573a\u4e00\u5207\u53ef\u4ee5\u730e\u6740\u7684\u5355\u4f4d"
          ]
        ], 
        "3": [
          [
            "${0}\u6ca1\u6709\u51fa\u73b0"
          ], 
          [
            "${0}\u7684\u5c11\u91cf\u51e4\u51f0\u5728\u6212\u5907\u5bf9\u65b9\u7684\u7a7a\u6295\u88ad\u51fb"
          ], 
          [
            "${0}\u5927\u5806\u51e4\u51f0\u5de8\u50cf\u7684\u90e8\u961f\uff0c\u4ee4\u5bf9\u624b\u611f\u5230\u7edd\u671b"
          ]
        ]
      }, 
      "race": 2, 
      "first_trig": 0, 
      "skill": 15, 
      "second_trig": 4
    }, 
    "model": "unit.unit", 
    "pk": 15
  }, 
  {
    "fields": {
      "name": "\u5149\u660e\u5723\u5802\u6b66\u58eb", 
      "third_trig": 6, 
      "des": {
        "1": [
          [
            "${0}\u6ca1\u6709\u51fa\u73b0"
          ], 
          [
            "${0}\u653e\u5f03\u4e86\u63d0\u5347\u79d1\u6280\uff0c\u5168\u90e8\u7d2f\u79ef\u5149\u660e\u5723\u5802\u6b66\u58eb"
          ], 
          [
            "${0}\u5927\u91cf\u5149\u660e\u5723\u5802\u6b66\u58eb\u5408\u4f53\u6267\u653f\u5b98"
          ]
        ], 
        "2": [
          [
            "${0}\u6ca1\u6709\u51fa\u73b0"
          ], 
          [
            "${0}\u52a0\u901f\u7814\u53d1\u5149\u660e\u5723\u5802\u6b66\u58eb\u7684\u95ea\u7535\u98ce\u66b4"
          ], 
          [
            "${0}\u83f1\u955c\u7a7a\u6295\u5149\u660e\u5723\u5802\u6b66\u58eb\u5728\u5bf9\u624b\u77ff\u533a\uff0c\u95ea\u7535\u98ce\u66b4\u964d\u4e34\u5728\u519c\u6c11\u5806\u91cc"
          ]
        ], 
        "3": [
          [
            "${0}\u6ca1\u6709\u51fa\u73b0"
          ], 
          [
            "${0}\u5229\u7528\u521a\u521a\u51fa\u73b0\u5149\u660e\u5723\u5802\u6b66\u58eb\u53cd\u9988\u5bf9\u624b\u4e00\u5207\u5e26\u9b54\u6cd5\u7684\u5355\u4f4d"
          ], 
          [
            "${0}\u5149\u660e\u5723\u5802\u6b66\u58eb\u7684\u95ea\u7535\u98ce\u66b4\u8981\u6495\u6bc1\u89c6\u91ce\u91cc\u7684\u4e00\u5207\u5355\u4f4d"
          ]
        ]
      }, 
      "race": 2, 
      "first_trig": 0, 
      "skill": 16, 
      "second_trig": 2
    }, 
    "model": "unit.unit", 
    "pk": 16
  }, 
  {
    "fields": {
      "name": "\u9ed1\u6697\u5723\u5802\u6b66\u58eb", 
      "third_trig": 2, 
      "des": {
        "1": [
          [
            "${0}\u6ca1\u6709\u51fa\u73b0"
          ], 
          [
            "${0}\u7a81\u53d1\u51b7\u7bad\uff0c\u91ce\u5916\u5077\u5077\u7684\u751f\u4ea7\u9ed1\u6697\u5723\u5802\u6b66\u58eb"
          ], 
          [
            "${0}\u9ed1\u6697\u5723\u5802\u6b66\u58eb\u5728\u5bf9\u65b9\u4e25\u5bc6\u7684\u9632\u5b88\u4e0b\u5f88\u96be\u53d6\u5f97\u6210\u6548"
          ]
        ], 
        "2": [
          [
            "${0}\u6ca1\u6709\u51fa\u73b0"
          ], 
          [
            "${0}\u5229\u7528\u9ed1\u6697\u5723\u5802\u6b66\u58eb\u7684\u5077\u88ad\u4f3c\u4e4e\u6253\u4e71\u4e86\u5bf9\u624b\u8282\u594f"
          ], 
          [
            "${0}\u7684\u9ed1\u6697\u5723\u5802\u6b66\u58eb\u9690\u85cf\u5728\u5927\u90e8\u961f\u4e2d\u6697\u6740\u5bf9\u624b\u5355\u4f4d"
          ]
        ], 
        "3": [
          [
            "${0}\u6ca1\u6709\u51fa\u73b0"
          ], 
          [
            "${0}\u5229\u7528\u9ed1\u6697\u5723\u5802\u6b66\u58eb\u7ed9\u5bf9\u624b\u538b\u529b\u7684\u540c\u65f6\u5b89\u5168\u6269\u5f20"
          ], 
          [
            "${0}\u64cd\u4f5c\u9ed1\u6697\u5723\u5802\u6b66\u58eb\u5230\u5904\u5236\u88c1\u5bf9\u624b\u7684\u8d44\u6e90\u70b9"
          ]
        ]
      }, 
      "race": 2, 
      "first_trig": 0, 
      "skill": 17, 
      "second_trig": 4
    }, 
    "model": "unit.unit", 
    "pk": 17
  }, 
  {
    "fields": {
      "name": "\u4e0d\u673d\u8005", 
      "third_trig": 1, 
      "des": {
        "1": [
          [
            "${0}\u6ca1\u6709\u51fa\u73b0"
          ], 
          [
            "${0}\u4e09\u4e0d\u673d\u8005\u5728\u54e8\u5175\u7acb\u573a\u7684\u914d\u5408\u4e0b\u7ed9\u5bf9\u65b9\u9020\u6210\u6210\u5428\u6253\u51fb"
          ], 
          [
            "${0}\u7684\u4e0d\u673d\u8005\u7684\u575a\u6bc5\u62a4\u76fe\u8ba9\u5b83\u96be\u4ee5\u88ab\u6d88\u706d"
          ]
        ], 
        "2": [
          [
            "${0}\u6ca1\u6709\u51fa\u73b0"
          ], 
          [
            "${0}\u83f1\u955c\u7a7a\u6295\u53cc\u4e0d\u673d\u8005\u6210\u529f\u7275\u5236\u4e86\u5bf9\u624b"
          ], 
          [
            "${0}\u7684\u795e\u65cf\u90e8\u961f\u5728\u51e0\u4e2a\u4e0d\u673d\u8005\u7684\u91cd\u70ae\u652f\u6301\u4e0b\u52bf\u5982\u7834\u7af9"
          ]
        ], 
        "3": [
          [
            "${0}\u6ca1\u6709\u51fa\u73b0"
          ], 
          [
            "${0}\u7684\u4e0d\u673d\u8005\u80fd\u653b\u5584\u5b88"
          ], 
          [
            "${0}\u7684\u4e0d\u673d\u8005\u72e0\u72e0\u70ae\u51fb\u5bf9\u65b9\u91cd\u7532\u90e8\u961f"
          ]
        ]
      }, 
      "race": 2, 
      "first_trig": 0, 
      "skill": 18, 
      "second_trig": 5
    }, 
    "model": "unit.unit", 
    "pk": 18
  }, 
  {
    "fields": {
      "name": "\u5de8\u50cf", 
      "third_trig": 5, 
      "des": {
        "1": [
          [
            "${0}\u6ca1\u6709\u51fa\u73b0"
          ], 
          [
            "${0}\u4e0d\u505c\u7684\u52a0\u901f\u751f\u4ea7\u5de8\u50cf"
          ], 
          [
            "${0}\u76842\u4e2a\u5de8\u50cf\u5c04\u7a0b\u8fd8\u6ca1\u5b8c\u6210\uff0c\u5c31\u5df2\u7ecf\u53d1\u52a8\u4e86\u8fdb\u653b"
          ]
        ], 
        "2": [
          [
            "${0}\u6ca1\u6709\u51fa\u73b0"
          ], 
          [
            "${0}\u7684\u83f1\u955c\u88c5\u8f7d\u5de8\u50cf\u5728\u5bf9\u624b\u77ff\u533a\u82b1\u5f0f\u79c0\u8d77\u4e86\u64cd\u4f5c"
          ], 
          [
            "${0}\u7684\u5de8\u50cf\u906d\u53d7\u4e86\u5929\u654c\u7a7a\u4e2d\u5355\u4f4d\u7684\u6253\u51fb", 
            "\u7684\u5de8\u50cf\u64cd\u4f5c\u7684\u6e38\u5203\u6709\u4f59"
          ]
        ], 
        "3": [
          [
            "${0}\u6ca1\u6709\u51fa\u73b0"
          ], 
          [
            "${0}\u5229\u7528\u54e8\u5175\u5e7b\u8c61\u7684\u5de8\u50cf\u865a\u5f20\u58f0\u52bf\uff0c\u5176\u5b9e\u5728\u5192\u9669\u6269\u5f20"
          ], 
          [
            "${0}\u5927\u91cf\u5de8\u50cf\u5e26\u9886\u7684\u795e\u65cf\u90e8\u961f\uff0c\u5730\u9762\u51e0\u4e4e\u65e0\u4eba\u80fd\u6321"
          ]
        ]
      }, 
      "race": 2, 
      "first_trig": 0, 
      "skill": 19, 
      "second_trig": 4
    }, 
    "model": "unit.unit", 
    "pk": 19
  }, 
  {
    "fields": {
      "name": "\u6267\u653f\u5b98", 
      "third_trig": 4, 
      "des": {
        "1": [
          [
            "${0}\u6ca1\u6709\u51fa\u73b0"
          ], 
          [
            "${0}\u6ca1\u6709\u51fa\u73b0"
          ], 
          [
            "${0}\u5927\u91cf\u5723\u5802\u6b66\u58eb\u5408\u4f53\u6267\u653f\u5b98", 
            "\u7684\u6267\u653f\u5b98\u5728\u72ed\u7a84\u7684\u7a7a\u95f4\u5e76\u6ca1\u6709\u6700\u5927\u8f93\u51fa"
          ]
        ], 
        "2": [
          [
            "${0}\u6ca1\u6709\u51fa\u73b0"
          ], 
          [
            "${0}\u6ca1\u6709\u51fa\u73b0"
          ], 
          [
            "${0}\u7684\u6267\u653f\u5b98\u75af\u72c2\u71c3\u70e7\u81ea\u5df1\u7684\u7075\u80fd\u8fdb\u884c\u653b\u51fb"
          ]
        ], 
        "3": [
          [
            "${0}\u6ca1\u6709\u51fa\u73b0"
          ], 
          [
            "${0}\u6ca1\u6709\u51fa\u73b0"
          ], 
          [
            "${0}\u5927\u91cf\u63d0\u901f\u72c2\u70ed\u8005\u548c\u6267\u653f\u5b98\u6b63\u5728\u75af\u72c2\u6740\u622e"
          ]
        ]
      }, 
      "race": 2, 
      "first_trig": 0, 
      "skill": 20, 
      "second_trig": 0
    }, 
    "model": "unit.unit", 
    "pk": 20
  }, 
  {
    "fields": {
      "name": "\u865a\u7a7a", 
      "third_trig": 4, 
      "des": {
        "1": [
          [
            "${0}\u6ca1\u6709\u51fa\u73b0"
          ], 
          [
            "${0}\u52a0\u901f\u865a\u7a7a\u8fdb\u884cRUSH"
          ], 
          [
            "${0}\u7684\u865a\u7a7a\u914d\u5408\u8ffd\u730e\u8005\u5c55\u5f00\u81ea\u6740\u5f0f\u8fdb\u653b"
          ]
        ], 
        "2": [
          [
            "${0}\u6ca1\u6709\u51fa\u73b0"
          ], 
          [
            "${0}\u6b63\u5728\u6084\u6084\u7684\u751f\u4ea7\u865a\u7a7a"
          ], 
          [
            "${0}\u865a\u7a7a\u5de8\u50cf\u7684\u7ec4\u5408\u6b63\u5728\u4e3b\u5bb0\u6218\u573a"
          ]
        ], 
        "3": [
          [
            "${0}\u6ca1\u6709\u51fa\u73b0"
          ], 
          [
            "${0}\u5229\u7528\u865a\u7a7a\u9632\u5b88\u6269\u5f20"
          ], 
          [
            "${0}\u7684\u5927\u91cf\u865a\u7a7a\u9ec4\u91d1\u8230\u961f\u6210\u578b"
          ]
        ]
      }, 
      "race": 2, 
      "first_trig": 0, 
      "skill": 21, 
      "second_trig": 3
    }, 
    "model": "unit.unit", 
    "pk": 21
  }, 
  {
    "fields": {
      "name": "\u822a\u6bcd", 
      "third_trig": 7, 
      "des": {
        "1": [
          [
            "${0}\u6ca1\u6709\u51fa\u73b0"
          ], 
          [
            "${0}\u6ca1\u6709\u51fa\u73b0"
          ], 
          [
            "${0}\u4e45\u653b\u4e0d\u4e0b\uff0c\u796d\u51fa\u822a\u6bcd\u8bd5\u56fe\u653b\u7834\u5bf9\u624b\u7684\u9632\u7ebf"
          ]
        ], 
        "2": [
          [
            "${0}\u6ca1\u6709\u51fa\u73b0"
          ], 
          [
            "${0}\u6ca1\u6709\u51fa\u73b0"
          ], 
          [
            "${0}\u822a\u6bcd\u5e26\u9886\u4e0b\u7684\u9ec4\u91d1\u8230\u961f\u52bf\u4e0d\u53ef\u6321"
          ]
        ], 
        "3": [
          [
            "${0}\u6ca1\u6709\u51fa\u73b0"
          ], 
          [
            "${0}\u6ca1\u6709\u51fa\u73b0"
          ], 
          [
            "${0}\u7684\u7ecf\u6d4e\u771f\u662f\u597d\uff0c\u6b63\u5728\u5927\u91cf\u751f\u4ea7\u822a\u6bcd"
          ]
        ]
      }, 
      "race": 2, 
      "first_trig": 0, 
      "skill": 22, 
      "second_trig": 0
    }, 
    "model": "unit.unit", 
    "pk": 22
  }, 
  {
    "fields": {
      "name": "\u5148\u77e5", 
      "third_trig": 1, 
      "des": {
        "1": [
          [
            "${0}\u6ca1\u6709\u51fa\u73b0"
          ], 
          [
            "${0}\u91ce\u98de\u673a\u573a\u5148\u77e5\u5077\u88ad"
          ], 
          [
            "${0}\u5927\u91cf\u5148\u77e5\u8fdb\u653b\uff0c\u83ab\u975e\u4f20\u8bf4\u4e2d\u7684\u516d\u8109\u795e\u5251"
          ]
        ], 
        "2": [
          [
            "${0}\u6ca1\u6709\u51fa\u73b0"
          ], 
          [
            "${0}\u7cbe\u6e5b\u7684\u5148\u77e5\u64cd\u4f5c\uff0c\u8ba9\u5bf9\u65b9\u7684\u519c\u6c11\u82e6\u4e0d\u582a\u8a00"
          ], 
          [
            "${0}\u7684\u5148\u77e5\u548c\u865a\u7a7a\u540c\u65f6\u4f7f\u7528\u8109\u51b2\u6fc0\u5149\u653b\u51fb\u5bf9\u624b\u5a01\u529b\u5de8\u5927"
          ]
        ], 
        "3": [
          [
            "${0}\u6ca1\u6709\u51fa\u73b0"
          ], 
          [
            "${0}\u5148\u77e5\u5f00\u542f\u5f15\u529b\u5149\u675f\uff0c\u6210\u529f\u4fa6\u67e5\u5230\u5bf9\u65b9\u9690\u5f62\u5355\u4f4d\u88ad\u51fb"
          ], 
          [
            "${0}\u5148\u77e5\u50cf\u654c\u65b9\u91ca\u653e\u5929\u542f\uff0c\u5bf9\u65b9\u90e8\u961f\u66b4\u9732\u65e0\u9057"
          ]
        ]
      }, 
      "race": 2, 
      "first_trig": 0, 
      "skill": 23, 
      "second_trig": 4
    }, 
    "model": "unit.unit", 
    "pk": 23
  }, 
  {
    "fields": {
      "name": "\u98ce\u66b4\u6218\u8230", 
      "third_trig": 6, 
      "des": {
        "1": [
          [
            "${0}\u6ca1\u6709\u51fa\u73b0"
          ], 
          [
            "${0}\u6ca1\u6709\u51fa\u73b0"
          ], 
          [
            "${0}\u9762\u5bf9\u5bf9\u65b9\u5927\u91cf\u7684\u5730\u5821\u9632\u5fa1\uff0c\u98ce\u66b4\u6218\u8230\u7684\u786e\u662f\u4e0d\u4e8c\u9009\u62e9"
          ]
        ], 
        "2": [
          [
            "${0}\u6ca1\u6709\u51fa\u73b0"
          ], 
          [
            "${0}\u6ca1\u6709\u51fa\u73b0"
          ], 
          [
            "${0}\u98ce\u66b4\u6218\u8230\u706b\u529b\u63a9\u62a4\u4e0b\u7684\u9ec4\u91d1\u8230\u961f\uff0c\u5bf9\u65b9\u5f88\u96be\u6b63\u9762\u6297\u8861"
          ]
        ], 
        "3": [
          [
            "${0}\u6ca1\u6709\u51fa\u73b0"
          ], 
          [
            "${0}\u6ca1\u6709\u51fa\u73b0"
          ], 
          [
            "${0}\u5229\u7528\u98ce\u66b4\u6218\u8230\u8d85\u8fdc\u7684\u5c04\u7a0b\uff0c\u8270\u96be\u7684\u5b88\u4f4f\u4e86\u4e09\u77ff"
          ]
        ]
      }, 
      "race": 2, 
      "first_trig": 0, 
      "skill": 24, 
      "second_trig": 0
    }, 
    "model": "unit.unit", 
    "pk": 24
  }, 
  {
    "fields": {
      "name": "\u673a\u67aa\u5175", 
      "third_trig": 7, 
      "des": {
        "1": [
          [
            "${0}\u91ce\u5175\u8425\u901f\u653b\uff0c\u673a\u67aa\u5175\u7529\u52a8\u4e86\u8d77\u6765"
          ], 
          [
            "${0}\u5927\u91cf\u5174\u594b\u5242\u673a\u67aa\u5175\u4e00\u6ce2\uff0c\u6253\u7b97KO\u4e86\u5bf9\u624b"
          ], 
          [
            "${0}\u7684\u673a\u67aa\u5175\u914d\u5408\u706b\u8f66\u4eba\u8fc5\u901f\u63a8\u8fdb"
          ]
        ], 
        "2": [
          [
            "${0}\u7528\u5c11\u91cf\u673a\u67aa\u5175\u9632\u5b88\u5feb\u901f\u6500\u5347\u79d1\u6280"
          ], 
          [
            "${0}\u4e00\u6b21\u5feb\u901f\u7684\u8fd0\u8f93\u673a\u7a7a\u6295\u673a\u67aa\u5175\uff0c\u6253\u4e86\u5bf9\u624b\u4e00\u4e2a\u63aa\u624b\u4e0d\u53ca"
          ], 
          [
            "${0}\u591a\u7ebf\u7a7a\u6295\u7684\u673a\u67aa\u5175\u6253\u7b97\u6467\u6bc1\u5bf9\u624b\u7684\u7ecf\u6d4e"
          ]
        ], 
        "3": [
          [
            "${0}\u5927\u80c6\u53cc\u5f00\u6269\u5f20\uff0c\u673a\u67aa\u5175\u65e9\u5df2\u5728\u7889\u5821\u91cc\u4e25\u9635\u4ee5\u5f85"
          ], 
          [
            "${0}\u7684\u673a\u67aa\u5175\u56db\u5904\u6e38\u51fb\u7275\u5236\u5bf9\u624b"
          ], 
          [
            "${0}\u9762\u5bf9\u5bf9\u65b9\u5927\u91cfAOE\u90e8\u961f\uff0c\u673a\u67aa\u5175\u64cd\u4f5c\u518d\u597d\u4e5f\u611f\u89c9\u538b\u529b\u5f88\u5927"
          ]
        ]
      }, 
      "race": 1, 
      "first_trig": 8, 
      "skill": 25, 
      "second_trig": 5
    }, 
    "model": "unit.unit", 
    "pk": 25
  }, 
  {
    "fields": {
      "name": "\u63a0\u593a\u8005", 
      "third_trig": 6, 
      "des": {
        "1": [
          [
            "${0}\u4f9d\u9760\u65e9\u671f\u63a0\u593a\u8005\u9707\u64bc\u5f39\u6548\u679c\u538b\u5236\u4f4f\u4e86\u5bf9\u624b"
          ], 
          [
            "${0}\u7528\u63a0\u593a\u8005\u706b\u8f66\u4eba\u7684\u95ea\u7535\u6218\uff0c\u5bf9\u624b\u60ca\u614c\u5931\u63aa"
          ], 
          [
            "${0}\u7684\u5927\u91cf\u63a0\u593a\u8005\u673a\u67aa\u5175\u5e26\u4e0a\u519c\u6c11\u5168\u5bb6\u8001\u5c0f\u4e00\u51b3\u751f\u6b7b"
          ]
        ], 
        "2": [
          [
            "${0}\u7684\u63a0\u593a\u8005\u538b\u5236\u88ab\u5bf9\u624b\u5168\u6b7c\uff0c\u635f\u5931\u5de8\u5927"
          ], 
          [
            "${0}\u5feb\u901f\u63d0\u5347\u63a0\u593a\u8005\u653b\u9632\uff0c\u8bd5\u56fe\u4ee5\u79d1\u6280\u51fb\u6e83\u5bf9\u624b"
          ], 
          [
            "${0}\u7684\u8fd0\u8f93\u673a\u643a\u5e26\u63a0\u593a\u8005\u7a7a\u6295\u6253\u51fb\u5bf9\u624b\u57fa\u5730"
          ]
        ], 
        "3": [
          [
            "${0}\u5c11\u91cf\u7684\u63a0\u593a\u8005\u9762\u5bf9\u5bf9\u65b9\u8fdb\u653b\u6709\u70b9\u529b\u4e0d\u4ece\u5fc3"
          ], 
          [
            "${0}\u7684\u5927\u91cf\u63a0\u593a\u8005\u771f\u662f\u5a01\u98ce\u516b\u9762\uff0c\u53ea\u6068\u4e0d\u80fd\u5bf9\u7a7a"
          ], 
          [
            "${0}\u6ee1\u653b\u9632\u7684\u673a\u67aa\u5175\u63a0\u593a\u5927\u90e8\u961f\u4e0d\u505c\u7684\u8fdb\u653b\u5bf9\u624b\uff0c\u524d\u7ebf\u652f\u63f4\u7684\u540e\u7eed\u5df2\u7ecf\u63a5\u6210\u4e86\u7ebf"
          ]
        ]
      }, 
      "race": 1, 
      "first_trig": 3, 
      "skill": 26, 
      "second_trig": 5
    }, 
    "model": "unit.unit", 
    "pk": 26
  }, 
  {
    "fields": {
      "name": "\u6b7b\u795e", 
      "third_trig": 0, 
      "des": {
        "1": [
          [
            "${0}\u91ce\u5175\u8425\u6b7b\u795eRUSH\uff0c\u5b8c\u7f8e\u7684\u64cd\u4f5c\u641e\u7684\u5bf9\u624b\u524d\u671f\u751f\u4e0d\u5982\u6b7b"
          ], 
          [
            "${0}\u6ca1\u6709\u51fa\u73b0"
          ], 
          [
            "${0}\u6ca1\u6709\u51fa\u73b0"
          ]
        ], 
        "2": [
          [
            "${0}\u5229\u7528\u6b7b\u795e\u7684\u9a9a\u6270\u7275\u5236\u8fc5\u901f\u53d1\u5c55\u79d1\u6280"
          ], 
          [
            "${0}\u6ca1\u6709\u51fa\u73b0"
          ], 
          [
            "${0}\u6ca1\u6709\u51fa\u73b0"
          ]
        ], 
        "3": [
          [
            "${0}\u5728\u6b7b\u795e\u7684\u6709\u6548\u4fa6\u67e5\u4e0b\u5927\u80c6\u7684\u8fdb\u884c\u6269\u5f20"
          ], 
          [
            "${0}\u6ca1\u6709\u51fa\u73b0"
          ], 
          [
            "${0}\u6ca1\u6709\u51fa\u73b0"
          ]
        ]
      }, 
      "race": 1, 
      "first_trig": 10, 
      "skill": 27, 
      "second_trig": 0
    }, 
    "model": "unit.unit", 
    "pk": 27
  }, 
  {
    "fields": {
      "name": "\u5e7d\u7075\u5175", 
      "third_trig": 6, 
      "des": {
        "1": [
          [
            "${0}\u6ca1\u6709\u51fa\u73b0"
          ], 
          [
            "${0}\u6ca1\u6709\u51fa\u73b0"
          ], 
          [
            "${0}\u5728\u9634\u5f71\u4e2d\u85cf\u4e86\u5927\u91cf\u7684\u5e7d\u7075\u5175\u51c6\u5907\u72d9\u51fb\u5bf9\u624b"
          ]
        ], 
        "2": [
          [
            "${0}\u6ca1\u6709\u51fa\u73b0"
          ], 
          [
            "${0}\u6ca1\u6709\u51fa\u73b0"
          ], 
          [
            "${0}\uff08Nuclear Launch Detected\uff09\u80e1\u6653\u7684\u5e7d\u7075\u5175\u6b63\u5728\u5411\u5bf9\u624b\u53d1\u5c04\u6838\u5f39\uff01"
          ]
        ], 
        "3": [
          [
            "${0}\u6ca1\u6709\u51fa\u73b0"
          ], 
          [
            "${0}\u6ca1\u6709\u51fa\u73b0"
          ], 
          [
            "${0}\u7684\u5e7d\u7075\u5175\u5728\u5bf9\u624b\u6218\u7ebf\u540e\u65b9\u795e\u51fa\u9b3c\u6ca1"
          ]
        ]
      }, 
      "race": 1, 
      "first_trig": 0, 
      "skill": 28, 
      "second_trig": 0
    }, 
    "model": "unit.unit", 
    "pk": 28
  }, 
  {
    "fields": {
      "name": "\u706b\u8f66", 
      "third_trig": 2, 
      "des": {
        "1": [
          [
            "${0}\u64cd\u4f5c\u706b\u8f66\u76f4\u63a5\u51b2\u8fdb\u5bf9\u624b\u5bb6\u91cc\u8086\u610f\u5c60\u6740\u519c\u6c11"
          ], 
          [
            "${0}\u4f7f\u7528\u706b\u8f66\u673a\u67aa\u5175\u5bf9\u5bf9\u624b\u8fdb\u884c\u901f\u653b"
          ], 
          [
            "${0}\u7684\u5927\u91cf\u706b\u8f66\u5728\u8fdb\u653b\u4e2d\u51b2\u950b\u592a\u9760\u524d\uff0c\u6d88\u8017\u5f88\u5927"
          ]
        ], 
        "2": [
          [
            "${0}\u53d1\u52a8\u5947\u88ad\uff0c\u76f4\u63a5\u7a7a\u6295\u5c0f\u80a1\u706b\u8f66\u5230\u5bf9\u624b\u57fa\u5730"
          ], 
          [
            "${0}\u5347\u7ea7\u4e86\u84dd\u706b\u7684\u706b\u8f66\u55b7\u6740\u5c0f\u578b\u5355\u4f4d\u6e38\u5203\u6709\u4f59"
          ], 
          [
            "${0}\u706b\u8f66\u56db\u5904\u4fa6\u67e5,\u963b\u6b62\u548c\u6253\u51fb\u5bf9\u624b\u7684\u6269\u5f20\u8ba1\u5212"
          ]
        ], 
        "3": [
          [
            "${0}\u5c11\u91cf\u706b\u8f66\u7275\u5236\uff0c\u9632\u5907\u5bf9\u624b\u65e9\u671f\u7684\u5feb\u653b"
          ], 
          [
            "${0}\u91c7\u7528\u4e86\u673a\u68b0\u5316\u8def\u7ebf\uff0c\u6084\u6084\u5c6f\u96c6\u5927\u91cf\u706b\u8f66"
          ], 
          [
            "${0}\u7684\u706b\u8f66\u5728\u540e\u671f\u7684\u6740\u4f24\u529b\u597d\u50cf\u6548\u679c\u5f88\u5dee"
          ]
        ]
      }, 
      "race": 1, 
      "first_trig": 5, 
      "skill": 29, 
      "second_trig": 5
    }, 
    "model": "unit.unit", 
    "pk": 29
  }, 
  {
    "fields": {
      "name": "\u706b\u8f66\u4eba", 
      "third_trig": 3, 
      "des": {
        "1": [
          [
            "${0}\u6ca1\u6709\u51fa\u73b0"
          ], 
          [
            "${0}\u53d1\u52a8\u673a\u67aa\u5175\u706b\u8f66\u4eba\u5feb\u653b\uff0c\u8bd5\u56fe\u6467\u6bc1\u5bf9\u624b\u7ecf\u6d4e"
          ], 
          [
            "${0}\u62d6\u4e0a\u5927\u961f\u519c\u6c11\uff0c\u706b\u8f66\u548c\u706b\u8f66\u4eba\u51c6\u5907RUSH\u5bf9\u624b"
          ]
        ], 
        "2": [
          [
            "${0}\u6ca1\u6709\u51fa\u73b0"
          ], 
          [
            "${0}\u7684\u84dd\u706b\u706b\u8f66\u4eba\u7684\u5a01\u6151\u529b\u592a\u5927\uff0c\u5bf9\u624b\u4e0d\u6562\u8d8a\u96f7\u6c60\u4e00\u6b65"
          ], 
          [
            "${0}\u5728\u5feb\u8282\u594f\u7684\u540e\u671f\u4ecd\u7136\u591a\u7ebf\u64cd\u4f5c\u706b\u8f66\u4eba\u9a9a\u6270\u5bf9\u624b\u7ecf\u6d4e\uff0c\u5b9e\u5c5e\u4e0d\u6613"
          ]
        ], 
        "3": [
          [
            "${0}\u6ca1\u6709\u51fa\u73b0"
          ], 
          [
            "${0}\u6269\u5f20\u7684\u540c\u65f6\u5927\u91cf\u706b\u8f66\u4eba\u6321\u4f4f\u4e86\u5bf9\u624b\u7684\u5feb\u653b"
          ], 
          [
            "${0}\u7684\u673a\u68b0\u5316\u7ec4\u5408\u72b9\u5982\u94a2\u94c1\u6d2a\u6d41\uff0c\u706b\u8f66\u4eba\u5145\u5f53\u4e86\u5f88\u597d\u7684\u8089\u76fe"
          ]
        ]
      }, 
      "race": 1, 
      "first_trig": 0, 
      "skill": 30, 
      "second_trig": 5
    }, 
    "model": "unit.unit", 
    "pk": 30
  }, 
  {
    "fields": {
      "name": "\u5766\u514b", 
      "third_trig": 6, 
      "des": {
        "1": [
          [
            "${0}\u6ca1\u6709\u51fa\u73b0"
          ], 
          [
            "${0}\u6084\u6084\u7684\u751f\u4ea7\u5766\u514b\uff0c\u4f3c\u4e4e\u4e0d\u50cf\u4ec5\u4ec5\u4e3a\u4e86\u9632\u5b88"
          ], 
          [
            "${0}\u673a\u67aa\u5175\u5766\u514b\u53d1\u52a8\u8fdb\u653b\uff0c\u60f3\u8981\u901f\u63a8\u6389\u5bf9\u624b"
          ]
        ], 
        "2": [
          [
            "${0}\u6ca1\u6709\u51fa\u73b0"
          ], 
          [
            "${0}\u7075\u6d3b\u7684\u4f7f\u7528\u5766\u514b\u5728\u5947\u8469\u5730\u5f62\u653b\u51fb\u5bf9\u624b"
          ], 
          [
            "${0}\u534e\u4e3d\u4f7f\u51fa\u673a\u67aa\u5175\u5766\u514b\u7684\u7ecf\u5178\u5730\u6bef\u5f0f\u7a7a\u6295"
          ]
        ], 
        "3": [
          [
            "${0}\u6ca1\u6709\u51fa\u73b0"
          ], 
          [
            "${0}\u5728\u9ad8\u5730\u67b6\u4e0a\u4e86\u5766\u514b\uff0c\u597d\u7a33\u5065\u7684\u8fd0\u8425"
          ], 
          [
            "${0}\u7684\u5766\u514b\u8981\u585e\u9632\u5b88\u4f17\u5fd7\u6210\u57ce\uff0c\u4f3c\u4e4e\u8981\u6253\u57ce\u5e02\u5316"
          ]
        ]
      }, 
      "race": 1, 
      "first_trig": 0, 
      "skill": 31, 
      "second_trig": 4
    }, 
    "model": "unit.unit", 
    "pk": 31
  }, 
  {
    "fields": {
      "name": "\u96f7\u795e", 
      "third_trig": 4, 
      "des": {
        "1": [
          [
            "${0}\u6ca1\u6709\u51fa\u73b0"
          ], 
          [
            "${0}\u901f\u96f7\u795e\u7684\u5feb\u653b\u6218\u672f\u4e5f\u662f\u522b\u5177\u65b0\u610f"
          ], 
          [
            "${0}\u5927\u91cf\u751f\u5316\u90e8\u961f\u8fdb\u653b\uff0c\u5c11\u91cf\u7684\u96f7\u795e\u63d0\u4f9b\u4e86\u8db3\u591f\u7684\u8089\u76fe\u548c\u9632\u7a7a\u8f93\u51fa"
          ]
        ], 
        "2": [
          [
            "${0}\u6ca1\u6709\u51fa\u73b0"
          ], 
          [
            "${0}\u6500\u79d1\u6280\u51fa\u7684\u96f7\u795e\u4f3c\u4e4e\u53ea\u80fd\u4f5c\u4e3a\u5409\u7965\u7269"
          ], 
          [
            "${0}\u5229\u7528\u96f7\u795e\u5766\u514b\u9632\u5b88\u7684\u533a\u57df\u8fd1\u4e4e\u65e0\u654c"
          ]
        ], 
        "3": [
          [
            "${0}\u6ca1\u6709\u51fa\u73b0"
          ], 
          [
            "${0}\u7684\u96f7\u795e\u5728\u5927\u7fa4SCV\u7684\u7ef4\u4fee\u4e0b\u7adf\u7136\u5b58\u6d3b\u4e86\u4e0b\u6765"
          ], 
          [
            "${0}\u6269\u5f20\u4e86\u5f88\u591a\u8981\u585e\uff0c\u4f7f\u7528\u96f7\u795e\u8f85\u52a9\u9632\u7a7a\u771f\u662f\u9ad8\u6795\u65e0\u5fe7"
          ]
        ]
      }, 
      "race": 1, 
      "first_trig": 0, 
      "skill": 32, 
      "second_trig": 2
    }, 
    "model": "unit.unit", 
    "pk": 32
  }, 
  {
    "fields": {
      "name": "\u5973\u5996", 
      "third_trig": 2, 
      "des": {
        "1": [
          [
            "${0}\u6ca1\u6709\u51fa\u73b0"
          ], 
          [
            "${0}\u5feb\u901f\u751f\u4ea7\u5973\u5996\u8fdb\u884c\u88ad\u51fb\uff0c\u53ef\u60dc\u5bf9\u65b9\u65e9\u6709\u9632\u5907"
          ], 
          [
            "${0}\u5973\u5996\u914d\u5408\u5927\u91cf\u706b\u8f66\u538b\u5236\u5bf9\u624b\u65b0\u7684\u8d44\u6e90\u70b9"
          ]
        ], 
        "2": [
          [
            "${0}\u6ca1\u6709\u51fa\u73b0"
          ], 
          [
            "${0}\u91ce\u98de\u673a\u573a\u751f\u4ea7\u7684\u9690\u5f62\u5973\u5996\u91cd\u521b\u4e86\u5bf9\u624b\u7684\u7ecf\u6d4e"
          ], 
          [
            "${0}\u591a\u7ebf\u64cd\u4f5c\u9690\u5f62\u5973\u5996\u9a9a\u6270\u8ba9\u5bf9\u624b\u624b\u5fd9\u811a\u4e71\u635f\u5931\u60e8\u91cd\u3002"
          ]
        ], 
        "3": [
          [
            "${0}\u6ca1\u6709\u51fa\u73b0"
          ], 
          [
            "${0}\u5973\u5996\u7684\u9a9a\u6270\u4ec5\u4ec5\u4e3a\u4e86\u963b\u6320\u5bf9\u624b\u521d\u671f\u7684\u653b\u52bf"
          ], 
          [
            "${0}\u5728\u5927\u91cf\u673a\u68b0\u5316\u5730\u9762\u90e8\u961f\u63a9\u62a4\u4e0b\u5973\u5996\u5411\u5bf9\u624b\u72c2\u8f70\u4e71\u70b8"
          ]
        ]
      }, 
      "race": 1, 
      "first_trig": 0, 
      "skill": 33, 
      "second_trig": 6
    }, 
    "model": "unit.unit", 
    "pk": 33
  }, 
  {
    "fields": {
      "name": "\u5730\u96f7", 
      "third_trig": 3, 
      "des": {
        "1": [
          [
            "${0}\u7684\u5730\u96f7\u76f4\u63a5\u6e9c\u8fdb\u5bf9\u65b9\u57fa\u5730\uff0c\u7ed9\u5bf9\u624b\u9020\u6210\u4e86\u4e00\u4e9b\u865a\u60ca"
          ], 
          [
            "${0}\u5229\u7528\u5730\u96f7\u7684\u5a01\u6151\u529b\uff0c\u64cd\u4f5c\u751f\u5316\u90e8\u961f\u5927\u80c6\u524d\u538b"
          ], 
          [
            "${0}\u7684\u5730\u96f7\u653e\u5f03\u4e86\u5bb6\u91cc\u7684\u9632\u5b88\uff0c\u5168\u90e8\u5954\u8d74\u6218\u573a"
          ]
        ], 
        "2": [
          [
            "${0}\u5f88\u65e9\u7684\u5347\u7ea7\u4e86\u5730\u96f7\u7684\u901f\u57cb\u79d1\u6280"
          ], 
          [
            "${0}\u8fd0\u8f93\u673a\u5730\u6bef\u5f0f\u7a7a\u6295\u5730\u96f7\u5230\u5bf9\u624b\u77ff\u533a\uff0c\u7ed9\u5bf9\u65b9\u7ecf\u6d4e\u9020\u6210\u5f88\u91cd\u6253\u51fb"
          ], 
          [
            "${0}\u540e\u671f\u5730\u96f7\u5728\u5bf9\u624b\u6709\u53cd\u9690\u63aa\u65bd\u9632\u5907\u4e4b\u4e0b\uff0c\u597d\u50cf\u5f88\u96be\u5360\u5230\u4fbf\u5b9c"
          ]
        ], 
        "3": [
          [
            "${0}\u8c28\u614e\u7684\u5728\u81ea\u5df1\u77ff\u533a\u57cb\u4e0b\u5730\u96f7\uff0c\u5e94\u5bf9\u5bf9\u624b\u53ef\u80fd\u51fa\u73b0\u7684\u9a9a\u6270"
          ], 
          [
            "${0}\u5927\u91cf\u751f\u5316\u90e8\u961f\u8fdb\u653b\uff0c\u64cd\u4f5c\u5730\u96f7\u4ed9\u5973\u6563\u82b1\u642c\u57cb\u5728\u5730\u4e0b"
          ], 
          [
            "${0}\u7684\u5927\u7247\u5730\u96f7\u57cb\u5230\u524d\u7ebf\uff0c\u5b8c\u5168\u662f\u73a9\u4e00\u573a\u5730\u96f7\u6218"
          ]
        ]
      }, 
      "race": 1, 
      "first_trig": 2, 
      "skill": 34, 
      "second_trig": 5
    }, 
    "model": "unit.unit", 
    "pk": 34
  }, 
  {
    "fields": {
      "name": "\u5927\u548c\u6218\u8230", 
      "third_trig": 7, 
      "des": {
        "1": [
          [
            "${0}\u6ca1\u6709\u51fa\u73b0"
          ], 
          [
            "${0}\u6ca1\u6709\u51fa\u73b0"
          ], 
          [
            "${0}\u7684\u91ce\u98de\u673a\u573a\u5c45\u7136\u5728\u51fa\u5927\u548c\u6218\u8230\uff0c\u771f\u662f\u5947\u8469\u7684\u8c10\u661f"
          ]
        ], 
        "2": [
          [
            "${0}\u6ca1\u6709\u51fa\u73b0"
          ], 
          [
            "${0}\u6ca1\u6709\u51fa\u73b0"
          ], 
          [
            "${0}\u4e3b\u8981\u53d1\u5c55\u7a7a\u4e2d\u79d1\u6280\uff0c\u5e76\u4e14\u63d0\u5347\u4e86\u5927\u548c\u6218\u8230\u7684\u5927\u548c\u70ae"
          ]
        ], 
        "3": [
          [
            "${0}\u6ca1\u6709\u51fa\u73b0"
          ], 
          [
            "${0}\u6ca1\u6709\u51fa\u73b0"
          ], 
          [
            "${0}\u7ecf\u6d4e\u4f18\u52bf\u5de8\u5927\uff0c\u6beb\u4e0d\u72b9\u8c6b\u7684\u751f\u4ea7\u5927\u548c\u6218\u8230"
          ]
        ]
      }, 
      "race": 1, 
      "first_trig": 0, 
      "skill": 35, 
      "second_trig": 0
    }, 
    "model": "unit.unit", 
    "pk": 35
  }, 
  {
    "fields": {
      "name": "\u7ef4\u4eac\u6218\u673a", 
      "third_trig": 4, 
      "des": {
        "1": [
          [
            "${0}\u6ca1\u6709\u51fa\u73b0"
          ], 
          [
            "${0}\u64cd\u4f5c\u7ef4\u4eac\u6218\u673a\uff0c\u5229\u7528\u8d85\u8fdc\u5c04\u7a0b\u6253\u51fb\u5bf9\u624b\u7a7a\u4e2d\u5355\u4f4d"
          ], 
          [
            "${0}\u7075\u6d3b\u7684\u628a\u7ef4\u4eac\u6218\u673a\u964d\u843d\u5730\u9762\u534f\u52a9\u6218\u6597"
          ]
        ], 
        "2": [
          [
            "${0}\u6ca1\u6709\u51fa\u73b0"
          ], 
          [
            "${0}\u7a81\u7136\u8f6c\u578b\u7684\u9690\u5f62\u5973\u5996\u5728\u7ef4\u4eac\u6218\u673a\u7684\u63a9\u62a4\u4e0b\u8ba9\u5bf9\u624b\u4e0d\u77e5\u6240\u63aa"
          ], 
          [
            "${0}\u5927\u91cf\u7684\u7ef4\u4eac\u6218\u673a\u5b8c\u5168\u5360\u636e\u4e86\u7a7a\u4e2d\u4f18\u52bf"
          ]
        ], 
        "3": [
          [
            "${0}\u6ca1\u6709\u51fa\u73b0"
          ], 
          [
            "${0}\u8fd0\u8425\u7684\u540c\u65f6\u4f9d\u9760\u7ef4\u4eac\u6218\u673a\u4fa6\u67e5\u548c\u6e05\u695a\u7a7a\u4e2d\u5a01\u80c1"
          ], 
          [
            "${0}\u7684\u5927\u7fa4\u7ef4\u4eac\u6218\u673a\u62a4\u822a\u5927\u548c\u6218\u8230\uff0c\u6781\u5177\u9707\u64bc\u529b"
          ]
        ]
      }, 
      "race": 1, 
      "first_trig": 0, 
      "skill": 36, 
      "second_trig": 3
    }, 
    "model": "unit.unit", 
    "pk": 36
  }, 
  {
    "fields": {
      "name": "\u6e21\u9e26", 
      "third_trig": 6, 
      "des": {
        "1": [
          [
            "${0}\u6ca1\u6709\u51fa\u73b0"
          ], 
          [
            "${0}\u6ca1\u6709\u51fa\u73b0"
          ], 
          [
            "${0}\u7684\u6e21\u9e26\u5728\u6218\u573a\u4e0a\u6295\u653e\u4e86\u65e0\u4eba\u673a\uff0c\u62e6\u622a\u4e86\u6240\u6709\u5bf9\u65b9\u8fdc\u7a0b\u5355\u4f4d\u7684\u653b\u51fb"
          ]
        ], 
        "2": [
          [
            "${0}\u6ca1\u6709\u51fa\u73b0"
          ], 
          [
            "${0}\u6ca1\u6709\u51fa\u73b0"
          ], 
          [
            "${0}\u91ca\u653e\u6e21\u9e26\u7684\u8ffd\u730e\u98de\u5f39\u5728\u5bf9\u65b9\u90e8\u961f\u4e2d\u7206\u70b8"
          ]
        ], 
        "3": [
          [
            "${0}\u6ca1\u6709\u51fa\u73b0"
          ], 
          [
            "${0}\u6ca1\u6709\u51fa\u73b0"
          ], 
          [
            "${0}\u6709\u6e21\u9e26\u7684\u5b58\u5728\uff0c\u5bf9\u65b9\u9690\u5f62\u5355\u4f4d\u6beb\u65e0\u4f5c\u4e3a"
          ]
        ]
      }, 
      "race": 1, 
      "first_trig": 0, 
      "skill": 37, 
      "second_trig": 0
    }, 
    "model": "unit.unit", 
    "pk": 37
  }
]