[
  {
    "pk": 0, 
    "model": "vip.vip", 
    "fields": {
      "challenge_reset_times": 2, 
      "diamond_now": 75, 
      "store_refresh_times": 3, 
      "daily_dungeon_reset_times": 1, 
      "des": ".\u8d2d\u4e70VIP0\u8d85\u503c\u5927\u793c\u5305\n.\u6bcf\u65e5\u6311\u6218\u8d5b\u5173\u5361\u91cd\u7f6e\u6b21\u6570:2\n.\u6bcf\u65e5\u8bad\u7ec3\u5854\u91cd\u7f6e\u6b21\u6570:1\n.\u6bcf\u65e5\u7ade\u6280\u573a\u8d2d\u4e70\u6b21\u6570:5\n.\u6bcf\u65e5\u4f53\u529b\u8d2d\u4e70\u6b21\u6570:2\n.\u795e\u79d8\u5546\u5e97\u5237\u65b0\u6b21\u6570:3\n.\u5546\u4e1a\u4e2d\u5fc3\u5e2e\u52a9\u597d\u53cb\u6b21\u6570:10", 
      "energy_buy_times": 2, 
      "item_preview": [
        [
          30001, 
          100000
        ], 
        [
          30003, 
          50
        ], 
        [
          30004, 
          50
        ], 
        [
          30007, 
          20
        ]
      ], 
      "tower_reset_times": 2, 
      "diamond_original": 500, 
      "territory_help_times": 10, 
      "arena_buy_times": 5, 
      "exp": 60, 
      "item_id": 20100
    }
  }, 
  {
    "pk": 1, 
    "model": "vip.vip", 
    "fields": {
      "challenge_reset_times": 3, 
      "diamond_now": 115, 
      "store_refresh_times": 3, 
      "daily_dungeon_reset_times": 1, 
      "des": ".\u8d2d\u4e70VIP1\u8d85\u503c\u5927\u793c\u5305\n.\u6bcf\u65e5\u6311\u6218\u8d5b\u5173\u5361\u91cd\u7f6e\u6b21\u6570:3\n.\u6bcf\u65e5\u8bad\u7ec3\u5854\u91cd\u7f6e\u6b21\u6570:1\n.\u6bcf\u65e5\u7ade\u6280\u573a\u8d2d\u4e70\u6b21\u6570:6\n.\u6bcf\u65e5\u4f53\u529b\u8d2d\u4e70\u6b21\u6570:2\n.\u795e\u79d8\u5546\u5e97\u5237\u65b0\u6b21\u6570:3\n.\u5546\u4e1a\u4e2d\u5fc3\u5e2e\u52a9\u597d\u53cb\u6b21\u6570:11", 
      "energy_buy_times": 2, 
      "item_preview": [
        [
          40001, 
          1
        ], 
        [
          50001, 
          10
        ], 
        [
          30001, 
          200000
        ], 
        [
          30003, 
          60
        ]
      ], 
      "tower_reset_times": 2, 
      "diamond_original": 780, 
      "territory_help_times": 11, 
      "arena_buy_times": 6, 
      "exp": 240, 
      "item_id": 20101
    }
  }, 
  {
    "pk": 2, 
    "model": "vip.vip", 
    "fields": {
      "challenge_reset_times": 3, 
      "diamond_now": 120, 
      "store_refresh_times": 4, 
      "daily_dungeon_reset_times": 1, 
      "des": ".\u8d2d\u4e70VIP2\u8d85\u503c\u5927\u793c\u5305\n.\u83b7\u5f97VIP2\u4e13\u5c5e\u6311\u6218\u5854\u6bcf\u65e5\u4efb\u52a1\n.\u6bcf\u65e5\u6311\u6218\u8d5b\u5173\u5361\u91cd\u7f6e\u6b21\u6570:3\n.\u6bcf\u65e5\u8bad\u7ec3\u5854\u91cd\u7f6e\u6b21\u6570:2\n.\u6bcf\u65e5\u7ade\u6280\u573a\u8d2d\u4e70\u6b21\u6570:7\n.\u6bcf\u65e5\u4f53\u529b\u8d2d\u4e70\u6b21\u6570:3\n.\u795e\u79d8\u5546\u5e97\u5237\u65b0\u6b21\u6570:4\n.\u5546\u4e1a\u4e2d\u5fc3\u5e2e\u52a9\u597d\u53cb\u6b21\u6570:12", 
      "energy_buy_times": 3, 
      "item_preview": [
        [
          40011, 
          1
        ], 
        [
          50011, 
          10
        ], 
        [
          30001, 
          250000
        ], 
        [
          30004, 
          80
        ]
      ], 
      "tower_reset_times": 2, 
      "diamond_original": 785, 
      "territory_help_times": 12, 
      "arena_buy_times": 7, 
      "exp": 700, 
      "item_id": 20102
    }
  }, 
  {
    "pk": 3, 
    "model": "vip.vip", 
    "fields": {
      "challenge_reset_times": 4, 
      "diamond_now": 175, 
      "store_refresh_times": 5, 
      "daily_dungeon_reset_times": 2, 
      "des": ".\u8d2d\u4e70VIP3\u8d85\u503c\u5927\u793c\u5305\n.\u83b7\u5f97VIP3\u4e13\u5c5e\u65e5\u5e38\u526f\u672c\u6bcf\u65e5\u4efb\u52a1\n.\u6bcf\u65e5\u6311\u6218\u8d5b\u5173\u5361\u91cd\u7f6e\u6b21\u6570:4\n.\u6bcf\u65e5\u65e5\u5e38\u526f\u672c\u91cd\u7f6e\u6b21\u6570:1\n.\u6bcf\u65e5\u8bad\u7ec3\u5854\u91cd\u7f6e\u6b21\u6570:2\n.\u6bcf\u65e5\u7ade\u6280\u573a\u8d2d\u4e70\u6b21\u6570:8\n.\u6bcf\u65e5\u4f53\u529b\u8d2d\u4e70\u6b21\u6570:4\n.\u795e\u79d8\u5546\u5e97\u5237\u65b0\u6b21\u6570:5\n.\u5546\u4e1a\u4e2d\u5fc3\u5e2e\u52a9\u597d\u53cb\u6b21\u6570:13", 
      "energy_buy_times": 4, 
      "item_preview": [
        [
          40021, 
          1
        ], 
        [
          50021, 
          10
        ], 
        [
          30001, 
          300000
        ], 
        [
          30007, 
          50
        ]
      ], 
      "tower_reset_times": 2, 
      "diamond_original": 1150, 
      "territory_help_times": 13, 
      "arena_buy_times": 8, 
      "exp": 1000, 
      "item_id": 20103
    }
  }, 
  {
    "pk": 4, 
    "model": "vip.vip", 
    "fields": {
      "challenge_reset_times": 4, 
      "diamond_now": 190, 
      "store_refresh_times": 5, 
      "daily_dungeon_reset_times": 2, 
      "des": ".\u8d2d\u4e70VIP4\u8d85\u503c\u5927\u793c\u5305\n.\u6bcf\u65e5\u6311\u6218\u8d5b\u5173\u5361\u91cd\u7f6e\u6b21\u6570:4\n.\u6bcf\u65e5\u65e5\u5e38\u526f\u672c\u91cd\u7f6e\u6b21\u6570:1\n.\u6bcf\u65e5\u8bad\u7ec3\u5854\u91cd\u7f6e\u6b21\u6570:2\n.\u6bcf\u65e5\u7ade\u6280\u573a\u8d2d\u4e70\u6b21\u6570:9\n.\u6bcf\u65e5\u4f53\u529b\u8d2d\u4e70\u6b21\u6570:4\n.\u795e\u79d8\u5546\u5e97\u5237\u65b0\u6b21\u6570:5\n.\u5546\u4e1a\u4e2d\u5fc3\u5e2e\u52a9\u597d\u53cb\u6b21\u6570:14", 
      "energy_buy_times": 4, 
      "item_preview": [
        [
          40031, 
          1
        ], 
        [
          50031, 
          10
        ], 
        [
          30001, 
          350000
        ], 
        [
          30009, 
          25
        ]
      ], 
      "tower_reset_times": 2, 
      "diamond_original": 1275, 
      "territory_help_times": 14, 
      "arena_buy_times": 9, 
      "exp": 3000, 
      "item_id": 20104
    }
  }, 
  {
    "pk": 5, 
    "model": "vip.vip", 
    "fields": {
      "challenge_reset_times": 5, 
      "diamond_now": 415, 
      "store_refresh_times": 6, 
      "daily_dungeon_reset_times": 2, 
      "des": ".\u8d2d\u4e70VIP5\u8d85\u503c\u5927\u793c\u5305\n.VIP5\u4e13\u5c5e\u9009\u624b\u62db\u52df\u6bcf\u65e5\u4efb\u52a1\n.\u6bcf\u65e5\u6311\u6218\u8d5b\u5173\u5361\u91cd\u7f6e\u6b21\u6570:5\n.\u6bcf\u65e5\u65e5\u5e38\u526f\u672c\u91cd\u7f6e\u6b21\u6570:1\n.\u6bcf\u65e5\u8bad\u7ec3\u5854\u91cd\u7f6e\u6b21\u6570:2\n.\u6bcf\u65e5\u7ade\u6280\u573a\u8d2d\u4e70\u6b21\u6570:10\n.\u6bcf\u65e5\u4f53\u529b\u8d2d\u4e70\u6b21\u6570:5\n.\u795e\u79d8\u5546\u5e97\u5237\u65b0\u6b21\u6570:6\n.\u5546\u4e1a\u4e2d\u5fc3\u5e2e\u52a9\u597d\u53cb\u6b21\u6570:15", 
      "energy_buy_times": 5, 
      "item_preview": [
        [
          40002, 
          1
        ], 
        [
          50002, 
          10
        ], 
        [
          30001, 
          400000
        ], 
        [
          30003, 
          150
        ]
      ], 
      "tower_reset_times": 3, 
      "diamond_original": 2750, 
      "territory_help_times": 15, 
      "arena_buy_times": 10, 
      "exp": 3000, 
      "item_id": 20105
    }
  }, 
  {
    "pk": 6, 
    "model": "vip.vip", 
    "fields": {
      "challenge_reset_times": 5, 
      "diamond_now": 460, 
      "store_refresh_times": 6, 
      "daily_dungeon_reset_times": 2, 
      "des": ".\u8d2d\u4e70VIP6\u8d85\u503c\u5927\u793c\u5305\n.VIP6\u4e13\u5c5e\u5927\u5bcc\u7fc1\u6bcf\u65e5\u4efb\u52a1\n.\u6bcf\u65e5\u6311\u6218\u8d5b\u5173\u5361\u91cd\u7f6e\u6b21\u6570:5\n.\u6bcf\u65e5\u65e5\u5e38\u526f\u672c\u91cd\u7f6e\u6b21\u6570:1\n.\u6bcf\u65e5\u8bad\u7ec3\u5854\u91cd\u7f6e\u6b21\u6570:2\n.\u6bcf\u65e5\u7ade\u6280\u573a\u8d2d\u4e70\u6b21\u6570:11\n.\u6bcf\u65e5\u4f53\u529b\u8d2d\u4e70\u6b21\u6570:5\n.\u795e\u79d8\u5546\u5e97\u5237\u65b0\u6b21\u6570:6\n.\u5546\u4e1a\u4e2d\u5fc3\u5e2e\u52a9\u597d\u53cb\u6b21\u6570:16", 
      "energy_buy_times": 5, 
      "item_preview": [
        [
          40012, 
          1
        ], 
        [
          50012, 
          10
        ], 
        [
          30001, 
          500000
        ], 
        [
          30004, 
          350
        ]
      ], 
      "tower_reset_times": 3, 
      "diamond_original": 3050, 
      "territory_help_times": 16, 
      "arena_buy_times": 11, 
      "exp": 4000, 
      "item_id": 20106
    }
  }, 
  {
    "pk": 7, 
    "model": "vip.vip", 
    "fields": {
      "challenge_reset_times": 5, 
      "diamond_now": 510, 
      "store_refresh_times": 6, 
      "daily_dungeon_reset_times": 2, 
      "des": ".\u8d2d\u4e70VIP7\u8d85\u503c\u5927\u793c\u5305\n.\u6bcf\u65e5\u6311\u6218\u8d5b\u5173\u5361\u91cd\u7f6e\u6b21\u6570:5\n.\u6bcf\u65e5\u65e5\u5e38\u526f\u672c\u91cd\u7f6e\u6b21\u6570:1\n.\u6bcf\u65e5\u8bad\u7ec3\u5854\u91cd\u7f6e\u6b21\u6570:3\n.\u6bcf\u65e5\u7ade\u6280\u573a\u8d2d\u4e70\u6b21\u6570:12\n.\u6bcf\u65e5\u4f53\u529b\u8d2d\u4e70\u6b21\u6570:5\n.\u795e\u79d8\u5546\u5e97\u5237\u65b0\u6b21\u6570:6\n.\u5546\u4e1a\u4e2d\u5fc3\u5e2e\u52a9\u597d\u53cb\u6b21\u6570:17", 
      "energy_buy_times": 5, 
      "item_preview": [
        [
          40022, 
          1
        ], 
        [
          50022, 
          10
        ], 
        [
          30001, 
          600000
        ], 
        [
          30007, 
          100
        ]
      ], 
      "tower_reset_times": 3, 
      "diamond_original": 3400, 
      "territory_help_times": 17, 
      "arena_buy_times": 12, 
      "exp": 8000, 
      "item_id": 20107
    }
  }, 
  {
    "pk": 8, 
    "model": "vip.vip", 
    "fields": {
      "challenge_reset_times": 6, 
      "diamond_now": 970, 
      "store_refresh_times": 7, 
      "daily_dungeon_reset_times": 2, 
      "des": ".\u8d2d\u4e70VIP8\u8d85\u503c\u5927\u793c\u5305\n.\u6bcf\u65e5\u6311\u6218\u8d5b\u5173\u5361\u91cd\u7f6e\u6b21\u6570:6\n.\u6bcf\u65e5\u65e5\u5e38\u526f\u672c\u91cd\u7f6e\u6b21\u6570:1\n.\u6bcf\u65e5\u8bad\u7ec3\u5854\u91cd\u7f6e\u6b21\u6570:3\n.\u6bcf\u65e5\u7ade\u6280\u573a\u8d2d\u4e70\u6b21\u6570:13\n.\u6bcf\u65e5\u4f53\u529b\u8d2d\u4e70\u6b21\u6570:6\n.\u795e\u79d8\u5546\u5e97\u5237\u65b0\u6b21\u6570:7\n.\u5546\u4e1a\u4e2d\u5fc3\u5e2e\u52a9\u597d\u53cb\u6b21\u6570:18", 
      "energy_buy_times": 6, 
      "item_preview": [
        [
          40042, 
          1
        ], 
        [
          50042, 
          10
        ], 
        [
          20003, 
          1
        ], 
        [
          30001, 
          700000
        ], 
        [
          30004, 
          600
        ]
      ], 
      "tower_reset_times": 3, 
      "diamond_original": 6470, 
      "territory_help_times": 18, 
      "arena_buy_times": 13, 
      "exp": 10000, 
      "item_id": 20108
    }
  }, 
  {
    "pk": 9, 
    "model": "vip.vip", 
    "fields": {
      "challenge_reset_times": 6, 
      "diamond_now": 1660, 
      "store_refresh_times": 7, 
      "daily_dungeon_reset_times": 2, 
      "des": ".\u8d2d\u4e70VIP9\u8d85\u503c\u5927\u793c\u5305\n.\u6bcf\u65e5\u6311\u6218\u8d5b\u5173\u5361\u91cd\u7f6e\u6b21\u6570:6\n.\u6bcf\u65e5\u65e5\u5e38\u526f\u672c\u91cd\u7f6e\u6b21\u6570:1\n.\u6bcf\u65e5\u8bad\u7ec3\u5854\u91cd\u7f6e\u6b21\u6570:3\n.\u6bcf\u65e5\u7ade\u6280\u573a\u8d2d\u4e70\u6b21\u6570:14\n.\u6bcf\u65e5\u4f53\u529b\u8d2d\u4e70\u6b21\u6570:6\n.\u795e\u79d8\u5546\u5e97\u5237\u65b0\u6b21\u6570:7\n.\u5546\u4e1a\u4e2d\u5fc3\u5e2e\u52a9\u597d\u53cb\u6b21\u6570:19", 
      "energy_buy_times": 6, 
      "item_preview": [
        [
          40003, 
          1
        ], 
        [
          50003, 
          10
        ], 
        [
          20003, 
          1
        ], 
        [
          30001, 
          800000
        ], 
        [
          30007, 
          150
        ]
      ], 
      "tower_reset_times": 3, 
      "diamond_original": 11050, 
      "territory_help_times": 19, 
      "arena_buy_times": 14, 
      "exp": 20000, 
      "item_id": 20109
    }
  }, 
  {
    "pk": 10, 
    "model": "vip.vip", 
    "fields": {
      "challenge_reset_times": 7, 
      "diamond_now": 1590, 
      "store_refresh_times": 8, 
      "daily_dungeon_reset_times": 2, 
      "des": ".\u8d2d\u4e70VIP10\u8d85\u503c\u5927\u793c\u5305\n.\u6bcf\u65e5\u6311\u6218\u8d5b\u5173\u5361\u91cd\u7f6e\u6b21\u6570:7\n.\u6bcf\u65e5\u65e5\u5e38\u526f\u672c\u91cd\u7f6e\u6b21\u6570:1\n.\u6bcf\u65e5\u8bad\u7ec3\u5854\u91cd\u7f6e\u6b21\u6570:3\n.\u6bcf\u65e5\u7ade\u6280\u573a\u8d2d\u4e70\u6b21\u6570:15\n.\u6bcf\u65e5\u4f53\u529b\u8d2d\u4e70\u6b21\u6570:7\n.\u795e\u79d8\u5546\u5e97\u5237\u65b0\u6b21\u6570:8\n.\u5546\u4e1a\u4e2d\u5fc3\u5e2e\u52a9\u597d\u53cb\u6b21\u6570:20", 
      "energy_buy_times": 7, 
      "item_preview": [
        [
          40013, 
          1
        ], 
        [
          50013, 
          10
        ], 
        [
          20003, 
          1
        ], 
        [
          30001, 
          900000
        ], 
        [
          30009, 
          50
        ]
      ], 
      "tower_reset_times": 3, 
      "diamond_original": 10600, 
      "territory_help_times": 20, 
      "arena_buy_times": 15, 
      "exp": 50000, 
      "item_id": 20110
    }
  }, 
  {
    "pk": 11, 
    "model": "vip.vip", 
    "fields": {
      "challenge_reset_times": 8, 
      "diamond_now": 1825, 
      "store_refresh_times": 9, 
      "daily_dungeon_reset_times": 2, 
      "des": ".\u8d2d\u4e70VIP11\u8d85\u503c\u5927\u793c\u5305\n.\u6bcf\u65e5\u6311\u6218\u8d5b\u5173\u5361\u91cd\u7f6e\u6b21\u6570:8\n.\u6bcf\u65e5\u65e5\u5e38\u526f\u672c\u91cd\u7f6e\u6b21\u6570:1\n.\u6bcf\u65e5\u8bad\u7ec3\u5854\u91cd\u7f6e\u6b21\u6570:3\n.\u6bcf\u65e5\u7ade\u6280\u573a\u8d2d\u4e70\u6b21\u6570:16\n.\u6bcf\u65e5\u4f53\u529b\u8d2d\u4e70\u6b21\u6570:8\n.\u795e\u79d8\u5546\u5e97\u5237\u65b0\u6b21\u6570:9\n.\u5546\u4e1a\u4e2d\u5fc3\u5e2e\u52a9\u597d\u53cb\u6b21\u6570:21", 
      "energy_buy_times": 8, 
      "item_preview": [
        [
          40023, 
          1
        ], 
        [
          50023, 
          10
        ], 
        [
          20003, 
          1
        ], 
        [
          30001, 
          1000000
        ], 
        [
          30008, 
          50
        ]
      ], 
      "tower_reset_times": 3, 
      "diamond_original": 12150, 
      "territory_help_times": 21, 
      "arena_buy_times": 16, 
      "exp": 100000, 
      "item_id": 20111
    }
  }, 
  {
    "pk": 12, 
    "model": "vip.vip", 
    "fields": {
      "challenge_reset_times": 9, 
      "diamond_now": 1915, 
      "store_refresh_times": 10, 
      "daily_dungeon_reset_times": 2, 
      "des": ".\u8d2d\u4e70VIP12\u8d85\u503c\u5927\u793c\u5305\n.\u6bcf\u65e5\u6311\u6218\u8d5b\u5173\u5361\u91cd\u7f6e\u6b21\u6570:9\n.\u6bcf\u65e5\u65e5\u5e38\u526f\u672c\u91cd\u7f6e\u6b21\u6570:1\n.\u6bcf\u65e5\u8bad\u7ec3\u5854\u91cd\u7f6e\u6b21\u6570:3\n.\u6bcf\u65e5\u7ade\u6280\u573a\u8d2d\u4e70\u6b21\u6570:17\n.\u6bcf\u65e5\u4f53\u529b\u8d2d\u4e70\u6b21\u6570:9\n.\u795e\u79d8\u5546\u5e97\u5237\u65b0\u6b21\u6570:10\n.\u5546\u4e1a\u4e2d\u5fc3\u5e2e\u52a9\u597d\u53cb\u6b21\u6570:22", 
      "energy_buy_times": 9, 
      "item_preview": [
        [
          40033, 
          1
        ], 
        [
          50033, 
          10
        ], 
        [
          20003, 
          1
        ], 
        [
          30001, 
          1500000
        ], 
        [
          30006, 
          15
        ]
      ], 
      "tower_reset_times": 3, 
      "diamond_original": 12750, 
      "territory_help_times": 22, 
      "arena_buy_times": 17, 
      "exp": 300000, 
      "item_id": 20112
    }
  }
]