[
  {
    "pk": 0, 
    "model": "vip.vip", 
    "fields": {
      "challenge_reset_times": 1, 
      "diamond_now": 5, 
      "store_refresh_times": 5, 
      "daily_dungeon_reset_times": 2, 
      "des": "1\u7ecf\u9a8c+10%\n2\u91d1\u5e01+20%\n3\u6bcf\u65e5\u526f\u672c\u53ef\u4ee5\u91cd\u7f6e\u5f88\u591a\u5f88\u591a\u6b21\n4\u6bcf\u65e5\u70b9\u91d1\u65e0\u6570\u6b21", 
      "energy_buy_times": 2, 
      "item_preview": [
        [
          30000, 
          10
        ], 
        [
          30001, 
          1
        ], 
        [
          30002, 
          1
        ], 
        [
          30003, 
          5
        ]
      ], 
      "tower_reset_times": 3, 
      "diamond_original": 10, 
      "arena_buy_times": 1, 
      "exp": 10, 
      "item_id": 10000
    }
  }, 
  {
    "pk": 1, 
    "model": "vip.vip", 
    "fields": {
      "challenge_reset_times": 2, 
      "diamond_now": 30, 
      "store_refresh_times": 5, 
      "daily_dungeon_reset_times": 3, 
      "des": "1\u7ecf\u9a8c+10%\n2\u91d1\u5e01+20%\n3\u6bcf\u65e5\u526f\u672c\u53ef\u4ee5\u91cd\u7f6e\u5f88\u591a\u5f88\u591a\u6b21\n4\u6bcf\u65e5\u70b9\u91d1\u65e0\u6570\u6b21", 
      "energy_buy_times": 3, 
      "item_preview": [
        [
          30000, 
          10
        ], 
        [
          30001, 
          1
        ], 
        [
          30002, 
          1
        ], 
        [
          30003, 
          6
        ]
      ], 
      "tower_reset_times": 4, 
      "diamond_original": 60, 
      "arena_buy_times": 2, 
      "exp": 15, 
      "item_id": 10000
    }
  }, 
  {
    "pk": 2, 
    "model": "vip.vip", 
    "fields": {
      "challenge_reset_times": 3, 
      "diamond_now": 55, 
      "store_refresh_times": 5, 
      "daily_dungeon_reset_times": 4, 
      "des": "1\u7ecf\u9a8c+10%\n2\u91d1\u5e01+20%\n3\u6bcf\u65e5\u526f\u672c\u53ef\u4ee5\u91cd\u7f6e\u5f88\u591a\u5f88\u591a\u6b21\n5\u6bcf\u65e5\u70b9\u91d1\u65e0\u6570\u6b21", 
      "energy_buy_times": 4, 
      "item_preview": [
        [
          30000, 
          10
        ], 
        [
          30001, 
          1
        ], 
        [
          30002, 
          1
        ], 
        [
          30003, 
          7
        ]
      ], 
      "tower_reset_times": 5, 
      "diamond_original": 110, 
      "arena_buy_times": 3, 
      "exp": 20, 
      "item_id": 10000
    }
  }, 
  {
    "pk": 3, 
    "model": "vip.vip", 
    "fields": {
      "challenge_reset_times": 4, 
      "diamond_now": 80, 
      "store_refresh_times": 5, 
      "daily_dungeon_reset_times": 5, 
      "des": "1\u7ecf\u9a8c+10%\n2\u91d1\u5e01+20%\n3\u6bcf\u65e5\u526f\u672c\u53ef\u4ee5\u91cd\u7f6e\u5f88\u591a\u5f88\u591a\u6b21\n6\u6bcf\u65e5\u70b9\u91d1\u65e0\u6570\u6b21", 
      "energy_buy_times": 5, 
      "item_preview": [
        [
          30000, 
          10
        ], 
        [
          30001, 
          1
        ], 
        [
          30002, 
          1
        ], 
        [
          30003, 
          8
        ]
      ], 
      "tower_reset_times": 6, 
      "diamond_original": 160, 
      "arena_buy_times": 4, 
      "exp": 25, 
      "item_id": 10000
    }
  }, 
  {
    "pk": 4, 
    "model": "vip.vip", 
    "fields": {
      "challenge_reset_times": 5, 
      "diamond_now": 105, 
      "store_refresh_times": 5, 
      "daily_dungeon_reset_times": 6, 
      "des": "1\u7ecf\u9a8c+10%\n2\u91d1\u5e01+20%\n3\u6bcf\u65e5\u526f\u672c\u53ef\u4ee5\u91cd\u7f6e\u5f88\u591a\u5f88\u591a\u6b21\n7\u6bcf\u65e5\u70b9\u91d1\u65e0\u6570\u6b21", 
      "energy_buy_times": 6, 
      "item_preview": [
        [
          30000, 
          10
        ], 
        [
          30001, 
          1
        ], 
        [
          30002, 
          1
        ], 
        [
          30003, 
          9
        ]
      ], 
      "tower_reset_times": 7, 
      "diamond_original": 210, 
      "arena_buy_times": 5, 
      "exp": 30, 
      "item_id": 10000
    }
  }, 
  {
    "pk": 5, 
    "model": "vip.vip", 
    "fields": {
      "challenge_reset_times": 6, 
      "diamond_now": 130, 
      "store_refresh_times": 5, 
      "daily_dungeon_reset_times": 7, 
      "des": "1\u7ecf\u9a8c+10%\n2\u91d1\u5e01+20%\n3\u6bcf\u65e5\u526f\u672c\u53ef\u4ee5\u91cd\u7f6e\u5f88\u591a\u5f88\u591a\u6b21\n8\u6bcf\u65e5\u70b9\u91d1\u65e0\u6570\u6b21", 
      "energy_buy_times": 7, 
      "item_preview": [
        [
          30000, 
          10
        ], 
        [
          30001, 
          1
        ], 
        [
          30002, 
          1
        ], 
        [
          30003, 
          10
        ]
      ], 
      "tower_reset_times": 8, 
      "diamond_original": 260, 
      "arena_buy_times": 6, 
      "exp": 35, 
      "item_id": 10000
    }
  }, 
  {
    "pk": 6, 
    "model": "vip.vip", 
    "fields": {
      "challenge_reset_times": 7, 
      "diamond_now": 155, 
      "store_refresh_times": 5, 
      "daily_dungeon_reset_times": 8, 
      "des": "1\u7ecf\u9a8c+10%\n2\u91d1\u5e01+20%\n3\u6bcf\u65e5\u526f\u672c\u53ef\u4ee5\u91cd\u7f6e\u5f88\u591a\u5f88\u591a\u6b21\n9\u6bcf\u65e5\u70b9\u91d1\u65e0\u6570\u6b21", 
      "energy_buy_times": 8, 
      "item_preview": [
        [
          30000, 
          10
        ], 
        [
          30001, 
          1
        ], 
        [
          30002, 
          1
        ], 
        [
          30003, 
          11
        ]
      ], 
      "tower_reset_times": 9, 
      "diamond_original": 310, 
      "arena_buy_times": 7, 
      "exp": 40, 
      "item_id": 10000
    }
  }, 
  {
    "pk": 7, 
    "model": "vip.vip", 
    "fields": {
      "challenge_reset_times": 8, 
      "diamond_now": 180, 
      "store_refresh_times": 5, 
      "daily_dungeon_reset_times": 9, 
      "des": "1\u7ecf\u9a8c+10%\n2\u91d1\u5e01+20%\n3\u6bcf\u65e5\u526f\u672c\u53ef\u4ee5\u91cd\u7f6e\u5f88\u591a\u5f88\u591a\u6b21\n10\u6bcf\u65e5\u70b9\u91d1\u65e0\u6570\u6b21", 
      "energy_buy_times": 9, 
      "item_preview": [
        [
          30000, 
          10
        ], 
        [
          30001, 
          1
        ], 
        [
          30002, 
          1
        ], 
        [
          30003, 
          12
        ]
      ], 
      "tower_reset_times": 10, 
      "diamond_original": 360, 
      "arena_buy_times": 8, 
      "exp": 45, 
      "item_id": 10000
    }
  }, 
  {
    "pk": 8, 
    "model": "vip.vip", 
    "fields": {
      "challenge_reset_times": 9, 
      "diamond_now": 205, 
      "store_refresh_times": 5, 
      "daily_dungeon_reset_times": 10, 
      "des": "1\u7ecf\u9a8c+10%\n2\u91d1\u5e01+20%\n3\u6bcf\u65e5\u526f\u672c\u53ef\u4ee5\u91cd\u7f6e\u5f88\u591a\u5f88\u591a\u6b21\n11\u6bcf\u65e5\u70b9\u91d1\u65e0\u6570\u6b21", 
      "energy_buy_times": 10, 
      "item_preview": [
        [
          30000, 
          10
        ], 
        [
          30001, 
          1
        ], 
        [
          30002, 
          1
        ], 
        [
          30003, 
          13
        ]
      ], 
      "tower_reset_times": 11, 
      "diamond_original": 410, 
      "arena_buy_times": 9, 
      "exp": 50, 
      "item_id": 10000
    }
  }, 
  {
    "pk": 9, 
    "model": "vip.vip", 
    "fields": {
      "challenge_reset_times": 10, 
      "diamond_now": 230, 
      "store_refresh_times": 5, 
      "daily_dungeon_reset_times": 11, 
      "des": "1\u7ecf\u9a8c+10%\n2\u91d1\u5e01+20%\n3\u6bcf\u65e5\u526f\u672c\u53ef\u4ee5\u91cd\u7f6e\u5f88\u591a\u5f88\u591a\u6b21\n12\u6bcf\u65e5\u70b9\u91d1\u65e0\u6570\u6b21", 
      "energy_buy_times": 11, 
      "item_preview": [
        [
          30000, 
          10
        ], 
        [
          30001, 
          1
        ], 
        [
          30002, 
          1
        ], 
        [
          30003, 
          14
        ]
      ], 
      "tower_reset_times": 12, 
      "diamond_original": 460, 
      "arena_buy_times": 10, 
      "exp": 55, 
      "item_id": 10000
    }
  }, 
  {
    "pk": 10, 
    "model": "vip.vip", 
    "fields": {
      "challenge_reset_times": 11, 
      "diamond_now": 255, 
      "store_refresh_times": 5, 
      "daily_dungeon_reset_times": 12, 
      "des": "1\u7ecf\u9a8c+10%\n2\u91d1\u5e01+20%\n3\u6bcf\u65e5\u526f\u672c\u53ef\u4ee5\u91cd\u7f6e\u5f88\u591a\u5f88\u591a\u6b21\n13\u6bcf\u65e5\u70b9\u91d1\u65e0\u6570\u6b21", 
      "energy_buy_times": 12, 
      "item_preview": [
        [
          30000, 
          10
        ], 
        [
          30001, 
          1
        ], 
        [
          30002, 
          1
        ], 
        [
          30003, 
          15
        ]
      ], 
      "tower_reset_times": 13, 
      "diamond_original": 510, 
      "arena_buy_times": 11, 
      "exp": 60, 
      "item_id": 10000
    }
  }, 
  {
    "pk": 11, 
    "model": "vip.vip", 
    "fields": {
      "challenge_reset_times": 12, 
      "diamond_now": 280, 
      "store_refresh_times": 5, 
      "daily_dungeon_reset_times": 13, 
      "des": "1\u7ecf\u9a8c+10%\n2\u91d1\u5e01+20%\n3\u6bcf\u65e5\u526f\u672c\u53ef\u4ee5\u91cd\u7f6e\u5f88\u591a\u5f88\u591a\u6b21\n14\u6bcf\u65e5\u70b9\u91d1\u65e0\u6570\u6b21", 
      "energy_buy_times": 13, 
      "item_preview": [
        [
          30000, 
          10
        ], 
        [
          30001, 
          1
        ], 
        [
          30002, 
          1
        ], 
        [
          30003, 
          16
        ]
      ], 
      "tower_reset_times": 14, 
      "diamond_original": 560, 
      "arena_buy_times": 12, 
      "exp": 65, 
      "item_id": 10000
    }
  }, 
  {
    "pk": 12, 
    "model": "vip.vip", 
    "fields": {
      "challenge_reset_times": 13, 
      "diamond_now": 305, 
      "store_refresh_times": 5, 
      "daily_dungeon_reset_times": 14, 
      "des": "1\u7ecf\u9a8c+10%\n2\u91d1\u5e01+20%\n3\u6bcf\u65e5\u526f\u672c\u53ef\u4ee5\u91cd\u7f6e\u5f88\u591a\u5f88\u591a\u6b21\n15\u6bcf\u65e5\u70b9\u91d1\u65e0\u6570\u6b21", 
      "energy_buy_times": 14, 
      "item_preview": [
        [
          30000, 
          10
        ], 
        [
          30001, 
          1
        ], 
        [
          30002, 
          1
        ], 
        [
          30003, 
          17
        ]
      ], 
      "tower_reset_times": 15, 
      "diamond_original": 610, 
      "arena_buy_times": 13, 
      "exp": 70, 
      "item_id": 10000
    }
  }
]