[
  {
    "pk": 1, 
    "model": "welfare.welfarenewplayer", 
    "fields": {
      "reward": [
        [
          30000, 
          20
        ]
      ], 
      "name": "\u7b7e\u5230\u7b2c1\u5929"
    }
  }, 
  {
    "pk": 2, 
    "model": "welfare.welfarenewplayer", 
    "fields": {
      "reward": [
        [
          30000, 
          21
        ]
      ], 
      "name": "\u7b7e\u5230\u7b2c2\u5929"
    }
  }, 
  {
    "pk": 3, 
    "model": "welfare.welfarenewplayer", 
    "fields": {
      "reward": [
        [
          30000, 
          22
        ]
      ], 
      "name": "\u7b7e\u5230\u7b2c3\u5929"
    }
  }, 
  {
    "pk": 4, 
    "model": "welfare.welfarenewplayer", 
    "fields": {
      "reward": [
        [
          30000, 
          23
        ]
      ], 
      "name": "\u7b7e\u5230\u7b2c4\u5929"
    }
  }, 
  {
    "pk": 5, 
    "model": "welfare.welfarenewplayer", 
    "fields": {
      "reward": [
        [
          30000, 
          24
        ]
      ], 
      "name": "\u7b7e\u5230\u7b2c5\u5929"
    }
  }, 
  {
    "pk": 6, 
    "model": "welfare.welfarenewplayer", 
    "fields": {
      "reward": [
        [
          30000, 
          25
        ]
      ], 
      "name": "\u7b7e\u5230\u7b2c6\u5929"
    }
  }, 
  {
    "pk": 7, 
    "model": "welfare.welfarenewplayer", 
    "fields": {
      "reward": [
        [
          30000, 
          26
        ]
      ], 
      "name": "\u7b7e\u5230\u7b2c7\u5929"
    }
  }, 
  {
    "pk": 8, 
    "model": "welfare.welfarenewplayer", 
    "fields": {
      "reward": [
        [
          30000, 
          27
        ]
      ], 
      "name": "\u7b7e\u5230\u7b2c8\u5929"
    }
  }, 
  {
    "pk": 9, 
    "model": "welfare.welfarenewplayer", 
    "fields": {
      "reward": [
        [
          30000, 
          28
        ]
      ], 
      "name": "\u7b7e\u5230\u7b2c9\u5929"
    }
  }, 
  {
    "pk": 10, 
    "model": "welfare.welfarenewplayer", 
    "fields": {
      "reward": [
        [
          30000, 
          29
        ]
      ], 
      "name": "\u7b7e\u5230\u7b2c10\u5929"
    }
  }, 
  {
    "pk": 11, 
    "model": "welfare.welfarenewplayer", 
    "fields": {
      "reward": [
        [
          30000, 
          30
        ]
      ], 
      "name": "\u7b7e\u5230\u7b2c11\u5929"
    }
  }, 
  {
    "pk": 12, 
    "model": "welfare.welfarenewplayer", 
    "fields": {
      "reward": [
        [
          30000, 
          31
        ]
      ], 
      "name": "\u7b7e\u5230\u7b2c12\u5929"
    }
  }, 
  {
    "pk": 13, 
    "model": "welfare.welfarenewplayer", 
    "fields": {
      "reward": [
        [
          30000, 
          32
        ]
      ], 
      "name": "\u7b7e\u5230\u7b2c13\u5929"
    }
  }, 
  {
    "pk": 14, 
    "model": "welfare.welfarenewplayer", 
    "fields": {
      "reward": [
        [
          30000, 
          33
        ]
      ], 
      "name": "\u7b7e\u5230\u7b2c14\u5929"
    }
  }, 
  {
    "pk": 15, 
    "model": "welfare.welfarenewplayer", 
    "fields": {
      "reward": [
        [
          30000, 
          34
        ]
      ], 
      "name": "\u7b7e\u5230\u7b2c15\u5929"
    }
  }, 
  {
    "pk": 16, 
    "model": "welfare.welfarenewplayer", 
    "fields": {
      "reward": [
        [
          30000, 
          35
        ]
      ], 
      "name": "\u7b7e\u5230\u7b2c16\u5929"
    }
  }, 
  {
    "pk": 17, 
    "model": "welfare.welfarenewplayer", 
    "fields": {
      "reward": [
        [
          30000, 
          36
        ]
      ], 
      "name": "\u7b7e\u5230\u7b2c17\u5929"
    }
  }, 
  {
    "pk": 18, 
    "model": "welfare.welfarenewplayer", 
    "fields": {
      "reward": [
        [
          30000, 
          37
        ]
      ], 
      "name": "\u7b7e\u5230\u7b2c18\u5929"
    }
  }, 
  {
    "pk": 19, 
    "model": "welfare.welfarenewplayer", 
    "fields": {
      "reward": [
        [
          30000, 
          38
        ]
      ], 
      "name": "\u7b7e\u5230\u7b2c19\u5929"
    }
  }, 
  {
    "pk": 20, 
    "model": "welfare.welfarenewplayer", 
    "fields": {
      "reward": [
        [
          30000, 
          39
        ]
      ], 
      "name": "\u7b7e\u5230\u7b2c20\u5929"
    }
  }, 
  {
    "pk": 21, 
    "model": "welfare.welfarenewplayer", 
    "fields": {
      "reward": [
        [
          30000, 
          40
        ]
      ], 
      "name": "\u7b7e\u5230\u7b2c21\u5929"
    }
  }, 
  {
    "pk": 22, 
    "model": "welfare.welfarenewplayer", 
    "fields": {
      "reward": [
        [
          30000, 
          41
        ]
      ], 
      "name": "\u7b7e\u5230\u7b2c22\u5929"
    }
  }, 
  {
    "pk": 23, 
    "model": "welfare.welfarenewplayer", 
    "fields": {
      "reward": [
        [
          30000, 
          42
        ]
      ], 
      "name": "\u7b7e\u5230\u7b2c23\u5929"
    }
  }, 
  {
    "pk": 24, 
    "model": "welfare.welfarenewplayer", 
    "fields": {
      "reward": [
        [
          30000, 
          43
        ]
      ], 
      "name": "\u7b7e\u5230\u7b2c24\u5929"
    }
  }, 
  {
    "pk": 25, 
    "model": "welfare.welfarenewplayer", 
    "fields": {
      "reward": [
        [
          30000, 
          44
        ]
      ], 
      "name": "\u7b7e\u5230\u7b2c25\u5929"
    }
  }, 
  {
    "pk": 26, 
    "model": "welfare.welfarenewplayer", 
    "fields": {
      "reward": [
        [
          30000, 
          45
        ]
      ], 
      "name": "\u7b7e\u5230\u7b2c26\u5929"
    }
  }, 
  {
    "pk": 27, 
    "model": "welfare.welfarenewplayer", 
    "fields": {
      "reward": [
        [
          30000, 
          46
        ]
      ], 
      "name": "\u7b7e\u5230\u7b2c27\u5929"
    }
  }, 
  {
    "pk": 28, 
    "model": "welfare.welfarenewplayer", 
    "fields": {
      "reward": [
        [
          30000, 
          47
        ]
      ], 
      "name": "\u7b7e\u5230\u7b2c28\u5929"
    }
  }, 
  {
    "pk": 29, 
    "model": "welfare.welfarenewplayer", 
    "fields": {
      "reward": [
        [
          30000, 
          48
        ]
      ], 
      "name": "\u7b7e\u5230\u7b2c29\u5929"
    }
  }, 
  {
    "pk": 30, 
    "model": "welfare.welfarenewplayer", 
    "fields": {
      "reward": [
        [
          30000, 
          49
        ]
      ], 
      "name": "\u7b7e\u5230\u7b2c30\u5929"
    }
  }
]